flow_uuid,name,category,exchange_occurrences,characterization_status
0013ab12-59fa-34b6-88f6-c0e4365d6286,Aluminum,Elementary flows/emission/air/troposphere/urban,2,not_assessed_method_not_selected
001c3c30-cdb8-341e-abf7-98316be60db5,Kojic acid,Elementary flows/emission/water,1,not_assessed_method_not_selected
001c61e3-90e1-3e75-a5ad-76867831832d,Lanthanum-140,Elementary flows/emission/air/troposphere/rural,2,not_assessed_method_not_selected
002575c6-798b-3402-9aa2-ad33c7e60563,Strontium,Elementary flows/emission/air/stratosphere,1,not_assessed_method_not_selected
003bd1b3-a6c3-3492-993e-86b96d10ba18,Cadmium,Elementary flows/emission/air/troposphere/rural,42,not_assessed_method_not_selected
0043333a-9263-3a9d-8c46-777f4030c313,Chlorine,Elementary flows/emission/water/subterranean/fresh water body,1,not_assessed_method_not_selected
00445e42-66fe-3cab-b7a7-3634eaead3a4,Uranium,Elementary flows/emission/air/troposphere/rural,11,not_assessed_method_not_selected
0046966e-c72b-3196-bd08-b3786824ff1a,Glyphosate,Elementary flows/emission/ground/human-dominated/industrial,2,not_assessed_method_not_selected
00638997-8af1-3010-b9b5-5be61948358a,Thorium-232,Elementary flows/emission/water/fresh water body,2,not_assessed_method_not_selected
00848592-5bac-3fa2-bb5c-cb22a04d37c3,3-[bis(2-carboxyethyl)phosphanyl]propanoic acid,Elementary flows/emission/water/fresh water body,1,not_assessed_method_not_selected
009ab972-c6c1-3200-b646-4152b467bea7,Methylcyclopentane,Elementary flows/emission/air,2,not_assessed_method_not_selected
00be59d0-ecd7-35ff-86e6-9bd2a790f0c6,Calcium(II),Elementary flows/emission/water,6,not_assessed_method_not_selected
00caf0e4-11ec-3f74-9322-565ba159b784,Metazachlor,Elementary flows/emission/ground,1,not_assessed_method_not_selected
00db6760-08c5-36ef-a22a-3e49612e9e91,Polychlorinated biphenyls,Elementary flows/emission/air/troposphere/rural,40,not_assessed_method_not_selected
00e4f3a0-9b8d-3463-bb0c-18e60dbc6d5f,Pentachlorophenol,Elementary flows/emission/water/fresh water body,2,not_assessed_method_not_selected
00f7dc42-e301-35cd-a703-9b6a759629ee,Radium-226,Elementary flows/emission/air/troposphere/urban,2,not_assessed_method_not_selected
0114f739-0964-3e45-9045-1221b33532df,CFC-114,Elementary flows/emission/air,1,not_assessed_method_not_selected
0120048c-fb5b-3085-91d1-309377c4f100,tert-Butanol,Elementary flows/emission/water,2,not_assessed_method_not_selected
013a8443-33d4-355a-9fdf-83bd7cf71121,Cerium-144,Elementary flows/emission/water/fresh water body/river,2,not_assessed_method_not_selected
01449f04-5638-3bfa-adbf-4391bb7da810,"1,2-Dichloroethane",Elementary flows/emission/air/stratosphere,1,not_assessed_method_not_selected
0153272f-87a9-3542-b444-2d9555452d6e,Nonylphenol,Elementary flows/emission/ground,1,not_assessed_method_not_selected
016408d1-04fa-36a1-babb-0424a77dd8b5,Triethylene glycol,Elementary flows/emission/water/saline water body/ocean,2,not_assessed_method_not_selected
01689b7e-93b5-3c38-9d07-e9ad010b5576,Thiram,Elementary flows/emission/ground/human-dominated/agricultural,2,not_assessed_method_not_selected
017c8306-03db-3803-a109-2a89bd61a405,"4,4'-Isopropylidenediphenol",Elementary flows/emission/ground,1,not_assessed_method_not_selected
01894008-2dcb-3311-a718-850bdc1ccbc7,Aniline,Elementary flows/emission/water,2,not_assessed_method_not_selected
01d1096d-0a5e-3142-850b-d41c83a95ea2,Steatite,Elementary flows/resource/ground/subterranean,5,not_assessed_method_not_selected
01d7a68d-4407-3ed6-b571-871265d001fe,Thorium-232,Elementary flows/emission/water/subterranean,1,not_assessed_method_not_selected
01ec7937-eea7-3830-aaf6-3be74f4d952b,Water,Elementary flows/resource/water/subterranean,24,not_assessed_method_not_selected
0200889f-c85b-35ff-9f92-9e2b658c2993,Iron,Elementary flows/emission/air/troposphere/urban,2,not_assessed_method_not_selected
022be312-8136-3a9e-8bd0-304ae4a7a01c,Hypochlorite,Elementary flows/emission/water/saline water body/ocean,2,not_assessed_method_not_selected
023da7fa-7089-3bef-a964-16b047d21d34,Thorium-228,Elementary flows/emission/water/fresh water body/river,6,not_assessed_method_not_selected
02493f33-ffee-3fb6-8508-42de1592015e,"PAH/POM, unspecified",Elementary flows/emission/air,2,not_assessed_method_not_selected
025cb394-17fb-3a08-8afd-b56225f6e6e5,Arsenic(V),Elementary flows/emission/water/fresh water body/river,2,not_assessed_method_not_selected
0277497c-d522-39d8-9cf7-cb39e03ca262,Sulfide,Elementary flows/emission/ground/human-dominated/industrial,7,not_assessed_method_not_selected
028e02ca-551e-37ae-865e-6b885f988a6c,Molybdenum trioxide,Elementary flows/emission/water,2,not_assessed_method_not_selected
02a0abf5-cb7b-3716-9e7d-a80749b8e7c9,Phenyl isocyanate,Elementary flows/emission/air,2,not_assessed_method_not_selected
02c7c2fe-1794-3634-b6fa-2e2eb2f2460a,Lead,Elementary flows/emission/water/subterranean/fresh water body,1,not_assessed_method_not_selected
02dd796f-985a-37d6-b4b4-5c5b631c547f,Hydrocarbons,Elementary flows/emission/water/saline water body,2,not_assessed_method_not_selected
02e71963-66c4-3d19-8c70-aeec2316762c,Nitrate,Elementary flows/emission/air,6,not_assessed_method_not_selected
02e907be-62ba-33b1-8552-a6cdd525a9e2,Cadmium(II),Elementary flows/emission/water/fresh water body/lake,1,not_assessed_method_not_selected
02ee8bfe-ea2c-3dfd-944d-53bd8c43a42a,Radium-228,Elementary flows/emission/water,5,not_assessed_method_not_selected
02f393d6-bc1c-370e-9144-a022ddca1d0a,Methyl methacrylate,Elementary flows/emission/air,14,not_assessed_method_not_selected
031590c9-2a66-3ecc-8f20-613e5fe40c1a,Acetone,Elementary flows/emission/water,7,not_assessed_method_not_selected
03258b56-e70b-3c2d-a883-62e657fe8035,Gemfibrozil,Elementary flows/emission/ground,1,not_assessed_method_not_selected
0325ab48-75aa-3cb8-bc77-f71192ba9e1d,Water,Elementary flows/emission/air/troposphere/urban,2,not_assessed_method_not_selected
0346d063-4db1-3f52-a695-892c4c98d443,Beryllium,Elementary flows/emission/air,42,not_assessed_method_not_selected
03693fb0-a5af-31a1-97a0-0ea691142d41,Sulfamethoxazole,Elementary flows/emission/ground,1,not_assessed_method_not_selected
0387b6af-2916-3037-a697-7f9db79856ed,Vanadium(III),Elementary flows/emission/air,5,not_assessed_method_not_selected
03ab1cbe-8a77-324e-abaf-bd7aa7c06025,Hydrofluoric acid,Elementary flows/emission/water/subterranean/fresh water body,1,not_assessed_method_not_selected
03e23162-8a1f-3f9d-aa68-93d9c8397fc5,Methylene chloride,Elementary flows/emission/air/troposphere/urban,5,not_assessed_method_not_selected
0418b561-ecf8-33c8-9c81-225789f15bd3,Particulate matter,Elementary flows/emission/air,52,not_assessed_method_not_selected
0419f9d9-4a91-3223-abfe-bce431215656,Thorium-232,Elementary flows/emission/water/fresh water body/river,2,not_assessed_method_not_selected
041ab3bf-43ba-35f3-adcb-424bda30a6ee,(2S)-2-(6-methoxynaphthalen-2-yl)propanoic acid,Elementary flows/emission/water/fresh water body,1,not_assessed_method_not_selected
0443ebbf-28e4-392c-93e8-10ff23bff59d,Chlorinated organic compounds,Elementary flows/emission/air,6,not_assessed_method_not_selected
044f449c-d96f-367a-af7b-edb40a7e0ed9,Copper,Elementary flows/emission/water/saline water body/ocean,3,not_assessed_method_not_selected
04882007-686b-3a15-a1fb-88f256ec82cf,Niobium-95,Elementary flows/emission/air/troposphere/rural,2,not_assessed_method_not_selected
048c7312-0e5b-3645-8047-eb4413d2a2d6,Ammonium,Elementary flows/emission/water/saline water body/ocean,8,not_assessed_method_not_selected
04bc77fe-0407-3b05-a51e-4df5adc80655,Nitrobenzene,Elementary flows/emission/air/troposphere/urban,1,not_assessed_method_not_selected
04cebf8e-43f8-37e0-aab3-6139360f83f5,Potassium-40,Elementary flows/emission/air,4,not_assessed_method_not_selected
04d4aa5b-20d0-368a-9878-ce855c600c0c,Fluorine,Elementary flows/emission/air/troposphere/urban,2,not_assessed_method_not_selected
04d6d3dd-ddba-389c-83f6-e5f4a8638828,Chromium compounds,Elementary flows/emission/air,1,not_assessed_method_not_selected
04ddfef4-b35f-3a48-8341-df12b7e41c6c,m-Xylene,Elementary flows/emission/air/troposphere/urban,2,not_assessed_method_not_selected
04f00b74-6e02-3050-8798-9a2230198793,Cadmium,Elementary flows/emission/air/troposphere/urban,2,not_assessed_method_not_selected
04f97163-4664-35ac-b52e-5d2cadd0acc3,Boron carbide,Elementary flows/emission/air,1,not_assessed_method_not_selected
0501237a-01ce-3d48-b5b2-686a0b538bcc,Azoxystrobin,Elementary flows/emission/ground,1,not_assessed_method_not_selected
057c0120-6f02-359f-b967-0b5fa86af301,Triclosan,Elementary flows/emission/water/fresh water body,1,not_assessed_method_not_selected
058598d6-0397-3ca8-9eab-1241142e3087,Phosphorus,Elementary flows/emission/water/fresh water body/river,2,not_assessed_method_not_selected
05869492-3217-31fe-8e78-957f50e824aa,Fluoride,Elementary flows/emission/water/fresh water body,2,not_assessed_method_not_selected
058caf49-82b9-3b14-abe6-a6f11be0b09b,Phenytoin,Elementary flows/emission/ground,1,not_assessed_method_not_selected
0595730a-def1-336a-be91-4d481dfdf1aa,Argon-41,Elementary flows/emission/air,3,not_assessed_method_not_selected
05974d04-7ff1-39bf-b852-706bd815e7dd,Vanadium,Elementary flows/emission/air/stratosphere,1,not_assessed_method_not_selected
05e79550-9068-3d69-b2f8-b5a97927afaa,Carbofuran,Elementary flows/emission/water/fresh water body,2,not_assessed_method_not_selected
05fc96ec-25db-3da2-9706-83d0a6165852,Americium-241,Elementary flows/emission/air,1,not_assessed_method_not_selected
0605a5f1-5a42-37a3-a923-97ca63d2fd9a,Thorium-230,Elementary flows/emission/water/fresh water body/river,6,not_assessed_method_not_selected
06218e89-4839-365a-9488-588fcfb86b2f,Potassium(I),Elementary flows/emission/water/fresh water body/river,5,not_assessed_method_not_selected
06a6f808-a80d-3dcf-9c7c-7e4ce07d04ce,Glyphosate,Elementary flows/emission/air/troposphere/rural,2,not_assessed_method_not_selected
06c75f43-7152-3e52-86d1-bfe24f021e46,Maneb,Elementary flows/emission/ground,1,not_assessed_method_not_selected
06cf4a62-07fb-3b84-9556-66d4fa5768fb,Barium,Elementary flows/emission/water/saline water body/ocean,8,not_assessed_method_not_selected
06ecdda2-5e92-395d-a6ed-abf54fd7eb2a,Protactinium-234,Elementary flows/emission/water/fresh water body/river,6,not_assessed_method_not_selected
06f87740-2639-3b02-bf94-e7e21e746346,Acid compounds,Elementary flows/emission/air,1,not_assessed_method_not_selected
0727fbdb-9d8e-3fed-bc91-c8d907e90249,"Oils, unspecified",Elementary flows/emission/non-FEDEFL/ground/human-dominated/industrial,1,not_assessed_method_not_selected
073be456-9caf-3831-acdf-4ad7d566855b,Peat,Elementary flows/resource/ground/subterranean,4,not_assessed_method_not_selected
076e0a39-0836-3bc1-96a5-e7ba9b43a183,1-Butanol,Elementary flows/emission/air/troposphere/urban,2,not_assessed_method_not_selected
07789613-9918-3e74-bc0b-75d1589d50b9,"Methane, (difluoromethoxy)trifluoro-",Elementary flows/emission/air/troposphere/high,1,not_assessed_method_not_selected
078b87e6-61a6-3425-aac0-80655554f574,.lambda.-Cyhalothrin,Elementary flows/emission/water,1,not_assessed_method_not_selected
07ba9a74-dccc-3f2b-8217-c7439eb41088,"1,2,3,4,6,7,8,9-Octachlorodibenzo-p-dioxin",Elementary flows/emission/air,2,not_assessed_method_not_selected
07c108e4-3ac9-3214-b05c-2481e8c52c63,Ethylene oxide,Elementary flows/emission/air/troposphere/urban,2,not_assessed_method_not_selected
07d1814d-5eb1-3d2d-9a27-028233e931f1,Benzo[a]pyrene,Elementary flows/emission/air/troposphere/urban,2,not_assessed_method_not_selected
0824848a-9ae0-35e2-b2fd-ac0f46756a5d,Pendimethalin,Elementary flows/emission/air,1,not_assessed_method_not_selected
08250d9c-fd05-3281-87c0-a677a247dbc0,Isoproturon,Elementary flows/emission/air,3,not_assessed_method_not_selected
0838fbf7-0add-3353-ba9a-b187edeb85d6,Sulfuric acid,Elementary flows/emission/air,15,not_assessed_method_not_selected
085fed39-7ff2-3386-b23c-3644f9685745,HCFC-21,Elementary flows/emission/air/troposphere/urban,1,not_assessed_method_not_selected
086497a9-ac6e-3e3f-9b16-d980cc0bb381,Methyl ethyl ketone,Elementary flows/emission/air,11,not_assessed_method_not_selected
088bcbc3-4354-36b5-bcc9-468890f86008,"4,6,6,7,8,8-hexamethyl-1,3,4,7-tetrahydrocyclopenta[g]isochromene",Elementary flows/emission/water/fresh water body,1,not_assessed_method_not_selected
0950274b-38ce-3248-8f61-2dba9026bf8f,Dissolved Organic Carbon,Elementary flows/emission/water,10,not_assessed_method_not_selected
095f743a-de5f-3024-bc05-edb6c41b562a,Selenium,Elementary flows/emission/water/fresh water body,2,not_assessed_method_not_selected
097eb6e3-470e-3227-9865-f9f85908ca84,Flumetsulam,Elementary flows/emission/air/troposphere/rural,1,not_assessed_method_not_selected
09a5936c-efb6-31e7-9666-488daf680f52,"1,3-Butadiene",Elementary flows/emission/air/stratosphere,2,not_assessed_method_not_selected
09b08065-5f21-3efb-8d0b-15ebacd36888,Chromium(VI),Elementary flows/emission/air/stratosphere,1,not_assessed_method_not_selected
09b78757-c595-360a-b817-4b7abf799cb2,Basalt,Elementary flows/resource/ground,1,not_assessed_method_not_selected
09ce2596-a9f3-3373-9049-342d0e8929a3,Barite,Elementary flows/resource/ground,1,not_assessed_method_not_selected
09dc3fe9-7e57-321f-9e04-34375bf2a0b7,Acetaldehyde,Elementary flows/emission/air,73,not_assessed_method_not_selected
09f7f4b7-304f-397d-a894-5bdd0dfdc1a6,"N,N-Diethyl-m-toluamide",Elementary flows/emission/water/fresh water body,1,not_assessed_method_not_selected
0a0026f6-bebf-332e-8dd3-616a6d4e9e1b,Perylene,Elementary flows/emission/air,4,not_assessed_method_not_selected
0a310242-b9ca-3c3b-91a4-eba6294b0b7e,Tungsten,Elementary flows/emission/air/stratosphere,1,not_assessed_method_not_selected
0a3972c0-899a-3d61-b9d7-3558682317eb,Thorium-234,Elementary flows/emission/water/fresh water body/river,6,not_assessed_method_not_selected
0a6a4847-a4c6-3181-80ce-8962aa5eefc3,"1-(6-tert-butyl-1,1-dimethyl-2,3-dihydroinden-4-yl)ethanone",Elementary flows/emission/water/fresh water body,1,not_assessed_method_not_selected
0a728e21-df70-313e-a51e-4d38b332c081,Orthophosphate,Elementary flows/emission/water/fresh water body/river,6,not_assessed_method_not_selected
0a759bbd-360c-3200-bebe-ba8028bfd598,Silicon,Elementary flows/emission/air/troposphere/rural,2,not_assessed_method_not_selected
0a9c91a2-3a9b-318c-a87a-4138ba2ae034,Potassium-40,Elementary flows/emission/air/troposphere/rural,2,not_assessed_method_not_selected
0ac240f9-3503-3841-8309-2e38d9d515b2,Zinc,Elementary flows/emission/air/troposphere/urban,2,not_assessed_method_not_selected
0adc7aaa-00dd-3ecd-a8db-4ce173a20591,"1,2,3,4,7,8,9-Heptachlorodibenzofuran",Elementary flows/emission/air,2,not_assessed_method_not_selected
0aecbc74-0a66-3812-8d4c-409144f04ac8,"Silane, tetrafluoro-",Elementary flows/emission/air,6,not_assessed_method_not_selected
0b0c04d0-e2cc-3075-a058-bc225448326b,HFC-134a,Elementary flows/emission/air/troposphere/urban,1,not_assessed_method_not_selected
0b2ad544-7f5a-3208-8a4e-32278a844b9e,Atrazine,Elementary flows/emission/air,5,not_assessed_method_not_selected
0b37e190-a2e1-38f9-9aaf-546567458a5f,Barium,Elementary flows/emission/water/subterranean/fresh water body,1,not_assessed_method_not_selected
0b5dde18-808d-3361-acb2-83be954c5562,2-Ethoxyethanol,Elementary flows/emission/air,3,not_assessed_method_not_selected
0b733b8f-c65f-3662-9b57-49429edce1de,Titanium,Elementary flows/resource/ground/subterranean,10,not_assessed_method_not_selected
0b9668f1-074d-326e-889c-8e803fc651bd,o-Cresol,Elementary flows/emission/air,2,not_assessed_method_not_selected
0bf913b1-486a-3ce1-991b-d1e8687b67e0,2-Chloroacetophenone,Elementary flows/emission/air,2,not_assessed_method_not_selected
0c146e67-2bc8-33b1-b8ad-a1ed2aab88e4,Manganese-54,Elementary flows/emission/air,2,not_assessed_method_not_selected
0c211409-f2c9-3e5b-b633-3f08ee3ebc77,Formaldehyde,Elementary flows/emission/air/troposphere/rural,48,not_assessed_method_not_selected
0c221810-ccbd-36b2-84a3-94f421066e43,Shale gas,Elementary flows/resource/air,2,not_assessed_method_not_selected
0c241f3e-aa86-3804-8bd8-6082e2ad201f,Sulfate,Elementary flows/emission/water,15,not_assessed_method_not_selected
0c255a64-9a70-337f-8b13-40fadad36b76,Benzaldehyde,Elementary flows/emission/air,1,not_assessed_method_not_selected
0c2c48ec-5cf7-32c8-8537-be725ac94f03,Chlorothalonil,Elementary flows/emission/ground,1,not_assessed_method_not_selected
0c4e68ee-b5db-3e40-80cd-294ef5c0ae59,Nickel,Elementary flows/emission/ground/human-dominated/agricultural,8,not_assessed_method_not_selected
0c56aee4-7e22-3e85-8e83-34829f3e8304,"1,1,1-Trichloroethane",Elementary flows/emission/air,14,not_assessed_method_not_selected
0c6204ba-3fc3-3205-a406-50b85be5dc72,Methanol,Elementary flows/emission/water/fresh water body,2,not_assessed_method_not_selected
0c63758a-3b57-31a2-a3ca-8b97c1bfab4b,Acetic acid,Elementary flows/emission/water/fresh water body,2,not_assessed_method_not_selected
0c708119-2e2d-3534-ad8a-fcecb013efbe,Acenaphthylene,Elementary flows/emission/water/saline water body/ocean,8,not_assessed_method_not_selected
0c74e094-194d-3527-91b1-714bdd3fdabc,Ethylbenzene,Elementary flows/emission/water/saline water body/ocean,8,not_assessed_method_not_selected
0c7751fb-3126-38dc-a4a8-4f9881e172db,Cyfluthrin,Elementary flows/emission/air/troposphere/rural,1,not_assessed_method_not_selected
0c7bf457-0e1a-3f6f-9fab-1fc556516e25,Aluminum,Elementary flows/emission/ground/human-dominated/agricultural,4,not_assessed_method_not_selected
0c81a0c0-129b-3bc8-a0ec-ea76d687d077,Phenol,Elementary flows/emission/water/fresh water body,2,not_assessed_method_not_selected
0c8c152b-e019-3086-8e08-3c224b91373b,Aniline,Elementary flows/emission/air/troposphere/urban,1,not_assessed_method_not_selected
0c8c9877-5938-36dd-910b-48daed6913e1,Decane,Elementary flows/emission/water,4,not_assessed_method_not_selected
0c95ceef-32c7-3d58-87f2-46e17aba674a,Vanadium,Elementary flows/emission/ground/human-dominated/agricultural,4,not_assessed_method_not_selected
0c9f874c-118e-3335-8095-2d1d284d756b,Benomyl,Elementary flows/emission/air,4,not_assessed_method_not_selected
0ca94761-2a8f-39c2-84d3-d0e4b182419d,Carboxylic acids,Elementary flows/emission/water/fresh water body/river,1,not_assessed_method_not_selected
0cbf9670-8720-37bc-a5fb-e8658106dc6d,Lead-210,Elementary flows/emission/water/fresh water body,2,not_assessed_method_not_selected
0cc4933c-23bb-3237-9077-c0db2e5aba21,Calcium,Elementary flows/emission/air,6,not_assessed_method_not_selected
0cccaeb5-0fc7-3c4c-861b-6af0afa2add0,Nitrate,Elementary flows/emission/air/stratosphere,1,not_assessed_method_not_selected
0cf75565-4164-3e75-b847-4974ebe979fc,Methyl parathion,Elementary flows/emission/air,2,not_assessed_method_not_selected
0d15782f-f513-3980-8bb0-203988c1c5df,Calcium,Elementary flows/emission/water/saline water body/ocean,3,not_assessed_method_not_selected
0d28eab7-1aa7-396d-b52c-4a9baebed329,Cobalt,Elementary flows/resource/ground/subterranean,5,not_assessed_method_not_selected
0d49536b-d0ab-3230-96f0-76b0bb4f83fb,Thiram,Elementary flows/emission/air,2,not_assessed_method_not_selected
0d570d66-ee20-35fb-93ba-1f3cca0101f5,Vanadium,Elementary flows/emission/water/subterranean/fresh water body,1,not_assessed_method_not_selected
0d57875c-cada-3c40-bc73-37035e91e1ec,Oxamyl,Elementary flows/emission/water,1,not_assessed_method_not_selected
0d5a331c-86d4-37e3-bcb5-68e1f6c5cc2e,Barium-140,Elementary flows/emission/water,1,not_assessed_method_not_selected
0d657607-c3ae-35d3-bda1-6867f29bed9e,Uranium-235,Elementary flows/emission/air,3,not_assessed_method_not_selected
0daf51aa-16a5-3c03-a62d-e36f706d0077,Platinum,Elementary flows/emission/air/troposphere/urban,2,not_assessed_method_not_selected
0dce3988-fcba-32fc-a8d0-4fd2b8b8794d,Selenium,Elementary flows/emission/air/troposphere/rural,42,not_assessed_method_not_selected
0df50c9e-16ca-34b3-802b-ffc969edb8a6,Tebuconazole,Elementary flows/emission/air,1,not_assessed_method_not_selected
0dfd1d77-5e92-3f90-bc7d-02cfb73b9da2,Metribuzin,Elementary flows/emission/water,2,not_assessed_method_not_selected
0e4c2745-1f35-3295-96b9-c7e0efe54e9e,Arsenic(III) trioxide,Elementary flows/emission/air,7,not_assessed_method_not_selected
0e63906d-fa11-39b4-9347-7056a43bfe6a,"(3R,5R)-7-[2-(4-fluorophenyl)-4-[(4-hydroxyphenyl)carbamoyl]-3-phenyl-5-propan-2-ylpyrrol-1-yl]-3,5-dihydroxyheptanoic acid",Elementary flows/emission/ground,1,not_assessed_method_not_selected
0e8bf072-b48b-38b0-8c24-7de78a475769,Aluminum,Elementary flows/emission/water/saline water body/ocean,8,not_assessed_method_not_selected
0ea11747-756f-3c05-8b07-bebdd83a9b87,"Phenol, 2-methoxy-4-methyl-",Elementary flows/emission/air,1,not_assessed_method_not_selected
0ec55151-f34c-39e7-83f8-e23b1c4cd675,Zinc,Elementary flows/emission/water/saline water body/ocean,3,not_assessed_method_not_selected
0ed0590b-2e71-385e-86bb-3d2ea0505734,Crude oil,Elementary flows/resource/water/subterranean,16,not_assessed_method_not_selected
0ed1f6b4-caf9-33a6-a8ad-3feadb42bd4d,Boron,Elementary flows/emission/ground/human-dominated/industrial,2,not_assessed_method_not_selected
0efdeaa0-9e41-33eb-8e58-a06418344693,N-Methyl-2-pyrrolidone,Elementary flows/emission/water,2,not_assessed_method_not_selected
0f2dc726-d62a-3a67-bf97-af90ef81af0a,Titanium,Elementary flows/emission/water,11,not_assessed_method_not_selected
0f35d4bb-17b8-3dc8-a896-2f0ff33d7213,Chlorate,Elementary flows/emission/water/fresh water body,2,not_assessed_method_not_selected
0f66c76c-a738-34d2-9f22-c9b815fe429a,Methomyl,Elementary flows/emission/water/fresh water body,2,not_assessed_method_not_selected
0f727b42-dc04-3f8b-aeb5-751c21ab7818,Styrene,Elementary flows/emission/ground,1,not_assessed_method_not_selected
0f738206-cce2-3f00-9766-6d69d487ad1a,Neem oil,Elementary flows/emission/water,1,not_assessed_method_not_selected
0fa42ece-8cd6-374e-bac6-4626a42f979b,Cyclohexane,Elementary flows/emission/air/troposphere/urban,4,not_assessed_method_not_selected
0fcafbf0-b43e-35ff-b6ec-f9672025bdb8,4-Chlorophenoxyacetic acid,Elementary flows/emission/air,1,not_assessed_method_not_selected
0fcb1177-73a1-341f-a082-33ab4003a5b6,Titanium,Elementary flows/emission/air/stratosphere,1,not_assessed_method_not_selected
0fe64d97-61d5-3366-9778-8c39d00edd73,Chlorobenzene,Elementary flows/emission/air,14,not_assessed_method_not_selected
1032cf4a-b6cc-3f0d-92f5-ac8d2a86f625,Strontium-90,Elementary flows/emission/ground,1,not_assessed_method_not_selected
10488971-d36d-3c4a-a732-0e0e89ee2fc5,Ozone,Elementary flows/emission/air,3,not_assessed_method_not_selected
104d992d-2ada-35c1-8987-0ece6de7d336,Total Organic Carbon,Elementary flows/emission/water/fresh water body/river,2,not_assessed_method_not_selected
105a4d56-3c75-3cea-b4ac-f57c026fce72,Nitrobenzene,Elementary flows/emission/water/fresh water body/river,1,not_assessed_method_not_selected
1067de4a-5dbf-31f3-b9bf-62b7a15084a5,Radon-220,Elementary flows/emission/air,4,not_assessed_method_not_selected
106f9639-cbb0-3fc8-8a6b-8fcc40f3111e,Iron,Elementary flows/emission/ground,6,not_assessed_method_not_selected
10764fbe-fc2b-3c87-930f-c64b91c4a3fe,Monocrotophos,Elementary flows/emission/ground/human-dominated/agricultural,1,not_assessed_method_not_selected
10798d5b-2469-3715-b87f-6c60bce5c469,Mercury,Elementary flows/emission/water/fresh water body,2,not_assessed_method_not_selected
107adb1a-fcd2-3cea-80b2-3377cbb62bec,"Oils, unspecified",Elementary flows/emission/non-FEDEFL/ground,5,not_assessed_method_not_selected
10911077-bfb2-35cd-afb0-409c9056be48,Beryllium,Elementary flows/emission/water/subterranean,2,not_assessed_method_not_selected
109762f8-b6c1-3b8f-8ea5-aa3bd6248a27,Nickel,Elementary flows/emission/water/subterranean/fresh water body,1,not_assessed_method_not_selected
10c08caa-028c-3178-95ec-f1230b84d1ba,Fluosilicic acid,Elementary flows/emission/air/troposphere/urban,2,not_assessed_method_not_selected
10d98582-49f1-3fe8-96bf-63a3f10068e5,Pirimicarb,Elementary flows/emission/water,1,not_assessed_method_not_selected
10e2e8ee-20c2-3c82-aa52-d913af304fab,Rhenium,Elementary flows/resource/ground/subterranean,1,not_assessed_method_not_selected
11164b7d-8438-3558-a033-5ff6f7e3843b,Cinnabar,Elementary flows/resource/ground/subterranean,1,not_assessed_method_not_selected
1147e66c-db3e-303c-b7c7-89b006d98881,Land use,Elementary flows/resource/ground/terrestrial/forest,2,not_assessed_method_not_selected
118ab408-621b-3e25-bfbf-9f040e5ce7ce,Isobutanol,Elementary flows/emission/water,1,not_assessed_method_not_selected
11a32a93-218c-3322-b620-b25f3dab1bb8,Radon-222,Elementary flows/emission/air,8,not_assessed_method_not_selected
11a87634-d3a9-31a9-bd33-8d60b9f0f4d4,Nitrogen,Elementary flows/emission/ground,1,not_assessed_method_not_selected
11b4481a-d297-349a-89fc-102009c1410c,Xylene,Elementary flows/emission/water,12,not_assessed_method_not_selected
11ba4e10-27e8-3145-aab7-29f4b254e7af,Phosgene,Elementary flows/emission/air,1,not_assessed_method_not_selected
11c1a290-f518-368f-94f9-40ad30023eb4,Chlorine,Elementary flows/emission/ground/human-dominated/industrial,3,not_assessed_method_not_selected
11c56de9-9e60-3c6f-ba93-f15b9a3a5f3d,Zinc compounds,Elementary flows/emission/ground,1,not_assessed_method_not_selected
11db6215-c5c1-3639-a6aa-ab41fe8d3317,Zirconium-95,Elementary flows/emission/water/fresh water body,2,not_assessed_method_not_selected
11db6e66-396e-3e2f-a1e9-4a7e6b0e75fa,Silver,Elementary flows/emission/water/fresh water body,2,not_assessed_method_not_selected
11ea8f84-df6e-3f8d-8d70-8b4eacc8c65f,Napropamide,Elementary flows/emission/air,1,not_assessed_method_not_selected
11fa4eb6-65d6-3955-9f6c-62efaaac439f,Lithium,Elementary flows/emission/air,1,not_assessed_method_not_selected
12077bdf-11eb-3d63-bc89-7102b9692519,Ammonia,Elementary flows/emission/water/saline water body/ocean,7,not_assessed_method_not_selected
121216dc-6766-3843-9494-ed1dbdc9fae5,o-Toluidine,Elementary flows/emission/air,2,not_assessed_method_not_selected
123df42b-1658-3f80-ad31-fffbb8559d43,Toluene,Elementary flows/emission/ground,1,not_assessed_method_not_selected
126085ec-4124-3205-835f-f52248399a8e,Strontium-90,Elementary flows/emission/water/fresh water body,2,not_assessed_method_not_selected
12812f0a-dd3e-3a55-b1fc-9fc7d5ea994f,Phenols,Elementary flows/emission/water,11,not_assessed_method_not_selected
1284817f-1c26-3b0a-9a59-640bf10e09db,Pyrene,Elementary flows/emission/air/troposphere/rural,40,not_assessed_method_not_selected
12ae4a71-1402-36e9-ada8-fe6cb98c56ee,Phenanthrene,Elementary flows/emission/air,62,not_assessed_method_not_selected
12b39b80-c5cb-3410-9968-c6e41304f7d0,Cyclohexane,Elementary flows/emission/air,6,not_assessed_method_not_selected
1319b376-aebd-3fe6-92d5-5344c44ba1b5,Terbuthylazine,Elementary flows/emission/ground,1,not_assessed_method_not_selected
133271d6-37c8-3f4f-89cf-992a77bb2857,Caprolactam,Elementary flows/emission/air,7,not_assessed_method_not_selected
13335c79-b858-3678-93c9-26c7d3ee6f71,Methyl formate,Elementary flows/emission/air/troposphere/urban,2,not_assessed_method_not_selected
13433131-590e-318a-a284-a2f2e05a4a85,"1,2,3,4,6,7,8,9-Octachlorodibenzofuran",Elementary flows/emission/air,1,not_assessed_method_not_selected
1345e5a3-e4c5-3cc1-b896-988ae1796d8e,Magnesium,Elementary flows/emission/water,9,not_assessed_method_not_selected
134672e2-bb82-3ecb-8cd8-e8adcc51c1fa,Carbon tetrachloride,Elementary flows/emission/water,1,not_assessed_method_not_selected
136c89cc-8f16-3096-a60b-d4d27b8eb1f0,Propiconazole,Elementary flows/emission/water,2,not_assessed_method_not_selected
13d46c14-b622-3807-9b13-5a65daed56af,Acrylonitrile,Elementary flows/emission/water/subterranean/fresh water body,1,not_assessed_method_not_selected
13e3e81c-73ee-328e-8cd1-d4e29f14d586,"(8S,9S,10R,13S,14S,17S)-17-acetyl-10,13-dimethyl-1,2,6,7,8,9,11,12,14,15,16,17-dodecahydrocyclopenta[a]phenanthren-3-one",Elementary flows/emission/water/fresh water body,1,not_assessed_method_not_selected
13e3ee0f-45d2-3061-b7b4-eb2e73ec53d3,HFC-245fa,Elementary flows/emission/air,7,not_assessed_method_not_selected
13eac271-a257-3845-8e89-b33d8807492a,Naphthalene,Elementary flows/emission/water/fresh water body,2,not_assessed_method_not_selected
13f50f4e-6aee-34f6-b3af-20503373f75d,Limestone,Elementary flows/resource/ground,6,not_assessed_method_not_selected
14019299-4013-3351-af2d-287fee154b97,Bicarbonate,Elementary flows/emission/water,1,not_assessed_method_not_selected
1425986a-dc77-3dc3-8949-be5fe0ac0670,Metamitron,Elementary flows/emission/air,1,not_assessed_method_not_selected
143a705f-98b4-3fe8-9b4a-6d85e50891a5,Hydrochloric acid,Elementary flows/emission/air/troposphere/urban,2,not_assessed_method_not_selected
14622b86-6d9a-3b6c-bc4b-84251899a991,Hexane,Elementary flows/emission/water,2,not_assessed_method_not_selected
146922d3-b36f-33ee-8ec3-7f60be57d5f6,"4,6,6,7,8,8-hexamethyl-1,3,4,7-tetrahydrocyclopenta[g]isochromene",Elementary flows/emission/ground,1,not_assessed_method_not_selected
146cb9b8-f052-3282-8ffd-69f0abac2fd4,Sodium,Elementary flows/emission/air/troposphere/rural,2,not_assessed_method_not_selected
14b0ec9f-b965-3236-8beb-34b0f4cb6a8d,Hydrogen sulfide,Elementary flows/emission/air/troposphere/urban,2,not_assessed_method_not_selected
14d3c32c-e8b6-3aa1-904c-7de1b6c99a27,Oil shale,Elementary flows/resource/ground,1,not_assessed_method_not_selected
14e72c98-7d68-323f-8ec6-4cc91aa22c78,Thorium-232,Elementary flows/emission/air,4,not_assessed_method_not_selected
14e9f850-290d-341c-94ec-0b76786f3ea4,Sodium-24,Elementary flows/emission/water/fresh water body/river,2,not_assessed_method_not_selected
1501faf0-47ca-39ad-81b7-72470e6ea56a,Nitrogen,Elementary flows/emission/water/subterranean,2,not_assessed_method_not_selected
151f9a2a-5b3a-386f-8a65-3fd71e51b736,Sulfur dioxide,Elementary flows/emission/air/stratosphere,1,not_assessed_method_not_selected
15443236-c022-3783-b1a4-052ca3c2f48a,MCPA,Elementary flows/emission/ground,1,not_assessed_method_not_selected
154f5a46-71d3-3914-99e3-aad632d14b57,Pirimicarb,Elementary flows/emission/ground,1,not_assessed_method_not_selected
15822ba2-73d7-3e80-946c-35ed2cc639b9,"2,4-Dimethylpentane",Elementary flows/emission/air,2,not_assessed_method_not_selected
158bf888-486a-3e1e-b137-46c3c755c1cc,Carbetamide,Elementary flows/emission/ground,1,not_assessed_method_not_selected
158f69c2-3be2-3354-bed0-69806b3a9c5d,Vanadium,Elementary flows/emission/air/troposphere/urban,2,not_assessed_method_not_selected
15908889-fd92-31ce-9c0f-1818d3d67d90,"Ethane, 1,2-dibromo-1,1,2-trifluoro-",Elementary flows/emission/air/troposphere/high,1,not_assessed_method_not_selected
15922059-e877-3406-92a0-6815647bfbf8,Zinc,Elementary flows/emission/water/fresh water body/lake,1,not_assessed_method_not_selected
159f55db-a054-3dec-99be-023f3ec1a4af,"1,2,3,4,7,8-Hexachlorodibenzofuran",Elementary flows/emission/air,2,not_assessed_method_not_selected
15bc7779-105a-334a-b964-3daead05cc90,Mercury,Elementary flows/emission/water/fresh water body/river,2,not_assessed_method_not_selected
15c00b8d-352f-381b-80dd-33a83fc83956,Polycyclic aromatic hydrocarbons,Elementary flows/emission/water/fresh water body/river,6,not_assessed_method_not_selected
15c0dce2-44be-3ca4-ab43-b27d2f1ca79f,Uranium-235,Elementary flows/emission/air/troposphere/rural,7,not_assessed_method_not_selected
15dd2cf8-bb8f-380a-bb17-613e34a8acb0,Manganese,Elementary flows/emission/water/saline water body/ocean,8,not_assessed_method_not_selected
15f14f5a-0a4a-3b95-b768-abbe90654194,Toluene,Elementary flows/emission/air/troposphere/urban,2,not_assessed_method_not_selected
1628c7b9-2292-32b7-a640-1c471768ff8c,Fipronil,Elementary flows/emission/air,2,not_assessed_method_not_selected
1633cea3-311a-3667-a428-419522a8065d,Ammonia,Elementary flows/emission/ground,2,not_assessed_method_not_selected
1662342c-da9e-339d-ac7d-d73cbabe453c,Chromium-51,Elementary flows/emission/water,1,not_assessed_method_not_selected
169584c1-f939-3fc7-b67d-c93f601bb528,Krypton-89,Elementary flows/emission/air/troposphere/rural,2,not_assessed_method_not_selected
16ae739e-d5e3-3971-a2a6-17075cf2c4f9,CFC-12,Elementary flows/emission/air/troposphere/rural,5,not_assessed_method_not_selected
16c43eb2-3004-3c7f-898b-1694f41a38dc,"Carbon dioxide, biogenic",Elementary flows/resource/air/troposphere,4,not_assessed_method_not_selected
16d59fe9-c2a4-35ee-8885-c3ec290e804f,Osmium,Elementary flows/resource/ground/subterranean,6,not_assessed_method_not_selected
16e9aaa4-b307-3860-a1af-e82f5a1dbd64,Methyl isobutyl ketone,Elementary flows/emission/air,6,not_assessed_method_not_selected
16ecc724-68ac-333f-80f8-e5784d8214cd,Lactic acid,Elementary flows/emission/water/fresh water body/river,1,not_assessed_method_not_selected
1733622b-b54a-3202-8e58-4670a96ef6b3,Phosphorus,Elementary flows/emission/water,14,not_assessed_method_not_selected
1767d662-f96c-38d8-98e4-cc840d9aafd3,Organic compounds,Elementary flows/emission/air,21,not_assessed_method_not_selected
177e52bf-afad-3c6d-bc64-cc758263b2e2,Benzo[k]fluoranthene,Elementary flows/emission/water/fresh water body/river,1,not_assessed_method_not_selected
1799d091-63a4-3754-8c77-4c562e175ab7,Cadmium,Elementary flows/emission/water/subterranean,1,not_assessed_method_not_selected
17a422a9-785d-3e0f-aa17-0c791546fb6e,Zinc(II),Elementary flows/emission/water/fresh water body/river,1,not_assessed_method_not_selected
17bb55e6-4c9b-3f10-91e7-c6a7a7d4f32b,Fluoranthene,Elementary flows/emission/air/troposphere/rural,40,not_assessed_method_not_selected
17dac1fd-efcf-3118-bfa7-69313dbf8b3f,Barium-140,Elementary flows/emission/air,2,not_assessed_method_not_selected
17ead08b-355c-326e-8d30-6b78650760b2,Ethanol,Elementary flows/emission/water/fresh water body/river,2,not_assessed_method_not_selected
17f224af-6c5a-39df-892e-ea4c10be928a,Uranium oxide,Elementary flows/resource/ground,3,not_assessed_method_not_selected
17f7cee4-cb97-303d-8267-85dac788af38,Furan,Elementary flows/emission/water,1,not_assessed_method_not_selected
181a1a62-d425-3fb2-831d-ad9dadc3b771,Trifluralin,Elementary flows/emission/water/fresh water body,2,not_assessed_method_not_selected
181a333d-a882-3cd0-bb20-cc7dec6778fb,Cesium-137,Elementary flows/emission/water/saline water body/ocean,8,not_assessed_method_not_selected
18206d72-f532-3d0e-ae50-f441f2478640,Iron-59,Elementary flows/emission/water/fresh water body,2,not_assessed_method_not_selected
18281313-4dde-31e9-a1ac-c210254d7130,Methyl bromide,Elementary flows/emission/air,11,not_assessed_method_not_selected
182b44a1-6470-3848-a6c3-a68810b726d6,Hydrocarbons,Elementary flows/emission/ground,1,not_assessed_method_not_selected
18468fe8-cc1d-30ed-b551-db018a842e5c,Aclonifen,Elementary flows/emission/ground,1,not_assessed_method_not_selected
187acf44-9b91-36cc-a1c3-66c9e3bae012,Chromium(VI),Elementary flows/emission/ground,6,not_assessed_method_not_selected
187c525c-3715-388c-b303-a0671524a615,Carbon monoxide,Elementary flows/emission/air,145,not_assessed_method_not_selected
18819e98-6dd1-3a8f-a27a-67ca826f3381,Polychlorinated biphenyls,Elementary flows/emission/air,49,not_assessed_method_not_selected
1897b106-f879-3b9e-b44d-b5bf29d9d6e5,Nonane,Elementary flows/emission/air,3,not_assessed_method_not_selected
189ceb28-caec-38ff-9bf6-d145ba13b403,Land use,Elementary flows/resource/water/fresh water body/river,2,not_assessed_method_not_selected
18b5a96b-f01a-3b11-8077-16777ce57763,Chrysene,Elementary flows/emission/water,6,not_assessed_method_not_selected
18c9ebdc-ec63-3434-be49-eecdcbbf0358,Chrysene,Elementary flows/emission/water/fresh water body,2,not_assessed_method_not_selected
190624ea-8ca6-383c-aeb4-8efa942b544f,Radionuclides,Elementary flows/emission/air,17,not_assessed_method_not_selected
192a68c2-1672-3f30-ae06-a52765311a5b,Sulfite,Elementary flows/emission/water,1,not_assessed_method_not_selected
192cecba-6a3a-3af7-9275-d8e761a883bc,Arsenic,Elementary flows/emission/air/troposphere/urban,2,not_assessed_method_not_selected
19377af4-5328-3dcb-99fe-2ff82724baad,Pyrazon,Elementary flows/emission/water,1,not_assessed_method_not_selected
194ca21a-3be0-3c2b-b788-e5e24cfc988d,1-Methylnaphthalene,Elementary flows/emission/air,2,not_assessed_method_not_selected
1964972d-5629-31de-9989-bf30f453253d,Polycyclic aromatic hydrocarbons,Elementary flows/emission/water/fresh water body,2,not_assessed_method_not_selected
196629a7-2bf0-33eb-81a6-48c7b1a61dcb,CFC-114,Elementary flows/emission/air/troposphere/rural,5,not_assessed_method_not_selected
197b54ed-a00b-3b3f-9e0e-e336409d1917,Lead,Elementary flows/emission/air/troposphere/urban,2,not_assessed_method_not_selected
1980f55f-e512-3fb5-b7ff-ad1792263f39,Ethyl acrylate,Elementary flows/emission/water/subterranean,1,not_assessed_method_not_selected
1987c1cb-368e-31b2-805a-208b15019ab8,Thorium-234,Elementary flows/emission/water/subterranean/fresh water body,1,not_assessed_method_not_selected
19b09ba7-5f59-3d27-868f-f668133dfa58,Hydrofluoric acid,Elementary flows/emission/water/fresh water body,2,not_assessed_method_not_selected
19dfa28f-3397-3e39-820a-147c60c0feb8,Protactinium-234,Elementary flows/emission/air,3,not_assessed_method_not_selected
1a1ceea6-4230-360b-bc1c-8bc183e088d6,Land use,Elementary flows/resource/ground/human-dominated,4,not_assessed_method_not_selected
1a2c0ee2-520a-3971-a68e-81982d8236fc,Ethylene oxide,Elementary flows/emission/water,2,not_assessed_method_not_selected
1a2d8f9d-b4d8-3f8f-a75b-d6d5d7bbeecb,Hydroxide,Elementary flows/emission/water/fresh water body,2,not_assessed_method_not_selected
1a3e8252-ba21-3955-9030-aeeec083dda8,Phenols,Elementary flows/emission/air/stratosphere,1,not_assessed_method_not_selected
1a40186d-6fbc-33fa-8a66-c732a6e6ea82,Plutonium-241,Elementary flows/emission/water,1,not_assessed_method_not_selected
1a8b13e4-9252-37ac-8cd2-779e8f14faf7,"Hydrocarbons, chlorinated",Elementary flows/emission/air/troposphere/rural,1,not_assessed_method_not_selected
1aa13981-957f-3610-b9c5-915de8738a7d,Strontium,Elementary flows/emission/air/troposphere/urban,2,not_assessed_method_not_selected
1aaa4326-5c2e-31c5-be81-f856b4e424b1,Hydrogen,Elementary flows/emission/air,12,not_assessed_method_not_selected
1ab24e9c-18f9-3aeb-a968-d1c6f25a1ef4,Phosphate ore,Elementary flows/resource/ground,3,not_assessed_method_not_selected
1ab6fbf2-eba9-3962-b66e-2f47edf68957,Uranium-234,Elementary flows/emission/air,3,not_assessed_method_not_selected
1abc2688-7633-397f-9d68-749ea79f12e8,Barium,Elementary flows/emission/air/troposphere/urban,2,not_assessed_method_not_selected
1b203d5a-c061-3cc9-94e2-3a0a28a80c11,Phostebupirim,Elementary flows/emission/ground,1,not_assessed_method_not_selected
1b4d33d4-6637-3f0d-bff5-1047a690f0c7,"1-(3,5,5,6,8,8-hexamethyl-6,7-dihydronaphthalen-2-yl)ethanone",Elementary flows/emission/ground,1,not_assessed_method_not_selected
1b65da49-ad9e-3838-947b-7a6dea89854c,Sodium chlorate,Elementary flows/emission/air/troposphere/urban,2,not_assessed_method_not_selected
1b71662a-1282-3fb0-bed0-8952dff9b780,HFC-152a,Elementary flows/emission/air/troposphere/urban,1,not_assessed_method_not_selected
1b77af6c-63a9-3aa3-90e6-a0784756df75,Ammonium,Elementary flows/emission/water/fresh water body,2,not_assessed_method_not_selected
1b903dc5-d279-3144-a3e5-72dfeb19f876,"2,4-D",Elementary flows/emission/ground/human-dominated/agricultural,4,not_assessed_method_not_selected
1b92a28f-209f-3380-b8fe-1354a50fa03d,Pentachlorophenol,Elementary flows/emission/air,2,not_assessed_method_not_selected
1b976b41-2653-33fe-bc1e-f0bb6b31cff7,Mercury(II),Elementary flows/emission/ground,1,not_assessed_method_not_selected
1bc7bc37-0621-37b7-a725-d7657057717e,Selenium compounds,Elementary flows/emission/ground,1,not_assessed_method_not_selected
1bd4fc02-fc3c-37e4-a675-f8a724680cc3,Ethane,Elementary flows/emission/air/troposphere/rural,6,not_assessed_method_not_selected
1bdf88f3-9b77-30c2-9d5b-eefe99cddf27,Zirconium-95,Elementary flows/emission/air,1,not_assessed_method_not_selected
1c036e0a-d3f7-3fac-a216-8ede640381c2,Silver,Elementary flows/resource/ground/subterranean,12,not_assessed_method_not_selected
1c288388-0f32-30f1-8267-19b8d72c80df,Hydrofluoric acid,Elementary flows/emission/air,19,not_assessed_method_not_selected
1c6780c5-6d85-377a-a6c3-bad80ad32743,Antimony-122,Elementary flows/emission/water,1,not_assessed_method_not_selected
1c9d23c0-84bd-3d25-a2d2-8e2ebb8007ab,Chloromethane,Elementary flows/emission/water/fresh water body/river,1,not_assessed_method_not_selected
1ca1736e-72ec-3d97-a86c-adf8c6ad8c80,"Phenol, 2,4-dichloro-6-nitro-",Elementary flows/emission/air/troposphere/high,1,not_assessed_method_not_selected
1cb3814f-067b-3f04-af78-4f6ad4c132b7,"1,3-Dichloropropene",Elementary flows/emission/air,6,not_assessed_method_not_selected
1cdedf24-e140-3c15-9c3b-a589fefee674,Isopropanol,Elementary flows/emission/water/fresh water body/river,1,not_assessed_method_not_selected
1d2e1373-7ad1-314d-9b3c-42791c011378,Silicon,Elementary flows/emission/air,7,not_assessed_method_not_selected
1d3b8418-b0ab-3ca8-ba51-b9d0a65fa803,Technetium-99,Elementary flows/emission/water,1,not_assessed_method_not_selected
1d48dff1-5bb2-3470-8114-e168b50cc60e,Metamitron,Elementary flows/emission/ground,1,not_assessed_method_not_selected
1d4e50da-5177-3978-bd0b-e8f98ab38eb1,Silver,Elementary flows/emission/water/saline water body/ocean,1,not_assessed_method_not_selected
1d55b067-a32a-3422-8159-390895bf2406,Trichloroacetic acid,Elementary flows/emission/water/fresh water body,1,not_assessed_method_not_selected
1d691e64-4f46-3268-96c9-64d4e7758e80,Antimony,Elementary flows/resource/ground,2,not_assessed_method_not_selected
1d7053dc-5416-353b-a110-d7963051922f,"PAH/POM, unspecified",Elementary flows/emission/air/subterranean,1,not_assessed_method_not_selected
1d788832-a5f4-3b23-82aa-bdb77b3cf701,Lactic acid,Elementary flows/emission/air/troposphere/urban,1,not_assessed_method_not_selected
1d7d51a2-9992-38ce-834d-d44ed334c1d0,Iodide,Elementary flows/emission/water/saline water body/ocean,2,not_assessed_method_not_selected
1d80200a-44ec-3ef6-8af6-116e0818139d,Thorium-228,Elementary flows/emission/water,1,not_assessed_method_not_selected
1d8e7257-22ff-35cd-9669-0e5caa707f9d,Silver-110,Elementary flows/emission/water/fresh water body/river,6,not_assessed_method_not_selected
1dbe84d3-098e-39e4-bb48-4a6bcb85825c,Nickel,Elementary flows/emission/air/troposphere/rural,42,not_assessed_method_not_selected
1de6d0d4-b213-330d-911e-d5b4210886a7,Acetochlor,Elementary flows/emission/ground/human-dominated/agricultural,1,not_assessed_method_not_selected
1de9c93c-7073-3f08-a936-4ae344075c88,(2-hydroxy-4-methoxyphenyl)-phenylmethanone,Elementary flows/emission/water/fresh water body,1,not_assessed_method_not_selected
1debd972-bc23-3848-8f5e-8bb78a8e5421,Chloroprene,Elementary flows/emission/air,3,not_assessed_method_not_selected
1e097a82-21a4-33b4-8946-12e7a011725d,Cyanide,Elementary flows/emission/water/fresh water body/river,2,not_assessed_method_not_selected
1e0a9f92-c0f8-3bf4-82b8-c9b9f8467754,Methyl parathion,Elementary flows/emission/air/troposphere/rural,1,not_assessed_method_not_selected
1e2510b9-7db3-32e1-8a1d-3a0d3aad4009,Carbon dioxide,Elementary flows/emission/air/troposphere/high,1,not_assessed_method_not_selected
1e7e2521-0be6-37ad-bd9c-6f62a5807807,"Water, fresh",Elementary flows/resource/water/fresh water body/river,1,not_assessed_method_not_selected
1e981c2b-4012-3364-8593-4d4f8b302a44,Mancozeb,Elementary flows/emission/water,3,not_assessed_method_not_selected
1e9fb400-240f-31cf-8074-00580c0207a3,Biphenyl,Elementary flows/emission/water,6,not_assessed_method_not_selected
1eac3717-bbc9-35cb-b6f2-07913e7de28b,Hexane,Elementary flows/emission/air/troposphere/rural,46,not_assessed_method_not_selected
1eca6a42-0e50-3e75-8b01-afe41a3381d1,Chromium,Elementary flows/emission/water/subterranean/fresh water body,1,not_assessed_method_not_selected
1f042cb6-c5ad-3464-b764-3c62218a18f1,Hydrofluoric acid,Elementary flows/emission/air/troposphere/rural,2,not_assessed_method_not_selected
1f069a1b-2e83-3da7-9951-9e367d5055f7,Acid compounds,Elementary flows/emission/water/subterranean,1,not_assessed_method_not_selected
1f2d2829-029a-3a77-824c-e43f2f386f41,Chromium compounds,Elementary flows/emission/water,2,not_assessed_method_not_selected
1f5c9490-5057-3dfe-973d-32dfd3a363af,Silver,Elementary flows/emission/ground/human-dominated/agricultural,2,not_assessed_method_not_selected
1f62b25d-4dcb-3f81-8273-65dbbda19bac,Lithium(I),Elementary flows/emission/water,4,not_assessed_method_not_selected
1f799425-898b-34ee-9bff-250472b98b2e,"1,3-Butadiene",Elementary flows/emission/water,5,not_assessed_method_not_selected
1f7bf7c4-d8aa-393c-82e7-26832e7b0b62,Antimony,Elementary flows/resource/ground/subterranean,4,not_assessed_method_not_selected
1f8ed538-0c45-3e06-97cc-70033132a450,Gypsum,Elementary flows/resource/ground,4,not_assessed_method_not_selected
1f96ace5-cd65-3075-9d18-0db2fff6163f,Methane,Elementary flows/emission/air/troposphere/high,1,not_assessed_method_not_selected
1fa3bc7e-2a0f-32c1-b315-7ff396b1fc04,Ethylene,Elementary flows/emission/air/troposphere/urban,2,not_assessed_method_not_selected
1fa8c65b-74e5-39d6-a2b8-0061eb9a2608,Dysprosium ore,Elementary flows/resource/ground/subterranean,2,not_assessed_method_not_selected
1fe5ca45-0561-3d68-9272-53b1191f984b,Isopropylamine,Elementary flows/emission/water/fresh water body/river,1,not_assessed_method_not_selected
20014fc5-8a22-3e4b-9299-e399e020a01a,Potassium(I),Elementary flows/emission/water/saline water body/ocean,5,not_assessed_method_not_selected
2014edbf-fd15-3674-8927-701264cb597f,Propylene,Elementary flows/emission/air,19,not_assessed_method_not_selected
201fbcf8-5425-3859-9673-13d818f9d417,Benzo(b)fluoranthene,Elementary flows/emission/water/saline water body/ocean,1,not_assessed_method_not_selected
2021cc6c-268d-3e0e-8007-8dec83ac951d,Octadecane,Elementary flows/emission/water,4,not_assessed_method_not_selected
202639e4-fdf3-390f-a3f4-45c097fb0d2b,Iodine-129,Elementary flows/emission/water/fresh water body,2,not_assessed_method_not_selected
204e3a2a-1fb5-38ad-b417-04cb01fde161,Manganese-54,Elementary flows/emission/water,1,not_assessed_method_not_selected
20670726-1f47-3ae3-950f-4b334ccf5817,Orthophosphate,Elementary flows/resource/ground/subterranean,1,not_assessed_method_not_selected
20712130-9353-3782-81f1-76d35215b0ea,Silica,Elementary flows/emission/air,6,not_assessed_method_not_selected
207cc5a2-3193-3150-8d60-8426a57b76f4,Cerium-144,Elementary flows/emission/air,1,not_assessed_method_not_selected
20a5ae9f-025b-31d3-8c74-59b49ede70f4,Potassium,Elementary flows/emission/ground/human-dominated/industrial,8,not_assessed_method_not_selected
20d29f58-853a-32d2-83b2-1aec8c85205d,Copper,Elementary flows/emission/air/troposphere/urban,2,not_assessed_method_not_selected
20f59f98-e174-31b5-9e11-3472b16529d6,Acenaphthene,Elementary flows/emission/air/troposphere/urban,2,not_assessed_method_not_selected
20f5a08e-ef88-35d4-a0f9-69ca3de83c61,Tellurium-123m,Elementary flows/emission/water/fresh water body,2,not_assessed_method_not_selected
20f73631-8e5a-3b2c-982e-bafdfa25949e,4-Dimethylaminoazobenzene,Elementary flows/emission/air,2,not_assessed_method_not_selected
21088c80-53d2-3cd4-9533-cf94aed3d7b9,1-Butene,Elementary flows/emission/air/troposphere/urban,6,not_assessed_method_not_selected
210ccdd0-e1bd-36ad-820a-afa7bc13ecf8,Anthranilic acid,Elementary flows/emission/air/troposphere/urban,1,not_assessed_method_not_selected
21141567-3166-34c9-92e3-1fff41b8f480,Diuron,Elementary flows/emission/ground,1,not_assessed_method_not_selected
21194121-abc8-37e2-8054-ff2210ec2614,Nitrate,Elementary flows/emission/water/subterranean/fresh water body,1,not_assessed_method_not_selected
21283d53-42d8-3b89-b7f8-55a40281c15a,Strontium,Elementary flows/emission/water/subterranean/fresh water body,1,not_assessed_method_not_selected
2156991c-493a-3a09-9de2-cf5943e97c20,"1-(3,5,5,6,8,8-hexamethyl-6,7-dihydronaphthalen-2-yl)ethanone",Elementary flows/emission/water/fresh water body,1,not_assessed_method_not_selected
215d5e3a-0a48-3cca-b9f4-aad687831c53,Benz[a]anthracene,Elementary flows/emission/water/fresh water body/river,1,not_assessed_method_not_selected
215fdef5-4bee-3402-b597-d0ae5c449b3b,Selenium,Elementary flows/emission/water,7,not_assessed_method_not_selected
216251bf-ae8c-3bfe-a390-8545d3c096a2,Xenon-135,Elementary flows/emission/air/troposphere/rural,6,not_assessed_method_not_selected
2164ae7e-a04a-3403-96fe-cc620946faeb,Imazaquin,Elementary flows/emission/air/troposphere/rural,1,not_assessed_method_not_selected
216f54c9-651b-32a0-8e3c-ae83a3483872,Strontium-90,Elementary flows/emission/air,1,not_assessed_method_not_selected
217a8343-2afd-3588-a873-cd15e89d07a1,Carbonyl sulfide,Elementary flows/emission/air,4,not_assessed_method_not_selected
2180b46b-b0fe-3de9-9fa7-d45daf0f9085,Metaldehyde,Elementary flows/emission/ground,1,not_assessed_method_not_selected
21bb20b3-34dd-365e-8fbd-fc87f0cc0d7f,Plutonium-238,Elementary flows/emission/air/troposphere/rural,7,not_assessed_method_not_selected
21ca1d09-2d20-32da-b926-828aa5a37f0c,Chloroacetonitrile,Elementary flows/emission/water/fresh water body,1,not_assessed_method_not_selected
21dc7186-7f29-345c-ae26-920f880dd935,Iodine-129,Elementary flows/emission/water,5,not_assessed_method_not_selected
21e226d7-2118-3747-bd67-d825e2c3a7bc,Soil,Elementary flows/resource/ground/subterranean,6,not_assessed_method_not_selected
21e6927d-b6df-3d13-bd31-426760ab01a6,"2,3,4,6,7,8-Hexachlorodibenzofuran",Elementary flows/emission/water,1,not_assessed_method_not_selected
21e80179-2c84-3806-95a9-49f77d34c62e,Dibromodichloromethane,Elementary flows/emission/water/fresh water body/river,1,not_assessed_method_not_selected
21f6316b-3a22-33f1-83a1-89cbafa7d969,Stibnite,Elementary flows/resource/ground/subterranean,1,not_assessed_method_not_selected
21fe23ee-7294-3874-9cc7-39f31bab1747,Nitratine,Elementary flows/resource/ground/subterranean,5,not_assessed_method_not_selected
22144b1f-4fc0-3643-953b-ede9a14e9ed4,Oxygen,Elementary flows/emission/air,11,not_assessed_method_not_selected
222a86c7-0134-3761-8eeb-a5c8a2947ca6,Isopropanol,Elementary flows/emission/air,11,not_assessed_method_not_selected
222dc3fc-4490-304e-a736-da42f31e276a,Molybdenum,Elementary flows/emission/water/fresh water body/river,6,not_assessed_method_not_selected
22357d69-40ec-3e2e-8112-791fd80cf2ca,Total Organic Carbon,Elementary flows/emission/water/subterranean,1,not_assessed_method_not_selected
22373dac-130d-37b5-afe6-6e1d5bb13c20,Selenium,Elementary flows/emission/ground/human-dominated/industrial,7,not_assessed_method_not_selected
224e47eb-4483-3a1c-b0ec-83d8a39d6041,Lithium,Elementary flows/emission/water,1,not_assessed_method_not_selected
225827c0-8817-3f99-8a61-a8ce986cc118,Phosphorus,Elementary flows/emission/water/subterranean/fresh water body,1,not_assessed_method_not_selected
229711e3-1f82-3d55-98e1-b64860143e2d,Tebuconazole,Elementary flows/emission/water,1,not_assessed_method_not_selected
22a748f7-9dfa-3daf-a9be-23daae0a26eb,Nitrate,Elementary flows/emission/ground/human-dominated/industrial,1,not_assessed_method_not_selected
22c29005-75f0-3946-ba20-cb2566dd72c0,Thorium-228,Elementary flows/emission/water/subterranean/fresh water body,1,not_assessed_method_not_selected
22db4f89-a507-39e6-9ef5-8e2e673bdcf9,Adsorbable organic halides,Elementary flows/emission/water,8,not_assessed_method_not_selected
22dd163e-2911-3f45-a6ef-81cb8c86cf33,"2,3,7,8-Tetrachlorodibenzo-p-dioxin",Elementary flows/emission/water/fresh water body/river,1,not_assessed_method_not_selected
22ea90ce-1f86-3c54-8716-61dfa646eeb6,"Hydrocarbons, chlorinated",Elementary flows/emission/air/troposphere/high,1,not_assessed_method_not_selected
22f4fc46-85d3-35af-8eca-43deb7edce37,Kaolin,Elementary flows/resource/ground/subterranean,6,not_assessed_method_not_selected
2302a27a-54b2-3c15-a655-88c3063a8f0a,Trifluralin,Elementary flows/emission/air,4,not_assessed_method_not_selected
230ba5f8-952d-3149-8aab-3f0775cf3714,Chromium(III),Elementary flows/emission/ground,2,not_assessed_method_not_selected
230bcc03-ec64-394a-bdda-e93b3cd765d4,Copper,Elementary flows/resource/ground/subterranean,11,not_assessed_method_not_selected
2334864d-02b1-3a8d-b4bd-d39042917867,Manganese,Elementary flows/emission/air/stratosphere,1,not_assessed_method_not_selected
233fa408-5db8-3c9a-aa2f-60dcb6d587e6,Copper compounds,Elementary flows/emission/air,3,not_assessed_method_not_selected
234227d7-3bc3-3ede-beb3-86c7e3f9c791,Nitrogen oxides,Elementary flows/emission/air/troposphere/urban,2,not_assessed_method_not_selected
2345a587-6f34-338a-9a7c-89a2a3f79335,Trichloroethane,Elementary flows/emission/air,3,not_assessed_method_not_selected
234cfe50-973a-38d2-8466-143d512e78f0,Krypton-87,Elementary flows/emission/air,3,not_assessed_method_not_selected
234d2546-8593-3e28-8613-38f68c6de50d,Phosphorus,Elementary flows/resource/ground/subterranean,8,not_assessed_method_not_selected
2355ef0f-9d76-3aff-95c1-96c81478f8b9,Ethylbenzene,Elementary flows/emission/ground,1,not_assessed_method_not_selected
23639586-433b-3876-b3c3-eff7f8ad761c,Sodium,Elementary flows/emission/ground,2,not_assessed_method_not_selected
2372b1fc-bfd0-3a50-972c-157cd77a88e0,Carbon-14,Elementary flows/emission/water/subterranean/fresh water body,1,not_assessed_method_not_selected
23823e99-86c4-32bb-94e9-2f428ed796e2,Europium,Elementary flows/resource/ground/subterranean,2,not_assessed_method_not_selected
2384eba2-ded6-3460-988a-fa75bb767e4e,Sodium sulfate,Elementary flows/resource/ground/subterranean,7,not_assessed_method_not_selected
23b246a3-0731-3032-b1eb-5f22fdc31cb4,Orthophosphate,Elementary flows/emission/water/saline water body/ocean,4,not_assessed_method_not_selected
23bc29c9-5fa5-3269-b560-1d4b7a20842d,"1,1,1-Trichloroethane",Elementary flows/emission/water,1,not_assessed_method_not_selected
23c6be5a-ea98-31f4-990b-da9bb479c299,Tritium,Elementary flows/emission/water/fresh water body/river,1,not_assessed_method_not_selected
23ce091f-5068-380b-a5a1-b46847733c5f,Trimethylchlorosilane,Elementary flows/emission/air/troposphere/urban,1,not_assessed_method_not_selected
23cf0f1a-fe2f-38b4-9d2e-c7b14bb74223,Flumiclorac-pentyl,Elementary flows/emission/water,1,not_assessed_method_not_selected
23d87df5-3dfd-3c52-a978-736719a90066,Propylene glycol,Elementary flows/emission/air,3,not_assessed_method_not_selected
2418f55e-47af-32bb-b4ad-b04165a9541d,Bromine,Elementary flows/emission/water/fresh water body,2,not_assessed_method_not_selected
2421b499-4e90-3c89-8659-42fbce5e567a,Cerium-141,Elementary flows/emission/water/fresh water body,2,not_assessed_method_not_selected
24248309-5f3a-3134-9227-e9084be9102d,Ammonium,Elementary flows/emission/air,12,not_assessed_method_not_selected
2428a8cd-3ee9-3e0a-bda1-5c09147e34af,Manganese-54,Elementary flows/emission/air/troposphere/rural,2,not_assessed_method_not_selected
242e548c-dba2-3666-ab10-07b6e08a20fd,Sulfate,Elementary flows/emission/water/subterranean/fresh water body,1,not_assessed_method_not_selected
24541f68-d81a-3a8a-b0ca-bca0d5852ccb,Zinc(II),Elementary flows/emission/ground,1,not_assessed_method_not_selected
24799559-4743-37d4-bef3-0331b0b797aa,Xenon-135m,Elementary flows/emission/air,2,not_assessed_method_not_selected
248c35a7-7964-3f7b-aff8-9f29e983835e,Benz[a]anthracene,Elementary flows/emission/air,61,not_assessed_method_not_selected
24cde459-005b-34d1-99ee-ff4f736e78ec,Nickel(II),Elementary flows/emission/water/saline water body/ocean,5,not_assessed_method_not_selected
24cfa2d1-ba72-371f-9d3f-cc121bc063f1,Benzofluoranthene,Elementary flows/emission/air,14,not_assessed_method_not_selected
24d31494-c4fe-33cf-9222-558fdfb22acf,Protactinium-234,Elementary flows/emission/water/subterranean/fresh water body,1,not_assessed_method_not_selected
24d6d40b-0edb-3dd3-a2fa-b919ae581efb,Aldrin,Elementary flows/emission/ground/human-dominated/agricultural,2,not_assessed_method_not_selected
24d7a4d5-6a69-36fd-9f13-b8b890f75ec7,Cobalt-60,Elementary flows/emission/water,5,not_assessed_method_not_selected
24f33db3-991c-3cd0-bbb6-72317ddb68f2,Chloromethane,Elementary flows/emission/air/troposphere/rural,1,not_assessed_method_not_selected
24f55b14-cff3-3a92-a19b-35f236409fe5,Captan,Elementary flows/emission/ground,1,not_assessed_method_not_selected
25045a33-212b-3680-877b-add3bee5fd74,"3,3'-Dimethylbenzidine",Elementary flows/emission/air,2,not_assessed_method_not_selected
250ac737-b4e4-3288-8ce9-f75f1b70db1f,Total Organic Carbon,Elementary flows/emission/water/saline water body,2,not_assessed_method_not_selected
255001a2-a225-385e-a998-960d1d20e76e,Water,Elementary flows/resource/air,1,not_assessed_method_not_selected
2554f411-741b-3f04-a3c4-325f7a018f73,Water,Elementary flows/emission/water/saline water body/ocean,7,not_assessed_method_not_selected
255660fb-fadb-3702-a249-dba926c1fb09,Barium-140,Elementary flows/emission/water/fresh water body,2,not_assessed_method_not_selected
255686fb-c05d-3e9e-b4fa-95cdd75ae4a4,Soil,Elementary flows/emission/water,4,not_assessed_method_not_selected
255ebdf0-01c3-3297-9bb1-cd2b77642e24,"Benzene mixt. with methylbenzene, ethylbenzene, and dimethylbenzene",Elementary flows/emission/air/stratosphere,1,not_assessed_method_not_selected
2570f24f-2d5c-3282-80a4-cff9015de794,"Oils, unspecified",Elementary flows/emission/non-FEDEFL/water/fresh water body/river,1,not_assessed_method_not_selected
2577fb34-78af-3a5e-925b-c5efddb181ae,Chloromethane,Elementary flows/emission/water/subterranean,1,not_assessed_method_not_selected
258a9ac3-ea4a-32a2-a4e8-d76e0c0e88a8,Flumioxazin,Elementary flows/emission/water,1,not_assessed_method_not_selected
2595ab2e-bde6-3dda-9e53-4fa5c94530be,Benzothiazole,Elementary flows/emission/water,1,not_assessed_method_not_selected
25ad11fd-3b5a-316e-8b61-17a73c0f917d,"1,4-Butanediol",Elementary flows/emission/air/troposphere/high,1,not_assessed_method_not_selected
25df9388-caa8-34c9-a678-f3566a77af08,Sodium,Elementary flows/emission/water/subterranean,1,not_assessed_method_not_selected
260c35cc-0a64-3bfe-b739-15c56e1a4d27,Cumene,Elementary flows/emission/air/troposphere/rural,2,not_assessed_method_not_selected
268ee121-eaa7-3dec-a1b5-7ccc36d492a7,Oil sand,Elementary flows/resource/ground,3,not_assessed_method_not_selected
2694c421-f246-3b1b-b8d2-e191c4fd7652,Atrazine,Elementary flows/emission/ground,2,not_assessed_method_not_selected
269dc9bf-dc50-3317-be77-7a72b5ca2e23,Sodium formate,Elementary flows/emission/air/troposphere/urban,2,not_assessed_method_not_selected
26df0d64-c44e-300b-9aa0-30d1ee8c80a1,Trona,Elementary flows/resource/ground,1,not_assessed_method_not_selected
26f3b390-5149-3629-b81b-d2e990a42e6e,1-Butene,Elementary flows/emission/water/fresh water body/river,2,not_assessed_method_not_selected
2720872f-5354-349c-b2bb-3ef19cc88733,Benzo[j]fluoranthene,Elementary flows/emission/air,1,not_assessed_method_not_selected
272c6d57-d91b-31b9-a851-c9c8d1c59e49,Fluoride,Elementary flows/emission/water/subterranean/fresh water body,1,not_assessed_method_not_selected
272e60cf-1e1f-3997-a93d-17f7698571e6,"Water, saline",Elementary flows/resource/water/saline water body,1,not_assessed_method_not_selected
2748fe77-0836-31cb-a501-4aea92e442c2,Antimony,Elementary flows/emission/air/troposphere/rural,42,not_assessed_method_not_selected
275fe000-77c2-3bc9-a38f-5a35fe1f6ad2,CFC-11,Elementary flows/emission/air/troposphere/urban,5,not_assessed_method_not_selected
276737c9-2113-3472-a96b-fe330b5aad8b,Iodine-133,Elementary flows/emission/air/troposphere/rural,2,not_assessed_method_not_selected
2783bd25-ce1e-32c8-b11c-175d2ddb5149,Cobalt-58,Elementary flows/emission/water/fresh water body,2,not_assessed_method_not_selected
279a3403-112d-32b4-9aa0-24f2e08f019f,Chlorpropham,Elementary flows/emission/water,1,not_assessed_method_not_selected
27b840cc-1f41-3943-8ea8-6d68b44b7f81,Biological Oxygen Demand,Elementary flows/emission/water,47,not_assessed_method_not_selected
27bdec1a-0fc4-3bd6-a9e6-1af8597d13ad,Nickel,Elementary flows/emission/ground/human-dominated/industrial,3,not_assessed_method_not_selected
27daca79-4dc8-34e9-9355-3036ae9c2f55,Ruthenium-103,Elementary flows/emission/air,1,not_assessed_method_not_selected
27ed2481-643b-3a15-99fb-6046d9e6f8c9,"2-Phosphono-1,2,4-butanetricarboxylic acid",Elementary flows/emission/water,1,not_assessed_method_not_selected
285a1290-f024-3a67-821c-be8f58f41b6b,"1,2-Dichloroethane",Elementary flows/emission/air/troposphere/urban,5,not_assessed_method_not_selected
286cf043-0825-3e42-9c1b-267408824b2d,"2,4-D",Elementary flows/emission/air,1,not_assessed_method_not_selected
28c8bbdf-1a2b-3c96-baf8-d965df47c0c6,Hexachlorobenzene,Elementary flows/emission/air,7,not_assessed_method_not_selected
28e5f69f-7b2e-4e31-9725-d407b2964b3f,"Transformation, to agriculture",Ecosystem Services,2,not_assessed_method_not_selected
28f62930-142e-35d7-95ff-e07e377f6e00,Sodium,Elementary flows/emission/water/fresh water body,2,not_assessed_method_not_selected
28fab415-3723-3eb3-9831-4df3088e40ba,Pentachlorophenol,Elementary flows/emission/air/troposphere/rural,1,not_assessed_method_not_selected
28fca111-e184-303b-a3e7-fad98635c89d,Iodine-129,Elementary flows/emission/water/subterranean/fresh water body,1,not_assessed_method_not_selected
29062934-5eba-3003-930e-86cf420021d4,Adsorbable organic halides,Elementary flows/emission/water/saline water body,2,not_assessed_method_not_selected
290d9a3e-ae36-3c36-b755-8bbf90c17054,Iron,Elementary flows/resource/ground,4,not_assessed_method_not_selected
290f3103-7be5-3af3-a342-634902137bd6,"2,2-Dimethylbutane",Elementary flows/emission/air,2,not_assessed_method_not_selected
2918a30f-a836-3b22-9b74-f2bd519cbfab,Ethylbenzene,Elementary flows/emission/water/subterranean,1,not_assessed_method_not_selected
295a03e4-b2cb-31db-9aa2-37f72de6b066,Fluorine,Elementary flows/resource/ground/subterranean,2,not_assessed_method_not_selected
2961b64e-06ee-32d0-813c-81e17ae33b41,Antimony-124,Elementary flows/emission/water/fresh water body,2,not_assessed_method_not_selected
2973ed1d-cca1-3e32-b7cc-895153bf0ba2,Manganese,Elementary flows/emission/air/troposphere/rural,42,not_assessed_method_not_selected
2975273d-d4e8-3568-9433-a2ccedd0e769,Anthracene,Elementary flows/emission/water/fresh water body,2,not_assessed_method_not_selected
297a9650-621a-325a-97f3-073c469b7848,trans-2-Butene,Elementary flows/emission/air,2,not_assessed_method_not_selected
299354d4-a6a3-3b8a-8c44-0aa607cad9cf,Fenvalerate,Elementary flows/emission/air,2,not_assessed_method_not_selected
29d0b153-d7e0-3023-963a-e1cc8bf18d51,Polycyclic aromatic hydrocarbons,Elementary flows/emission/ground,1,not_assessed_method_not_selected
29dad7e3-3b2e-3d51-8c8d-bde67ca154ca,"1,1,2-Trichloroethane",Elementary flows/emission/water,1,not_assessed_method_not_selected
29ebed09-24fe-306a-9f7e-23dd4a4f9a64,Strontium,Elementary flows/emission/water/fresh water body/river,6,not_assessed_method_not_selected
2a09b616-e2e7-3281-9ad3-47f22c2f62e8,Napropamide,Elementary flows/emission/water,1,not_assessed_method_not_selected
2a38b77f-5e72-3a0e-b331-7ce360ac47a1,Trichloroethylene,Elementary flows/emission/air,12,not_assessed_method_not_selected
2a3a08d3-e0b8-3cc3-a907-815524f2b7ba,Cyclohexane,Elementary flows/emission/ground,1,not_assessed_method_not_selected
2a638a70-fb95-3f0e-a294-db220e77e814,Beryllium,Elementary flows/emission/air/troposphere/rural,2,not_assessed_method_not_selected
2a94631a-7ac6-3fe0-b2fb-bbc4d767d423,Manganese compounds,Elementary flows/emission/ground,1,not_assessed_method_not_selected
2abd757a-9e8f-3b20-94c0-2d991b675e36,Potassium,Elementary flows/emission/water/fresh water body,2,not_assessed_method_not_selected
2ae8f50e-97b7-33b5-b936-e1d199425695,Mercury,Elementary flows/emission/ground,3,not_assessed_method_not_selected
2b16d0b5-4713-3bb8-be5b-905382f0e8a8,Arsenic,Elementary flows/emission/air,75,not_assessed_method_not_selected
2b4bb267-4445-37a5-a505-b61d0daf2b3f,Zinc(II),Elementary flows/emission/water,8,not_assessed_method_not_selected
2b548673-879c-3885-afe9-2439ce6a47f1,"1,2,4-Trichlorobenzene",Elementary flows/emission/air,3,not_assessed_method_not_selected
2b5534b6-a087-39a4-b659-fb733801dd9a,Acenaphthene,Elementary flows/emission/water/subterranean/fresh water body,1,not_assessed_method_not_selected
2b61d376-c8c2-31ae-9c19-9b8b958c74dd,Iron,Elementary flows/emission/water,18,not_assessed_method_not_selected
2b85e99c-3567-3848-b5cf-3ef4b6767812,Hexamethylbenzene,Elementary flows/emission/water/fresh water body/river,1,not_assessed_method_not_selected
2b8613fe-c7db-355d-9754-baebbc92512f,Aluminum,Elementary flows/emission/water,15,not_assessed_method_not_selected
2b8f7ca4-ddaf-373a-9579-e6162037455c,Arsenic,Elementary flows/emission/ground/human-dominated/agricultural,2,not_assessed_method_not_selected
2bb1bc59-bb3f-310e-aa78-b13a7dad021c,Metazachlor,Elementary flows/emission/air,1,not_assessed_method_not_selected
2bb642bd-9511-3762-8734-e85c12b8948f,Estradiol,Elementary flows/emission/water/fresh water body,1,not_assessed_method_not_selected
2bb65786-7531-3dd0-aea9-7ff293715ea3,Polonium-210,Elementary flows/emission/water/fresh water body/river,2,not_assessed_method_not_selected
2be82b92-e9de-345a-b10d-ab77f2530807,Acetic acid,Elementary flows/emission/air/troposphere/rural,2,not_assessed_method_not_selected
2c00bb6c-4fb3-34ef-8054-a5259f7ff54e,Sulfentrazone,Elementary flows/emission/air/troposphere/rural,1,not_assessed_method_not_selected
2c06d858-76e8-3a2d-8153-090f7b92280b,Mecoprop,Elementary flows/emission/air,2,not_assessed_method_not_selected
2c23d7b3-f192-36a2-8e5d-6c1a3f9d59ae,Molybdenum,Elementary flows/emission/air/troposphere/urban,2,not_assessed_method_not_selected
2c24240f-cabb-3b3a-8fc7-44bb16a0e269,"Ethane, 1,2-dichloro-1-fluoro-",Elementary flows/emission/air/troposphere/high,1,not_assessed_method_not_selected
2c37e638-ece0-3a43-b4d8-74b521010d02,Cesium-134,Elementary flows/emission/water/saline water body/ocean,3,not_assessed_method_not_selected
2c54cf60-e588-3141-bbd7-59b1e1ab195b,Lead-210,Elementary flows/emission/water/subterranean/fresh water body,1,not_assessed_method_not_selected
2c5aef1c-7cf7-30ee-8a87-ba4682327767,Barium,Elementary flows/emission/air,15,not_assessed_method_not_selected
2c6649db-827a-3e60-877f-51ecbc4848ec,"1-(4-tert-butyl-2,6-dimethyl-3,5-dinitrophenyl)ethanone",Elementary flows/emission/ground,1,not_assessed_method_not_selected
2c6a4656-52d3-3fbf-9e1b-84a047d4c78c,Clay,Elementary flows/resource/ground,4,not_assessed_method_not_selected
2c983794-c51c-3889-8be9-e7b7acbbdf32,Propionic acid,Elementary flows/emission/air/troposphere/urban,6,not_assessed_method_not_selected
2c9c06a2-deb8-3178-a62c-a4700a5ca595,Methiocarb,Elementary flows/emission/air,1,not_assessed_method_not_selected
2ca5dc2d-ccbe-3e2c-a692-ccaca7af9686,Imidacloprid,Elementary flows/emission/ground,1,not_assessed_method_not_selected
2cdcb680-d296-31c5-9322-c000362c66e7,Radium-226,Elementary flows/emission/water/fresh water body,2,not_assessed_method_not_selected
2d0ce19a-7dcd-38e5-b3d8-bed42cff4aa2,Sulfite,Elementary flows/emission/water/fresh water body/river,6,not_assessed_method_not_selected
2d117fdd-370d-331c-b07c-b0172c4a10ef,Ammonia,Elementary flows/emission/water,24,not_assessed_method_not_selected
2d6ad8a3-2e52-39c0-ba55-d9ad379705cb,Propylene glycol,Elementary flows/emission/water,3,not_assessed_method_not_selected
2d6c2c2d-d3b1-31f2-834b-8d6b36ec85d7,Cerium-141,Elementary flows/emission/air/troposphere/rural,2,not_assessed_method_not_selected
2d7ce54f-4eb7-3310-8b37-a78f052e5de5,Dimethenamid,Elementary flows/emission/air,2,not_assessed_method_not_selected
2d8e739c-9364-34bd-871d-3fcbd081a024,Benzene,Elementary flows/emission/ground,1,not_assessed_method_not_selected
2da3e17c-4c2d-31e8-9b7d-964051d8a4d3,Coal,Elementary flows/resource/ground/subterranean,3,not_assessed_method_not_selected
2db075b9-9baa-3274-aa8b-1d7e0296a730,Phenol,Elementary flows/emission/ground,2,not_assessed_method_not_selected
2de31710-09a0-3368-8c2e-3a2e68fea006,Scandium,Elementary flows/emission/water/subterranean/fresh water body,1,not_assessed_method_not_selected
2de679f1-fced-3d34-b970-7fbee15c4d6c,Tin oxide,Elementary flows/emission/air,5,not_assessed_method_not_selected
2dfb5f8f-2a2e-33b3-9b88-a608d14acd9f,"(4R,4aR,7aR,12bS)-9-methoxy-3-methyl-1,2,4,4a,5,6,7a,13-octahydro-4,12-methanobenzofuro[3,2-e]isoquinolin-7-one",Elementary flows/emission/water/fresh water body,1,not_assessed_method_not_selected
2e160f77-8b5b-36e9-a57b-6b3a9ffe4670,Iridium,Elementary flows/resource/ground/subterranean,6,not_assessed_method_not_selected
2e1b0e71-eec1-3f93-bbd9-80a2f20615cf,m-Cresol,Elementary flows/emission/air,8,not_assessed_method_not_selected
2e3e37e5-3662-3cb5-8d6d-626337fe83cf,Tungsten,Elementary flows/emission/water,1,not_assessed_method_not_selected
2e40d2b0-30ad-3c0c-ba94-5172209277b9,Fluorine,Elementary flows/emission/air,4,not_assessed_method_not_selected
2e6af10c-ada7-3e44-9243-3fc7dd9f580d,"1,1,2-Trichloroethane",Elementary flows/emission/air,9,not_assessed_method_not_selected
2e84eb20-ab0d-341a-be01-f815da246810,Hydrochloric acid,Elementary flows/emission/air/troposphere/rural,3,not_assessed_method_not_selected
2ebc956d-9ad2-350b-838b-dbaffe81ac59,Cadmium,Elementary flows/emission/ground/human-dominated/industrial,3,not_assessed_method_not_selected
2ebf4772-2ec2-3e77-b569-46ac84f7534e,Atrazine,Elementary flows/emission/ground/human-dominated/agricultural,3,not_assessed_method_not_selected
2ec1a40a-433b-3c6a-817e-0227d93f3704,Phosphorus,Elementary flows/emission/air/troposphere/urban,2,not_assessed_method_not_selected
2ec635b8-7817-3db2-8b19-c54a8115369f,Sodium,Elementary flows/emission/water/saline water body/ocean,3,not_assessed_method_not_selected
2ecdb8a2-3b76-3c76-881b-97a274d542b5,"Ethane, 2-bromo-1,1-difluoro-",Elementary flows/emission/air/troposphere/high,1,not_assessed_method_not_selected
2eec88e9-8dd5-3b4b-a7b4-60a376ece76b,Benzene,Elementary flows/emission/water/saline water body/ocean,8,not_assessed_method_not_selected
2efb3ae8-da16-37af-b8aa-621b50787f67,Ethanolamine,Elementary flows/emission/air,3,not_assessed_method_not_selected
2f07aa48-036a-3b4c-9449-83c03d200a2e,"Energy, heat",Elementary flows/emission/air/troposphere/urban,1,not_assessed_method_not_selected
2f1ba44b-e661-3677-81dd-ff0086adf2fe,Total Organic Carbon,Elementary flows/emission/air,12,not_assessed_method_not_selected
2f2ad6e9-8c20-364d-85cc-7e4411fc5971,Beryllium,Elementary flows/emission/water/saline water body/ocean,6,not_assessed_method_not_selected
2f2c2507-df7f-3219-a3cb-c5dcfac7cba4,Zinc-65,Elementary flows/emission/water,1,not_assessed_method_not_selected
2f4cf059-0325-301e-8c88-91a8dc981722,Polycyclic aromatic hydrocarbons,Elementary flows/emission/air/troposphere/rural,1,not_assessed_method_not_selected
2f965352-db2d-3841-901a-154620407d7f,Iodide,Elementary flows/emission/air,1,not_assessed_method_not_selected
2fcab589-5082-352f-a334-dca1b13f4c23,"Benzeneacetic acid, .alpha.-methyl-4-(2-methylpropyl)-",Elementary flows/emission/ground,1,not_assessed_method_not_selected
2fcb094f-eac0-30cc-89bd-61f9bfb5611e,Xenon-137,Elementary flows/emission/air/troposphere/rural,6,not_assessed_method_not_selected
2fd5c003-8899-3ca9-8a6b-36460dfea0d1,Formic acid,Elementary flows/emission/air/troposphere/rural,2,not_assessed_method_not_selected
2fdec2ef-fd46-3616-a52a-e69b9e447a06,Acetic acid,Elementary flows/emission/water/subterranean/fresh water body,1,not_assessed_method_not_selected
302920d1-c74b-3ff7-98e6-0cbbdd8431f2,Strontium,Elementary flows/emission/air,3,not_assessed_method_not_selected
3033c5d7-7f5e-3b5a-b85a-162b4e3c6ab0,Cobalt,Elementary flows/emission/water/subterranean,2,not_assessed_method_not_selected
3039078d-dda5-3b34-9031-d3c491421611,Tin,Elementary flows/resource/ground/subterranean,9,not_assessed_method_not_selected
305c6b2d-5613-3663-b24f-18a7ac75e43c,Prosulfocarb,Elementary flows/emission/ground,1,not_assessed_method_not_selected
30668760-12db-3f6c-bb87-924e9a782e3e,Prosulfocarb,Elementary flows/emission/air,1,not_assessed_method_not_selected
3070462d-cbcc-374f-8aef-a477a80e82dd,Toluene,Elementary flows/emission/water/saline water body/ocean,8,not_assessed_method_not_selected
3080323a-08ec-39b6-9c46-de8ea3f02a66,Sodium formate,Elementary flows/emission/water/fresh water body/river,2,not_assessed_method_not_selected
3081c013-5a24-3fc7-a0c6-65f9e56f424f,2-Methyl-1-butene,Elementary flows/emission/air,2,not_assessed_method_not_selected
308771e9-b818-3664-b62c-1169270e6c40,Silver,Elementary flows/emission/air/troposphere/rural,6,not_assessed_method_not_selected
3091fdc1-2974-3287-918d-cdbc74bcbfdb,Thorium-228,Elementary flows/emission/air,4,not_assessed_method_not_selected
30a189e8-c3c0-3560-9e7c-4fd3c1b98d34,Nitrobenzene,Elementary flows/emission/air,2,not_assessed_method_not_selected
30be6ad3-0af0-32bd-a83d-b040d9790aa7,Molybdenum trioxide,Elementary flows/emission/air,2,not_assessed_method_not_selected
30d318c7-a745-3287-b076-d41085339692,Acetonitrile,Elementary flows/emission/air/troposphere/rural,2,not_assessed_method_not_selected
30f8d7d6-9da9-3751-b334-b0f0e6fc61e1,Acrolein,Elementary flows/emission/air/troposphere/rural,46,not_assessed_method_not_selected
31382b0e-f4f8-3b63-b0dc-3f72ccb22b88,"1,2-Dichloropropane",Elementary flows/emission/water/subterranean,1,not_assessed_method_not_selected
3148eb77-a917-3905-be31-b88c50bda58a,Titanium,Elementary flows/emission/water/fresh water body/river,2,not_assessed_method_not_selected
314b8e09-145e-38d1-b3f3-c2bc98a315ef,Xylene,Elementary flows/emission/water/saline water body/ocean,8,not_assessed_method_not_selected
314e4cef-5385-3262-bdb6-a756c7817579,Aluminum,Elementary flows/emission/air,17,not_assessed_method_not_selected
315b1018-b914-3b81-b00a-5c7f4bf93665,non used primary energy from water power,Elementary flows/emission/non-FEDEFL/water,4,not_assessed_method_not_selected
316e6d6e-56c2-3ec6-be5e-11d1fbf089b9,Copper,Elementary flows/emission/water/fresh water body/river,1,not_assessed_method_not_selected
3179a52d-ca96-3c13-bf99-91e407e1b9e0,Iron,Elementary flows/emission/air/troposphere/rural,2,not_assessed_method_not_selected
31844c41-8e58-30ee-9de8-2479a293197f,Krypton-85,Elementary flows/emission/air/troposphere/rural,6,not_assessed_method_not_selected
318f764f-7918-3b9a-a3d1-757939105f42,Hydrogen peroxide,Elementary flows/emission/water/fresh water body/river,6,not_assessed_method_not_selected
31cb3aa3-1962-3e0e-82c3-4a5ef3886f8d,Nitrogen trifluoride,Elementary flows/emission/air/troposphere/urban,4,not_assessed_method_not_selected
31d47305-ae02-3929-8998-463bf1803af6,Pentachlorophenol,Elementary flows/emission/water,4,not_assessed_method_not_selected
31df6eb9-4ba2-38e4-a329-59e58c06a60f,m-Xylene,Elementary flows/emission/ground,1,not_assessed_method_not_selected
31f3c3a7-18e3-36c7-9ae0-39f2315573b3,Tetrachloroethylene,Elementary flows/emission/air/troposphere/urban,5,not_assessed_method_not_selected
32149700-69a1-393f-9ab7-f2724936c22c,Antimony-125,Elementary flows/emission/air,1,not_assessed_method_not_selected
32198bf0-da59-39ad-87cb-fe396e9b7664,Nickel(II),Elementary flows/emission/ground,1,not_assessed_method_not_selected
321a456d-677f-336b-90f8-f49701ddb711,Carbon dioxide,Elementary flows/emission/air/stratosphere,2,not_assessed_method_not_selected
323c1b3d-3c71-335c-850d-f5b1e60bf492,Bromate,Elementary flows/emission/water/subterranean/fresh water body,1,not_assessed_method_not_selected
3282f269-b5da-3248-8888-c53bdbbea586,Isopropanol,Elementary flows/emission/water,2,not_assessed_method_not_selected
32cfb0ec-1634-3b16-83e7-0a010500daf2,Silicon,Elementary flows/emission/air/troposphere/urban,2,not_assessed_method_not_selected
32f40e39-7f70-3d64-b878-efd3a641dd11,"Particulate matter, ≤ 10μm",Elementary flows/emission/water,1,not_assessed_method_not_selected
3308807a-b709-33c9-93b1-23ebecfcdd81,Zinc(II),Elementary flows/emission/water/subterranean,2,not_assessed_method_not_selected
330ef05c-4388-3069-ac4b-4440d610b8cf,Potassium,Elementary flows/emission/ground/human-dominated/agricultural,4,not_assessed_method_not_selected
3318ffd7-0baf-3055-b4d5-3e395c51080c,Benz[a]acridine,Elementary flows/emission/air,2,not_assessed_method_not_selected
3321530d-cdb5-34f0-ba60-1419076433a8,"1,2,3,7,8,9-Hexachlorodibenzo-p-dioxin",Elementary flows/emission/water,2,not_assessed_method_not_selected
332c4a50-c9c2-3987-a4e9-e633c3955f53,Napropamide,Elementary flows/emission/ground,1,not_assessed_method_not_selected
3349b083-3e67-3533-8b77-ffb62f9f22d4,"Total oil and grease, less total petroleum hydrocarbons (TPH)",Elementary flows/emission/water,7,not_assessed_method_not_selected
33572dab-46b2-3cdb-9b48-2bd4b9fafabf,Hydrochloric acid,Elementary flows/emission/water/fresh water body,2,not_assessed_method_not_selected
335ce2b4-7b49-3aad-90fc-40811cfbeb17,Cobalt-58,Elementary flows/emission/water,1,not_assessed_method_not_selected
3378c02d-6828-36dc-a9fe-9948b59a8bd6,Ethylene,Elementary flows/emission/air,14,not_assessed_method_not_selected
338e8fd2-6185-3138-ad9c-2ae556f01faf,Propylamine,Elementary flows/emission/air/troposphere/urban,1,not_assessed_method_not_selected
3392e8dd-b357-3ba8-9478-dd8d441d6d77,Iodide,Elementary flows/emission/water/subterranean/fresh water body,1,not_assessed_method_not_selected
3393dc01-cc13-3864-bae8-e30c6c2d1e50,Acetic acid,Elementary flows/emission/ground/human-dominated/industrial,2,not_assessed_method_not_selected
339d101d-a0bf-3cc2-b280-a915d622397f,Toluene diisocyanate,Elementary flows/emission/air/troposphere/high,1,not_assessed_method_not_selected
33abe65e-f53b-360f-98c5-8ecd838f8119,Sulfuric acid,Elementary flows/emission/air/troposphere/urban,6,not_assessed_method_not_selected
33c91bf2-cbb4-3bd3-a708-ce9ce4985f95,"Noble gases, radioactive, unspecified",Elementary flows/emission/air,1,not_assessed_method_not_selected
33cdbdee-33d3-32ec-9295-fe9301b0e6c4,Cyfluthrin,Elementary flows/emission/ground/human-dominated/agricultural,1,not_assessed_method_not_selected
33ed1707-1b4d-31d4-b89e-75c5663af437,Chlorine,Elementary flows/emission/air/stratosphere,1,not_assessed_method_not_selected
33ef7f92-3412-3640-94aa-034580f6485a,Trifluralin,Elementary flows/emission/water,4,not_assessed_method_not_selected
33f946f7-e353-339e-98a7-79e7d50780a9,Methanesulfonic acid,Elementary flows/emission/air/troposphere/urban,1,not_assessed_method_not_selected
3406549e-cf97-3fec-b0bb-07506f38dfc4,Ethylene,Elementary flows/emission/water,4,not_assessed_method_not_selected
34326fe9-f82b-30d3-8be6-5bbc0ad8ec93,Hydrocarbons,Elementary flows/emission/ground/human-dominated/agricultural,2,not_assessed_method_not_selected
346f49b9-598c-3f47-96c8-b47ccdb5a01f,Docosane,Elementary flows/emission/water,4,not_assessed_method_not_selected
347eca0e-b435-30d0-8e8c-02dd23cb9694,Titanium,Elementary flows/resource/ground,2,not_assessed_method_not_selected
349dc12e-6558-30fe-9a60-96e2e3d76a6b,Lactofen,Elementary flows/emission/water,1,not_assessed_method_not_selected
34b07e52-3833-3665-aeec-01aed3f78362,Acenaphthylene,Elementary flows/emission/air,60,not_assessed_method_not_selected
34b0a17b-c9a3-3753-838a-5c34aa1503cc,Cadmium,Elementary flows/emission/air/stratosphere,2,not_assessed_method_not_selected
34b8b1ec-4e89-34eb-970d-dd9d10093ff6,Phosphine,Elementary flows/emission/air/troposphere/urban,6,not_assessed_method_not_selected
34d5e88a-73e4-3f0a-abb5-25e5de6f266c,Total suspended solids,Elementary flows/emission/water/fresh water body/river,1,not_assessed_method_not_selected
34d7f066-c723-3623-a11b-e9b6d4cd5b75,Nitrogen oxides,Elementary flows/emission/air/stratosphere,1,not_assessed_method_not_selected
34e1e857-bb04-35df-8c9a-b88b2475a839,Carbaryl,Elementary flows/emission/ground/human-dominated/agricultural,1,not_assessed_method_not_selected
34e3e9d7-a951-3525-a73b-cfb3f74dbe97,Carbon black,Elementary flows/emission/air,18,not_assessed_method_not_selected
3507e4c2-de9c-3571-b0e7-4b601cd29b7c,Iodine-131,Elementary flows/emission/water/fresh water body,2,not_assessed_method_not_selected
350e4f9b-bf82-3569-b54c-5b66cc90871b,Ethylene oxide,Elementary flows/emission/air/troposphere/rural,2,not_assessed_method_not_selected
35286201-02ba-373e-92da-796dc9207f86,Sodium,Elementary flows/emission/water/fresh water body/river,1,not_assessed_method_not_selected
353e6910-49e1-37f0-9714-be46e80c66b7,Benzene,Elementary flows/emission/air/troposphere/rural,42,not_assessed_method_not_selected
35962866-662b-3817-a2a7-39375c7e6a3c,"Energy, wind",Elementary flows/resource/air,10,not_assessed_method_not_selected
359735dd-53cf-3228-8f84-1678a49d40d2,Mancozeb,Elementary flows/emission/air,5,not_assessed_method_not_selected
359ac149-4a08-3c9c-86d1-ba5478123202,"Particulate matter, > 2.5μm and ≤ 10μm",Elementary flows/emission/air/troposphere/urban,2,not_assessed_method_not_selected
35b088a2-efbe-315d-8805-5013cd27dfe8,Cresol,Elementary flows/emission/water/subterranean/fresh water body,1,not_assessed_method_not_selected
35b3842d-4a7b-305b-afe8-b908715b39d6,Dibutyl phthalate,Elementary flows/emission/air,2,not_assessed_method_not_selected
35b5c1c9-2910-3597-9c29-835fe31bc726,Kerosene,Elementary flows/emission/air,4,not_assessed_method_not_selected
35bc092a-c8e0-36d2-b0f5-4bbfd7eae698,Radium-224,Elementary flows/emission/water/fresh water body/river,6,not_assessed_method_not_selected
35c9baec-c615-3b55-aa93-44dfef76ff9c,1-Butene,Elementary flows/emission/water,1,not_assessed_method_not_selected
35caf035-7ab7-323c-abfd-38c5682f6856,Strontium-90,Elementary flows/emission/water,1,not_assessed_method_not_selected
35fcfbb9-8a7c-3bd2-81ec-fcd5f3fdc02c,Acrylonitrile,Elementary flows/emission/water/fresh water body,2,not_assessed_method_not_selected
3600a034-449c-3066-9960-6a13903c310d,Di(2-ethylhexyl) phthalate,Elementary flows/emission/air,6,not_assessed_method_not_selected
360d70c9-e61c-3a37-b388-9f8e6e653ddd,Sulfate,Elementary flows/emission/air/troposphere/rural,2,not_assessed_method_not_selected
361aea3f-0164-34f9-8a84-a13c67f29a1e,Cobalt-60,Elementary flows/emission/air,3,not_assessed_method_not_selected
36461f75-8fd6-3d69-9ef7-f52f3a13641e,Acenaphthylene,Elementary flows/emission/water,2,not_assessed_method_not_selected
366db8ca-5a41-354b-9847-179eb2759073,"1,2,3,4,6,7,8-Heptachlorodibenzofuran",Elementary flows/emission/air,1,not_assessed_method_not_selected
3675e6f7-8453-3486-a889-a30ff2ef9bcd,Polycyclic aromatic hydrocarbons,Elementary flows/emission/water,2,not_assessed_method_not_selected
36a4d41e-c0c7-3143-8db5-5b33c04a6267,Clomazone,Elementary flows/emission/water,1,not_assessed_method_not_selected
36a55caf-a4c5-3e90-9e76-b6757a56cb2a,Bis(2-chloroethyl) ether,Elementary flows/emission/air,5,not_assessed_method_not_selected
36b97ca4-0a84-35ec-b337-b562aaf1dd06,Beryllium,Elementary flows/emission/air/stratosphere,1,not_assessed_method_not_selected
36bd817c-b57c-31d2-8a08-18945cc2596a,Chlorothalonil,Elementary flows/emission/water,1,not_assessed_method_not_selected
36db3c7d-7e90-3b40-a912-3dc3ac1ec99f,Acetamide,Elementary flows/emission/water,1,not_assessed_method_not_selected
37037bee-9867-3769-999c-c4d891b9975b,Cyanide,Elementary flows/emission/air,10,not_assessed_method_not_selected
3711411e-bda8-3b2a-9317-b1ad17d2e12c,Methyl acetate,Elementary flows/emission/air,1,not_assessed_method_not_selected
37148fe7-836c-3084-870a-5e801e219afd,Xylene,Elementary flows/emission/water/subterranean/fresh water body,1,not_assessed_method_not_selected
371dd7d6-178e-37c8-a648-b69256b742e8,o-Xylene,Elementary flows/emission/water,6,not_assessed_method_not_selected
37368790-7079-3fac-a735-2fc91d50e3c0,Acetaldehyde,Elementary flows/emission/ground,1,not_assessed_method_not_selected
376cbb78-eb15-3275-a330-131bce7b3434,Lanthanum-140,Elementary flows/emission/water,1,not_assessed_method_not_selected
376fe37a-f48d-35a1-9524-e439610cb6fb,Ammonia,Elementary flows/emission/water/subterranean/fresh water body,1,not_assessed_method_not_selected
37749376-d759-3afe-b5eb-ccc6b8ec1868,Hexachlorocyclopentadiene,Elementary flows/emission/air,1,not_assessed_method_not_selected
378f29e0-5eee-34dc-bda0-36fa2372aca8,Antimony,Elementary flows/emission/ground/human-dominated/agricultural,2,not_assessed_method_not_selected
37a91845-a4d0-3d1d-a6c6-8cc4553611f9,Iodine,Elementary flows/emission/air/troposphere/urban,1,not_assessed_method_not_selected
37ea99ef-1be1-38e3-b5f4-8bbe233b6843,"1,2,4-Trimethylbenzene",Elementary flows/emission/air,2,not_assessed_method_not_selected
3831c7d8-e159-3174-82a3-44907650d19a,Ruthenium-106,Elementary flows/emission/water/saline water body/ocean,3,not_assessed_method_not_selected
3893eac6-e66e-328f-ac28-6e7b537027cf,Silver,Elementary flows/emission/air/troposphere/urban,2,not_assessed_method_not_selected
38ae373e-2464-301a-b381-69d988180719,Acrylonitrile,Elementary flows/emission/water/fresh water body/river,1,not_assessed_method_not_selected
38b7760e-42fa-3d33-b91c-67d348d99097,Magnesium,Elementary flows/emission/air,14,not_assessed_method_not_selected
38bae87e-e21c-381b-9393-efc594ea155a,Acephate,Elementary flows/emission/air/troposphere/rural,1,not_assessed_method_not_selected
38c1bf59-89a1-35c4-a607-40f713238605,Butane,Elementary flows/emission/air/troposphere/rural,2,not_assessed_method_not_selected
38c25265-acd4-3957-9e79-ed67efbfc2d6,Permethrin,Elementary flows/emission/water,1,not_assessed_method_not_selected
38e6de4b-2538-3155-804a-682de5f497f0,Chromium(VI),Elementary flows/emission/water/subterranean/fresh water body,1,not_assessed_method_not_selected
3909fd65-8c43-392e-9e7a-afe70bdbeb82,Propane,Elementary flows/emission/air/troposphere/urban,2,not_assessed_method_not_selected
39587969-515b-3599-a403-78c461a936eb,"Oils, unspecified",Elementary flows/emission/non-FEDEFL/water,27,not_assessed_method_not_selected
39596c10-bdd2-34d4-a634-775fe8195425,Chemical Oxygen Demand,Elementary flows/emission/water/fresh water body,2,not_assessed_method_not_selected
3967526f-a8d4-373d-a771-d6b15194e99e,Acenaphthene,Elementary flows/emission/water,6,not_assessed_method_not_selected
396d55c9-4676-3a15-a9a4-b9f91ad2d504,Nitrate compounds,Elementary flows/emission/water,4,not_assessed_method_not_selected
3979e8e0-d833-3254-965a-31489ff3738d,Propionic acid,Elementary flows/emission/water/fresh water body/river,1,not_assessed_method_not_selected
39957353-ec06-3aca-8f9b-b2d10a8fc0e4,Acetic acid,Elementary flows/emission/water/fresh water body/river,6,not_assessed_method_not_selected
39a07dad-33e8-3644-b6a5-2054c3d53fa9,Coal,Elementary flows/resource/ground,1,not_assessed_method_not_selected
3a10ad4e-2c19-3be8-b199-249d7020bba1,"Water, fresh",Elementary flows/resource/water/fresh water body,3,not_assessed_method_not_selected
3a17ea66-85b2-3d3b-a1fb-5d58f274890c,N-Nitrosodimethylamine,Elementary flows/emission/air,2,not_assessed_method_not_selected
3a1aa0d4-0faf-318d-8e92-0b0817460c94,Nitrate,Elementary flows/emission/water/subterranean,4,not_assessed_method_not_selected
3a2d87cd-f82a-3f95-a045-66c6499d91a1,Carboxylic acids,Elementary flows/emission/water/saline water body/ocean,1,not_assessed_method_not_selected
3a32e0ec-3b96-3bd2-9630-0ae610a4838b,Cesium,Elementary flows/emission/water,1,not_assessed_method_not_selected
3a39da3d-742e-3941-9bfa-545bb4f1d47e,Vanadium(III),Elementary flows/emission/water/saline water body/ocean,5,not_assessed_method_not_selected
3a41e87c-065d-3ab8-bc14-73ff717163c6,p-Xylene,Elementary flows/emission/air,4,not_assessed_method_not_selected
3a469fc2-248d-37cd-91b4-b3899ab363ae,"Paraffin, C10",Elementary flows/emission/air,1,not_assessed_method_not_selected
3a8fb64d-8e5d-3460-a446-b69ad72ba73b,Propylene,Elementary flows/emission/air/troposphere/urban,2,not_assessed_method_not_selected
3a976857-86a0-3cdf-a41e-b1dfa9c17085,Arsenic,Elementary flows/emission/water/fresh water body,2,not_assessed_method_not_selected
3a97c833-0fa7-31a4-a30c-6ca764403a6e,"Energy, heat",Elementary flows/emission/air,9,not_assessed_method_not_selected
3b2388d6-97e2-3c54-b659-be06bc08fe44,Chrysene,Elementary flows/emission/water/subterranean/fresh water body,1,not_assessed_method_not_selected
3b4cac7c-f1dd-3f60-9232-e7d2814d3c89,Cesium-136,Elementary flows/emission/water,1,not_assessed_method_not_selected
3b5d9ccd-0ce5-37ca-8865-c0e1863b405d,Nitrate,Elementary flows/emission/water,4,not_assessed_method_not_selected
3b5f295c-4e19-3b24-9862-1503dd2a15f5,Propylene,Elementary flows/emission/ground,1,not_assessed_method_not_selected
3b66fd84-6bf2-3a57-bd4c-f779d71fee69,Cyanide,Elementary flows/emission/water,18,not_assessed_method_not_selected
3b6e631a-863f-39f6-8c06-4c2da3430d8a,Formic acid,Elementary flows/emission/air/troposphere/urban,2,not_assessed_method_not_selected
3b7209a0-e9df-3308-a096-0ee2a8712dfe,Nickel(II),Elementary flows/emission/air,9,not_assessed_method_not_selected
3b981d82-2f3d-3ac0-89b5-5e38b91ef0f3,"2,2,4-Trimethylpentane",Elementary flows/emission/air,45,not_assessed_method_not_selected
3b9ac768-f00a-3052-b8fe-d290fd3b60fc,"Naphthalenes, C3",Elementary flows/emission/air,1,not_assessed_method_not_selected
3bb2b6ba-86d8-309e-90fe-5e5d144ffa6a,Cyanide compounds,Elementary flows/emission/ground,1,not_assessed_method_not_selected
3bc71f39-5e48-399c-a930-c113e7aa04b1,"2,3,7,8-Tetrachlorodibenzo-p-dioxin",Elementary flows/emission/air/troposphere/high,1,not_assessed_method_not_selected
3bd91acc-0632-32a4-a9a0-15b630132f2f,Acifluorfen,Elementary flows/emission/air/troposphere/rural,1,not_assessed_method_not_selected
3be0dd40-c84a-3a84-b2c2-eca8ddec946f,Formamide,Elementary flows/emission/water/fresh water body/river,1,not_assessed_method_not_selected
3bf6bb55-a2d2-36a1-988c-3caf0d73baf9,Polycyclic aromatic hydrocarbons,Elementary flows/emission/air,20,not_assessed_method_not_selected
3c12ea56-b2b0-3fb0-9214-46dc9af0ff0b,Oxygen,Elementary flows/resource/air,14,not_assessed_method_not_selected
3c29f66a-2dd8-3f9b-a05c-c8cb3d93f0f1,HFC-143a,Elementary flows/emission/air,2,not_assessed_method_not_selected
3c4c9fc3-0410-3718-9dd2-aebd8c5fde99,Oxamyl,Elementary flows/emission/air,1,not_assessed_method_not_selected
3c7642ce-5395-34a2-8e46-d138d71c9931,Sulfate,Elementary flows/emission/air/stratosphere,1,not_assessed_method_not_selected
3c817988-581c-39d4-9117-1bf39c2ba78c,Uranium-235,Elementary flows/emission/water,1,not_assessed_method_not_selected
3c927373-dc8b-342c-be7c-286cbeb2002d,Silver,Elementary flows/emission/water/subterranean,1,not_assessed_method_not_selected
3c9dfbbf-631c-3f8e-aa84-3049d4c6aed1,Butyl benzyl phthalate,Elementary flows/emission/water/fresh water body,1,not_assessed_method_not_selected
3cd4c415-aadc-3011-be13-8bd4c570951d,Molybdenum trioxide,Elementary flows/emission/ground,1,not_assessed_method_not_selected
3cd788df-a6b5-3649-8df1-9e86614c69a3,Chromium-51,Elementary flows/emission/air/troposphere/rural,2,not_assessed_method_not_selected
3d024528-9d4a-3917-a39e-a3e8dfb3f991,Carbon,Elementary flows/emission/water/fresh water body,2,not_assessed_method_not_selected
3d0931ce-f5d6-3659-8ba0-60c97027c7f6,Ethylene oxide,Elementary flows/emission/water/fresh water body/river,2,not_assessed_method_not_selected
3d1f6017-e8ab-33b4-bf1b-76a0ea8769b0,Bauxite,Elementary flows/resource/ground/subterranean,7,not_assessed_method_not_selected
3d2687c2-4203-3421-bcc9-4e25a3f7aaf8,Benzo[k]fluoranthene,Elementary flows/emission/air/troposphere/rural,40,not_assessed_method_not_selected
3d2d5664-03db-323d-bedb-c8678236c47c,Cumene,Elementary flows/emission/water/fresh water body/river,2,not_assessed_method_not_selected
3d46ea31-0658-30f8-aa42-2625e53e8eeb,Glyphosate,Elementary flows/emission/ground,1,not_assessed_method_not_selected
3d558588-1b21-320f-b384-5d25c8a87bf4,Acid compounds,Elementary flows/emission/water,4,not_assessed_method_not_selected
3d6b952b-708a-330f-8292-db28fd1afcd0,Iodine,Elementary flows/emission/air/troposphere/rural,1,not_assessed_method_not_selected
3d6ea24a-5e55-3c13-87d5-b65b021c8cf7,Chromate,Elementary flows/emission/water,1,not_assessed_method_not_selected
3d72205d-a727-3464-bbae-6c449dc928f9,"(3R,5R)-7-[2-(4-fluorophenyl)-4-[(4-hydroxyphenyl)carbamoyl]-3-phenyl-5-propan-2-ylpyrrol-1-yl]-3,5-dihydroxyheptanoic acid",Elementary flows/emission/water/fresh water body,1,not_assessed_method_not_selected
3de26185-5e91-31a3-8e73-000e65bcd3bf,trans-2-Pentene,Elementary flows/emission/air,2,not_assessed_method_not_selected
3dfb63fd-2045-3c48-8fec-b2aaea687b41,Mancozeb,Elementary flows/emission/water/fresh water body,2,not_assessed_method_not_selected
3e031fbc-e13a-3bbc-b5f7-1e31a9159bd0,Titanium,Elementary flows/emission/air/troposphere/urban,2,not_assessed_method_not_selected
3e2b86a4-6dc7-3bdd-9be9-a66246680940,Magnesium,Elementary flows/emission/water/saline water body/ocean,8,not_assessed_method_not_selected
3e37e953-98bb-3428-a634-2464ce13bd84,Sodium(I),Elementary flows/emission/water/saline water body/ocean,5,not_assessed_method_not_selected
3e6bb656-ac20-3df0-8087-e76437e2daf5,Radionuclides,Elementary flows/emission/water/fresh water body,2,not_assessed_method_not_selected
3e75730b-5d6d-3dc1-8911-c7fdfe0e5190,"1,2-Dichloropropane",Elementary flows/emission/air,6,not_assessed_method_not_selected
3e771661-38c3-332b-b4cb-8e2421b045ce,Chloromethane,Elementary flows/emission/air,19,not_assessed_method_not_selected
3e9e5cb3-0f07-3618-ac5c-5d89626970b1,Chromium compounds,Elementary flows/emission/ground,1,not_assessed_method_not_selected
3eaedc6b-b016-30dc-83ed-6dbcdd67fcb1,Tritium,Elementary flows/emission/air/troposphere/rural,1,not_assessed_method_not_selected
3ec2e4c2-e0cc-34c3-a5a9-8f8c1aef3dcc,Lead-210,Elementary flows/emission/water/subterranean,1,not_assessed_method_not_selected
3ec75398-000e-36c6-aa51-bed23a79beba,Dibromomethane,Elementary flows/emission/ground,1,not_assessed_method_not_selected
3eca9988-2e2e-3c65-8628-f129ba160c26,Barium,Elementary flows/emission/ground/human-dominated/agricultural,2,not_assessed_method_not_selected
3ef558de-6c03-3666-bfde-630bad957940,Decane,Elementary flows/emission/ground/human-dominated/industrial,1,not_assessed_method_not_selected
3efad51e-9c16-38ed-ac61-1c75af400df4,"1,2,3,7,8,9-Hexachlorodibenzofuran",Elementary flows/emission/air,2,not_assessed_method_not_selected
3f0a4225-59e0-30a2-937a-c85f675e7376,Biological Oxygen Demand,Elementary flows/emission/water/saline water body,2,not_assessed_method_not_selected
3f64bacb-a632-32a9-b8fe-2e7c4f149a01,Zinc,Elementary flows/emission/air/stratosphere,2,not_assessed_method_not_selected
3f72fe9c-b003-38ee-b8d2-13a84f60506c,Toluene,Elementary flows/emission/air,73,not_assessed_method_not_selected
3f7a2b08-4893-3c84-8476-699f1c16d67b,Sodium dichromate,Elementary flows/emission/air/troposphere/urban,2,not_assessed_method_not_selected
3f8a34ba-763d-3596-84fc-736361389987,Acetaldehyde,Elementary flows/emission/water,2,not_assessed_method_not_selected
3faa5742-b350-3b07-802d-2fb6fce60080,Propamocarb,Elementary flows/emission/air,1,not_assessed_method_not_selected
3fabe8db-c3b5-3701-823e-a3ff0b245710,Arsenic(V),Elementary flows/emission/air,12,not_assessed_method_not_selected
3fb21335-87be-3726-b31a-8fc9e98ad9cc,Carbon monoxide,Elementary flows/emission/air/troposphere/rural,45,not_assessed_method_not_selected
3fc8d591-5037-3b0c-88cc-8ef707f89f84,"Pentane, 2,3,3-trimethyl-",Elementary flows/emission/air,1,not_assessed_method_not_selected
3fd750fd-d560-3759-9f07-d4f6c62a3295,Fluazifop-P-butyl,Elementary flows/emission/water,1,not_assessed_method_not_selected
3ff2eb79-f080-3e5b-af73-35b6e09cf405,Cobalt,Elementary flows/emission/air/troposphere/urban,2,not_assessed_method_not_selected
4008b76b-c045-3b8b-98b9-eb4241959b7d,Hi-Sol 10,Elementary flows/emission/air,1,not_assessed_method_not_selected
400c0e89-b3c3-3fb3-b894-25d94848c226,Methyl formate,Elementary flows/emission/water/fresh water body/river,2,not_assessed_method_not_selected
400d5dc2-d792-397b-836d-e9f00557fccd,Sulfite,Elementary flows/emission/water/subterranean/fresh water body,1,not_assessed_method_not_selected
4015a137-4191-36fe-ab17-c4058c8243ee,Chlorine,Elementary flows/emission/ground/human-dominated/agricultural,2,not_assessed_method_not_selected
40199e40-ef99-3273-969c-c44131c0e714,Acid compounds,Elementary flows/emission/ground,1,not_assessed_method_not_selected
4020c94c-829f-3e41-be2b-69255638d06b,Silicate group,Elementary flows/emission/water,5,not_assessed_method_not_selected
4045c079-d5a7-381a-aaa3-1ed87cd38e92,Shale,Elementary flows/resource/ground,3,not_assessed_method_not_selected
4058f173-6364-3924-b794-e821cc1ab514,Acrylic acid,Elementary flows/emission/air/troposphere/urban,2,not_assessed_method_not_selected
4066c63c-8ae1-3458-9ba0-8138d4923e36,"Raw material, unspecified",Elementary flows/resource/non-FEDEFL/ground,1,not_assessed_method_not_selected
40909f94-a484-353e-9a4b-4ec6a1fb966f,Sulfur,Elementary flows/emission/water,6,not_assessed_method_not_selected
409f63a7-3591-31cf-9645-1812decf3209,Chromium-51,Elementary flows/emission/air,1,not_assessed_method_not_selected
40a7bc05-dd9d-3468-99f1-017faf0bc3a8,Dimethylnitramine,Elementary flows/emission/air,1,not_assessed_method_not_selected
40b12949-6017-36ca-84c2-902ac98821af,Chloride,Elementary flows/emission/water/fresh water body/river,2,not_assessed_method_not_selected
40ba4085-36b8-3564-8552-5d3bd6186f93,Fluoride,Elementary flows/emission/air,17,not_assessed_method_not_selected
40c5025c-0623-3738-9f08-a986984a5944,Ruthenium-106,Elementary flows/emission/water/fresh water body,2,not_assessed_method_not_selected
40d12c27-b777-3c58-9492-094c352bfd99,Organic compounds,Elementary flows/emission/water,9,not_assessed_method_not_selected
40d83ed3-89c2-3cd4-9c37-7344e902b91c,Benz[a]anthracene,Elementary flows/emission/water/subterranean/fresh water body,1,not_assessed_method_not_selected
40fc9a0c-f101-3840-96b5-8919b3dc2e79,Phosphorus,Elementary flows/emission/water/fresh water body,2,not_assessed_method_not_selected
4101bcb5-e91c-3a66-88d6-8fad59847cfe,Tin,Elementary flows/emission/water/saline water body/ocean,5,not_assessed_method_not_selected
4108df03-e1fe-3aa7-bb28-f13eaa2d0205,Cerium,Elementary flows/resource/ground/subterranean,3,not_assessed_method_not_selected
41178aa8-43c7-3330-9a21-12f79845c4fd,Ethofumesate,Elementary flows/emission/ground,1,not_assessed_method_not_selected
4146ed20-c94c-32ef-bfe6-0d12db7d61f7,Folpet,Elementary flows/emission/water,1,not_assessed_method_not_selected
41520962-0f73-3a5a-a396-c1c2d52bb55f,Ethylene glycol,Elementary flows/emission/water,7,not_assessed_method_not_selected
4166022a-2e21-3ec2-836c-e8b95bdc5124,Silica,Elementary flows/emission/water/fresh water body,2,not_assessed_method_not_selected
416a0bcf-20f0-35fa-a724-7cd33003f6cc,Cresol,Elementary flows/emission/ground,1,not_assessed_method_not_selected
416d00fe-54d6-35ee-877c-e19525943ed9,Alumina,Elementary flows/emission/air,2,not_assessed_method_not_selected
4172c92a-aad5-3abf-88ae-c139568c80b1,Cerium-144,Elementary flows/emission/water,1,not_assessed_method_not_selected
4177b053-26a1-36e1-baa8-43af1249eb56,Copper compounds,Elementary flows/emission/water,2,not_assessed_method_not_selected
41b93d48-e02d-303a-a6eb-14e700220ce1,Biomass,Elementary flows/emission/ground,1,not_assessed_method_not_selected
41f104ab-8f49-3924-9b57-98ed81cd54a0,Zinc,Elementary flows/emission/water,19,not_assessed_method_not_selected
420070d0-f52f-31d1-93ed-a16d41048f98,Isoproturon,Elementary flows/emission/ground,1,not_assessed_method_not_selected
4216c293-256c-370b-b2fd-a4224eccc03d,Volatile organic compounds,Elementary flows/emission/air/stratosphere,2,not_assessed_method_not_selected
423e3050-f49a-303a-88a8-1ac428418f9c,Ethane,Elementary flows/emission/air,13,not_assessed_method_not_selected
427a28ad-0adf-332e-b1fb-96e31c1ea448,Plutonium-238,Elementary flows/emission/water/fresh water body,2,not_assessed_method_not_selected
42904b8f-ac78-3e54-8774-2d117b505a09,Strontium,Elementary flows/emission/water,5,not_assessed_method_not_selected
42983b7d-3999-3fa9-b172-a0fc678236fe,Hydrocarbons,Elementary flows/emission/water,8,not_assessed_method_not_selected
42b724c4-3782-350c-b290-ede340ab29d1,Titanium,Elementary flows/emission/air,10,not_assessed_method_not_selected
42bf4137-1cce-3de2-999b-aed41ebf6f09,Arsine,Elementary flows/emission/air/troposphere/urban,6,not_assessed_method_not_selected
42c34755-7837-304a-a463-81f4ea4d0d94,Nitrogen,Elementary flows/emission/ground/human-dominated/industrial,7,not_assessed_method_not_selected
42cfce06-1ae3-3bf8-b270-b9a3f196e3aa,Phosphorus,Elementary flows/resource/ground,1,not_assessed_method_not_selected
42df400c-f406-3de6-a6f9-3961ebdf8ade,Captan,Elementary flows/emission/water,1,not_assessed_method_not_selected
42e4c3cb-8468-3004-bd4b-19e6cbb81687,Sulfur oxides,Elementary flows/emission/air,43,not_assessed_method_not_selected
42e83ec5-b529-3afa-92be-9f5b1cf0122c,Chromium(VI),Elementary flows/emission/air/troposphere/urban,2,not_assessed_method_not_selected
4302967b-a9c0-34e9-a82b-05ef742ef3f2,Selenium,Elementary flows/emission/water/fresh water body/river,6,not_assessed_method_not_selected
430f2819-e61b-3ec9-8f1d-e55492d65bb3,Carbonate,Elementary flows/emission/water/subterranean/fresh water body,1,not_assessed_method_not_selected
43161b00-9b9e-385e-a374-babe607eafb5,Xenon-137,Elementary flows/emission/air,3,not_assessed_method_not_selected
432bec3e-259a-3e8c-91b6-6347e3e79742,Thiocyanate,Elementary flows/emission/water/fresh water body,2,not_assessed_method_not_selected
435bfa52-d2d3-3760-abf4-27de892972ac,Zinc,Elementary flows/emission/air,26,not_assessed_method_not_selected
4364f943-4d17-3264-9d54-ac2ddd36a24b,Arsenic(V),Elementary flows/emission/ground/human-dominated/industrial,3,not_assessed_method_not_selected
43690efc-0f32-3684-8f08-596f3a8e457b,Radium-226,Elementary flows/emission/water/saline water body/ocean,4,not_assessed_method_not_selected
4377e096-cf59-381a-ae6f-8f12185295c3,Antimony,Elementary flows/emission/water/subterranean,2,not_assessed_method_not_selected
4382ba18-dd21-3837-80b2-94283ef5490e,Nitrogen oxides,Elementary flows/emission/air,129,not_assessed_method_not_selected
4383b6b5-ccab-30f1-b0f9-aca7cfc30910,Molybdenum,Elementary flows/emission/air,15,not_assessed_method_not_selected
439023db-db84-3ff6-beb4-55327e2837e8,Propyne,Elementary flows/emission/air,1,not_assessed_method_not_selected
43aed9d7-5a9b-3f3e-8d51-cc8bebd9a9a1,Acenaphthene,Elementary flows/emission/air,61,not_assessed_method_not_selected
43bdfb6e-c450-3247-9b05-89f959b13984,Propargite,Elementary flows/emission/air,1,not_assessed_method_not_selected
43eb64cf-427f-3f05-a3a8-94ed3cd4dab9,Titanium,Elementary flows/emission/water/saline water body/ocean,6,not_assessed_method_not_selected
44166ea1-61a5-39fa-8bde-3e5097f294d0,Hypochlorite,Elementary flows/emission/water,1,not_assessed_method_not_selected
442df537-26cb-3935-901f-d3f56a92f0d8,Rubidium,Elementary flows/emission/water/subterranean,1,not_assessed_method_not_selected
4455910b-affc-3fe1-a3bb-4e823b5b5794,p-Cresol,Elementary flows/emission/water,4,not_assessed_method_not_selected
4482afae-0ab0-3d3d-89ee-2f8672971226,Unused primary energy from solar energy,Elementary flows/emission/non-FEDEFL/air,4,not_assessed_method_not_selected
448fcd9d-49f8-3144-bb84-df0fd1f8ab08,Hydrogen sulfide,Elementary flows/emission/water,2,not_assessed_method_not_selected
449897cf-fcde-3562-8088-9fdb753a3083,Imazethapyr,Elementary flows/emission/water,1,not_assessed_method_not_selected
44be3f68-dee3-3228-adb4-04b003485c5f,HFC-125,Elementary flows/emission/air,6,not_assessed_method_not_selected
44cd68db-6977-3417-9d90-e0eb26836f37,Radium-224,Elementary flows/emission/water,1,not_assessed_method_not_selected
44daa3dc-5f03-360a-87c9-d64a957e796c,Chlorinated organic compounds,Elementary flows/emission/water/fresh water body,1,not_assessed_method_not_selected
44e7dac5-7299-3a7a-9480-4152ba299a12,Hydrazine,Elementary flows/emission/air,5,not_assessed_method_not_selected
451ca303-41b7-3774-9f0b-6307f5274a5a,Iodine-129,Elementary flows/emission/water/fresh water body/river,1,not_assessed_method_not_selected
4561f8dc-4baa-3d23-a6e3-85e5d68e218d,Curium-244,Elementary flows/emission/water/subterranean/fresh water body,1,not_assessed_method_not_selected
457411b2-4dac-3eb2-965d-97b60660afa2,"1,3-Butadiene",Elementary flows/emission/air,62,not_assessed_method_not_selected
457679e0-817e-3175-b6db-6d18eef2c392,Carbon dioxide,Elementary flows/emission/air/troposphere/rural,45,not_assessed_method_not_selected
4584f1c6-2da4-3b88-8ff3-feb294195918,Uranium-234,Elementary flows/emission/ground,1,not_assessed_method_not_selected
45880be9-788f-387b-8b1b-c38615cc48e2,Phenol,Elementary flows/emission/air,22,not_assessed_method_not_selected
458a1704-8415-3f6a-9ba2-82a91feec632,Gold,Elementary flows/resource/ground/subterranean,15,not_assessed_method_not_selected
45918aba-0a43-359b-8ae0-033ecf560d56,Hypochlorite,Elementary flows/emission/water/fresh water body/river,2,not_assessed_method_not_selected
45d15a24-1145-33e1-97cf-1d4c80a3dc44,"Energy, heat",Elementary flows/emission/water/fresh water body,2,not_assessed_method_not_selected
45e642f2-1460-3479-aeb0-9252a8957a1e,Thorium-234,Elementary flows/emission/air,3,not_assessed_method_not_selected
45fbd333-6c94-3e67-88b9-5631594c1e38,Aniline,Elementary flows/emission/water/fresh water body/river,1,not_assessed_method_not_selected
46103539-2f32-3c67-bb90-49e37365efa8,Azadirachtin A,Elementary flows/emission/water,1,not_assessed_method_not_selected
4615b650-5d6d-3c12-a5f8-d70815d92e11,Fluorite,Elementary flows/resource/ground/subterranean,7,not_assessed_method_not_selected
46173a49-3677-3508-83c9-8a43bb47c4f2,Zinc(II),Elementary flows/emission/water/fresh water body/lake,1,not_assessed_method_not_selected
4652e3ad-c583-32b0-b146-b247e4a4d9c6,"Particulate matter, > 10μm",Elementary flows/emission/water,1,not_assessed_method_not_selected
467d2730-733d-3602-a33f-f05d0eaf749d,Titanium dioxide,Elementary flows/resource/ground/subterranean,4,not_assessed_method_not_selected
469a230b-77b0-39e7-95af-66bc76a9b291,Helium,Elementary flows/emission/air/troposphere/rural,2,not_assessed_method_not_selected
46b31bbe-1c77-3a50-a31d-5378c1e47dd6,Land use,Elementary flows/resource/ground/human-dominated/agricultural,12,not_assessed_method_not_selected
46b3e3a9-426c-3669-adf1-8118bc9e2350,Polonium-210,Elementary flows/emission/air/troposphere/rural,6,not_assessed_method_not_selected
46c1f92b-a6ad-36d8-bef0-d1810a196c57,tert-Butylamine,Elementary flows/emission/water/fresh water body/river,1,not_assessed_method_not_selected
46e4a139-51ad-38f1-88b8-5b616c5d6bbf,Carbofuran,Elementary flows/emission/ground/human-dominated/agricultural,2,not_assessed_method_not_selected
4737b863-9a09-35e4-9e02-0bcb49bf42c8,Selenium,Elementary flows/emission/air/troposphere/urban,2,not_assessed_method_not_selected
474c7399-ab3f-38ca-a3fb-c973222ad42b,Polycyclic aromatic hydrocarbons - 7-PAH,Elementary flows/emission/air/troposphere/high,1,not_assessed_method_not_selected
47736ba1-f64f-31b4-a2a3-4cbb290cef32,Polonium-210,Elementary flows/emission/water/fresh water body,2,not_assessed_method_not_selected
47806aa0-c618-371b-babd-5c71835834c6,Barium-140,Elementary flows/emission/air/troposphere/rural,2,not_assessed_method_not_selected
4784dde7-fce7-3d68-9667-820dc31df78e,Dimethyl phthalate,Elementary flows/emission/air,1,not_assessed_method_not_selected
47c8b76f-f52e-3f52-bccf-19eb92a9fd54,1-Methylfluorene,Elementary flows/emission/water,3,not_assessed_method_not_selected
47da61e8-8a5a-3ca7-bce6-002ae3af2df8,Carbaryl,Elementary flows/emission/ground,1,not_assessed_method_not_selected
47e75500-f3d8-3a38-b22d-7f872651fa13,Propionaldehyde,Elementary flows/emission/air/troposphere/rural,40,not_assessed_method_not_selected
47fa0682-b274-3626-97fd-adf7f3a22559,Cyfluthrin,Elementary flows/emission/water,1,not_assessed_method_not_selected
47fcfe11-e740-3b38-94d2-ca17b2f5ebc6,Total Organic Carbon,Elementary flows/emission/water/fresh water body,3,not_assessed_method_not_selected
48036f29-2136-399c-878e-bb10e0580800,Calcium chloride,Elementary flows/resource/ground/subterranean,6,not_assessed_method_not_selected
480cf2d0-b74a-34e9-b959-1d0f066428a4,Chromium(III),Elementary flows/emission/water/fresh water body,3,not_assessed_method_not_selected
48266a38-cc1b-3448-a058-2521390e8ff2,Hexamethylenediamine,Elementary flows/emission/air,5,not_assessed_method_not_selected
482696e6-6353-3e8c-a314-456bd128b77e,Benzo(b)fluoranthene,Elementary flows/emission/water/subterranean/fresh water body,1,not_assessed_method_not_selected
4826bcb5-1a85-3335-95a8-444086be07b4,Ethoprop,Elementary flows/emission/air,1,not_assessed_method_not_selected
4890fcd5-f136-3ff2-921e-bad2e3bb951b,Dissolved Organic Carbon,Elementary flows/emission/water/fresh water body/river,2,not_assessed_method_not_selected
48a27d76-099e-3f02-8806-2d25732c15bc,"Energy, hydro",Elementary flows/resource/water/saline water body/ocean,2,not_assessed_method_not_selected
48b51613-f8fc-326e-8cae-bc6394e237c8,Phenols,Elementary flows/emission/air,13,not_assessed_method_not_selected
48c481d2-a5da-3974-9695-ab588b961a2c,Potassium,Elementary flows/emission/water,1,not_assessed_method_not_selected
48d23dba-9fe8-3ec8-9cbc-46df00a5b07e,Silicate group,Elementary flows/emission/water/fresh water body,2,not_assessed_method_not_selected
48d340cf-08c0-31cf-968a-f3868783aef6,"Particulate matter, ≤ 10μm",Elementary flows/emission/water/fresh water body,2,not_assessed_method_not_selected
48e02d7a-f3a0-3ced-8263-de0dfe985318,"Energy, heat",Elementary flows/emission/water/subterranean,2,not_assessed_method_not_selected
48f34f79-a52a-3692-9931-5b7b678fd1f5,Dimethyl phthalate,Elementary flows/emission/water,3,not_assessed_method_not_selected
4925db0d-7f56-3efa-ada9-eb799c3edd5b,Propylene oxide,Elementary flows/emission/air,6,not_assessed_method_not_selected
494bf4dc-25c0-32b5-bbd1-ba966dc756bd,Adsorbable organic halides,Elementary flows/emission/water/fresh water body,2,not_assessed_method_not_selected
4954503a-76d6-3568-83cb-aac2b5ab8bae,Warfarin,Elementary flows/emission/air,1,not_assessed_method_not_selected
495b6afe-397f-3cc5-9856-90bb6bb10055,Strontium,Elementary flows/emission/ground/human-dominated/agricultural,2,not_assessed_method_not_selected
4971b86e-3384-3ee3-a440-aeeff96a4bbb,Carbon monoxide,Elementary flows/emission/air/troposphere/urban,2,not_assessed_method_not_selected
498f15f2-62c0-32b5-9d00-5b4b19faee14,Dissolved Organic Carbon,Elementary flows/emission/water/subterranean,1,not_assessed_method_not_selected
49a1544c-9133-3408-8230-9ff6df996d40,Calcium,Elementary flows/resource/ground/subterranean,2,not_assessed_method_not_selected
49a9c581-7c83-36b0-b1bd-455ea4c665a6,"Particulate matter, ≤ 2.5μm",Elementary flows/emission/air,143,not_assessed_method_not_selected
49c894b2-2be7-369d-a6d7-6d2ce679db77,n-Butyl acetate,Elementary flows/emission/air,6,not_assessed_method_not_selected
49def454-a945-3d7c-975a-0e69f77ca5c0,Acetamide,Elementary flows/emission/water/fresh water body,1,not_assessed_method_not_selected
49e19efb-cafa-3365-97b1-59f82d70668a,Acetone,Elementary flows/emission/air/troposphere/rural,6,not_assessed_method_not_selected
4a2f56fb-26e7-3c1b-a285-b69fff2f8a28,Fluorene,Elementary flows/emission/air/troposphere/rural,40,not_assessed_method_not_selected
4a48eba1-1700-3b74-82d0-b9edae17b394,Diflubenzuron,Elementary flows/emission/air/troposphere/rural,1,not_assessed_method_not_selected
4a53bf56-8b19-3e0b-b1d6-62baeffa84b1,Tris(2-chloroethyl) phosphate,Elementary flows/emission/ground,1,not_assessed_method_not_selected
4a8860b7-b3c2-3d6b-9b0b-af321725c77d,Barium,Elementary flows/emission/air/troposphere/rural,6,not_assessed_method_not_selected
4a90ef9a-bcb0-3e9d-80da-1a48dfd8ae6f,Hexachlorobutadiene,Elementary flows/emission/air,2,not_assessed_method_not_selected
4aa04488-3e7a-359c-8470-5d463370b781,Fluosilicic acid,Elementary flows/emission/air,1,not_assessed_method_not_selected
4ac6cdf2-e742-3dfd-bde7-af7567bc4e35,Strontium,Elementary flows/emission/ground,1,not_assessed_method_not_selected
4ac8906b-2b86-3d7a-8873-c5dcbe6b5d2a,Acetonitrile,Elementary flows/emission/water,2,not_assessed_method_not_selected
4aca0c2c-6e1a-3d90-956c-7141ca8932ce,Crude oil,Elementary flows/resource/water,3,not_assessed_method_not_selected
4acda2b2-105c-30e7-bb18-31ffb1a63c5c,Dodecane,Elementary flows/emission/air,4,not_assessed_method_not_selected
4b0c0b5d-c35a-374b-8e70-55d94655beff,Orthophosphate,Elementary flows/emission/ground/human-dominated/industrial,1,not_assessed_method_not_selected
4b26dc27-7261-3dee-a44d-8abb3fb419ce,Dichlorobenzene,Elementary flows/emission/air,11,not_assessed_method_not_selected
4b292b42-9415-3756-a161-626345bd6095,Uranium-234,Elementary flows/emission/water/saline water body/ocean,3,not_assessed_method_not_selected
4b2daef7-dbdc-3c5b-a371-800bdb9cb965,Sulfur,Elementary flows/emission/air/troposphere/rural,4,not_assessed_method_not_selected
4b92c75e-e528-3f23-bc67-e92977682eb4,Land use,Elementary flows/resource/ground/human-dominated/industrial,11,not_assessed_method_not_selected
4ba40c12-be15-3891-8ab4-348f8ac05910,Manganese,Elementary flows/emission/water/fresh water body/river,2,not_assessed_method_not_selected
4bc8fa77-4800-33cb-93ca-0bacd790e1c1,Dolomite,Elementary flows/resource/ground/subterranean,7,not_assessed_method_not_selected
4bcfae90-6a41-3fed-97a1-919f9e4cedf0,"1,2,3,7,8-Pentachlorodibenzofuran",Elementary flows/emission/air,1,not_assessed_method_not_selected
4be481c4-1da8-3b97-9e06-e70322d03ae5,Fluoride,Elementary flows/emission/water/saline water body/ocean,8,not_assessed_method_not_selected
4c452bdc-4389-3f07-9afb-2bc4d446c43f,Dibenzofuran,Elementary flows/emission/ground,1,not_assessed_method_not_selected
4c4788b4-a179-3632-9dd0-45ff03a180b0,Atrazine,Elementary flows/emission/water/subterranean,1,not_assessed_method_not_selected
4c625fbb-1370-3c34-80c2-2f5dd298c40b,Ioxynil,Elementary flows/emission/air,2,not_assessed_method_not_selected
4c75c0ce-5111-3386-94ae-16cd1fece72b,Xylene,Elementary flows/emission/air/troposphere/rural,2,not_assessed_method_not_selected
4c9db573-de0a-3bc6-a09e-6f4f41f74913,Antimony,Elementary flows/emission/air/stratosphere,1,not_assessed_method_not_selected
4d07c280-617e-3f43-bf30-6a60e95186f7,Water,Elementary flows/emission/water/fresh water body,2,not_assessed_method_not_selected
4d1571a6-ffff-3a36-82df-224ed975a094,"Energy, solar",Elementary flows/resource/air,10,not_assessed_method_not_selected
4d2c3c85-841e-3479-b59c-38449bfa25c0,Volatile organic compounds,Elementary flows/emission/air/troposphere/urban,1,not_assessed_method_not_selected
4d76596b-6ca5-3a68-a511-96b6fcd5b9b8,Nickel(II),Elementary flows/emission/water/subterranean,1,not_assessed_method_not_selected
4d774f37-eb69-3045-80c4-6b3f57c6fddd,1-Butanol,Elementary flows/emission/air,2,not_assessed_method_not_selected
4db9ccbd-9ec9-3ba8-bd0c-1b141646e2a2,Radionuclides,Elementary flows/emission/water/fresh water body/river,6,not_assessed_method_not_selected
4dcb0409-be5e-3186-8c63-bf16489412ee,Hydrogen bromide,Elementary flows/emission/air,7,not_assessed_method_not_selected
4dd8fecc-abc8-37df-9811-764195df708a,Bis(2-chloroethoxy)methane,Elementary flows/emission/air/troposphere/high,1,not_assessed_method_not_selected
4dfb9ab9-c356-3bb3-a5df-20e0f4149f5d,Nitrite,Elementary flows/emission/water/subterranean/fresh water body,1,not_assessed_method_not_selected
4e1d73ac-fb6e-3b0d-80f1-5ccfc475385b,Uranium ore,Elementary flows/resource/ground,3,not_assessed_method_not_selected
4e2b7188-00ed-3fda-b68f-cdcc868823d8,Aromatic hydrocarbons,Elementary flows/emission/air/troposphere/high,1,not_assessed_method_not_selected
4e4f5897-255d-3c10-97aa-ed9bcce888d3,Propylene glycol 1-methyl ether,Elementary flows/emission/air,2,not_assessed_method_not_selected
4ed2e51a-4257-3bdc-8032-813489d889ea,1-Pentanol,Elementary flows/emission/air/troposphere/urban,1,not_assessed_method_not_selected
4ef93178-f74c-3bb3-af35-313d9712ce0a,Particulate matter,Elementary flows/emission/air/troposphere/rural,4,not_assessed_method_not_selected
4f37666d-0ed6-322a-a414-cf96833b3133,Ethylamine,Elementary flows/emission/air/troposphere/urban,1,not_assessed_method_not_selected
4f3f4dd8-c168-3b67-adf2-95e73df3d146,Aluminum,Elementary flows/resource/ground/subterranean,3,not_assessed_method_not_selected
4f41de61-8a09-32a3-96a8-e9eeb446a176,Copper(II),Elementary flows/emission/ground,1,not_assessed_method_not_selected
4f4b4c96-312d-3fdf-a91c-bf8c83aeb1e4,Tellurium,Elementary flows/resource/ground/subterranean,1,not_assessed_method_not_selected
4f6d79db-457b-30c7-9756-1a5e76cdc9aa,"Noble gases, radioactive, unspecified",Elementary flows/emission/water,1,not_assessed_method_not_selected
4f816627-5cda-37b6-bc78-a6ee1ae4b089,Metals,Elementary flows/emission/air,18,not_assessed_method_not_selected
4fb1cdd9-5b90-32a1-a7a7-845c3f570499,"Energy, heat",Elementary flows/emission/ground/human-dominated/industrial,2,not_assessed_method_not_selected
4fb7258b-62bb-364f-9c7a-3f0e4647cb29,Chloroacetic acid,Elementary flows/emission/water/fresh water body/river,1,not_assessed_method_not_selected
4fd60c2c-8625-3b10-8618-e3eacc121bbb,HFC-134a,Elementary flows/emission/air,10,not_assessed_method_not_selected
503e2716-14a4-38e1-95a3-f1724d1d9af9,Methomyl,Elementary flows/emission/ground,1,not_assessed_method_not_selected
506ae452-128f-3fe8-81d7-368297149b2c,Sodium sulfate,Elementary flows/emission/water,5,not_assessed_method_not_selected
5072c316-c9f9-30f2-808c-7fc8d0a59968,1-Undecene,Elementary flows/emission/air,2,not_assessed_method_not_selected
50751b5f-5846-3381-897e-a4e2c4bc6b5e,Furan,Elementary flows/emission/air/troposphere/rural,2,not_assessed_method_not_selected
50d9880c-e499-3149-9879-c5b5763e167c,Radium-226,Elementary flows/emission/water/subterranean/fresh water body,1,not_assessed_method_not_selected
50f56ea3-e292-3c09-89d2-74466af5f11e,Nickel,Elementary flows/emission/air,75,not_assessed_method_not_selected
511bb293-8a70-3dd4-baf7-fb67ae224969,Dimethylamine,Elementary flows/emission/air/troposphere/urban,4,not_assessed_method_not_selected
5123efc3-92c4-3840-935d-26749f77b4f1,Dipropylamine,Elementary flows/emission/water/fresh water body/river,1,not_assessed_method_not_selected
51292556-d521-3c0f-a49a-5ce9ce111e3d,Alachlor,Elementary flows/emission/air/troposphere/rural,2,not_assessed_method_not_selected
5130c067-ff3f-3a64-b85c-577707274633,Water,Elementary flows/emission/air/stratosphere,1,not_assessed_method_not_selected
5131a370-a6cf-3a72-8756-6aa30666e3f7,2-Methylpentane,Elementary flows/emission/air,4,not_assessed_method_not_selected
5138186a-6c29-3288-bd4e-5630f1fb7737,Cesium-137,Elementary flows/emission/water/fresh water body/river,6,not_assessed_method_not_selected
515e9797-af84-335a-a30f-a48f9a9e2ed7,Isobutane,Elementary flows/emission/air,7,not_assessed_method_not_selected
517beca8-b5b6-3f4c-9637-da07520e9c78,Benzene,Elementary flows/emission/water/fresh water body/river,6,not_assessed_method_not_selected
519304bd-4c88-3bba-b5eb-c1f1e85967f0,Ruthenium-103,Elementary flows/emission/water/fresh water body,1,not_assessed_method_not_selected
51b0c1cb-31f8-3729-972a-1da393ebd2f6,Acetaldehyde,Elementary flows/emission/air/troposphere/urban,6,not_assessed_method_not_selected
51b96ba3-3dc1-32f4-94e6-47601e4754ae,Boron,Elementary flows/emission/air,9,not_assessed_method_not_selected
51ebde71-b96d-32e0-a8e3-d57f5e7f97fb,Phenyl ether,Elementary flows/emission/air/troposphere/urban/ground-level,2,not_assessed_method_not_selected
51f60184-a8ef-3807-b184-85cb97b65112,Sulfur dioxide,Elementary flows/emission/air/troposphere/urban,2,not_assessed_method_not_selected
5207f3a6-df59-315b-a1ac-2ba8e184c666,Potassium,Elementary flows/emission/ground,1,not_assessed_method_not_selected
52162178-a06e-397a-95bb-a61c1aadc0ee,Ethyl cellulose,Elementary flows/emission/air/troposphere/urban,2,not_assessed_method_not_selected
52284d66-6c39-3e5c-a406-bcd75379fc85,Vanadium compounds,Elementary flows/emission/water,2,not_assessed_method_not_selected
523217e9-9ba8-356e-801e-817cb8f1755e,Strontium,Elementary flows/emission/ground/human-dominated/industrial,8,not_assessed_method_not_selected
5255c318-b8f7-3e04-9225-c6635db142db,Sulfur,Elementary flows/emission/ground/human-dominated/agricultural,4,not_assessed_method_not_selected
5277f163-5df4-38e0-8bde-45a562794ba8,"1,2,3,6,7,8-Hexachlorodibenzo-p-dioxin",Elementary flows/emission/water,2,not_assessed_method_not_selected
52b06e76-28c4-3ba4-9449-ff8466432eee,Orbencarb,Elementary flows/emission/ground/human-dominated/agricultural,2,not_assessed_method_not_selected
52b2ea76-a40d-397e-8d03-bd3d2e94f6ac,Molybdenum,Elementary flows/resource/ground/subterranean,11,not_assessed_method_not_selected
52e6476c-bc9d-3aa2-bfb8-6597393b87d1,Biphenyl,Elementary flows/emission/air,16,not_assessed_method_not_selected
52fd87c5-d8a7-3715-a212-9a05e7f4cf1d,Cesium-136,Elementary flows/emission/water/fresh water body/river,2,not_assessed_method_not_selected
5359e934-378e-342d-8436-19db7a347c1e,Nitrate,Elementary flows/emission/air/troposphere/rural,1,not_assessed_method_not_selected
537c1103-3b1b-3496-8739-1a80f8764bbb,Zirconium,Elementary flows/emission/air/troposphere/rural,2,not_assessed_method_not_selected
53c933c2-5da7-387b-890b-cd5d7eab3b22,Metals,Elementary flows/emission/water/fresh water body,2,not_assessed_method_not_selected
53ebe715-1465-358f-9e31-ae55956903d1,Chromium(VI),Elementary flows/emission/water,5,not_assessed_method_not_selected
53effec4-058b-3ab7-b7d5-005d39dd0eb9,Tribromomethane,Elementary flows/emission/air,7,not_assessed_method_not_selected
53f94d64-97d8-3b6b-be56-1f2c77b3727d,Diclofenac,Elementary flows/emission/ground,1,not_assessed_method_not_selected
5408dd06-70db-3ce6-b304-c391983fd003,Calcium,Elementary flows/emission/water,1,not_assessed_method_not_selected
540be919-976a-3ace-9487-96eb007c865f,Ammonium nitrate,Elementary flows/emission/air,4,not_assessed_method_not_selected
544cdc14-1535-3dd0-bcd7-3e88c0cb6395,"Particulate matter, > 10μm",Elementary flows/emission/water/fresh water body,2,not_assessed_method_not_selected
544faeec-c21f-3342-b68f-062e0660e506,4-Androstenedione,Elementary flows/emission/ground,1,not_assessed_method_not_selected
545c402f-2afd-3d47-9f6b-891113eaacf6,Chromium,Elementary flows/emission/air/stratosphere,1,not_assessed_method_not_selected
547a4bdf-7b63-324b-9d57-1ee0f7c1130f,Nitrate compounds,Elementary flows/emission/ground,1,not_assessed_method_not_selected
547e9246-709a-3666-b4c1-5fde830a3516,Formic acid(I),Elementary flows/emission/water/fresh water body/river,1,not_assessed_method_not_selected
54a96e48-78b9-34df-875d-64caa3b6145a,Copper(I),Elementary flows/emission/water/fresh water body/river,1,not_assessed_method_not_selected
54f1ef9f-4cf2-3330-b220-8cb4ef38baa9,Chloroethane,Elementary flows/emission/water/fresh water body/river,1,not_assessed_method_not_selected
552a99b1-9464-3588-b08d-9076437cc242,Nitrate,Elementary flows/emission/water/saline water body/ocean,8,not_assessed_method_not_selected
552cb746-60a8-3b7d-8ece-a5b4dd05bb59,m-Ethyltoluene,Elementary flows/emission/air,1,not_assessed_method_not_selected
5555684e-3458-361c-9aa4-fb4efe80791d,Methyl tert-butyl ether,Elementary flows/emission/water,2,not_assessed_method_not_selected
55598d85-f82b-3248-8d99-0d292e80cdfe,Fluosilicic acid,Elementary flows/emission/water/fresh water body/river,2,not_assessed_method_not_selected
5574de2a-d2e5-3fd5-b9d6-dc39e34c66ea,cis-2-Pentene,Elementary flows/emission/air,2,not_assessed_method_not_selected
559f878a-5780-304e-baae-df0b7044fbd0,"2,3,7,8-Tetrachlorodibenzofuran",Elementary flows/emission/water,1,not_assessed_method_not_selected
55d3ae67-f66e-3312-aa6a-b604b5147672,Carbon dioxide,Elementary flows/emission/air/troposphere/urban,2,not_assessed_method_not_selected
561cda29-b34c-389e-940f-78d1cb4cc0f5,Ethylene,Elementary flows/emission/water/fresh water body/river,2,not_assessed_method_not_selected
562cddc2-e517-3896-a5d6-1be8fdb73f7f,Tellurium,Elementary flows/emission/air,7,not_assessed_method_not_selected
565c5d1a-1e0e-35f3-82a0-4845c43d3dcf,Benzene,Elementary flows/emission/air,91,not_assessed_method_not_selected
56628357-a6eb-3c15-a8ef-e5f12bd863e1,Naphthalene,Elementary flows/emission/air/troposphere/rural,40,not_assessed_method_not_selected
5676882d-4fcb-3514-99c7-d46b9be36178,Silver-110,Elementary flows/emission/water/fresh water body,2,not_assessed_method_not_selected
567dae74-9054-3264-a212-d2665cce2edf,Methyl acetate,Elementary flows/emission/air/troposphere/urban,1,not_assessed_method_not_selected
56b87958-b1e0-3cdc-a706-b715e04e2506,2-Methyl-2-butene,Elementary flows/emission/air/troposphere/high,1,not_assessed_method_not_selected
56fb0ba5-83de-3789-a8d0-5104408c2399,Radionuclides,Elementary flows/emission/water/saline water body/ocean,2,not_assessed_method_not_selected
5711af0f-4081-3d2a-b588-edf0bb0ce524,Copper,Elementary flows/emission/air/troposphere/rural,2,not_assessed_method_not_selected
57152560-592a-383f-89b1-a77d7d432ad8,Boron,Elementary flows/emission/water,6,not_assessed_method_not_selected
5736e1a2-c89d-3232-b6fb-d2de6a92499d,Uranium-235,Elementary flows/emission/ground,1,not_assessed_method_not_selected
5738e5ed-4059-3e6d-a4a8-ce32bda6f298,Iron,Elementary flows/emission/water/subterranean/fresh water body,1,not_assessed_method_not_selected
573cbd16-5ab1-3250-82b7-548d4cacf595,Methyl tert-butyl ether,Elementary flows/emission/air/troposphere/urban,2,not_assessed_method_not_selected
57415f54-b291-3014-aeec-d3225e035a9d,1-Pentene,Elementary flows/emission/air/troposphere/urban,1,not_assessed_method_not_selected
5761fb62-1c6d-3b45-a09a-22a38736c736,Thorium-232,Elementary flows/emission/water,1,not_assessed_method_not_selected
57703554-031f-366f-8681-d3980cdf1be0,Molybdenum,Elementary flows/emission/ground/human-dominated/agricultural,4,not_assessed_method_not_selected
579b2db3-5039-37ea-9080-c2f1cb359746,Thorium-230,Elementary flows/emission/water/fresh water body,2,not_assessed_method_not_selected
57afd9e6-8948-33b8-bff0-099c297626db,Chloride,Elementary flows/emission/water/subterranean/fresh water body,1,not_assessed_method_not_selected
57c6b5f6-a406-3342-8cbf-c82dfa282fd9,Permethrin,Elementary flows/emission/air/troposphere/rural,1,not_assessed_method_not_selected
57d21695-d78e-3c36-bd3a-0f978c27e5cf,Methylamine,Elementary flows/emission/air/troposphere/urban,2,not_assessed_method_not_selected
57d917f3-6a50-3762-a6ee-6b0c580cc9f5,Silicon,Elementary flows/emission/ground/human-dominated/industrial,2,not_assessed_method_not_selected
57e29206-ea24-305e-b362-b9f9d82b02fe,Acenaphthylene,Elementary flows/emission/air/troposphere/rural,40,not_assessed_method_not_selected
57f219c7-296f-3c02-9983-c7c5f73bdcd4,Technetium-99m,Elementary flows/emission/water/fresh water body/river,2,not_assessed_method_not_selected
57facb29-666b-34eb-96a3-670f6d995798,Chloromethane,Elementary flows/emission/water,8,not_assessed_method_not_selected
580f7e8e-b426-3d9a-8710-181433a81424,Magnesium,Elementary flows/resource/ground/subterranean,2,not_assessed_method_not_selected
58216883-840a-33da-a5de-bc610148477f,Cyanide,Elementary flows/emission/water/subterranean/fresh water body,1,not_assessed_method_not_selected
58250b4f-f3d0-373d-8f89-795ecbf13748,Cobalt,Elementary flows/emission/water/fresh water body,2,not_assessed_method_not_selected
58341a64-1d3f-3b96-af9c-5d26309c5dbf,Gadolinium,Elementary flows/resource/ground/subterranean,3,not_assessed_method_not_selected
583cfbf3-e4c8-38da-827b-2aced8123a8f,Hexanoic acid,Elementary flows/emission/water,4,not_assessed_method_not_selected
583d46c1-5a74-3c4e-9a41-06c622dec66f,Linuron,Elementary flows/emission/air,1,not_assessed_method_not_selected
584410cc-1115-3c8f-a190-5231f0fdd5a2,Methylene chloride,Elementary flows/emission/water/fresh water body/river,1,not_assessed_method_not_selected
585c3e24-a7f5-3a75-8760-a79ec24f8d5c,S-Metolachlor,Elementary flows/emission/air,1,not_assessed_method_not_selected
585e8987-ce59-30b8-b25a-af5cd53fb0e2,MCPA,Elementary flows/emission/air,1,not_assessed_method_not_selected
5860024c-105f-3546-a5b9-271267151d8c,Carbon-14,Elementary flows/emission/air,3,not_assessed_method_not_selected
5861cfb2-7893-34cd-bfbc-83da06390602,Benzo[k]fluoranthene,Elementary flows/emission/water/subterranean/fresh water body,1,not_assessed_method_not_selected
58663fe3-fbc2-3120-bc9f-ca705f5d1c1d,Isopropanol,Elementary flows/emission/air/troposphere/urban,2,not_assessed_method_not_selected
5876d9a1-936e-314a-ac38-65078d819937,Thiodicarb,Elementary flows/emission/air/troposphere/rural,1,not_assessed_method_not_selected
587e4238-31d8-3674-94e9-d20186f55839,Lead compounds,Elementary flows/emission/water,2,not_assessed_method_not_selected
587f31ed-de6a-3b24-8944-610a9d138a10,Iron-59,Elementary flows/emission/water/fresh water body/river,2,not_assessed_method_not_selected
5897de1b-55d8-3fb9-8284-97f0c0bb4b2a,Furans,Elementary flows/emission/air,4,not_assessed_method_not_selected
58a54834-bb23-31a6-9919-7baf655fe7d9,Vanadium,Elementary flows/emission/ground,3,not_assessed_method_not_selected
58b5cd90-8ba4-32ea-b4aa-3a3438ba8419,Carbon dioxide,Elementary flows/resource/air,8,not_assessed_method_not_selected
58dcc57f-065f-30c9-9c70-c20c8396ba4c,Lead dioxide,Elementary flows/emission/air,7,not_assessed_method_not_selected
58e5ce68-b4e4-30ec-aad4-cef520d7f737,Hydrocarbons,Elementary flows/emission/water/saline water body/ocean,10,not_assessed_method_not_selected
58f54817-71a6-30c8-a2dc-ed7de941afdd,Tritium,Elementary flows/emission/air,7,not_assessed_method_not_selected
58f974ff-c012-3d6e-85ac-d941a4607642,Cesium-137,Elementary flows/emission/water,1,not_assessed_method_not_selected
5901f692-29f6-33fc-b0e1-76595678dcd9,Cobalt-58,Elementary flows/emission/water/subterranean/fresh water body,1,not_assessed_method_not_selected
5905f568-b472-3e56-9f96-d41c33f34ef7,Chromium(III),Elementary flows/emission/water,13,not_assessed_method_not_selected
59228ff7-3499-3b1b-b6a8-1637dc52e811,Cesium,Elementary flows/emission/water/saline water body/ocean,2,not_assessed_method_not_selected
59229412-dcf4-30e1-ba8e-c220c8c02321,Tungsten,Elementary flows/emission/air/troposphere/rural,1,not_assessed_method_not_selected
592fa548-20aa-36e9-b703-68be0ff6f30a,Propionaldehyde,Elementary flows/emission/air,50,not_assessed_method_not_selected
594d2669-3045-3488-90bd-c17920d24c2e,Sulfide,Elementary flows/emission/ground,1,not_assessed_method_not_selected
595f37cf-3932-31ad-bd27-1c6522f0c292,Diisobutyl ketone,Elementary flows/emission/air,2,not_assessed_method_not_selected
59691a23-7a93-38f0-8e35-9244a0150a42,Cumene,Elementary flows/emission/air/troposphere/urban,6,not_assessed_method_not_selected
598651d7-1c0d-3993-9ea8-f00ac2a086a0,Beta Cypermethrin,Elementary flows/emission/ground,1,not_assessed_method_not_selected
59bf579b-5b3c-3bf2-ae27-f15e4e4d1076,Lanthanum-140,Elementary flows/emission/water/fresh water body,2,not_assessed_method_not_selected
59c96b15-6729-379b-a437-335ab9a86c84,Tin ore,Elementary flows/resource/ground,2,not_assessed_method_not_selected
59d7dc05-996e-34ec-b789-4dc417989b2c,Thorium-232,Elementary flows/emission/air/troposphere/rural,3,not_assessed_method_not_selected
59e7a2b6-6dfa-3b40-80fa-fc017cd5b7b1,Isobutanol,Elementary flows/emission/water/fresh water body/river,1,not_assessed_method_not_selected
59ec2b97-2b13-3c72-bb32-c2d7750d53e0,Lanthanum-140,Elementary flows/emission/water/fresh water body/river,2,not_assessed_method_not_selected
5a0f4337-3cdb-3484-84b4-67f1f5d0c113,Nickel,Elementary flows/emission/water,18,not_assessed_method_not_selected
5a4e33ff-0765-324a-a5b9-4b7965dcd3dc,Thallium,Elementary flows/emission/ground/human-dominated/industrial,1,not_assessed_method_not_selected
5a576c3d-b3c9-3fba-9bd7-de61fb2611a6,Adsorbable organic halides,Elementary flows/emission/water/saline water body/ocean,6,not_assessed_method_not_selected
5a5b5b1e-2901-3214-af7c-b01fb05adc69,Ruthenium-106,Elementary flows/emission/water,6,not_assessed_method_not_selected
5a765588-4824-3c67-ba0b-60ede2c671d6,Boron trifluoride,Elementary flows/emission/air/troposphere/urban,2,not_assessed_method_not_selected
5a90688e-e1c9-3f9c-9801-0d423773ab84,MCPA,Elementary flows/emission/water,1,not_assessed_method_not_selected
5a939c2b-cebf-3060-8862-4a8650caf6dd,"Particulate matter, ≤ 10μm",Elementary flows/emission/air,122,not_assessed_method_not_selected
5aa1bf0b-15ea-3eda-98e4-5cd2bbe5a0f8,Softwood,Elementary flows/resource/biotic,3,not_assessed_method_not_selected
5aa8f608-9a9c-3f72-8149-3ef77e86d24c,Glutaraldehyde,Elementary flows/emission/water,1,not_assessed_method_not_selected
5aabe712-5891-31e7-b5cb-3361a5e300c8,Butylated hydroxyanisole,Elementary flows/emission/water/fresh water body,1,not_assessed_method_not_selected
5aaca76f-ed8b-3dc6-9cb3-597421c567ac,Anthracene,Elementary flows/emission/air,62,not_assessed_method_not_selected
5adde311-c59c-3352-bb21-3fea9a01aa19,Magnesium,Elementary flows/emission/water/subterranean,3,not_assessed_method_not_selected
5addfd1f-12f9-3563-b8a3-3fa4748ed78a,Hydrochloric acid,Elementary flows/emission/water/fresh water body/river,1,not_assessed_method_not_selected
5ae54781-ee98-3caf-a46d-5a43ae968dc0,Technetium-99,Elementary flows/emission/air,1,not_assessed_method_not_selected
5af7a834-bf92-32eb-a0b2-2f2dcdc9f3d9,"Energy, hydro",Elementary flows/resource/water,12,not_assessed_method_not_selected
5b1e81c8-845a-3cd4-8e7b-bc8300439acb,Methyl parathion,Elementary flows/emission/water/fresh water body,2,not_assessed_method_not_selected
5b312e15-70b0-34f2-aca9-510316febf39,Metolachlor,Elementary flows/emission/water,2,not_assessed_method_not_selected
5b3c4ccf-4bd8-39a3-9737-a88e786aaf6d,Sylvite,Elementary flows/resource/ground/subterranean,1,not_assessed_method_not_selected
5b3ee465-d000-3ca4-9d84-c2e8482e8aa4,Ethanolamine,Elementary flows/emission/air/troposphere/urban,2,not_assessed_method_not_selected
5b6e0ad5-2771-3e1f-8ab9-54c67d147fdf,"Total oil and grease, less total petroleum hydrocarbons (TPH)",Elementary flows/emission/water/saline water body/ocean,1,not_assessed_method_not_selected
5b74d142-51e8-33d7-8116-ab57289d2993,Sodium chloride,Elementary flows/resource/ground/subterranean,7,not_assessed_method_not_selected
5b817c0c-b187-3a20-8c63-d51522daaa77,"(3R,5R)-7-[2-(4-fluorophenyl)-3-phenyl-4-(phenylcarbamoyl)-5-propan-2-ylpyrrol-1-yl]-3,5-dihydroxyheptanoic acid",Elementary flows/emission/ground,1,not_assessed_method_not_selected
5b9ac6e8-5db3-3abf-9074-d12787ae5974,Hexacosane,Elementary flows/emission/water,4,not_assessed_method_not_selected
5b9b43ef-659e-3c29-a124-a4a0a0bf6e2f,Coalbed methane,Elementary flows/resource/ground,3,not_assessed_method_not_selected
5babdbf2-aab2-3689-8a3f-c92e9a2c2cdb,.alpha.-Pinene,Elementary flows/emission/air,1,not_assessed_method_not_selected
5bbe3ff4-8b34-3c29-9567-1994851ecbcd,Paraquat,Elementary flows/emission/air/troposphere/rural,1,not_assessed_method_not_selected
5bbebaed-96df-3384-8338-4316f2d429a1,Dimethyl sulfate,Elementary flows/emission/air/troposphere/rural,5,not_assessed_method_not_selected
5bd7af62-1b05-3694-a723-336cb58e345f,Tetrachloroethylene,Elementary flows/emission/water,5,not_assessed_method_not_selected
5bde5e60-ad3c-3fd3-a4a2-90444cafd80d,Ruthenium-103,Elementary flows/emission/air/troposphere/rural,2,not_assessed_method_not_selected
5bf555f6-13e0-3d94-ba74-f92ed4997bfc,Rubidium,Elementary flows/emission/water/fresh water body/river,2,not_assessed_method_not_selected
5c12bffd-a02e-30b3-baf7-7d3d9e2dfa3b,CFC-12,Elementary flows/emission/water,1,not_assessed_method_not_selected
5c4e7915-d558-332b-9958-616b4ee89244,Platinum,Elementary flows/resource/ground/subterranean,8,not_assessed_method_not_selected
5c53bd47-adc8-39cf-92df-da14ffb84e4b,Propargite,Elementary flows/emission/ground,1,not_assessed_method_not_selected
5c773448-9d28-382f-965f-c629eb88f4ef,Cadmium,Elementary flows/resource/ground/subterranean,3,not_assessed_method_not_selected
5c8aca95-6eb3-3b26-83d0-838936066653,Lead-210,Elementary flows/emission/water,5,not_assessed_method_not_selected
5c8e293a-4009-30d8-a003-43add9e779f7,Asbestos,Elementary flows/emission/air,2,not_assessed_method_not_selected
5ca3d73b-0eeb-33dc-85ed-6723e322a918,Propylene,Elementary flows/emission/water/fresh water body/river,2,not_assessed_method_not_selected
5cc83f3d-0db7-3f23-8a07-404d4f53eb8a,Potassium,Elementary flows/emission/water/subterranean,1,not_assessed_method_not_selected
5ce24ff7-4835-3233-9ff9-5faf1106f11e,Thorium-230,Elementary flows/emission/air/troposphere/rural,6,not_assessed_method_not_selected
5d06e184-d77c-378d-8ede-8af83b456a57,p-Methoxyphenol,Elementary flows/emission/ground,1,not_assessed_method_not_selected
5d0bd612-7df6-3c8c-829d-919279752406,Iron,Elementary flows/emission/water/fresh water body,2,not_assessed_method_not_selected
5d0d9a58-22de-3582-a07a-b4c3748f9472,Water,Elementary flows/emission/air/troposphere/rural,8,not_assessed_method_not_selected
5d437b40-c676-3000-bc2b-9057eecc80bc,"Suspended solids, inorganic",Elementary flows/emission/water/subterranean,1,not_assessed_method_not_selected
5d45b798-5a82-3f17-a05b-6dd2a1c20400,Hydroxide,Elementary flows/emission/water/subterranean/fresh water body,1,not_assessed_method_not_selected
5d4d44e0-583d-3d0f-9deb-02d0521024ce,CFC-11,Elementary flows/emission/water,1,not_assessed_method_not_selected
5d4e58f8-73b2-3151-bb35-855b1ee18856,Tantalum,Elementary flows/resource/ground/subterranean,7,not_assessed_method_not_selected
5d68875b-8bc5-392a-bd70-1c161e484c23,Maneb,Elementary flows/emission/air,1,not_assessed_method_not_selected
5d7efa7f-2edf-3a26-8589-67ddbd4a04a2,Rock,Elementary flows/resource/ground,1,not_assessed_method_not_selected
5d84be53-a39e-3bbe-9060-7ac64094e8b6,Ethylene,Elementary flows/emission/ground,1,not_assessed_method_not_selected
5d89617f-b66c-3e43-ac10-7f322a4ca29b,Land use,Elementary flows/resource/ground/terrestrial/shrubland,3,not_assessed_method_not_selected
5d8b132e-d2d8-35bc-910a-594b7060c8c7,"Silane, tetrafluoro-",Elementary flows/emission/air/troposphere/rural,1,not_assessed_method_not_selected
5d90b6df-cc4c-3804-9bcc-82a9a0cf66b7,Strontium-89,Elementary flows/emission/water,1,not_assessed_method_not_selected
5d993d4e-b67d-30f3-af1b-1c8817fe7570,Metamitron,Elementary flows/emission/water,1,not_assessed_method_not_selected
5dede561-6b10-3be4-ac13-fd9d41b25023,Imidacloprid,Elementary flows/emission/water,1,not_assessed_method_not_selected
5df6753f-777d-376a-8fc4-d20569393f33,Ruthenium-106,Elementary flows/emission/water/fresh water body/river,1,not_assessed_method_not_selected
5e11929c-7e22-36f2-9448-577208796bb7,Thallium,Elementary flows/emission/air/troposphere/rural,2,not_assessed_method_not_selected
5e3bb292-7878-3df8-805a-f0b16e3cd597,Scandium,Elementary flows/emission/water/subterranean,2,not_assessed_method_not_selected
5e3fad45-b64b-3754-b56e-43b98f0d08c9,Barium,Elementary flows/emission/ground/human-dominated/industrial,3,not_assessed_method_not_selected
5e45ec9a-59f7-3cf8-8110-e1d2eb767a20,Barium-140,Elementary flows/emission/water/fresh water body/river,2,not_assessed_method_not_selected
5e4b1988-9223-3c28-8c1c-6c42a9b0eb03,Propylene oxide,Elementary flows/emission/air/troposphere/urban,2,not_assessed_method_not_selected
5eee9097-4afe-369a-ac20-b1f13d26676a,.gamma.-Butyrolactone,Elementary flows/emission/air/troposphere/urban,2,not_assessed_method_not_selected
5f06eae8-f6ac-3976-bbb2-397b66f548e4,Chromium,Elementary flows/emission/ground/human-dominated/industrial,4,not_assessed_method_not_selected
5f14eca3-d275-3e16-ad4b-196b497db71b,"(3R,5R)-7-[2-(4-fluorophenyl)-4-[(2-hydroxyphenyl)carbamoyl]-3-phenyl-5-propan-2-ylpyrrol-1-yl]-3,5-dihydroxyheptanoic acid",Elementary flows/emission/ground,1,not_assessed_method_not_selected
5f18c593-bdf8-38ba-81ce-c57bcec11815,Acetyl chloride,Elementary flows/emission/water/fresh water body/river,1,not_assessed_method_not_selected
5f1d610b-b494-3eae-9646-0fec609166b8,Manganese-54,Elementary flows/emission/water/fresh water body/river,6,not_assessed_method_not_selected
5f1eb3e5-1f79-3fb1-9b0a-331111881b9b,Trimethoprim,Elementary flows/emission/ground,1,not_assessed_method_not_selected
5f38d379-fe5b-354c-83b3-cba734266e82,Yttrium,Elementary flows/emission/water,4,not_assessed_method_not_selected
5f3bb2ec-d153-3cb5-9bc1-3eef8f44bf67,2-Methylnaphthalene,Elementary flows/emission/air,8,not_assessed_method_not_selected
5f3f5dc7-5858-3b4b-89e8-026ce20fafbe,Cesium-134,Elementary flows/emission/water/fresh water body/river,6,not_assessed_method_not_selected
5f75a7a8-003b-30a7-8f41-f83791efd349,Benzo[ghi]perylene,Elementary flows/emission/water,2,not_assessed_method_not_selected
5f85e79a-3a90-3599-bdf6-9ce9e00d742a,Olivine group,Elementary flows/resource/ground/subterranean,5,not_assessed_method_not_selected
5f8b336e-8505-358e-9c79-787ded52a418,Sulfide,Elementary flows/emission/water/fresh water body,2,not_assessed_method_not_selected
5f90bdca-cd2a-354f-a8bc-cf9f4fb6ba34,Bromate,Elementary flows/emission/water/fresh water body/river,6,not_assessed_method_not_selected
5fde0e5c-8a08-3f59-a099-8b3d74c16314,Methiocarb,Elementary flows/emission/water,1,not_assessed_method_not_selected
5fe16b97-3332-38eb-8030-b62db19473eb,Carbon disulfide,Elementary flows/emission/air,15,not_assessed_method_not_selected
60157536-0556-3314-b399-5d60f7c956a6,Rubidium,Elementary flows/emission/water,1,not_assessed_method_not_selected
602bf4f8-06e9-35ff-8850-415a09567a9e,Nitrite,Elementary flows/emission/water/fresh water body/river,6,not_assessed_method_not_selected
60356ed9-370c-386b-b237-1ad52d4758ac,Benzofluoranthene,Elementary flows/emission/water,4,not_assessed_method_not_selected
6051a1f6-90e3-3231-b4e6-fdd69c961129,Thallium,Elementary flows/emission/water,5,not_assessed_method_not_selected
605febf5-6f0d-3a65-9580-872956cec9d0,Cyanide,Elementary flows/emission/air/troposphere/urban,2,not_assessed_method_not_selected
606f9bb2-11c4-310f-85bb-e7806368efd4,Gallium,Elementary flows/resource/ground/subterranean,1,not_assessed_method_not_selected
6071a457-00a0-3579-ba90-f2fffe497f8b,Paraffins,Elementary flows/emission/non-FEDEFL/water/fresh water body/river,1,not_assessed_method_not_selected
607bf364-270b-3806-9486-61e0d547c7ba,Molybdenum-99,Elementary flows/emission/water/fresh water body,2,not_assessed_method_not_selected
608789fc-efb0-3b8a-b69f-d16d4464ba36,Silver(I),Elementary flows/emission/water,1,not_assessed_method_not_selected
60913e05-68da-35d9-b5ae-e35e44e3c3df,Nitric acid,Elementary flows/emission/water,1,not_assessed_method_not_selected
60971e7f-03ce-37c1-b95b-b51f4d2a49e1,Dicyclopentadiene,Elementary flows/emission/air,2,not_assessed_method_not_selected
60abf4e6-f0bb-3a2a-af14-8bb1cb8d045e,Orbencarb,Elementary flows/emission/ground,1,not_assessed_method_not_selected
60b4cfa4-c1af-3662-96d6-43c2b69bff6f,"2,4,5-T",Elementary flows/emission/water,1,not_assessed_method_not_selected
60c6d4e3-32ff-3939-b773-88816686c3df,Thorium-230,Elementary flows/emission/water,1,not_assessed_method_not_selected
6153bae0-d116-38b2-932d-fbc5dd518238,Molybdenum,Elementary flows/emission/water/subterranean,2,not_assessed_method_not_selected
6187175f-c6b5-313b-9128-f3a0a1ccd2c5,"Benzenes, alkylated, unspecified",Elementary flows/emission/non-FEDEFL/water,3,not_assessed_method_not_selected
618fb26c-226e-3b59-8918-324468903c24,Benzal chloride,Elementary flows/emission/air,2,not_assessed_method_not_selected
619107fa-6006-324e-b2b0-43fb6bca0210,"Aldehydes, C5",Elementary flows/emission/air/troposphere/high,1,not_assessed_method_not_selected
61a45604-2ff4-384b-8d90-bae7206c2540,Total dissolved solids,Elementary flows/emission/water,22,not_assessed_method_not_selected
61bc5d6d-3bff-363f-b9ca-21d85ea555be,"1-(1,1,2,3,3,6-hexamethyl-2H-inden-5-yl)ethanone",Elementary flows/emission/water/fresh water body,1,not_assessed_method_not_selected
61e0ce38-f2d1-3110-ac1f-cb30e9208737,Glyphosate-trimesium,Elementary flows/emission/air/troposphere/rural,1,not_assessed_method_not_selected
624e4e45-0474-3609-9317-8aae889414b6,Hydrogen peroxide,Elementary flows/emission/water,1,not_assessed_method_not_selected
6276ed41-6804-39fe-93ae-339e0a5d6eea,Phenol,Elementary flows/emission/water/fresh water body/river,2,not_assessed_method_not_selected
6279bdfa-4ea1-328b-9413-2ceceadacbb9,S-Metolachlor,Elementary flows/emission/water,1,not_assessed_method_not_selected
627ef3a5-9a70-3fb9-8bb7-2792eddec502,Anthracene,Elementary flows/emission/water,6,not_assessed_method_not_selected
62a7a950-2bd1-3d58-bde3-03bb465e564c,Magnesium,Elementary flows/emission/air/stratosphere,1,not_assessed_method_not_selected
62f3e781-d884-3080-9344-dded2766ff3b,"3,3'-Dichlorobenzidine",Elementary flows/emission/air,2,not_assessed_method_not_selected
630916b3-a6d6-3e28-af41-729fd6660a86,Cadmium(II),Elementary flows/emission/water/subterranean,2,not_assessed_method_not_selected
630b520b-8281-368a-b33e-d1c2c718dd0e,Pyriproxyfen,Elementary flows/emission/ground,1,not_assessed_method_not_selected
632b59d5-bca6-3d75-975f-58d1e47e8b81,Ethanol,Elementary flows/emission/air/troposphere/urban,2,not_assessed_method_not_selected
632cad0e-f2fa-3047-b590-9881616ef2a5,Metribuzin,Elementary flows/emission/ground,1,not_assessed_method_not_selected
63354645-80e8-39ab-9f44-b285c6777747,m-Nitrophenol,Elementary flows/emission/air,1,not_assessed_method_not_selected
634065f2-d1d1-3ca6-86fd-bb6db71e128c,Ethyl acetate,Elementary flows/emission/water/fresh water body/river,2,not_assessed_method_not_selected
63616bae-2423-3b22-a4fc-05d8b7a349e8,"Noble gases, radioactive, unspecified",Elementary flows/emission/water/saline water body/ocean,1,not_assessed_method_not_selected
637025a8-66e5-3808-8cf5-f9a036fb4c91,Methyl lactate,Elementary flows/emission/air,3,not_assessed_method_not_selected
637c2a11-389c-3555-a5be-62d3823dbd2a,Dodecane,Elementary flows/emission/water,4,not_assessed_method_not_selected
639a3dd8-ebfc-36e2-9b5e-c846509fe259,Ethanol,Elementary flows/emission/water,1,not_assessed_method_not_selected
63b06979-31b5-3ef3-9b31-69f3f959a74d,Chloride,Elementary flows/emission/water/saline water body/ocean,8,not_assessed_method_not_selected
63bd071e-a05b-3666-ba14-e1a487ed151b,Bromine,Elementary flows/emission/water,2,not_assessed_method_not_selected
63d60630-4f95-3b07-85f6-5c332912910c,Silver(I),Elementary flows/emission/water/fresh water body/river,5,not_assessed_method_not_selected
63d60885-ab24-3304-b372-6f332ad44f5a,Boron,Elementary flows/emission/water/fresh water body,2,not_assessed_method_not_selected
63e8b1ae-f784-3f6c-83b1-c5fb9a054aa8,Phosphoric acid,Elementary flows/emission/water,2,not_assessed_method_not_selected
63fa9993-84b6-3075-894b-44d3aa934760,Thallium,Elementary flows/emission/water/subterranean/fresh water body,1,not_assessed_method_not_selected
640aa69e-8de3-3a77-897d-8bcae885ce3d,Pyrazon,Elementary flows/emission/ground,1,not_assessed_method_not_selected
640da37a-999d-3f96-9fba-f7703e0e3c9d,Clomazone,Elementary flows/emission/air/troposphere/rural,1,not_assessed_method_not_selected
6432e695-97e1-3827-bf7a-fff75a492c81,Benz[a]anthracene,Elementary flows/emission/air/troposphere/rural,40,not_assessed_method_not_selected
6438548e-77ef-35c2-97d9-8471835bcd8f,Land use,Elementary flows/resource/ground,2,not_assessed_method_not_selected
643aef04-de1f-3c91-a4d8-71f164dbe30f,Radium-226,Elementary flows/emission/water,7,not_assessed_method_not_selected
644801f4-476d-34a3-9be2-82ec7a246c9d,Chloroform,Elementary flows/emission/air/troposphere/rural,2,not_assessed_method_not_selected
647cac25-44c0-35e5-88c8-8935f2660071,5-Methylchrysene,Elementary flows/emission/air,6,not_assessed_method_not_selected
64d7e0d8-62dd-3d63-895e-84f94aedbcd3,Carbonate,Elementary flows/emission/water/saline water body/ocean,7,not_assessed_method_not_selected
6543ad83-d4c7-3798-a80f-0a6023299f77,Testosterone,Elementary flows/emission/ground,1,not_assessed_method_not_selected
654cb3f2-6a57-3b5f-8e5b-2cc81d4ca5de,"(3R,5R)-7-[2-(4-fluorophenyl)-4-[(2-hydroxyphenyl)carbamoyl]-3-phenyl-5-propan-2-ylpyrrol-1-yl]-3,5-dihydroxyheptanoic acid",Elementary flows/emission/water/fresh water body,1,not_assessed_method_not_selected
656197b0-0312-3c7d-85a8-37638288a23b,Lead,Elementary flows/emission/water/fresh water body,2,not_assessed_method_not_selected
657c8dde-eebb-3e7c-88b7-1ca71cffffd7,Bromide,Elementary flows/emission/ground,1,not_assessed_method_not_selected
65b5d5dd-95b5-36b2-8cb0-7c5501ff1e32,Ammonia,Elementary flows/emission/air,90,not_assessed_method_not_selected
65b9f59c-862a-313e-8dcc-81d5508562ca,Cesium-137,Elementary flows/emission/air/troposphere/rural,6,not_assessed_method_not_selected
65e517b6-9279-3eac-98f8-d4bd8b0107b8,Aluminum(III),Elementary flows/emission/water/saline water body/ocean,2,not_assessed_method_not_selected
65e779fb-a1fd-3148-94c6-686e8e213790,"Suspended solids, inorganic",Elementary flows/emission/water/saline water body/ocean,5,not_assessed_method_not_selected
66362475-a556-31aa-8a87-5553017bc2b7,Arsenic,Elementary flows/emission/water/subterranean/fresh water body,1,not_assessed_method_not_selected
6681df8b-a9b1-3fbc-98c5-79a1f1f699f8,"Particulate matter, > 10μm",Elementary flows/emission/water/saline water body/ocean,1,not_assessed_method_not_selected
669c46b1-da72-34b2-ab52-38fdfc844989,Trifloxystrobin,Elementary flows/emission/water,1,not_assessed_method_not_selected
66cc5f76-d389-3b43-946c-32751325f532,Perlite,Elementary flows/resource/ground/subterranean,2,not_assessed_method_not_selected
66fa486a-a469-3111-81ea-02f3ee6477ba,"1,2,3,7,8-Pentachlorodibenzo-p-dioxin",Elementary flows/emission/air,2,not_assessed_method_not_selected
670a7e81-4e50-3ee6-9a86-3e31d4f05778,Tetradecane,Elementary flows/emission/water,4,not_assessed_method_not_selected
67297f72-511b-3e86-b7e4-676437a75dbf,"Water, saline",Elementary flows/resource/water,3,not_assessed_method_not_selected
6729d23b-5e28-3e27-ab43-d0402d2acd41,Antimony-125,Elementary flows/emission/water/fresh water body/river,6,not_assessed_method_not_selected
675d27f1-91b6-3a26-b747-2d8f5fdfa02f,"7,12-Dimethylbenz[a]anthracene",Elementary flows/emission/air,8,not_assessed_method_not_selected
676f217e-6637-306c-8cb8-e5a77dd32d4f,Nitrate,Elementary flows/emission/water/fresh water body,2,not_assessed_method_not_selected
6782ff65-c294-3212-91de-e103b789685b,Dinoseb,Elementary flows/emission/ground,1,not_assessed_method_not_selected
6787d9fc-6134-3976-912d-f21eef076356,Di-n-octyl phthalate,Elementary flows/emission/water/fresh water body,1,not_assessed_method_not_selected
67999cea-e58a-3044-95a9-4b45269260fd,Benzene,Elementary flows/emission/water,11,not_assessed_method_not_selected
67b24945-1df3-3ee4-b813-0993334c0d4a,Krypton-88,Elementary flows/emission/air,3,not_assessed_method_not_selected
67b9cc0b-261c-3b14-ae73-b88855d26a0f,Pyridine,Elementary flows/emission/air,2,not_assessed_method_not_selected
67f9e8e6-610c-3cb6-a81b-f1e65133ef71,Cyanide,Elementary flows/emission/water/saline water body/ocean,8,not_assessed_method_not_selected
67fa9688-b522-301f-be1a-1c1df892c588,Samarium,Elementary flows/resource/ground/subterranean,3,not_assessed_method_not_selected
67fc25e9-c934-3213-9c88-87e045a47114,3-Methylpentane,Elementary flows/emission/air,2,not_assessed_method_not_selected
682cf2c7-09f7-3b75-b316-f3f961e86847,Cerium-141,Elementary flows/emission/water,1,not_assessed_method_not_selected
68417cd0-43fc-3e4d-94d7-1db95f5d069f,Ethyl mercaptan,Elementary flows/emission/air,1,not_assessed_method_not_selected
6858ba26-dfce-311d-9b2d-c9ed4a43205f,Iodine-133,Elementary flows/emission/water,1,not_assessed_method_not_selected
6861447c-36a5-38eb-9cc3-81ffc9a4528f,Isobutanol,Elementary flows/emission/air/troposphere/urban,1,not_assessed_method_not_selected
687b7004-d26d-3dfc-b8f2-81e092bc4bca,Mercury,Elementary flows/emission/water,25,not_assessed_method_not_selected
6884c0e2-f3e0-3810-ba51-2ed6ac6b8430,C5 alkenes,Elementary flows/emission/air,1,not_assessed_method_not_selected
6885e4ca-1f20-3457-bcd8-b409c641c69d,Sulfur trioxide,Elementary flows/emission/water/fresh water body,2,not_assessed_method_not_selected
688af4a2-9de5-38a8-87bd-08ac66b23b0e,Hydrogen sulfide,Elementary flows/emission/water/subterranean,1,not_assessed_method_not_selected
68c6cf3d-a36e-3a9a-b71e-a8deb3de1d07,Beta Cypermethrin,Elementary flows/emission/water,1,not_assessed_method_not_selected
68d98174-4c5c-370c-beda-23b93ce00b43,"Hydrocarbons, chlorinated",Elementary flows/emission/air,4,not_assessed_method_not_selected
68f4dfa4-87c3-33fe-a1c0-bb0610f2fb1b,Carbon,Elementary flows/emission/water,4,not_assessed_method_not_selected
6935c5c7-f4a3-3ae6-b120-4f45bb1c984b,Sodium hypochlorite,Elementary flows/emission/water,4,not_assessed_method_not_selected
6941c86c-fedd-3dab-be75-5758429829cc,Ethylbenzene,Elementary flows/emission/air/troposphere/rural,1,not_assessed_method_not_selected
69520c36-9831-3d76-8526-860932816ccd,"1-(1,1,2,3,3,6-hexamethyl-2H-inden-5-yl)ethanone",Elementary flows/emission/ground,1,not_assessed_method_not_selected
696bd7f7-551c-3a92-b203-9ac11066e830,Glutaraldehyde,Elementary flows/emission/water/saline water body/ocean,2,not_assessed_method_not_selected
69717e8a-c84b-3fed-afcd-863b4e29c089,Benzofluoranthene,Elementary flows/emission/water/saline water body/ocean,6,not_assessed_method_not_selected
6973b3f1-847c-3d26-8f6b-15f4550e30e5,"Energy, heat",Elementary flows/emission/water,6,not_assessed_method_not_selected
698207e8-3ab7-38ef-9e17-a9fff2cbcf79,Ulexite,Elementary flows/resource/ground/subterranean,1,not_assessed_method_not_selected
69932d4d-11aa-3069-9eda-3000c4247d96,Decane,Elementary flows/emission/water/fresh water body/river,1,not_assessed_method_not_selected
69a9a7fd-ab8a-3028-9721-b5714e51a9e3,Carbon monoxide,Elementary flows/emission/air/troposphere/high,1,not_assessed_method_not_selected
69bc8b47-09b5-3a09-b7f4-3e4d2925ce5a,Styrene,Elementary flows/emission/air,18,not_assessed_method_not_selected
69bf1b3e-8c8f-3ade-b0a1-1ab051a8496e,"Aldehydes, unspecified",Elementary flows/emission/air,2,not_assessed_method_not_selected
69e99d92-822f-3188-bc5a-f1f63bcee327,Lead(II),Elementary flows/emission/water/fresh water body,1,not_assessed_method_not_selected
69ed4d24-344e-327b-b3f8-4aa90b11596c,Trichlorfon,Elementary flows/emission/water/fresh water body,2,not_assessed_method_not_selected
69f38369-cdd6-351a-a943-610ac8499ac2,Chromium-51,Elementary flows/emission/water/fresh water body/river,2,not_assessed_method_not_selected
6a130787-f858-3298-b572-0bcd4d2bd21c,Colemanite,Elementary flows/resource/ground/subterranean,7,not_assessed_method_not_selected
6a363e7a-441d-3c00-bd50-72bf574ad92d,Tin,Elementary flows/emission/air,9,not_assessed_method_not_selected
6a8ca31c-ede5-38b1-8c30-2d50fb499a55,Hydrocarbons,Elementary flows/emission/air,21,not_assessed_method_not_selected
6a970f38-b25b-39dd-983b-2ba99b3ae96f,HCFC-141b,Elementary flows/emission/air,1,not_assessed_method_not_selected
6acddb9a-db2e-35e7-a5ca-e8f0b3901a2d,Nitrogen,Elementary flows/emission/water/saline water body,3,not_assessed_method_not_selected
6ae22471-163f-3583-a2ab-0b03e2a296ed,.lambda.-Cyhalothrin,Elementary flows/emission/ground,1,not_assessed_method_not_selected
6b2e7976-975a-3ad3-82f5-af0eb49fbb60,Potassium(I),Elementary flows/emission/water/subterranean,2,not_assessed_method_not_selected
6b3108d3-8d9a-37c7-a703-50823fcfa471,Adsorbable organic halides,Elementary flows/emission/air,1,not_assessed_method_not_selected
6b345f2c-0e01-362c-b30e-ba67b0ec82d1,Calcium,Elementary flows/emission/water/fresh water body,2,not_assessed_method_not_selected
6b4058f2-4c68-3f1f-8d23-4f41c36ef1bc,Pyrite,Elementary flows/resource/ground/subterranean,4,not_assessed_method_not_selected
6b851f6d-b69d-3664-a295-15970b644d39,Silicon,Elementary flows/emission/water/saline water body/ocean,2,not_assessed_method_not_selected
6b977b90-4f22-3641-a85e-0cb6a4da56d1,Nitrite,Elementary flows/emission/water/saline water body/ocean,8,not_assessed_method_not_selected
6b9b06bc-c983-3af8-b4b7-600219378bfc,Trona,Elementary flows/resource/ground/subterranean,1,not_assessed_method_not_selected
6ba4c1da-c033-3657-bdb9-ce7fd745b760,Carbaryl,Elementary flows/emission/air/troposphere/rural,1,not_assessed_method_not_selected
6be25cea-eaf7-3ce1-8596-5ae68d321744,Halon 1011,Elementary flows/emission/air,1,not_assessed_method_not_selected
6beff009-14f8-38c9-8b64-1757237156e8,1-Methoxy-2-propyl acetate,Elementary flows/emission/air,7,not_assessed_method_not_selected
6c0c25ac-f2ad-32a8-954d-38b0d74e2769,Phenol,Elementary flows/emission/air/troposphere/urban,2,not_assessed_method_not_selected
6c0ce542-ef71-3859-97b8-02b6f245e289,Acetaldehyde,Elementary flows/emission/water/fresh water body,2,not_assessed_method_not_selected
6c209e8b-6ab5-3641-835f-4c4b6f5952a6,Cloransulam-methyl,Elementary flows/emission/air/troposphere/rural,1,not_assessed_method_not_selected
6c222f6f-ccca-3285-9167-7862e1996089,Mercaptans,Elementary flows/emission/air/troposphere/rural/low,1,not_assessed_method_not_selected
6c33727d-6bfe-3bf3-8c4b-68b1edec0dc3,Iodine-131,Elementary flows/emission/air/troposphere/rural,6,not_assessed_method_not_selected
6c4a3f12-9102-3b70-8770-44ac0f129251,n-Butyl acetate,Elementary flows/emission/water/fresh water body/river,2,not_assessed_method_not_selected
6c7402f5-173f-358a-8724-db60071b5091,Pentane,Elementary flows/emission/air,11,not_assessed_method_not_selected
6c82f4d1-4fa8-3b7e-816d-c4153c0eba6d,Ethylbenzene,Elementary flows/emission/water,13,not_assessed_method_not_selected
6c911413-83fd-3eaf-bcd9-1cac5da84ac9,Propionaldehyde,Elementary flows/emission/air/troposphere/urban,2,not_assessed_method_not_selected
6c9ae5d6-82f1-38ac-9b53-f552f2420dbf,Butyl benzyl phthalate,Elementary flows/emission/ground,1,not_assessed_method_not_selected
6c9b1db4-74d6-318f-bc94-1613d1ba068b,Zinc,Elementary flows/resource/ground/subterranean,7,not_assessed_method_not_selected
6cac9c90-30da-37e8-8227-11224b8baa61,Ethylamine,Elementary flows/emission/water/fresh water body/river,1,not_assessed_method_not_selected
6d05227d-4a8f-3055-94e4-7a66b8aa7509,Radium-228,Elementary flows/emission/air/troposphere/urban,2,not_assessed_method_not_selected
6d18c85a-c0a8-337f-902f-6f439b361cf3,Silver-110,Elementary flows/emission/air/troposphere/rural,2,not_assessed_method_not_selected
6d8f1563-ff93-33fa-9580-9433c974a39a,Phenol,Elementary flows/emission/water/saline water body/ocean,8,not_assessed_method_not_selected
6db1dc8d-facf-347f-9885-53936a44286b,Naphthalene,Elementary flows/emission/water,15,not_assessed_method_not_selected
6dd47b6e-b8a8-3ed1-813e-c15ce4261c40,Morpholine,Elementary flows/emission/water,1,not_assessed_method_not_selected
6dd759d4-a083-38bc-9ba1-f6318c8dcd2b,Thorium-234,Elementary flows/emission/water/fresh water body,2,not_assessed_method_not_selected
6df1680b-9013-3438-acc1-33da85b2959d,Potassium-40,Elementary flows/emission/water/fresh water body/river,2,not_assessed_method_not_selected
6e0ac866-e540-36c7-bf50-2c138316a370,Teflubenzuron,Elementary flows/emission/ground,1,not_assessed_method_not_selected
6e1d6c76-51e8-3719-92a2-aaabf23f3405,"Benzene, pentamethyl-",Elementary flows/emission/water,4,not_assessed_method_not_selected
6e39e48c-f065-33e5-b9e2-7fc7ca486b63,Lanthanum,Elementary flows/resource/ground/subterranean,1,not_assessed_method_not_selected
6e3fb13f-baa9-38ee-84a4-c4c2b3499353,CFC-113,Elementary flows/emission/air/troposphere/urban,1,not_assessed_method_not_selected
6e414092-5f92-3cd9-afaa-94ddeacb895b,Peat,Elementary flows/resource/ground,4,not_assessed_method_not_selected
6e475f1f-0e79-35b6-83d6-3929b5d08c9a,Iodine-131,Elementary flows/emission/water/saline water body/ocean,3,not_assessed_method_not_selected
6e8f5792-945d-35a1-a558-663397d47b5b,Zinc compounds,Elementary flows/emission/water,2,not_assessed_method_not_selected
6eba1101-a7ea-38d7-b08c-736d36ed6847,Fluorine,Elementary flows/emission/air/stratosphere,1,not_assessed_method_not_selected
6ebd34fb-4c7c-3a16-b411-cffa49e808e1,Chromium-51,Elementary flows/emission/water/fresh water body,2,not_assessed_method_not_selected
6ecf11fc-fa9c-39d0-a608-415add0f05e4,Hydrochloric acid,Elementary flows/emission/air/stratosphere,1,not_assessed_method_not_selected
6ef6ea0e-740c-38f4-9dbe-9a865ef81c83,Phenol,Elementary flows/emission/air/troposphere/rural,2,not_assessed_method_not_selected
6efd0c96-80fd-3387-9e04-88d2289d150d,Methyl tert-butyl ether,Elementary flows/emission/water/fresh water body/river,2,not_assessed_method_not_selected
6f1b0896-f4b4-3017-b5f2-a0b9cd83a02a,Metolachlor,Elementary flows/emission/ground/human-dominated/agricultural,2,not_assessed_method_not_selected
6f861846-1c4c-3fc9-a198-56b2d9abd83b,Volatile organic compounds,Elementary flows/emission/air,155,not_assessed_method_not_selected
6f9e4b15-50b2-3a3e-8464-fe2bc00448a2,Phosphorus compounds,Elementary flows/emission/water,3,not_assessed_method_not_selected
6fd19f74-c6b1-3a9b-9126-c1aacb88a266,non used primary energy from wind power,Elementary flows/emission/non-FEDEFL/air,4,not_assessed_method_not_selected
6fdd75af-f0f6-3afb-aad4-ad3d4db59d58,Nitrate,Elementary flows/emission/air/troposphere/urban,2,not_assessed_method_not_selected
6fe5f244-7cd0-3cf7-80c0-e1b258a886fc,"Ethanol, 2-(2-propoxyethoxy)-",Elementary flows/emission/air,2,not_assessed_method_not_selected
7006c273-b24d-366b-b70d-ee1405a810cc,Cyprodinil,Elementary flows/emission/air,2,not_assessed_method_not_selected
70088271-74bc-397b-9525-d1b39686eea3,Monocrotophos,Elementary flows/emission/air,1,not_assessed_method_not_selected
705063c2-37cb-352d-91b9-0783161defe2,Cesium-137,Elementary flows/emission/ground,1,not_assessed_method_not_selected
70d83401-4d51-369b-9e27-185cf85d580b,Basalt,Elementary flows/resource/ground/subterranean,7,not_assessed_method_not_selected
70fedc48-3895-3b66-9a00-e2e5958d51b8,Benzo[e]pyrene,Elementary flows/emission/air,4,not_assessed_method_not_selected
7113ed99-e5b4-3ff7-af3f-7a8fb5c222ba,Zinc sulfate,Elementary flows/emission/air,6,not_assessed_method_not_selected
7140c7dc-59e5-3bb2-8937-425a262b34f1,Uranium,Elementary flows/emission/water/fresh water body,2,not_assessed_method_not_selected
7169740f-952b-3864-af69-483bcb660d07,Nitrogen dioxide,Elementary flows/emission/water/subterranean/fresh water body,1,not_assessed_method_not_selected
716c4b40-fa74-32d4-ba42-e4f1c55c0e4d,Isoproturon,Elementary flows/emission/water,1,not_assessed_method_not_selected
719ffe0c-fb7d-35c5-a334-0c86f0a7b35c,Propylene oxide,Elementary flows/emission/water/fresh water body/river,2,not_assessed_method_not_selected
71a07160-4ecc-3056-8e1a-2598a62db1a5,Cobalt compounds,Elementary flows/emission/water,2,not_assessed_method_not_selected
71a09a1c-b99c-3d23-9cde-eb108b0a682c,Mancozeb,Elementary flows/emission/ground/human-dominated/agricultural,2,not_assessed_method_not_selected
71a1a2ca-0397-3b78-a70b-622be3d532a4,Crude oil,Elementary flows/emission/water/brackish water body,1,not_assessed_method_not_selected
71ddb377-5261-3c34-b552-34e0e2f5210d,Dichloroethane,Elementary flows/emission/air,1,not_assessed_method_not_selected
71e0d3bf-1160-31e6-b978-5447af749cc4,Thorium-230,Elementary flows/emission/water/subterranean/fresh water body,1,not_assessed_method_not_selected
71f2d986-ed4b-3342-8ca7-15dd2dc30239,Mercury compounds,Elementary flows/emission/water,2,not_assessed_method_not_selected
721121c7-a4c7-3fc1-bbc4-7fbaecc2fbe2,Carbonate,Elementary flows/emission/water,1,not_assessed_method_not_selected
72283fe0-b19a-38e4-aa8d-a3242f116f2e,Methyl tert-butyl ether,Elementary flows/emission/water/saline water body/ocean,2,not_assessed_method_not_selected
728be39c-28cc-3955-afe9-f99438b8a54d,2-Methoxyethanol,Elementary flows/emission/air,4,not_assessed_method_not_selected
72e54433-a3d9-348d-aac4-684499fea92b,Bentonite,Elementary flows/resource/ground,1,not_assessed_method_not_selected
7306a222-cbbc-391d-bbc8-346904e41235,Methanol,Elementary flows/emission/water,10,not_assessed_method_not_selected
7346f0e9-44cb-3fb6-800d-c206e441b83c,Sodium-24,Elementary flows/emission/water,1,not_assessed_method_not_selected
735d1149-bcb1-32ff-820a-a957073d0288,Deltamethrin,Elementary flows/emission/air,4,not_assessed_method_not_selected
736ee033-a9eb-3b3f-938c-ba9ddd12aad9,2-Pentene,Elementary flows/emission/air,1,not_assessed_method_not_selected
738f9a30-934e-3f7b-8d52-940d40067935,HFC-143,Elementary flows/emission/air,5,not_assessed_method_not_selected
73a317cc-eb23-35dc-aa06-4607d8a27792,Pentachlorobenzene,Elementary flows/emission/air/troposphere/urban,1,not_assessed_method_not_selected
73bd4fe2-60e6-31a5-8360-0c38552a3384,Strontium,Elementary flows/emission/water/saline water body/ocean,8,not_assessed_method_not_selected
73c7e092-2c23-39b6-a158-0d29e73f8910,Folpet,Elementary flows/emission/air,1,not_assessed_method_not_selected
73cd9398-29ee-358a-b861-d2ee61250ca9,Acetylene,Elementary flows/emission/air/troposphere/urban,2,not_assessed_method_not_selected
73e0e0cf-e80d-32ba-8771-fceae786bd49,2-Nitropropane,Elementary flows/emission/air,2,not_assessed_method_not_selected
73e43f0e-840c-3457-8332-9b3f6134b5ab,Manganese,Elementary flows/emission/water/fresh water body,2,not_assessed_method_not_selected
7401407a-978a-355e-81db-826dc484dd4a,Iron,Elementary flows/emission/air,14,not_assessed_method_not_selected
74028ea2-e1ce-3fc8-99f6-1b02acb3e3dd,Sodium,Elementary flows/emission/air/stratosphere,1,not_assessed_method_not_selected
741dd160-026e-3849-9f37-b9520f28656e,Radium-226,Elementary flows/emission/air,4,not_assessed_method_not_selected
74274d24-6752-3bd8-9364-a8adb87fc450,Atrazine,Elementary flows/emission/water/fresh water body,3,not_assessed_method_not_selected
744039f7-9641-399c-9f9e-e4a78eab355b,Metals,Elementary flows/emission/water,17,not_assessed_method_not_selected
7458813b-3bd3-3f38-8227-74d8e8826d14,Krypton-88,Elementary flows/emission/air/troposphere/rural,2,not_assessed_method_not_selected
747c5d51-43f1-3dc6-a854-43a08d8933a9,Aromatic hydrocarbons,Elementary flows/emission/water/fresh water body/river,2,not_assessed_method_not_selected
747fa9a4-559b-37a4-ac9b-5ca630274739,HFC-32,Elementary flows/emission/air,7,not_assessed_method_not_selected
7480c9dc-0a08-39c0-bbe4-6b3537277865,Nitric acid,Elementary flows/emission/ground/human-dominated/industrial,6,not_assessed_method_not_selected
74992ee4-5589-3cfc-a4eb-ecfee3fe132e,Acenaphthylene,Elementary flows/emission/water/subterranean/fresh water body,1,not_assessed_method_not_selected
749c0a22-f6f5-35fa-bac7-870ece5ebe9a,Diisooctyl phthalate,Elementary flows/emission/air,1,not_assessed_method_not_selected
74cb3d20-02c2-369f-a4f2-5ed44e0bea44,Vinyl acetylene,Elementary flows/emission/air,2,not_assessed_method_not_selected
74ec13f4-2492-3099-949c-26ec4e15f0e1,Pentachlorobenzene,Elementary flows/emission/air,1,not_assessed_method_not_selected
74f41bc7-94b1-3370-adfd-cedbf6d8c2d9,Mercury,Elementary flows/emission/water/saline water body/ocean,8,not_assessed_method_not_selected
751bac95-6705-39b4-a9c9-3d394a5eaaa8,Zinc chloride,Elementary flows/emission/air,4,not_assessed_method_not_selected
753416eb-b6d7-3096-94c1-3c2513ce91af,Sodium hydroxide,Elementary flows/emission/air/troposphere/urban,2,not_assessed_method_not_selected
754c2cec-4857-36dc-abed-229d8aa91de7,Zinc-65,Elementary flows/emission/water/fresh water body/river,2,not_assessed_method_not_selected
7552df87-8715-3d7c-933a-e956c7140a74,Granite,Elementary flows/resource/ground/subterranean,5,not_assessed_method_not_selected
756d861a-c54c-3843-8450-8628787abbfc,Silicon,Elementary flows/resource/ground/subterranean,6,not_assessed_method_not_selected
75787b9c-5517-3b43-9ca7-46c1516fae31,Zinc oxide,Elementary flows/emission/air,5,not_assessed_method_not_selected
757e89b9-b576-375b-8428-37e272788caf,Polonium-210,Elementary flows/emission/water,1,not_assessed_method_not_selected
75957d62-1fcb-3b6b-9e1f-4b7a3e9e3bb0,Polycyclic aromatic hydrocarbons,Elementary flows/emission/ground/human-dominated/industrial,6,not_assessed_method_not_selected
75b1963a-a81c-39ea-a6a4-74dd8cc98c59,Methyl acrylate,Elementary flows/emission/air/troposphere/urban,6,not_assessed_method_not_selected
75fabf4e-95a9-3ac7-8fc1-461bf443ef11,Fluorine,Elementary flows/emission/water/subterranean/fresh water body,1,not_assessed_method_not_selected
760ddaf4-604e-3a3e-8943-2f9ad73bc1ef,Lead-210,Elementary flows/emission/air/troposphere/rural,6,not_assessed_method_not_selected
7626ee3b-0200-3784-a55f-de4e6c079066,Ruthenium-103,Elementary flows/emission/water/fresh water body/river,2,not_assessed_method_not_selected
76346438-9abb-33a0-8f8d-7ec155aa22a1,Bentazon,Elementary flows/emission/water/fresh water body,2,not_assessed_method_not_selected
7653c2d3-330a-3634-8bfe-c15c423bc091,Aluminum,Elementary flows/emission/air/troposphere/rural,2,not_assessed_method_not_selected
76569d1d-e514-3989-b367-4965bdff13b5,Tribromoethene,Elementary flows/emission/air,1,not_assessed_method_not_selected
769cfe1e-7731-300e-b553-a77611bafe6b,Iodide,Elementary flows/emission/water/fresh water body/river,6,not_assessed_method_not_selected
769dbca1-f841-3aea-a60d-bbefd9bf412e,Vanadium compounds,Elementary flows/emission/air,2,not_assessed_method_not_selected
76a48f74-314d-37c3-9d5d-2080a05848e2,Bifenthrin,Elementary flows/emission/air,1,not_assessed_method_not_selected
76a96f3f-4995-3b35-9b20-990bf891c064,Vanadium,Elementary flows/emission/ground/human-dominated/industrial,1,not_assessed_method_not_selected
76b25848-8799-39d5-b64b-c23a5b706b10,Pendimethalin,Elementary flows/emission/water,2,not_assessed_method_not_selected
76b9697a-54d4-3747-acb5-7618be47ca19,Cyclohexane,Elementary flows/emission/water,2,not_assessed_method_not_selected
76bd7eb9-a592-319f-9234-9a469de5bd59,Benzo[a]pyrene,Elementary flows/emission/air,64,not_assessed_method_not_selected
76c13ef5-00ce-34a9-a936-0ce84e063f86,"Carbon dioxide, biogenic",Elementary flows/emission/ground,1,not_assessed_method_not_selected
76cf7898-8461-3265-a3a4-14dd2682779e,HCFC-22,Elementary flows/emission/air,7,not_assessed_method_not_selected
76daf866-b662-3499-bcb6-6407d3d69208,Manganese ore,Elementary flows/resource/ground,2,not_assessed_method_not_selected
76fc3fa9-94e3-3d55-be48-80d792ede790,Lead,Elementary flows/emission/water/fresh water body/lake,2,not_assessed_method_not_selected
770fdf53-4300-3246-a9d0-94fe00ee8592,Chromium(VI),Elementary flows/emission/water/fresh water body/river,2,not_assessed_method_not_selected
77234e62-8cff-318d-a705-061ce47ad363,Metribuzin,Elementary flows/emission/ground/human-dominated/agricultural,2,not_assessed_method_not_selected
7725cd97-15e1-359f-880e-5c0328089590,Sodium,Elementary flows/emission/air/troposphere/urban,2,not_assessed_method_not_selected
773523ec-6816-35c1-82d0-1218f8752aed,Xenon-135m,Elementary flows/emission/air/troposphere/rural,6,not_assessed_method_not_selected
7767aefb-7b1e-3c05-89bb-269517bd1662,Scandium,Elementary flows/emission/air/troposphere/urban,2,not_assessed_method_not_selected
778fb50e-fcbd-3184-9411-0bc701b2b1f5,Chlorinated organic compounds,Elementary flows/emission/water,4,not_assessed_method_not_selected
77a7c873-a5bf-36fd-8301-305ff6cbff08,Imazaquin,Elementary flows/emission/water,1,not_assessed_method_not_selected
77f7f5d5-a234-3f37-aec1-9b63847ef396,Crotonaldehyde,Elementary flows/emission/air,1,not_assessed_method_not_selected
7831e9e9-36fc-3f72-afbe-3212cc75b975,"4,4'-Methylenedianiline",Elementary flows/emission/water,1,not_assessed_method_not_selected
786dd610-dc5d-3f73-8bec-90b253dd57b1,Molybdenum,Elementary flows/emission/air/troposphere/rural,2,not_assessed_method_not_selected
786e8081-5f2e-3bab-9585-d0dba98ec7c3,Total suspended solids,Elementary flows/emission/water,12,not_assessed_method_not_selected
7877fc7a-0a40-3008-af81-4a193dcc7215,Sylvinite,Elementary flows/resource/ground,1,not_assessed_method_not_selected
788682e3-96a1-302d-8a6f-1e84f64c187c,Xenon-133,Elementary flows/emission/air/troposphere/rural,6,not_assessed_method_not_selected
7890051d-8889-3c60-8065-9bbc3791dbab,Nitrogen,Elementary flows/resource/air/subterranean,2,not_assessed_method_not_selected
7896aafb-d824-39f4-b84e-f655180a7d9c,Boron,Elementary flows/emission/air/troposphere/rural,2,not_assessed_method_not_selected
789832ca-efbc-3d40-ac89-fcccb1f6afd7,Cobalt,Elementary flows/emission/air/stratosphere,1,not_assessed_method_not_selected
78a9d035-d2fe-34b1-ba40-847596d43f14,Ethylenediaminetetraacetic acid,Elementary flows/emission/water,1,not_assessed_method_not_selected
78bffa3c-5bda-3bfd-9453-e260a070da48,"Particulate matter, ≤ 10μm",Elementary flows/emission/water/fresh water body/river,1,not_assessed_method_not_selected
78c6ba82-3263-365d-b27f-d9b8b75f112b,Nickel,Elementary flows/resource/ground/subterranean,8,not_assessed_method_not_selected
78d98d99-b8a4-3914-9d99-64d00cee1b4f,Cobalt-57,Elementary flows/emission/water/fresh water body/river,2,not_assessed_method_not_selected
78e348a1-4f2b-3c1b-9edc-a36b7b0af531,Boron,Elementary flows/emission/ground,2,not_assessed_method_not_selected
78e61206-42c0-3e53-9ccc-03e0b6c2c275,Boron,Elementary flows/emission/air/troposphere/urban,6,not_assessed_method_not_selected
78eb12d7-d09b-3d36-8d35-b42a1e3cda24,"2,3,7,8-Tetrachlorodibenzo-p-dioxin",Elementary flows/emission/air/troposphere/rural,2,not_assessed_method_not_selected
78f32bf1-7a26-3163-9085-3df4da7d9e57,Sulfuric acid,Elementary flows/emission/water,6,not_assessed_method_not_selected
79361594-33fa-3e5e-9c77-f50b80a551af,Thallium,Elementary flows/emission/water/subterranean,2,not_assessed_method_not_selected
79460bb2-3e67-3f40-a84d-45d8413b846b,Talc,Elementary flows/resource/ground/subterranean,2,not_assessed_method_not_selected
7955b6e2-3ae6-315c-94f1-028d7faada34,Hexane,Elementary flows/emission/air,67,not_assessed_method_not_selected
796a409c-131b-3cfc-8444-5fa0a57c818e,Boron,Elementary flows/emission/water/subterranean,3,not_assessed_method_not_selected
796e57ac-545a-3d34-8f27-bf91f5cc476f,Hydrocarbons,Elementary flows/emission/water/fresh water body,3,not_assessed_method_not_selected
79c8845e-ecdb-3a71-90ae-522d3e89d125,Dibromomethane,Elementary flows/emission/water,1,not_assessed_method_not_selected
79da28cb-b699-371d-8134-02c6449db33d,Benzo[a]pyrene,Elementary flows/emission/air/troposphere/rural,42,not_assessed_method_not_selected
7a1c82ee-6505-3348-96a3-96f4eb32a325,Air,Elementary flows/emission/air,7,not_assessed_method_not_selected
7a20e4be-3e1d-375d-a248-101ea0f8ad1f,Cobalt,Elementary flows/emission/ground/human-dominated/agricultural,4,not_assessed_method_not_selected
7a2d0b82-407b-3e4a-9cdf-345ae54fd40d,1-Pentanol,Elementary flows/emission/water/fresh water body/river,1,not_assessed_method_not_selected
7a4332c9-f5eb-30bb-afe2-11542d9a9987,Titanium,Elementary flows/emission/air/troposphere/rural,6,not_assessed_method_not_selected
7a4d317f-256d-3438-8a96-90ece2935d31,Acetic acid,Elementary flows/emission/air,14,not_assessed_method_not_selected
7a74aeb4-75d4-3f3b-b53a-63acf571ac8c,Manganese,Elementary flows/emission/water/subterranean/fresh water body,1,not_assessed_method_not_selected
7a795e15-85c9-3b42-b787-877707680d93,Anthracene,Elementary flows/emission/water/saline water body/ocean,7,not_assessed_method_not_selected
7a868452-3943-3803-9dc9-0696f628c3e3,Barite,Elementary flows/resource/ground/subterranean,9,not_assessed_method_not_selected
7a899348-7413-31a9-aad9-2eb57437bf1d,Hydrocarbons,Elementary flows/emission/water/fresh water body/river,7,not_assessed_method_not_selected
7a94b643-c0f9-39be-9075-17994775e385,Carbon-14,Elementary flows/emission/air/troposphere/rural,6,not_assessed_method_not_selected
7aaecf6c-41c0-32c7-b729-6e77a49d6e9a,Zinc,Elementary flows/emission/water/fresh water body/river,1,not_assessed_method_not_selected
7ad12bb9-ceb8-3dea-8afc-3bb5beab4cf6,Manganese,Elementary flows/resource/ground,1,not_assessed_method_not_selected
7ad1a70b-cd66-3314-8cb8-a1d830497028,Nitrite,Elementary flows/emission/water/subterranean,2,not_assessed_method_not_selected
7b2291aa-1fbf-3494-a07a-fe8b066a7baf,Uranium-234,Elementary flows/emission/water/subterranean/fresh water body,1,not_assessed_method_not_selected
7b2a26ef-86ec-39e1-82e6-016b31800e2b,Ethylbenzene,Elementary flows/emission/air,19,not_assessed_method_not_selected
7b32f8e8-8b5f-3c58-b6d8-e85fc6a6202c,Fatty acids,Elementary flows/emission/water,1,not_assessed_method_not_selected
7b3ad362-b4b2-3132-a61a-c6c1418535aa,2-Ethoxyethanol,Elementary flows/emission/water,1,not_assessed_method_not_selected
7b5601ee-a0d5-3a58-9708-a61627b6e412,Acetylene,Elementary flows/emission/air/troposphere/rural,2,not_assessed_method_not_selected
7b561227-ede3-3172-a299-d2e2309bd033,Mercury,Elementary flows/emission/water/subterranean,2,not_assessed_method_not_selected
7b680a77-1b47-3ad7-8add-9eb584e4d38a,Acenaphthene,Elementary flows/emission/water/fresh water body/river,2,not_assessed_method_not_selected
7b9af1b3-5539-355a-b0c1-5a89b9bc45d4,Cloransulam-methyl,Elementary flows/emission/water,1,not_assessed_method_not_selected
7ba9a529-43f5-36ac-ad73-ebf3940b4bf8,Manganese,Elementary flows/emission/ground/human-dominated/agricultural,4,not_assessed_method_not_selected
7bad02a4-db5a-36f7-ad3e-b9c6a9c783ad,Antimony-124,Elementary flows/emission/water/fresh water body/river,6,not_assessed_method_not_selected
7bd52401-0f17-383a-9b24-9cd751bdb93c,Silver(I),Elementary flows/emission/water/subterranean,2,not_assessed_method_not_selected
7be7779c-aa0b-347d-845e-7da7cc9591f2,HCFC-22,Elementary flows/emission/air/troposphere/urban,1,not_assessed_method_not_selected
7bf6562e-fe4b-33b1-b4e3-29547b3850e0,Pentachlorophenol,Elementary flows/emission/air/troposphere/urban,1,not_assessed_method_not_selected
7c0566f7-d0b7-35ed-aa91-1fc1ec509fb5,Napropamide,Elementary flows/emission/ground/human-dominated/agricultural,2,not_assessed_method_not_selected
7c0778ce-548c-3bcb-b239-a95c602b2bcf,Nonylphenol,Elementary flows/emission/water/fresh water body,1,not_assessed_method_not_selected
7c08b93e-c4b5-39c9-a67e-b7e39e523fbd,Dimethylamine,Elementary flows/emission/water/fresh water body/river,1,not_assessed_method_not_selected
7c1cb09d-e615-31bc-aeae-7c9c5015217b,Ethoprop,Elementary flows/emission/water,1,not_assessed_method_not_selected
7c699d2a-6812-358b-847f-a7bfe515cd9d,Americium-241,Elementary flows/emission/water/subterranean/fresh water body,1,not_assessed_method_not_selected
7c8db4fd-8fd7-3fb6-8a03-242cea263d71,Strontium-90,Elementary flows/emission/water/subterranean/fresh water body,1,not_assessed_method_not_selected
7ca58e58-ada7-36c9-bdc6-1eea26d32abb,p-Cresol,Elementary flows/emission/air,7,not_assessed_method_not_selected
7cb4409e-f1ae-373b-b951-8b2aa71ac2db,Indoxacarb,Elementary flows/emission/ground,1,not_assessed_method_not_selected
7cbf7556-2b17-3cc2-97cf-5c9e24e50d65,Cobalt,Elementary flows/emission/water,5,not_assessed_method_not_selected
7cde5ade-4ac2-3c91-91c7-598042fb6685,Carbon,Elementary flows/resource/ground/subterranean,1,not_assessed_method_not_selected
7cdfc5c4-725d-37ba-8a2d-4b1159310d8c,Carbaryl,Elementary flows/emission/air,1,not_assessed_method_not_selected
7ce1da17-5ba1-338f-a070-fefd73eaa809,2-Butene,Elementary flows/emission/air,1,not_assessed_method_not_selected
7cfe87ec-d041-35a9-8547-17559edc863a,Cyclopentane,Elementary flows/emission/air,2,not_assessed_method_not_selected
7d159466-f46f-31f8-b723-6116c72c9ec3,Rock,Elementary flows/resource/ground/subterranean,9,not_assessed_method_not_selected
7d2d94b8-a7a3-3670-b74d-1fc75b7ed55e,Bromide,Elementary flows/emission/water,6,not_assessed_method_not_selected
7d32c2bf-6646-340c-8740-0cd70ea37aee,Hexane,Elementary flows/emission/water/subterranean/fresh water body,1,not_assessed_method_not_selected
7d3e2907-9432-3849-a1a5-37d8a34eefb7,Bromine,Elementary flows/emission/air/troposphere/rural,6,not_assessed_method_not_selected
7d9135f6-c1ad-3a27-ba35-ed7048230595,Iron,Elementary flows/emission/air/stratosphere,1,not_assessed_method_not_selected
7da38308-b536-32b4-b334-a34c8d952f07,Deltamethrin,Elementary flows/emission/water,2,not_assessed_method_not_selected
7da836fc-1250-3c81-8061-4ae278a39c3b,Glycidol,Elementary flows/emission/air,2,not_assessed_method_not_selected
7db2bbbe-840e-371b-9abb-f9558ea53e7d,Carbaryl,Elementary flows/emission/water,2,not_assessed_method_not_selected
7db7bb08-f079-39db-aa07-a3505833cad0,Butanediol,Elementary flows/emission/water/fresh water body,2,not_assessed_method_not_selected
7dbc7f82-299c-3674-9a75-d5dc46827447,Chlorimuron-ethyl,Elementary flows/emission/water,1,not_assessed_method_not_selected
7dbe300b-d061-3e5e-a9f0-1813e89d415c,Zinc,Elementary flows/resource/ground,1,not_assessed_method_not_selected
7dc937e1-56e9-323f-8aa2-7aadad8990ba,Bromoxynil,Elementary flows/emission/air/troposphere/rural,1,not_assessed_method_not_selected
7de685df-0092-3172-a9e0-32ef7d328800,Manganese,Elementary flows/resource/ground/subterranean,11,not_assessed_method_not_selected
7defcc4b-a2bf-3f58-9d22-44af257d871c,Ammonium,Elementary flows/emission/water/subterranean,2,not_assessed_method_not_selected
7e075722-4725-3d1b-868e-5538e230fd14,Magnesium,Elementary flows/emission/ground/human-dominated/industrial,8,not_assessed_method_not_selected
7e1448f4-4b82-3671-824c-a599cebf9849,Lead-210,Elementary flows/emission/water/fresh water body/river,2,not_assessed_method_not_selected
7e170699-e76f-3da8-b85c-2024062a01c0,Silver,Elementary flows/emission/water/subterranean/fresh water body,1,not_assessed_method_not_selected
7e3145d3-a1a3-36d0-ae11-d380127cde8b,Vanadium,Elementary flows/emission/air,13,not_assessed_method_not_selected
7e4c974f-9fad-31ca-bcd2-a123eae61d53,Carbonate,Elementary flows/emission/water/fresh water body,2,not_assessed_method_not_selected
7e4e1b99-0823-3cd3-bd52-aa848248ba9b,Carbetamide,Elementary flows/emission/ground/human-dominated/agricultural,2,not_assessed_method_not_selected
7e593a73-f341-34b3-8321-9c81cefc16c3,Carbon monoxide,Elementary flows/emission/water/fresh water body,2,not_assessed_method_not_selected
7e600c15-9a77-30e9-b1e1-3efabd927cee,Iron(II),Elementary flows/emission/water/subterranean,2,not_assessed_method_not_selected
7e63bc64-a8eb-3fd0-a9f2-d705ebe8ae27,Ozone,Elementary flows/emission/air/troposphere/rural,2,not_assessed_method_not_selected
7eac431b-e106-3043-bf4f-a1b2a7feecdb,Calcium,Elementary flows/emission/air/troposphere/urban,2,not_assessed_method_not_selected
7f16a41b-669f-3761-9d9a-091d44b60bb1,Carbon-14,Elementary flows/emission/water/fresh water body/river,1,not_assessed_method_not_selected
7f179913-870c-32b2-9534-ca6482e4547a,Cresol,Elementary flows/emission/water/fresh water body/river,1,not_assessed_method_not_selected
7f239748-60f8-327c-81c0-54cc19b83b8f,Zinc,Elementary flows/emission/air/troposphere/rural,2,not_assessed_method_not_selected
7f5783b2-3ff2-3fa1-aca1-b3be20657d9e,Total Organic Carbon,Elementary flows/emission/water/saline water body/ocean,6,not_assessed_method_not_selected
7f734e1a-2692-32b8-8dca-e61aa33ad921,Crude oil,Elementary flows/emission/water,1,not_assessed_method_not_selected
7f780ae0-df04-38f7-9589-a578bbe7043b,Hydrogen peroxide,Elementary flows/emission/air/troposphere/urban,2,not_assessed_method_not_selected
7fb0e2c1-0c3d-36ff-9ea2-b3f4bb25548a,Warfarin,Elementary flows/emission/water,1,not_assessed_method_not_selected
7fc4a3e1-65d0-3510-8fec-8da04e2f7bbd,Tellurium-123m,Elementary flows/emission/water/fresh water body/river,2,not_assessed_method_not_selected
7fcdec62-bc1b-364f-a2b3-095db476af5e,"Aldehydes, C5",Elementary flows/emission/air,1,not_assessed_method_not_selected
7fcfbc16-52fa-395d-9bbe-ddf765ab5e35,Calcium(II),Elementary flows/emission/water/subterranean,6,not_assessed_method_not_selected
7fdbc046-29ad-3377-a9c1-a45031e0cd53,"2,4-Dinitrotoluene",Elementary flows/emission/air,8,not_assessed_method_not_selected
7feae0b3-8fb8-3caf-9078-f23b4fd362d1,Dimethenamid,Elementary flows/emission/water,2,not_assessed_method_not_selected
7feb7eb1-5536-3c58-8cbc-997cb5cdec6e,"Oils, unspecified",Elementary flows/emission/non-FEDEFL/water/saline water body/ocean,5,not_assessed_method_not_selected
7feeb363-fbeb-37ad-937f-080834b9dc35,Biomass,Elementary flows/resource/biotic,12,not_assessed_method_not_selected
8009ecaf-66da-3133-abc8-ca6929d1de45,"Suspended solids, inorganic",Elementary flows/emission/water/fresh water body/river,3,not_assessed_method_not_selected
802eba53-686b-3eb5-ad78-1ff3de458590,"Benzene, C4",Elementary flows/emission/air,1,not_assessed_method_not_selected
8046bbc0-da6a-36fc-92f4-5959467e3c22,Ethane,Elementary flows/emission/air/troposphere/urban,2,not_assessed_method_not_selected
806aade4-8113-38db-bdaf-2d7fe7cfb9c3,Radium-228,Elementary flows/emission/water/saline water body/ocean,4,not_assessed_method_not_selected
806ce2b4-1a8c-3844-8372-dd0fa3797c21,Methyl tert-butyl ether,Elementary flows/emission/air,12,not_assessed_method_not_selected
80849dcd-77d8-320a-b90f-362b600e1fb1,Hydrogen,Elementary flows/emission/air/troposphere/urban,2,not_assessed_method_not_selected
809a611c-6b2b-3758-9052-cd9878e59a54,Fluoranthene,Elementary flows/emission/water/subterranean/fresh water body,1,not_assessed_method_not_selected
809fc19c-c152-3e3f-afd7-3c2da6c23d07,"1,2,3,4,7,8-Hexachlorodibenzofuran",Elementary flows/emission/water,1,not_assessed_method_not_selected
80bb4d1c-7a90-3a21-ad30-4f1e0b5d4cc2,Boron,Elementary flows/emission/ground/human-dominated/agricultural,2,not_assessed_method_not_selected
80d4ef62-ca97-37d6-87ac-83233956c063,Nitrogen trifluoride,Elementary flows/emission/air,3,not_assessed_method_not_selected
80e4b266-b196-35a4-aa89-7f45a3ad5472,Nickel compounds,Elementary flows/emission/ground,1,not_assessed_method_not_selected
80e6ef5e-0473-343e-867b-0eeb5cc63a02,Orthophosphate,Elementary flows/emission/water/subterranean,2,not_assessed_method_not_selected
80e8cf76-41ab-330b-a50a-6e18a63b4413,1-Propanol,Elementary flows/emission/air/troposphere/urban,2,not_assessed_method_not_selected
8122f9fb-a740-3bb7-bb66-f3f64059629d,Mercaptans,Elementary flows/emission/air,11,not_assessed_method_not_selected
81324bb5-31ae-3cac-afb6-d622d8f72d3f,Radon-220,Elementary flows/emission/air/troposphere/rural,2,not_assessed_method_not_selected
818a725d-4515-391a-9e4d-731c77634d27,Sodium hypochlorite,Elementary flows/emission/water/fresh water body,2,not_assessed_method_not_selected
81aaf3cf-9e7d-3a57-a9cc-c99dfeed0af4,Triclocarban,Elementary flows/emission/ground,1,not_assessed_method_not_selected
81c4d116-c824-332c-a34a-bad7968943ae,Iodine-131,Elementary flows/emission/water/subterranean/fresh water body,1,not_assessed_method_not_selected
81e2a72f-42f3-3f9b-9fdc-ebfe99a9a529,Metaldehyde,Elementary flows/emission/ground/human-dominated/agricultural,2,not_assessed_method_not_selected
81e3c503-08b0-3953-a7ff-64758a2588b9,Iron,Elementary flows/emission/ground/human-dominated/agricultural,4,not_assessed_method_not_selected
81e8ec51-082d-32dd-81bd-588997ee8646,Bromide,Elementary flows/emission/ground/human-dominated/industrial,7,not_assessed_method_not_selected
81f79a59-0dd1-3ff3-b68e-63e7e52c6aa6,"1,1,1-Trichloroethane",Elementary flows/emission/air/troposphere/rural,5,not_assessed_method_not_selected
81fab966-bdc6-3429-8d8b-3d2bd057f928,Sodium(I),Elementary flows/emission/water,12,not_assessed_method_not_selected
8230a7b1-12c7-3481-8311-0f90a9f7674c,"1,2-Butadiene",Elementary flows/emission/air,4,not_assessed_method_not_selected
8236902d-7f0e-3b61-b4b4-9b9c253fc325,Beryllium,Elementary flows/emission/air/troposphere/urban,2,not_assessed_method_not_selected
8247ce61-e8c3-378e-97c9-1bc905a8757e,Beryllium,Elementary flows/emission/ground/human-dominated/industrial,6,not_assessed_method_not_selected
827481a9-4649-3fa6-90b0-0e00c80c2ef8,Deltamethrin,Elementary flows/emission/water/fresh water body,2,not_assessed_method_not_selected
828d69ef-70e9-3bde-ba07-6e258ceed757,Antimony,Elementary flows/emission/water/fresh water body/river,6,not_assessed_method_not_selected
829eea7a-ce85-32fe-85bb-d1a1ed0c66e4,Sulfuric acid,Elementary flows/emission/ground/human-dominated/agricultural,2,not_assessed_method_not_selected
82fcc18d-8502-385b-8749-17b8f19fd177,Phenol,Elementary flows/emission/water,22,not_assessed_method_not_selected
8310b05c-afce-32b1-956f-dca79ba3beee,o-Nitrobenzoic acid,Elementary flows/emission/air/troposphere/urban,1,not_assessed_method_not_selected
8316b7f3-877e-3b66-91b6-668307492ac7,Curium-244,Elementary flows/emission/water,1,not_assessed_method_not_selected
831d121f-22fe-3f63-a4e7-fcec8c841053,Chromium(III),Elementary flows/emission/water/fresh water body/river,2,not_assessed_method_not_selected
8331f41d-1cee-3c38-a09c-1e711d9be9f7,Dibromodichloromethane,Elementary flows/emission/ground,1,not_assessed_method_not_selected
8334c424-1603-3274-bec1-15a7bd5c8e86,Sulfur hexafluoride,Elementary flows/emission/air,8,not_assessed_method_not_selected
834d1d1b-4f8c-3083-9636-82ea057b3373,Bifenthrin,Elementary flows/emission/water,1,not_assessed_method_not_selected
8368dead-a6d5-3e7f-b1e6-38c0d100260b,Methane,Elementary flows/resource/air,2,not_assessed_method_not_selected
837af52a-087b-3f51-8a1a-1a0c19f6fbc5,Acetic acid,Elementary flows/emission/water/saline water body/ocean,7,not_assessed_method_not_selected
837fe205-9c25-3550-84bc-3f5285f9a25d,1-Octene,Elementary flows/emission/air,2,not_assessed_method_not_selected
8384736f-93e4-3edc-af93-47bdc7ef9fc7,Acetophenone,Elementary flows/emission/air,12,not_assessed_method_not_selected
838d9e24-cef2-30ca-a31c-38c1e8aaf3b7,Sand,Elementary flows/resource/ground/subterranean,2,not_assessed_method_not_selected
83910ba3-988f-330c-aa07-afa1a2787805,HFC-134a,Elementary flows/emission/air/troposphere/rural,1,not_assessed_method_not_selected
839b1b58-8089-3455-9755-a839f9d1fdbc,Vinyl chloride,Elementary flows/emission/water,1,not_assessed_method_not_selected
83ad8bbb-6e80-3645-af9d-cf82127eb98d,Iodine-135,Elementary flows/emission/air/troposphere/rural,2,not_assessed_method_not_selected
83b0c293-eb96-30ba-aaae-942531c0972f,Vanadium,Elementary flows/emission/air/troposphere/rural,2,not_assessed_method_not_selected
83b8990a-c69c-3123-9668-ad74f2533b7f,Dichlorobenzene,Elementary flows/emission/water,1,not_assessed_method_not_selected
83ec57af-cff6-312c-81bb-a28f3c33e27a,Tribufos,Elementary flows/emission/water,1,not_assessed_method_not_selected
83f8b02b-1fc2-3a8c-a0b0-b12ec687e1fa,Aromatic hydrocarbons,Elementary flows/emission/water,7,not_assessed_method_not_selected
8408f919-e260-348e-bf46-cf1b50d50e5e,"Particulate matter, ≤ 2.5μm",Elementary flows/emission/air/troposphere/rural,42,not_assessed_method_not_selected
842a45a4-365f-3d8d-9d88-c479fe45b839,1-Tetradecene,Elementary flows/emission/air,2,not_assessed_method_not_selected
8466c83f-0f8c-349a-84d9-dde05f1559ab,Methanol,Elementary flows/emission/ground/human-dominated/industrial,2,not_assessed_method_not_selected
84726b95-b352-3807-87c6-e6dd2165932c,Ammonium carbonate,Elementary flows/emission/air/troposphere/urban,2,not_assessed_method_not_selected
8488656c-a3ae-3f3a-ac56-95f46ea12eca,Prosulfocarb,Elementary flows/emission/water,1,not_assessed_method_not_selected
8490eff9-c559-33e6-b775-445abe4588e8,2-(4-chlorophenoxy)-2-methylpropanoic acid,Elementary flows/emission/water/fresh water body,1,not_assessed_method_not_selected
8493a9c9-b903-3dab-a1d6-a27d45665701,Cadmium,Elementary flows/emission/water/fresh water body/lake,1,not_assessed_method_not_selected
84a57993-f325-3e9b-a1b7-a90f3d7a634b,"1,2-Dichloroethane",Elementary flows/emission/water/subterranean,1,not_assessed_method_not_selected
84cd99c1-7991-3e2d-b411-5d684a047da3,Lead(II),Elementary flows/emission/ground,1,not_assessed_method_not_selected
84df495a-c44e-36cf-9976-6e1f9dcb75d1,Cesium-137,Elementary flows/emission/water/fresh water body,2,not_assessed_method_not_selected
84e1a10f-91b7-3f53-a702-acf6b5003521,Iodine-131,Elementary flows/emission/water,5,not_assessed_method_not_selected
84eb1610-5f8d-3b08-bdaf-71494d960f19,Chloroform,Elementary flows/emission/water/fresh water body,2,not_assessed_method_not_selected
85021539-a132-31c3-baab-dd917b42529e,Tin,Elementary flows/emission/water/fresh water body/river,6,not_assessed_method_not_selected
8525d639-0e0b-30b7-a079-6f84791f0751,Nitrogen,Elementary flows/emission/water/fresh water body,2,not_assessed_method_not_selected
852db8dc-c17c-3dc2-9529-2a053d395237,Argon-41,Elementary flows/emission/air/troposphere/rural,6,not_assessed_method_not_selected
85403ceb-612c-494a-bcab-901946278f58,"Oils, unspecified",Elementary flows/emission/non-FEDEFL/ground/human-dominated/agricultural,1,not_assessed_method_not_selected
854bd083-1ae2-3672-b130-fbe09080b710,Lead-210,Elementary flows/emission/air/troposphere/urban,2,not_assessed_method_not_selected
854dd1a0-00d8-3f1c-a134-26f136cd3fd7,Ammonia,Elementary flows/emission/air/troposphere/rural,44,not_assessed_method_not_selected
85564f41-ddca-362b-bb57-97900564a70a,"1,3-Butadiene",Elementary flows/emission/ground,1,not_assessed_method_not_selected
857d66eb-2471-3814-a3f6-e2b004ce22f6,Tin,Elementary flows/emission/water/subterranean/fresh water body,1,not_assessed_method_not_selected
859309b4-d4ae-30f4-a64d-14bc7ed8c0a8,Chlorine,Elementary flows/emission/water/subterranean,1,not_assessed_method_not_selected
8599e263-6ba7-371f-9781-940f34ccf742,Alachlor,Elementary flows/emission/water,4,not_assessed_method_not_selected
8604e35b-f47f-3a6c-a3f7-70778a8b8e7e,Cobalt-60,Elementary flows/emission/air/troposphere/rural,6,not_assessed_method_not_selected
8605d82e-dee0-39b5-917c-83e32d810868,Barium compounds,Elementary flows/emission/ground,1,not_assessed_method_not_selected
860b7eb3-18fa-3f9f-9ba7-7a7655999528,Vanadium(III),Elementary flows/emission/water/fresh water body/river,1,not_assessed_method_not_selected
8620cab3-d5b5-33ac-b25f-6e5cc9d247ec,Molybdenum-99,Elementary flows/emission/water/fresh water body/river,2,not_assessed_method_not_selected
862a331a-18aa-3acf-be65-b299d40f7dd0,"Sulfonic acids, C13-17-sec-alkane, sodium salts",Elementary flows/emission/water,1,not_assessed_method_not_selected
862e1bfb-5191-34ef-97ba-42b5b56aabd3,Nickel compounds,Elementary flows/emission/water,2,not_assessed_method_not_selected
86382895-8bd4-3a06-8690-741950b7d876,Octane,Elementary flows/emission/air,9,not_assessed_method_not_selected
86916afc-aa57-3de2-9e2e-3de751c0502d,Lanthanum-140,Elementary flows/emission/air,1,not_assessed_method_not_selected
869175ea-a966-3acd-a0f2-77f1dcc41ff5,Silicon,Elementary flows/emission/water/subterranean,2,not_assessed_method_not_selected
86ada800-0f49-3d36-aeb7-607b9cb4bd73,Anthracene,Elementary flows/emission/water/subterranean/fresh water body,1,not_assessed_method_not_selected
86adfc75-8310-366b-b12c-d8406961c1fe,Ammonia,Elementary flows/emission/ground/human-dominated/agricultural,2,not_assessed_method_not_selected
86b4e926-0ec1-3c5f-abe3-54ac5e107371,Sulfentrazone,Elementary flows/emission/water,1,not_assessed_method_not_selected
86ee747d-f4c0-3f77-b988-38b81c6a5b00,Acenaphthylene,Elementary flows/emission/water/fresh water body/river,6,not_assessed_method_not_selected
8713826f-f7a3-3e93-a205-85b73329d4f8,Polycyclic aromatic hydrocarbons,Elementary flows/emission/air/troposphere/urban,1,not_assessed_method_not_selected
871b91f4-f7a4-3cd3-a201-6cda66497b4e,Shale gas,Elementary flows/resource/air/subterranean,2,not_assessed_method_not_selected
871bc071-0418-3df1-b452-633abdc05698,"Water, fresh",Elementary flows/emission/air,2,not_assessed_method_not_selected
871dc48b-a85c-33ff-98e2-cce2dbd63753,"1,2,3,6,7,8-Hexachlorodibenzofuran",Elementary flows/emission/air,2,not_assessed_method_not_selected
8748d8b2-558f-343d-93d5-2d8a7ed2f500,"Dibenz[a,j]acridine",Elementary flows/emission/water,3,not_assessed_method_not_selected
874e75b4-fa53-3ec5-90b5-2ab2951e9816,Iodine-129,Elementary flows/emission/air/troposphere/rural,6,not_assessed_method_not_selected
876830e4-c51d-36ae-9ff1-1f0c2e9101e9,Propylene,Elementary flows/emission/water,2,not_assessed_method_not_selected
877d591f-0dcd-3943-9a65-053694c0bc4b,Imazamox,Elementary flows/emission/water,1,not_assessed_method_not_selected
87981912-bd56-3f4f-a02f-a691189d2d94,Cobalt-58,Elementary flows/emission/water/fresh water body/river,6,not_assessed_method_not_selected
87ec5bd0-9a73-3041-a9eb-3837b3974084,Slate,Elementary flows/resource/ground,3,not_assessed_method_not_selected
88124286-872c-348c-be30-04e8d8302752,Tellurium-123m,Elementary flows/emission/water,1,not_assessed_method_not_selected
8854495b-8878-345b-a602-361ab39d2b0d,Anhydrite,Elementary flows/resource/ground/subterranean,7,not_assessed_method_not_selected
887419d2-a15b-3b0e-beb1-d0f98002952f,Nitrogen oxides,Elementary flows/emission/air/troposphere/rural,45,not_assessed_method_not_selected
888246f3-e23e-3514-9b1d-7189fe7ef911,Thorium-228,Elementary flows/emission/water/subterranean,1,not_assessed_method_not_selected
888b8ffe-027c-338b-a583-e5b37dd18e3f,Lead,Elementary flows/emission/ground/human-dominated/industrial,3,not_assessed_method_not_selected
888f083d-d124-3db9-8075-47a78d5728f9,Xenon-133m,Elementary flows/emission/air/troposphere/rural,6,not_assessed_method_not_selected
88c219bc-e721-3c61-ab80-5834a0d9c9eb,Naphthalene,Elementary flows/emission/water/fresh water body/river,1,not_assessed_method_not_selected
88c8c570-9576-371c-8adf-1ef89fe1ae8f,Yttrium,Elementary flows/resource/ground/subterranean,2,not_assessed_method_not_selected
88cbf80a-4136-3d6a-928e-511f6d13fa7c,Heptane,Elementary flows/emission/air/troposphere/urban,6,not_assessed_method_not_selected
88d4be66-6b22-3c67-9e39-66a31f452554,Titanium,Elementary flows/emission/water/fresh water body,2,not_assessed_method_not_selected
88e61068-63be-3194-a36f-24f4e632fc66,Mercury compounds,Elementary flows/emission/ground,1,not_assessed_method_not_selected
88eab3ad-6540-3a7e-9b7f-63b6e3bf9233,2-Hydroxymethyl-Propenal,Elementary flows/emission/air/indoor,1,not_assessed_method_not_selected
88fefe1f-42cf-3bbe-8561-a2d2e554ad00,Manganese,Elementary flows/emission/water/subterranean,3,not_assessed_method_not_selected
8929a2da-d0d4-3d43-a55a-af101126dcbf,Nitrogen,Elementary flows/emission/water/saline water body/ocean,5,not_assessed_method_not_selected
8953292b-0a83-3266-a567-295f716600df,"1,2,3,7,8-Pentachlorodibenzo-p-dioxin",Elementary flows/emission/water,2,not_assessed_method_not_selected
895697f9-03b5-3a0a-b692-cdcbdde82568,Tin,Elementary flows/emission/water/fresh water body,2,not_assessed_method_not_selected
8965e130-f065-37a0-9639-e82bf2796b07,Sulfur monoxide,Elementary flows/emission/air,1,not_assessed_method_not_selected
8980726c-48d1-3abe-a2f3-b4cc26b508c5,Uranium,Elementary flows/emission/water/subterranean,1,not_assessed_method_not_selected
8983993b-1935-3dad-aa6d-79b3781436a2,Plutonium-238,Elementary flows/emission/water,5,not_assessed_method_not_selected
898adfc8-775c-3181-a50a-9ff84dfd89b0,Total suspended solids,Elementary flows/emission/water/saline water body/ocean,1,not_assessed_method_not_selected
89a74257-9468-34f6-b780-2c20a555626f,Selenium,Elementary flows/emission/ground,1,not_assessed_method_not_selected
89b2f741-307e-3a5e-986a-58ae16012f0b,o-Dichlorobenzene,Elementary flows/emission/water/fresh water body/river,1,not_assessed_method_not_selected
89b60c0c-c797-3b03-a1a4-c5a2b5e4531e,Uranium-234,Elementary flows/emission/water/fresh water body/river,10,not_assessed_method_not_selected
89b660ee-7f0e-38f6-bc1b-7a19a5031bef,Sulfate,Elementary flows/emission/water/saline water body/ocean,8,not_assessed_method_not_selected
89dd7efb-a855-37cc-957e-98b268b6c36d,Dinitrophenol,Elementary flows/emission/air,1,not_assessed_method_not_selected
89fb9a82-5acb-3abe-ad22-9cbd977fbc73,"2,2,4-Trimethylpentane",Elementary flows/emission/air/troposphere/rural,40,not_assessed_method_not_selected
8a039ef9-ea10-3a7e-8376-49235324a7f9,Magnesium,Elementary flows/emission/ground,1,not_assessed_method_not_selected
8a1dc478-4bff-3327-950f-4b3c384e80f0,"Benzeneacetic acid, .alpha.-methyl-4-(2-methylpropyl)-",Elementary flows/emission/water/fresh water body,1,not_assessed_method_not_selected
8a3a6e56-ac9e-38dd-9803-08ab4d108eb3,Metribuzin,Elementary flows/emission/air,1,not_assessed_method_not_selected
8a4253e6-bdd3-38a9-afda-711f96bc3d9c,Toluene,Elementary flows/emission/water/subterranean/fresh water body,1,not_assessed_method_not_selected
8a4ae5c9-fcd0-328c-89a3-df7a74928bbb,Sodium(I),Elementary flows/emission/water/fresh water body/river,1,not_assessed_method_not_selected
8a4b6b6c-1a2a-316f-af2c-083905fdd03c,Magnesium,Elementary flows/emission/water/subterranean/fresh water body,1,not_assessed_method_not_selected
8a5b0c0e-7b72-3f3d-94de-02da365e0057,Sodium hydroxide,Elementary flows/emission/water,2,not_assessed_method_not_selected
8a67b7fd-1122-3240-979e-696ea6a23ba0,Mercury,Elementary flows/emission/ground/human-dominated/industrial,7,not_assessed_method_not_selected
8a7ef355-2f16-3368-afc8-cf40ed441619,Chromium,Elementary flows/emission/water,19,not_assessed_method_not_selected
8a8008db-3abe-32e8-8a4a-8482b849bd77,Oil sand,Elementary flows/resource/ground/subterranean,8,not_assessed_method_not_selected
8a93681a-67f1-30ca-9a4f-5113640e67b9,Hexane,Elementary flows/emission/ground,1,not_assessed_method_not_selected
8aa988b3-f285-3c5b-8ae5-4d0becdf1af2,Thifensulfuron,Elementary flows/emission/water,1,not_assessed_method_not_selected
8ad32ac6-f979-31ff-a95e-e338f98d733b,Beryllium,Elementary flows/emission/water/fresh water body/river,6,not_assessed_method_not_selected
8ae2c151-4eb9-34cd-b2c0-309c62e658fb,Oxamyl,Elementary flows/emission/ground,1,not_assessed_method_not_selected
8aec1626-a25f-3cb6-a102-670bc1a14863,Hydriodic acid,Elementary flows/emission/air,5,not_assessed_method_not_selected
8aecfc26-6ff6-3504-9e35-e9b239efbb8e,Vanadium,Elementary flows/emission/water/fresh water body/river,1,not_assessed_method_not_selected
8b05b218-b5e0-3844-bb36-dba984f47057,Epoxiconazole,Elementary flows/emission/ground,1,not_assessed_method_not_selected
8b4fec82-3c33-3d99-b627-f8754975a484,Carbon tetrachloride,Elementary flows/emission/air/troposphere/urban,1,not_assessed_method_not_selected
8b52cfad-553c-3a09-b080-5eb1e93b7eca,Antimony-124,Elementary flows/emission/water/subterranean/fresh water body,1,not_assessed_method_not_selected
8b5ec0da-ea33-3b4f-97dd-2c4555887cd0,Halon 1211,Elementary flows/emission/air/troposphere/rural,1,not_assessed_method_not_selected
8b67e596-b3af-30d7-84d5-c710373ed376,Formic acid,Elementary flows/emission/water,2,not_assessed_method_not_selected
8b9acc49-219b-3983-bbf2-93fcdf23a838,Halon 1211,Elementary flows/emission/air,1,not_assessed_method_not_selected
8ba25b8c-84d9-3941-ae9c-d540c59cc694,Perfluorocarbons,Elementary flows/emission/air,1,not_assessed_method_not_selected
8ba7dd57-b502-397b-944a-f63c6615f754,"Water, fresh",Elementary flows/resource/water,3,not_assessed_method_not_selected
8bab6c00-b3a5-3e4f-9487-11ddc867efcf,Bentazon,Elementary flows/emission/air/troposphere/rural,2,not_assessed_method_not_selected
8bb4f763-9d53-3ae6-b698-f9e1bb186816,Xenon-133,Elementary flows/emission/air,3,not_assessed_method_not_selected
8bc5e9b5-70c0-33b8-b2a8-5517c5c1b958,Magnesite,Elementary flows/resource/ground/subterranean,7,not_assessed_method_not_selected
8bcf9038-b8de-3fe9-a497-7df9f4d2e3d4,Antimony-122,Elementary flows/emission/water/fresh water body,2,not_assessed_method_not_selected
8bdfe0ee-9010-3dca-8f0b-9e02dafa9c37,Chromium,Elementary flows/emission/air/troposphere/urban,2,not_assessed_method_not_selected
8be8c186-ab86-3f64-b461-918ed7a44e97,Carbon disulfide,Elementary flows/emission/water/fresh water body,2,not_assessed_method_not_selected
8bfbde02-15a7-3ce0-8077-439631f2b2d3,Sodium chloride,Elementary flows/emission/water,6,not_assessed_method_not_selected
8c1d3916-6435-33d8-b11d-a66fc6e71162,Xenon-131m,Elementary flows/emission/air,3,not_assessed_method_not_selected
8c2daef6-fd94-410b-a258-7df1f02c1bce,Wages,Elementary flows/emission/non-FEDEFL/economic,3,not_assessed_method_not_selected
8c33522b-b626-36ec-b2fa-7059a02ea22e,Epoxiconazole,Elementary flows/emission/water,1,not_assessed_method_not_selected
8c47e87c-b527-322e-8e3c-0983ebddd612,Vanadium,Elementary flows/resource/ground/subterranean,6,not_assessed_method_not_selected
8c61e70d-6cd8-3e91-95a0-a47bc77e5e29,Carbon tetrafluoride,Elementary flows/emission/air/troposphere/urban,1,not_assessed_method_not_selected
8c843563-46f9-3424-ba56-bdb37db692a5,Quizalofop-ethyl,Elementary flows/emission/air/troposphere/rural,1,not_assessed_method_not_selected
8cc6fec1-424d-3339-b06b-e6c7aa9be7fa,"Hydrocarbons, chlorinated",Elementary flows/emission/air/troposphere/urban,1,not_assessed_method_not_selected
8cd40628-79b2-3a83-aa05-dc40ae815266,Aromatic hydrocarbons,Elementary flows/emission/air,11,not_assessed_method_not_selected
8cd61983-018e-388a-88f1-dd026900572a,Aniline,Elementary flows/emission/air,3,not_assessed_method_not_selected
8cde4557-26ef-3e1b-b0bb-da4e7375f278,Hexachlorobenzene,Elementary flows/emission/air/troposphere/urban,1,not_assessed_method_not_selected
8ce61886-6718-3899-85b0-e75dc9be2840,Sodium,Elementary flows/emission/water/subterranean/fresh water body,1,not_assessed_method_not_selected
8d0a3926-31d4-3574-b7c7-dd09f56d4a2c,Silicon,Elementary flows/emission/water/subterranean/fresh water body,1,not_assessed_method_not_selected
8d0ee36c-fb50-3e0c-b0cd-c7a19f2a5d8b,Platinum,Elementary flows/emission/air,1,not_assessed_method_not_selected
8d2c14d8-e9fa-38d6-8391-22837ddd7b07,Potassium,Elementary flows/emission/air,6,not_assessed_method_not_selected
8d3b3a8d-02c0-36e1-8722-d72795bced89,Iron-59,Elementary flows/emission/water,1,not_assessed_method_not_selected
8d5f7f4f-fce5-31e8-9826-ebe986a1b9b9,Calcium,Elementary flows/emission/ground/human-dominated/agricultural,2,not_assessed_method_not_selected
8d7944f4-3acf-3f76-9aec-b11b0173a2a7,Silver,Elementary flows/emission/ground,1,not_assessed_method_not_selected
8d8c78fb-00f4-3abd-b43b-a8de2d51e551,Antimony-125,Elementary flows/emission/water/fresh water body,2,not_assessed_method_not_selected
8d90c736-6a06-339d-9a87-9c4af38d3def,"1,2-Dichloroethane",Elementary flows/emission/water/fresh water body,1,not_assessed_method_not_selected
8db04d71-1eff-3efc-ac23-270b7392320b,Zirconium-95,Elementary flows/emission/air/troposphere/rural,2,not_assessed_method_not_selected
8dd24f8b-2f72-3972-9c30-f7ac92dd9f4c,Cobalt-57,Elementary flows/emission/water,1,not_assessed_method_not_selected
8de28d34-35f2-3553-8f51-2923935c9f4e,Sulfur,Elementary flows/emission/water/subterranean/fresh water body,1,not_assessed_method_not_selected
8de31834-cc5b-3e04-86c0-09db668a9fd8,Chemical Oxygen Demand,Elementary flows/emission/water/fresh water body/river,2,not_assessed_method_not_selected
8e0eccff-354c-3ff1-aafe-6dcd17bfdff6,Nickel,Elementary flows/emission/water/fresh water body,2,not_assessed_method_not_selected
8e466d2b-64db-35d2-b151-e22e8aed823d,"Hydrocarbons, halogenated",Elementary flows/emission/air/troposphere/urban,4,not_assessed_method_not_selected
8e880bf8-6567-3247-afb3-52a7b6c8ab5a,p-Xylene,Elementary flows/emission/water,5,not_assessed_method_not_selected
8eae52c0-c300-3d34-bda9-e4f1ba24fd65,Benz[a]anthracene,Elementary flows/emission/water/fresh water body,2,not_assessed_method_not_selected
8ec7f708-9411-37a7-80df-4096d397c513,Cresol,Elementary flows/emission/air,6,not_assessed_method_not_selected
8ec9ce88-ab78-3156-9676-0f1bd8d0441b,Indoxacarb,Elementary flows/emission/air,1,not_assessed_method_not_selected
8ec9de49-e009-3d2f-bc58-502fb0da5a3f,2-Methylnaphthalene,Elementary flows/emission/water,4,not_assessed_method_not_selected
8ecf4062-85a8-3cbf-bd16-c7dae3812c01,Thorium-228,Elementary flows/emission/water/fresh water body,2,not_assessed_method_not_selected
8f023abc-b8fc-3ef7-9571-f4cf6c2b6820,Manganese,Elementary flows/emission/water,19,not_assessed_method_not_selected
8f28740c-2a64-3e49-928e-57b9b25bb3bf,Gemfibrozil,Elementary flows/emission/water/fresh water body,1,not_assessed_method_not_selected
8f3ba062-365c-3cde-9776-3c32ec142c78,Acrylonitrile,Elementary flows/emission/water,5,not_assessed_method_not_selected
8f4c1dfc-c60d-3ed4-af2b-c888a369e726,Glyphosate-trimesium,Elementary flows/emission/water,1,not_assessed_method_not_selected
8f4fd0a9-732e-3cce-b77f-6d5e4c7f35ed,Trimethylbenzene,Elementary flows/emission/air,4,not_assessed_method_not_selected
8f5250e5-7a32-35cb-8b78-2ef14d2dbf80,Strontium,Elementary flows/resource/ground/subterranean,2,not_assessed_method_not_selected
8f658019-38f1-3518-a5d2-7317c3f6aa4b,D-Limonene,Elementary flows/emission/air,1,not_assessed_method_not_selected
8f6e0975-9a80-3709-8ee7-1e4c0a9c9e1c,Cumene,Elementary flows/emission/air,20,not_assessed_method_not_selected
8f8b7a99-41b6-368d-8170-3fd1bc15a936,Iodide,Elementary flows/emission/water,1,not_assessed_method_not_selected
8fbb75b3-be18-3663-b7b8-29d1dd1f3611,Molybdenum-99,Elementary flows/emission/water,1,not_assessed_method_not_selected
8fd3bd5d-0b66-3e69-8ada-71f544ae6532,Cesium-134,Elementary flows/emission/water,5,not_assessed_method_not_selected
8fdfe007-b212-34a7-870d-1ee2cb0d53e2,Iron(II),Elementary flows/emission/water/fresh water body/river,1,not_assessed_method_not_selected
9000c624-3a9d-3476-abfe-bac5217bcc3a,Radon-222,Elementary flows/emission/air/troposphere/rural,3,not_assessed_method_not_selected
90125ff3-0706-3306-ad88-2fac80c813ed,Hydrogen cyanide,Elementary flows/emission/water/fresh water body/river,1,not_assessed_method_not_selected
9029e40d-6bfd-381b-9016-057098e1b09e,Methylamine,Elementary flows/emission/water/fresh water body/river,2,not_assessed_method_not_selected
90335842-d779-3053-b87c-f361b107ecee,Silicon,Elementary flows/emission/water/fresh water body/river,2,not_assessed_method_not_selected
905b4a9b-d2e5-3470-b7ff-66ec52430e4d,Sulfur,Elementary flows/emission/water/fresh water body,2,not_assessed_method_not_selected
90962be9-076a-3590-91f8-7c070b1a8514,Vinyl chloride,Elementary flows/emission/air/troposphere/urban,5,not_assessed_method_not_selected
90eab498-6460-3cc3-ae40-3fbc870fd3a1,Imazethapyr,Elementary flows/emission/air/troposphere/rural,1,not_assessed_method_not_selected
90f1b922-1629-368b-a10b-f942f06f26b3,"2,3,4,7,8-Pentachlorodibenzofuran",Elementary flows/emission/air,1,not_assessed_method_not_selected
90f9232e-7e13-3b10-86c3-4efaec930bb5,Azoxystrobin,Elementary flows/emission/water,2,not_assessed_method_not_selected
90fca4ee-4327-3356-952e-021c70b1bc41,Cobalt,Elementary flows/emission/water/fresh water body/river,6,not_assessed_method_not_selected
90fdc24c-adbc-37c9-8084-76165ebdd76f,Sulfate,Elementary flows/emission/water/fresh water body,2,not_assessed_method_not_selected
91135754-4694-3e21-977b-9f7e352fba00,Sulfate,Elementary flows/emission/air,4,not_assessed_method_not_selected
917b93b0-0293-337f-90e7-8491e0d44290,"Trihalomethanes (four), total",Elementary flows/emission/water/fresh water body,1,not_assessed_method_not_selected
918428f5-dd15-30f3-a9e6-00c88b6cf94e,Sodium,Elementary flows/emission/ground/human-dominated/industrial,8,not_assessed_method_not_selected
91927ae6-6c06-32ce-b9ad-fd4a4853a839,Zirconium,Elementary flows/emission/water/saline water body/ocean,2,not_assessed_method_not_selected
919666cc-3aa4-3706-b883-2d25484d4532,Benzoic acid,Elementary flows/emission/water,4,not_assessed_method_not_selected
920c61f8-5c4a-3900-b070-9a437d2738b8,Benzo(b)fluoranthene,Elementary flows/emission/air,10,not_assessed_method_not_selected
921108da-9a53-35de-a199-ba88837f7cb8,Borax,Elementary flows/resource/ground/subterranean,3,not_assessed_method_not_selected
9225c915-7272-3b2b-a389-334c3a631569,Ethylenediamine,Elementary flows/emission/air/troposphere/urban,2,not_assessed_method_not_selected
924cc8cf-ddf6-3b1a-9fbe-489c095c1f01,Chemical Oxygen Demand,Elementary flows/emission/water,31,not_assessed_method_not_selected
925ac29a-c7d3-3f35-9eff-5cc3232f2f55,Rhodium,Elementary flows/emission/air,5,not_assessed_method_not_selected
9265a9e4-49c1-3fe1-8fa1-96123bd4f4af,o-Xylene,Elementary flows/emission/air/troposphere/rural,40,not_assessed_method_not_selected
92781bd2-3da5-358a-b642-b23de7896267,"2,4-D",Elementary flows/emission/air/troposphere/rural,1,not_assessed_method_not_selected
9279d048-41b6-3a55-bda3-94179deecb5e,Phonolite,Elementary flows/resource/ground,2,not_assessed_method_not_selected
927b067a-7537-36f6-bad0-ca7b576845fd,Zinc,Elementary flows/emission/ground,8,not_assessed_method_not_selected
92c83b8e-2ed2-31af-a119-b29023aa3798,2-Methylbutane,Elementary flows/emission/air,6,not_assessed_method_not_selected
92ee70ce-4d0a-3756-a312-a3a578973236,Pyriproxyfen,Elementary flows/emission/water,1,not_assessed_method_not_selected
92f53366-52c5-3e68-be05-8910058f2889,Manganese,Elementary flows/emission/air/troposphere/urban,2,not_assessed_method_not_selected
936cc363-3891-3b53-a847-0c17dfb90a60,Chlorine,Elementary flows/emission/air/troposphere/urban,2,not_assessed_method_not_selected
93825345-1c8c-3b74-8254-c6eba43a9c6e,"Benzene, 1,2-dichloro-4-methyl-",Elementary flows/emission/air/troposphere/high,1,not_assessed_method_not_selected
93995ef3-e3d2-37a6-a6ab-67636a2f12a3,Hydrofluorocarbons,Elementary flows/emission/air,2,not_assessed_method_not_selected
93c46787-fe26-3ebd-84b1-25ae486ef58d,"1,1,2,2-Tetrachloroethane",Elementary flows/emission/air,7,not_assessed_method_not_selected
93d28cfb-bea6-3f4d-bc37-38ee6134b74d,Pentane,Elementary flows/emission/air/troposphere/rural,6,not_assessed_method_not_selected
93f2d00e-e123-3fa7-826d-23c4450d949f,Metolachlor,Elementary flows/emission/air/troposphere/rural,2,not_assessed_method_not_selected
93f3b86c-45ff-3f5f-a244-b389786cdc18,Trifloxystrobin,Elementary flows/emission/air/troposphere/rural,1,not_assessed_method_not_selected
941c13f5-f858-3032-a780-cb76cbdf0f54,Ethylene dibromide,Elementary flows/emission/water,4,not_assessed_method_not_selected
9486eac0-3a34-39bf-b8eb-67c9e8bd7f54,"Solvents, chlorinated",Elementary flows/emission/water,1,not_assessed_method_not_selected
94b47e1d-5a52-3bf2-a6b4-681761db3d24,Pirimicarb,Elementary flows/emission/ground/human-dominated/agricultural,2,not_assessed_method_not_selected
94c434c1-b50d-3065-91cc-4e2debe66ab0,Diphenylmethane,Elementary flows/emission/air,1,not_assessed_method_not_selected
94e59f9e-d84d-37b8-8e7a-96d32845b866,Tetrachloroethane,Elementary flows/emission/ground,1,not_assessed_method_not_selected
94f485ec-4c91-3a41-9164-7af3d249d316,Uranium,Elementary flows/resource/ground/subterranean,9,not_assessed_method_not_selected
94f5aed1-2db3-30ea-9f67-b96d4773c4e8,Chlorine,Elementary flows/emission/water/fresh water body/river,6,not_assessed_method_not_selected
94fa15b7-6d89-34d9-a473-c9cfcf457c7d,Isocyanic acid,Elementary flows/emission/air,1,not_assessed_method_not_selected
94fa398f-ca31-364a-92c5-a222a18b9e50,"Particulate matter, > 10μm",Elementary flows/emission/air/troposphere/rural,1,not_assessed_method_not_selected
95490eeb-fffb-3828-ad0e-ebd731bbcedf,Acenaphthene,Elementary flows/emission/water/saline water body/ocean,8,not_assessed_method_not_selected
956f63bb-0c4e-3544-81af-a0313e902664,Fluoranthene,Elementary flows/emission/water,4,not_assessed_method_not_selected
95a1e27a-9f1f-3893-8509-9c730d438f5a,Chlorate,Elementary flows/emission/water/subterranean/fresh water body,1,not_assessed_method_not_selected
95c4e37b-eb9a-375d-9db8-8ff1cbffecc1,Ethoprop,Elementary flows/emission/ground,1,not_assessed_method_not_selected
95c6c2dd-6801-3470-b539-d932657c5a49,Tritium,Elementary flows/emission/water/subterranean,1,not_assessed_method_not_selected
95c9e296-8684-3547-882d-c65dbe7d6642,Potassium,Elementary flows/emission/water/subterranean/fresh water body,1,not_assessed_method_not_selected
95cf40b7-7fb1-35c5-b6e1-c764044157cf,Iodine-131,Elementary flows/emission/air,3,not_assessed_method_not_selected
95d9432a-c3a9-3b92-b462-4cc673600d4b,Uranium-234,Elementary flows/emission/water,1,not_assessed_method_not_selected
95df3205-7c00-3edd-af6e-92ff90f42999,Phosphorus,Elementary flows/emission/air,6,not_assessed_method_not_selected
95e3a4de-fc91-33ad-9125-f08d9ab1084b,Esfenvalerate,Elementary flows/emission/water,1,not_assessed_method_not_selected
95f4b6ba-e403-398e-b82b-876eaa86e68f,Americium-241,Elementary flows/emission/water/fresh water body,2,not_assessed_method_not_selected
96054103-8509-3049-a638-c4d13cc707cc,Water,Elementary flows/emission/water,14,not_assessed_method_not_selected
960f54af-e598-3e31-a338-18f169860eed,Radium-226,Elementary flows/emission/ground,1,not_assessed_method_not_selected
961396b2-6580-31ec-827c-6f08e7ad462a,tert-Butylamine,Elementary flows/emission/air/troposphere/urban,1,not_assessed_method_not_selected
962c8d49-c6da-3d8d-a131-8751b1a9bdd6,"Fluorenes, C2",Elementary flows/emission/air/troposphere/urban/low,1,not_assessed_method_not_selected
964aeb11-dbb5-34da-90dc-dc10ab5dfd99,Nitrite,Elementary flows/emission/water,1,not_assessed_method_not_selected
9652dd80-c99b-3cfe-8168-51a979c27fbe,Molybdenum,Elementary flows/emission/water/fresh water body,2,not_assessed_method_not_selected
965958b3-8368-3395-a55d-f6f819e40587,Copper,Elementary flows/emission/water,17,not_assessed_method_not_selected
9687c708-0d7f-3ac3-b2db-5569cf8a6f54,Hydrogen ion,Elementary flows/emission/water/fresh water body/river,5,not_assessed_method_not_selected
968a0f1d-ffdf-327f-a99d-9e767b54320b,Hydrochloric acid,Elementary flows/emission/water,5,not_assessed_method_not_selected
968bac9f-9938-3e38-9b50-b53ef5b9ab7e,Tefluthrin,Elementary flows/emission/ground/human-dominated/agricultural,1,not_assessed_method_not_selected
969c21e8-d782-3a5b-8f22-a72f7981b811,Triclocarban,Elementary flows/emission/water/fresh water body,1,not_assessed_method_not_selected
96ad9cfe-d563-33ca-8dbc-efe34aaaca0a,Sand,Elementary flows/resource/ground,5,not_assessed_method_not_selected
96bb139f-09ed-30d0-9c02-5c86716d783d,Total dissolved solids,Elementary flows/emission/water/fresh water body,7,not_assessed_method_not_selected
96c40bbf-96ed-3bd3-8ed9-ee185e425279,Calcium,Elementary flows/emission/ground/human-dominated/industrial,8,not_assessed_method_not_selected
96cf3cd3-7feb-3c22-9e05-955ca598b32c,Cobalt-57,Elementary flows/emission/water/fresh water body,2,not_assessed_method_not_selected
96ec0314-ffb7-37cc-97ed-f5bfdb84cd21,Maneb,Elementary flows/emission/water,1,not_assessed_method_not_selected
9703abac-7076-3ecc-9203-707c6eb5bb78,Cobalt-58,Elementary flows/emission/air,3,not_assessed_method_not_selected
9708d683-916c-3e24-b398-9817bb5f0cc2,Cadmium,Elementary flows/emission/water/subterranean/fresh water body,1,not_assessed_method_not_selected
971d8430-5b52-3a53-b290-4c36f0c2de52,Benz[a]anthracene,Elementary flows/emission/water,6,not_assessed_method_not_selected
9755e31b-fee0-322a-b481-57522df0b331,Magnesium,Elementary flows/emission/water/fresh water body,2,not_assessed_method_not_selected
97579b43-89d0-3857-9911-d6dd6d28b024,N-Methyl-2-pyrrolidone,Elementary flows/emission/air,3,not_assessed_method_not_selected
978b0dfd-7ecd-306f-879a-f09a50fd38b9,Uranium-235,Elementary flows/emission/water/fresh water body,2,not_assessed_method_not_selected
979f30f5-f17e-3091-907f-af1921e7e637,Chromium,Elementary flows/emission/ground,8,not_assessed_method_not_selected
97a0c2f4-6a88-3db0-bd03-777cdd5eb249,Orthophosphate,Elementary flows/emission/water,8,not_assessed_method_not_selected
97b592e9-1214-3b29-80e9-904c963da937,Pyrene,Elementary flows/emission/water,2,not_assessed_method_not_selected
97b782fe-3069-3b68-af8e-fcd559e47d11,Silicon,Elementary flows/emission/water,1,not_assessed_method_not_selected
97bfa893-deb9-390d-a3b9-141c7ecba46c,Calcium,Elementary flows/emission/water/fresh water body/lake,1,not_assessed_method_not_selected
97c11ca9-a83b-39ac-9a8a-363030d8f05e,Iodine-131,Elementary flows/emission/water/fresh water body/river,6,not_assessed_method_not_selected
981f397a-bee2-3519-b316-02a7756bf22a,p-Dichlorobenzene,Elementary flows/emission/air,2,not_assessed_method_not_selected
984f3962-1a35-3813-bbf1-e3887be06b6f,Tetrachloroethylene,Elementary flows/emission/air,20,not_assessed_method_not_selected
9874f7d3-cf12-3f20-ad53-4369a9c257a7,Mercury,Elementary flows/emission/air/troposphere/rural,43,not_assessed_method_not_selected
98b4a1e7-bda4-31ef-a1ae-45edc475eb5a,Cobalt compounds,Elementary flows/emission/ground,1,not_assessed_method_not_selected
98bd36e1-fbe4-32ee-ba78-3b6726917c9b,Chromium,Elementary flows/emission/air,41,not_assessed_method_not_selected
98cfca02-c594-3890-a242-18c86de14553,Calcium,Elementary flows/emission/ground,1,not_assessed_method_not_selected
993fb955-f686-37f7-96e1-22b8c2a35ced,Chrysene,Elementary flows/emission/air,63,not_assessed_method_not_selected
99827aba-819f-37ea-b9a3-33b03c9f6ef5,Thiodicarb,Elementary flows/emission/water,1,not_assessed_method_not_selected
99ae0d5e-e9df-3b3b-bd31-c46ea0dfa695,Butam,Elementary flows/emission/ground/human-dominated/agricultural,2,not_assessed_method_not_selected
99c5e585-34aa-31a6-afe9-d44a14b9e27f,Dimethylamine,Elementary flows/emission/air,3,not_assessed_method_not_selected
99d4ec5d-011f-3eb3-9cb8-45d152937193,Mercury,Elementary flows/emission/ground/human-dominated/agricultural,8,not_assessed_method_not_selected
99ffd6af-a975-3a59-abf9-f301d386fd40,Zirconium-95,Elementary flows/emission/water/fresh water body/river,2,not_assessed_method_not_selected
9a074231-cad8-3752-bcef-9cedb24aa4bb,Silicon,Elementary flows/emission/ground/human-dominated/agricultural,2,not_assessed_method_not_selected
9a0fd2fa-b591-305d-8f06-3f2d6369757e,Antimony,Elementary flows/emission/air/troposphere/urban,2,not_assessed_method_not_selected
9a2c8196-dc6a-3ee0-868d-4278ac51a46f,Heptane,Elementary flows/emission/air,6,not_assessed_method_not_selected
9a35bf61-1bbb-3719-9543-c965935c12f0,Tetrachloroethylene,Elementary flows/emission/air/troposphere/rural,1,not_assessed_method_not_selected
9a474c27-63f9-3d0d-a74c-465fd97400e7,Manganese,Elementary flows/emission/air,84,not_assessed_method_not_selected
9a75a979-3c99-3b02-9944-baa838fe12ac,3-Methylcholanthrene,Elementary flows/emission/air,9,not_assessed_method_not_selected
9a83243b-f03b-3af8-85ef-8c2491a40ed2,"1,2,3,4,6,7,8-Heptachlorodibenzofuran",Elementary flows/emission/water,1,not_assessed_method_not_selected
9a97f7fb-08ca-3757-ad36-5b95434aa2f6,Niobium-95,Elementary flows/emission/water/fresh water body,2,not_assessed_method_not_selected
9a9d71c7-79f7-42d0-af47-282d22a7cf07,"Volume occupied, reservoir",Elementary flows/resource/non-FEDEFL/ground/human-dominated,1,not_assessed_method_not_selected
9aa7fac7-87ac-35ac-9cfb-639180846bee,Isophorone,Elementary flows/emission/air,8,not_assessed_method_not_selected
9ab45d94-d670-366d-8215-0b743a9fa104,Orthophosphate,Elementary flows/emission/air,5,not_assessed_method_not_selected
9ab475fd-cfd0-3b39-98f4-9ea7176bd0c9,Feldspar group,Elementary flows/resource/ground/subterranean,7,not_assessed_method_not_selected
9abff9b8-f8b2-367d-827b-4657ccaa788a,Beta Cypermethrin,Elementary flows/emission/air,1,not_assessed_method_not_selected
9ac081ca-5449-3ffa-9bc8-2af8b115f263,Nitrous oxide,Elementary flows/emission/air/stratosphere,1,not_assessed_method_not_selected
9aee50cd-f4e2-34af-aa74-a8bb82137c49,Propamocarb,Elementary flows/emission/water,1,not_assessed_method_not_selected
9afdd2c1-9b05-3de5-a6ba-eb95948a71fa,Thallium,Elementary flows/emission/air,9,not_assessed_method_not_selected
9b1dbd4c-c3b1-3afa-8d52-e80887ef5de7,Scandium,Elementary flows/emission/water,1,not_assessed_method_not_selected
9b2801fa-09d5-32bc-98a5-dc1a60dd1f54,Radon-222,Elementary flows/emission/air/stratosphere,1,not_assessed_method_not_selected
9b454584-94eb-3f8c-83f6-59c543d32ca4,"1,2,3-Trimethylbenzene",Elementary flows/emission/air,1,not_assessed_method_not_selected
9b81b4ea-5a4c-312f-aded-326ecacd0bfd,Esfenvalerate,Elementary flows/emission/air/troposphere/rural,1,not_assessed_method_not_selected
9b8a6220-923a-311a-b240-fa0e65461337,Benomyl,Elementary flows/emission/water/fresh water body,2,not_assessed_method_not_selected
9bb3f481-f731-31ce-b2a2-5672a0f50d13,Hydrogen sulfide,Elementary flows/emission/water/fresh water body/river,2,not_assessed_method_not_selected
9bc1667d-71a0-3be5-97fa-48ef797bfdbc,Tribenuron-methyl,Elementary flows/emission/water,1,not_assessed_method_not_selected
9be37e6c-b602-3de2-81f2-049a3118c44f,Fluoride,Elementary flows/emission/ground/human-dominated/industrial,4,not_assessed_method_not_selected
9be74814-f4f5-3ce3-9222-adf1b675d9ee,Lead,Elementary flows/emission/air/troposphere/rural,42,not_assessed_method_not_selected
9bf19fc2-481a-3eda-b1f8-c5817718d975,Trisodium phosphate,Elementary flows/emission/air,1,not_assessed_method_not_selected
9c1c4e0d-e68f-3cbf-9bcf-2c54f9b4cae7,Halon 1301,Elementary flows/emission/air,1,not_assessed_method_not_selected
9c1f0de9-ac3d-3919-851c-e07ad4c9861f,Plutonium-241,Elementary flows/emission/air,1,not_assessed_method_not_selected
9c2aacc1-79a4-3cd3-8919-7ae45bed87fd,Sulfur trioxide,Elementary flows/emission/air/troposphere/urban,1,not_assessed_method_not_selected
9c3e7b01-ed9f-3968-91ba-0d4b2507eb39,Tin,Elementary flows/emission/air/stratosphere,1,not_assessed_method_not_selected
9c5f3999-7544-3f7b-b815-c65f26e8edfa,Nitrobenzene,Elementary flows/emission/water,2,not_assessed_method_not_selected
9c75fe3f-354c-33b4-b5d4-b88198daa2d1,Epichlorohydrin,Elementary flows/emission/air,2,not_assessed_method_not_selected
9c81e2f1-1ac9-3287-9e13-3c79f3ed5da5,Nickel,Elementary flows/emission/water/fresh water body/lake,1,not_assessed_method_not_selected
9cadef16-ae5d-30ae-a4a4-3d23a508892e,Ethylbenzene,Elementary flows/emission/water/fresh water body,2,not_assessed_method_not_selected
9ce15abd-3f41-311d-a046-544d6e96dc02,Propiconazole,Elementary flows/emission/ground,1,not_assessed_method_not_selected
9ce50858-3323-35ee-abed-3ce76c9a0669,Carfentrazone-ethyl,Elementary flows/emission/air/troposphere/rural,1,not_assessed_method_not_selected
9cf42314-fd4f-358e-8fe2-58f3c0c8b478,Sulfate,Elementary flows/emission/ground,1,not_assessed_method_not_selected
9d11dd17-1d91-320b-b731-f67c2a88bbe7,Zinc-65,Elementary flows/emission/air/troposphere/rural,2,not_assessed_method_not_selected
9d17e0dd-ef89-3def-9e95-97feaa1b0f07,Cumene,Elementary flows/emission/ground,1,not_assessed_method_not_selected
9d1be6fc-6398-35e9-8179-20182c429610,Silica,Elementary flows/emission/water,4,not_assessed_method_not_selected
9d71d800-fc11-34cb-aaa8-70c674e2c88b,Dimethyl malonate,Elementary flows/emission/air/troposphere/urban,1,not_assessed_method_not_selected
9d839146-33f5-3f5e-940c-80fc5f114232,"2,6-Di-tert-butyl-p-cresol",Elementary flows/emission/ground,1,not_assessed_method_not_selected
9db863f5-a6d7-3d73-93b9-c8d482d2ffa9,Zinc(II),Elementary flows/emission/water/fresh water body,1,not_assessed_method_not_selected
9dbe8081-f6b5-32be-855b-0a5b8a608605,Flumiclorac-pentyl,Elementary flows/emission/air/troposphere/rural,1,not_assessed_method_not_selected
9dceb7c7-6427-3a9a-8996-4fff1dc10f79,Hydroxide,Elementary flows/emission/water/fresh water body/river,6,not_assessed_method_not_selected
9de688f4-2302-3557-b50c-0f1d304977f4,Antimony,Elementary flows/emission/air,65,not_assessed_method_not_selected
9e32fa50-41aa-3c16-8a4c-2e97713a2f9c,Xenon-138,Elementary flows/emission/air,3,not_assessed_method_not_selected
9e480e1c-719e-3284-9e0c-e7587e264c6b,Tritium,Elementary flows/emission/water,5,not_assessed_method_not_selected
9e5a4016-0232-302d-89e5-401ba4d8f927,Flumetsulam,Elementary flows/emission/water,1,not_assessed_method_not_selected
9e5ef8a4-5ed4-36b6-9c46-5bef8d54c036,Halon 1301,Elementary flows/emission/air/troposphere/urban,1,not_assessed_method_not_selected
9e822e8d-753d-3493-8807-260c1e091a3b,Fluorine,Elementary flows/emission/water/fresh water body,2,not_assessed_method_not_selected
9ea979df-4110-346f-a0a9-1afc011bcf1c,Dibromomethane,Elementary flows/emission/water/subterranean,1,not_assessed_method_not_selected
9ead7a1d-e02d-3fc5-aefb-a081e974e914,Titanium,Elementary flows/emission/ground,1,not_assessed_method_not_selected
9ed18cf2-2cd3-3927-90f2-b97ef882082e,Curium-244,Elementary flows/emission/water/fresh water body,2,not_assessed_method_not_selected
9ee17f49-01b3-3ae8-9cf8-de8ee9dfd6e0,Chloride,Elementary flows/emission/ground,2,not_assessed_method_not_selected
9eec54c1-3e0a-33ae-a1d3-07c71efb0d64,Iodine-133,Elementary flows/emission/water/fresh water body,2,not_assessed_method_not_selected
9f2b8e30-145b-30c5-a476-dcda99b6376e,Phosphorus,Elementary flows/emission/ground/human-dominated/agricultural,2,not_assessed_method_not_selected
9f3c1470-b490-3a49-b2f1-602dcf8ed679,Pirimicarb,Elementary flows/emission/air,1,not_assessed_method_not_selected
9f417121-3614-3240-b83f-7b81711501a0,Sulfur hexafluoride,Elementary flows/emission/air/troposphere/rural,2,not_assessed_method_not_selected
9f636dd5-fa7f-327a-b03b-0bdeddd1a229,"Organic carbon, PM2.5 LC",Elementary flows/emission/air,21,not_assessed_method_not_selected
9f6b69d5-78f2-35a2-82b2-44dc2fdc9fd5,Bentazon,Elementary flows/emission/air,2,not_assessed_method_not_selected
9f867445-2f7d-30a3-b8e5-6e9d6ab20e61,Silver(I),Elementary flows/emission/water/saline water body/ocean,5,not_assessed_method_not_selected
9f990067-2c45-3927-82de-a5c5e155f181,"1,3-Butadiyne",Elementary flows/emission/air,3,not_assessed_method_not_selected
9f9ccf8f-0135-34ae-8c01-4e41813a9311,Formic acid,Elementary flows/emission/air,2,not_assessed_method_not_selected
9f9ec4e9-fd80-319a-bc10-d38773af3c43,Water,Elementary flows/resource/water/fresh water body/river,7,not_assessed_method_not_selected
9fa3fc5e-725e-3083-bc3e-792b1eed6957,Water,Elementary flows/emission/water/fresh water body/river,9,not_assessed_method_not_selected
9fbf4799-8de2-3760-bb42-6b8128228f04,"2,4-Dimethylphenol",Elementary flows/emission/air,2,not_assessed_method_not_selected
9fc17701-9417-3281-b9a3-d7ab3ecc1c57,Chloroform,Elementary flows/emission/air,18,not_assessed_method_not_selected
9fc446f3-c271-3bba-be54-289d2753181a,Decane,Elementary flows/emission/water/subterranean/fresh water body,1,not_assessed_method_not_selected
a00b57d8-e437-3170-a6fd-d72351fa8405,Iron(II),Elementary flows/emission/water,9,not_assessed_method_not_selected
a0144424-e240-3024-8e8f-664be2271ef3,Dissolved Organic Carbon,Elementary flows/emission/water/saline water body/ocean,2,not_assessed_method_not_selected
a0155a16-4963-397a-938f-3bf53ff42e2c,Styrene,Elementary flows/emission/air/troposphere/rural,6,not_assessed_method_not_selected
a023278b-7342-3fc6-b3e7-3c35bd680289,Sodium-24,Elementary flows/emission/water/fresh water body,2,not_assessed_method_not_selected
a027e850-76b7-38b3-b2b2-992245442e94,Fipronil,Elementary flows/emission/water,2,not_assessed_method_not_selected
a05c41da-c3e8-359a-8553-7c211468e7d4,Pesticides,Elementary flows/emission/ground,1,not_assessed_method_not_selected
a05c9e4a-e443-388a-8869-9e776ee2ceb3,Cesium-134,Elementary flows/emission/water/subterranean/fresh water body,1,not_assessed_method_not_selected
a061f985-1e0c-316a-9139-1172285afbbd,Chlorine,Elementary flows/emission/water/fresh water body,2,not_assessed_method_not_selected
a068de64-a23b-3f9b-859b-f0e31614fe56,Orthophosphate,Elementary flows/emission/ground,4,not_assessed_method_not_selected
a09f4a1f-6def-3b88-bc34-fa5de97014e5,Ammonium,Elementary flows/emission/water/fresh water body/river,6,not_assessed_method_not_selected
a0df9853-65b8-350d-a719-dc21114176ee,"1,2,3,4,7,8-Hexachlorodibenzo-p-dioxin",Elementary flows/emission/air,2,not_assessed_method_not_selected
a0eb7d41-1d2e-37b2-9969-1758504bd806,Antimony compounds,Elementary flows/emission/water,2,not_assessed_method_not_selected
a102e4f0-03dc-34af-9ddf-3f5faee34835,Estrone,Elementary flows/emission/water/fresh water body,1,not_assessed_method_not_selected
a10f2b68-20f0-3e1a-b00b-e7698e25f088,Potassium-40,Elementary flows/emission/water/fresh water body,2,not_assessed_method_not_selected
a113cbbb-4b4b-3833-8c21-25131e21ab70,Isocyanic acid,Elementary flows/emission/air/troposphere/urban,2,not_assessed_method_not_selected
a1197654-ac6b-3ab4-a7ae-c8e378d23a09,Arsenic,Elementary flows/emission/water/fresh water body/lake,1,not_assessed_method_not_selected
a1365d36-dc30-35d3-b6a0-5b61afd71e6c,Zinc-65,Elementary flows/emission/water/fresh water body,2,not_assessed_method_not_selected
a14e3147-67e1-3352-8661-63422edd170f,Calcium carbonate,Elementary flows/resource/ground/subterranean,6,not_assessed_method_not_selected
a1605b68-bd20-3e9c-891e-6f5aae55d731,Benomyl,Elementary flows/emission/ground/human-dominated/agricultural,2,not_assessed_method_not_selected
a1786d5d-c7f9-3cb2-9879-cf0325b72658,"7,12-Dimethylbenz[a]anthracene",Elementary flows/emission/water,3,not_assessed_method_not_selected
a19bb01d-13b1-3887-ac5f-806fa56aff0a,Asbestos,Elementary flows/emission/water,1,not_assessed_method_not_selected
a1b60013-465b-33d4-898b-d5d5f42b5951,Uranium-234,Elementary flows/emission/air/troposphere/rural,6,not_assessed_method_not_selected
a1dfaca4-3c1e-302c-b1b4-d97e43ac1984,Vermiculite,Elementary flows/resource/ground/subterranean,1,not_assessed_method_not_selected
a1e9b66c-ac46-35e8-bba3-318f6556a90f,Barium,Elementary flows/emission/water,9,not_assessed_method_not_selected
a2060074-a29b-3c91-bada-374c16c6ab6a,Octadecane,Elementary flows/emission/air,1,not_assessed_method_not_selected
a20f692f-5cab-3036-b3aa-821fb758a39c,m-Xylene,Elementary flows/emission/air,5,not_assessed_method_not_selected
a217b502-cb2b-36d0-9b13-ad2f8cf4cba6,Acifluorfen,Elementary flows/emission/water,1,not_assessed_method_not_selected
a2521e3d-15d4-3de2-aead-6f0de4a4b8f5,Boron,Elementary flows/emission/water/saline water body/ocean,6,not_assessed_method_not_selected
a257b8d3-62dd-37ad-b429-73d96c97165c,Formaldehyde,Elementary flows/emission/air,104,not_assessed_method_not_selected
a2624deb-5f1b-39f1-8cfa-9408098f7c63,Nitrite,Elementary flows/emission/water/fresh water body,2,not_assessed_method_not_selected
a26535d8-fd0d-3629-99de-7864c5dc78d0,"1,2-Dichloropropane",Elementary flows/emission/water,4,not_assessed_method_not_selected
a26e26a2-34c2-334f-aec9-4de0378569ad,Potassium-40,Elementary flows/emission/air/troposphere/urban,2,not_assessed_method_not_selected
a288d284-901c-36e8-83a8-b4a7f64bfdbb,Triethylamine,Elementary flows/emission/air,2,not_assessed_method_not_selected
a29a8389-b6a9-377a-b70d-a4bd68733f04,Antimony-125,Elementary flows/emission/water,1,not_assessed_method_not_selected
a2eb3172-ce81-3a6b-9cb0-f93bfbb8f3d3,Selenium compounds,Elementary flows/emission/water,2,not_assessed_method_not_selected
a2f0cbbe-078a-3dc9-b2c4-d474312d8067,Cesium-134,Elementary flows/emission/air,3,not_assessed_method_not_selected
a320e284-d276-3167-89b3-19d790081c08,"Particulate matter, > 2.5μm and ≤ 10μm",Elementary flows/emission/air,44,not_assessed_method_not_selected
a32372cc-f03b-3b8b-8915-1a1b2d722399,Potassium-40,Elementary flows/emission/water,1,not_assessed_method_not_selected
a32fdfa3-2c98-3b88-8fa4-d6ac0f859277,Methomyl,Elementary flows/emission/water,3,not_assessed_method_not_selected
a36c7dc9-b216-341e-8285-ffbae2069cb0,"Quartz, sand",Elementary flows/resource/ground/subterranean,4,not_assessed_method_not_selected
a37ab01d-fc59-3b10-8400-59d4a94d7bd5,Radium-226,Elementary flows/emission/air/troposphere/rural,6,not_assessed_method_not_selected
a3a553df-aec1-3023-b702-1200110f262a,Protactinium-234,Elementary flows/emission/water/fresh water body,2,not_assessed_method_not_selected
a3b5b2fb-0186-3a31-b689-4110e21c20bc,Silver-110,Elementary flows/emission/air,1,not_assessed_method_not_selected
a3d33ea6-76e3-37fc-b15e-1120f4128b10,Dibenzofuran,Elementary flows/emission/water,4,not_assessed_method_not_selected
a3db5cbf-f423-3759-917e-dba8fefec8a1,Methyl acetate,Elementary flows/emission/water/fresh water body/river,1,not_assessed_method_not_selected
a3f9fcea-4205-3a29-8364-2d0868fc99b2,Palladium,Elementary flows/emission/air,5,not_assessed_method_not_selected
a4102c9d-f06a-3636-9476-7ecfee1c94d9,Tris(2-chloroethyl) phosphate,Elementary flows/emission/water/fresh water body,1,not_assessed_method_not_selected
a4197078-ca3b-3f35-bf7a-64d2940136bd,"Hydrocarbons, chlorinated",Elementary flows/emission/water,5,not_assessed_method_not_selected
a42b2b25-d3e4-386b-96c5-2833a3ec2e25,2-Aminopropanol,Elementary flows/emission/air/troposphere/urban,1,not_assessed_method_not_selected
a444e64f-0e7f-37c6-b4d2-cc53cde81223,"Benzenethiol, pentafluoro-",Elementary flows/emission/air,1,not_assessed_method_not_selected
a44d8707-9d5e-34ff-a341-e10a4a86cd91,Benzene,Elementary flows/emission/air/stratosphere,1,not_assessed_method_not_selected
a451a5f6-30e6-37d5-ac4b-ab75b81e79e3,"1,2,4-Trimethylbenzene",Elementary flows/emission/water,1,not_assessed_method_not_selected
a4813519-446d-3971-a7d1-0c054ce1813a,Cobalt-60,Elementary flows/emission/water/subterranean/fresh water body,1,not_assessed_method_not_selected
a48770cd-a7a2-3e86-9e1b-083d68ba4351,Chloroethane,Elementary flows/emission/air,17,not_assessed_method_not_selected
a4a7876b-fd25-3f4b-baba-a0d29898172d,Formamide,Elementary flows/emission/air/troposphere/urban,1,not_assessed_method_not_selected
a4b19d0f-8e4f-3419-a9b5-a0aa92225aec,Beta Cypermethrin,Elementary flows/emission/ground/human-dominated/agricultural,2,not_assessed_method_not_selected
a4c314f9-7155-37b5-bb73-efac119649ae,Decane,Elementary flows/emission/ground,1,not_assessed_method_not_selected
a4dc2e9d-7951-3da0-a833-d11e205d0fa1,Hydrogen cyanide,Elementary flows/emission/water/subterranean/fresh water body,1,not_assessed_method_not_selected
a501641b-5bc6-3910-b308-35507ca54548,Lithium,Elementary flows/emission/water/fresh water body,2,not_assessed_method_not_selected
a50c5f2c-9a5f-386e-8bb9-92bc8864fbd9,Fenoxaprop,Elementary flows/emission/air/troposphere/rural,1,not_assessed_method_not_selected
a535d9d4-2b5e-3bcf-bc33-66a066a5477d,Ilmenite,Elementary flows/resource/ground/subterranean,2,not_assessed_method_not_selected
a570f62d-ac93-36c4-8a5e-132f83f988b4,Volatile organic compounds,Elementary flows/emission/water/fresh water body/river,2,not_assessed_method_not_selected
a58c8e84-1ff1-3a64-bf26-567e9bdeb994,Lead,Elementary flows/emission/ground,8,not_assessed_method_not_selected
a58df7ff-b222-34c4-8fc0-2dddf59c933d,Copper(I),Elementary flows/emission/water,17,not_assessed_method_not_selected
a5915eb2-88bc-3102-af95-ca0159420339,Cadmium(II),Elementary flows/emission/ground,1,not_assessed_method_not_selected
a5947091-71e1-3a4c-8062-d4e823205a07,Cresol,Elementary flows/emission/water/saline water body/ocean,5,not_assessed_method_not_selected
a599621a-cc11-377b-a415-a8eea0fb8fd7,Acephate,Elementary flows/emission/air,1,not_assessed_method_not_selected
a59ee0ff-0f7a-3f04-95d6-9f0620010da0,Manganese compounds,Elementary flows/emission/water,2,not_assessed_method_not_selected
a5bcc129-5d28-3480-b6ad-3d86579fc06c,Chloral hydrate,Elementary flows/emission/water/fresh water body,1,not_assessed_method_not_selected
a5c68af8-4ee7-3722-a556-d81a63974958,Metazachlor,Elementary flows/emission/water,1,not_assessed_method_not_selected
a5c77cee-3469-32ec-ae17-64fc1487d17d,Neem oil,Elementary flows/emission/ground/terrestrial/forest,1,not_assessed_method_not_selected
a5cc8640-214e-36b4-bce8-8ebe0b7d8f64,m-Chlorotoluene,Elementary flows/emission/water/fresh water body/river,1,not_assessed_method_not_selected
a5e702ea-ead9-305c-9558-665f92e7f42b,Fomesafen,Elementary flows/emission/water,1,not_assessed_method_not_selected
a6317c2a-8158-37db-bb2c-5ae4b1219d44,Anthracene,Elementary flows/emission/ground,1,not_assessed_method_not_selected
a63a9c73-2fe4-3679-93c2-28b6f7fb8915,Uranium,Elementary flows/emission/water,1,not_assessed_method_not_selected
a63fdbc0-0c6a-33df-a035-71dc7fc7705b,Antimony,Elementary flows/emission/water/fresh water body,2,not_assessed_method_not_selected
a655462c-e919-3bd7-af22-179f60b76e26,2-[4-[2-hydroxy-3-(propan-2-ylamino)propoxy]phenyl]acetamide,Elementary flows/emission/water/fresh water body,1,not_assessed_method_not_selected
a657175f-4b1d-38ce-9106-8510b3a0fc38,Trifluralin,Elementary flows/emission/air/troposphere/rural,2,not_assessed_method_not_selected
a6714cfd-aed0-35f6-b441-2e9fcf12d899,Nitrous oxide,Elementary flows/emission/air/troposphere/urban,2,not_assessed_method_not_selected
a67ee0b0-2789-37f3-b5be-bf6044f6e5ce,Iron,Elementary flows/emission/water/fresh water body/river,1,not_assessed_method_not_selected
a68efb7c-5c88-3f1c-a486-1dd155d5844b,(2-hydroxy-4-methoxyphenyl)-phenylmethanone,Elementary flows/emission/ground,1,not_assessed_method_not_selected
a68f27f2-78ad-36c7-a990-843b22d12b77,Chlorpyrifos,Elementary flows/emission/air/troposphere/rural,2,not_assessed_method_not_selected
a6930de9-e427-32fd-b7d4-ae37a19533f2,Zinc-65,Elementary flows/emission/air,1,not_assessed_method_not_selected
a6a3f554-502b-3952-be02-f172c1df55f5,Calcium carbonate,Elementary flows/resource/ground,1,not_assessed_method_not_selected
a6ec695d-c0d4-36a0-8ce6-afaa4239590c,Antimony,Elementary flows/emission/ground,1,not_assessed_method_not_selected
a6ef0d41-eede-3377-957e-0bdee5f8aa1e,Americium-241,Elementary flows/emission/water,5,not_assessed_method_not_selected
a742c00e-7148-3f99-9ecc-16bb46bd2f4f,Nitrogen dioxide,Elementary flows/emission/air,18,not_assessed_method_not_selected
a7512cf4-7f59-361b-bfe7-d4b0eeb7e108,Iodine-129,Elementary flows/emission/ground,1,not_assessed_method_not_selected
a788bade-3e5a-31d7-82d6-10d0b4d359ae,Methanol,Elementary flows/emission/ground,1,not_assessed_method_not_selected
a7a1c7fa-7603-3990-8684-5856281c9f3e,Tritium,Elementary flows/emission/water/saline water body/ocean,8,not_assessed_method_not_selected
a7cb7505-ab01-3ba3-a978-01a86178a4e3,Selenium,Elementary flows/emission/water/saline water body/ocean,2,not_assessed_method_not_selected
a7cfafd1-9f72-3032-a73e-2f27aabe2dfd,(2S)-2-(6-methoxynaphthalen-2-yl)propanoic acid,Elementary flows/emission/ground,1,not_assessed_method_not_selected
a7d5552f-3550-3c4f-82a7-06a802c9a638,Organic compounds,Elementary flows/emission/water/fresh water body,2,not_assessed_method_not_selected
a7eb485a-5288-3bb8-aad2-ce1992ec92b8,"Particulate matter, > 10μm",Elementary flows/emission/air,13,not_assessed_method_not_selected
a80a8429-fa84-39fc-a74f-deee2989a496,Platinum,Elementary flows/emission/air/troposphere/rural,2,not_assessed_method_not_selected
a81e5ff3-ddea-3521-854e-3d0ec0912182,Methane,Elementary flows/emission/air/troposphere/rural,44,not_assessed_method_not_selected
a83c46e2-e714-3163-8fde-1ef084c4401d,Kieserite,Elementary flows/resource/ground/subterranean,1,not_assessed_method_not_selected
a855af0a-b9bd-3538-ab65-a38b80e45580,"1,3-Butadiene",Elementary flows/emission/air/troposphere/high,1,not_assessed_method_not_selected
a878d482-351c-347f-a931-535cfe42d488,Quizalofop-ethyl,Elementary flows/emission/water,1,not_assessed_method_not_selected
a8bac6c7-4db5-34b1-8069-f47644edba5f,Dimethyl sulfate,Elementary flows/emission/air,1,not_assessed_method_not_selected
a8c1782b-9554-3346-ada3-a7130375c73a,Ethylene oxide,Elementary flows/emission/air/stratosphere,1,not_assessed_method_not_selected
a8c9ce85-0c32-3703-b656-e25d81fa79ef,Uranium,Elementary flows/emission/water/fresh water body/river,6,not_assessed_method_not_selected
a8dbd9ec-0162-3474-9cc0-c4f428e16445,Isopropylamine,Elementary flows/emission/air/troposphere/urban,1,not_assessed_method_not_selected
a8e97a9b-b6f1-348a-b118-c546f7cf6f4e,Acetamide,Elementary flows/emission/air,2,not_assessed_method_not_selected
a8ead97e-1f5f-3c0c-aa72-c7b25050864e,Ethylene dibromide,Elementary flows/emission/air,9,not_assessed_method_not_selected
a9459075-b559-3ba2-af22-c01ff32230b4,Benzene,Elementary flows/emission/water/subterranean/fresh water body,1,not_assessed_method_not_selected
a94f791b-f806-37a6-95b5-f97fdcde3032,HCFC-124,Elementary flows/emission/air,4,not_assessed_method_not_selected
a9566675-8e9d-3a06-bf9c-881fff502772,"Energy, heat",Elementary flows/emission/air/stratosphere,2,not_assessed_method_not_selected
a95f1103-bc4d-3073-9d96-0e564e9d87ca,Bentonite,Elementary flows/resource/ground/subterranean,7,not_assessed_method_not_selected
a96c4a3b-b5e1-3f51-9397-d8f9a08f6b8a,Carbamazepine,Elementary flows/emission/water/fresh water body,1,not_assessed_method_not_selected
a975efda-5fb3-38a9-8d3f-212606aa853f,m-Xylene,Elementary flows/emission/water,6,not_assessed_method_not_selected
a9837588-3ff0-37e7-bcb8-00d593d6f308,Bis(tributyltin) oxide,Elementary flows/emission/water,1,not_assessed_method_not_selected
a9bd569a-ff54-32ff-a1af-220f97fa0ebf,Propionaldehyde,Elementary flows/emission/water/fresh water body/river,1,not_assessed_method_not_selected
aa0db38e-5e6f-3022-97f5-c42d16536203,Bromine,Elementary flows/emission/air/troposphere/urban,2,not_assessed_method_not_selected
aa1aac60-dfbe-32b9-9203-81a6c58a340b,"2,4-Dinitrophenol",Elementary flows/emission/air,1,not_assessed_method_not_selected
aa549d04-b60d-3fed-9d71-6faa7f69c87f,Gamma-cyhalothrin,Elementary flows/emission/air/troposphere/rural,1,not_assessed_method_not_selected
aa621e8d-c953-3986-ac3c-0e6f67568a2d,Acetone,Elementary flows/emission/water/fresh water body/river,1,not_assessed_method_not_selected
aa7539ee-9aeb-3cb5-9d64-2a0bd94ebb0f,Hydrogen cyanide,Elementary flows/emission/air,8,not_assessed_method_not_selected
aa96c717-3352-36ec-be40-d35c1efa0a9e,Magnesium,Elementary flows/resource/water,5,not_assessed_method_not_selected
aab83476-ec6c-3742-af85-15d320b7ce80,Methane,Elementary flows/emission/air,152,not_assessed_method_not_selected
aacb5c36-6127-35d7-89cc-f25b89b85ff1,Aluminum,Elementary flows/emission/water/subterranean,3,not_assessed_method_not_selected
aad08270-1b26-3117-b16b-e1334dc974bb,Zinc,Elementary flows/emission/water/fresh water body,2,not_assessed_method_not_selected
ab4becd7-5932-3e00-988f-e1d2063e2cde,Sulfate,Elementary flows/emission/ground/human-dominated/industrial,7,not_assessed_method_not_selected
ab4d79b6-f2ad-3757-beae-17cba8a53f5a,"Coal, anthracite",Elementary flows/resource/ground,2,not_assessed_method_not_selected
ab6fe427-b217-3249-9f99-398bdb85cce0,"Carbon dioxide, biogenic",Elementary flows/emission/air,5,not_assessed_method_not_selected
abe2bbfb-96d0-330e-a190-a2075fee0ee5,Iodine-133,Elementary flows/emission/air,3,not_assessed_method_not_selected
ac0aba5c-66ce-42c9-9f46-1e47ab7bc4b9,"Transformation, from forest, natural",Ecosystem Services,2,not_assessed_method_not_selected
ac0fa9f8-2455-3106-841c-ed7be967c566,Dioxins,Elementary flows/emission/air,7,not_assessed_method_not_selected
ac1eb121-e94a-3198-a613-528dbb56c2d2,Barium compounds,Elementary flows/emission/air,2,not_assessed_method_not_selected
ac249128-5489-3eb8-bfb8-61c0b93d2e07,Chromium(VI),Elementary flows/emission/air,15,not_assessed_method_not_selected
ac272820-2f03-3c80-a84d-ab538dc345cc,Carbon disulfide,Elementary flows/emission/air/troposphere/urban,2,not_assessed_method_not_selected
ac3b6de4-946d-3a5e-8aeb-c7457a175ecb,Mancozeb,Elementary flows/emission/ground,1,not_assessed_method_not_selected
ac3ca9f5-1572-3856-8213-0c59e1d5e135,Dissolved Organic Carbon,Elementary flows/emission/water/subterranean/fresh water body/unconfined aquifer,1,not_assessed_method_not_selected
ac432702-d661-3bdf-9322-5d03838fc508,Aromatics,Elementary flows/emission/water/saline water body/ocean,4,not_assessed_method_not_selected
ac7cdbe9-4e8c-3f92-8a9e-f9bd0f18ad63,"Energy, heat",Elementary flows/emission/water/saline water body/ocean,8,not_assessed_method_not_selected
aca2057c-1546-3cf3-9e6a-a507791f2456,Ethylenediamine,Elementary flows/emission/air,1,not_assessed_method_not_selected
acc3a829-8bfd-353d-b473-9b0e6142319d,Chrysene,Elementary flows/emission/air/troposphere/rural,40,not_assessed_method_not_selected
acff99cf-07fe-3ca6-b600-343dd604ca2f,"2,3,4,7,8-Pentachlorodibenzofuran",Elementary flows/emission/water,1,not_assessed_method_not_selected
ad0a5f9f-2257-350c-8a19-328d50f1d82c,Chlorimuron-ethyl,Elementary flows/emission/air/troposphere/rural,1,not_assessed_method_not_selected
ad176e5a-7abc-380d-a365-f17d52bf6584,Aluminum(III),Elementary flows/emission/water,2,not_assessed_method_not_selected
ad1bd08b-d640-3605-803e-988d109197e0,Natural gas,Elementary flows/resource/air/subterranean,20,not_assessed_method_not_selected
ad23a3cb-92b1-396e-b92c-b0064edfbd75,Ammonia,Elementary flows/emission/ground/human-dominated/industrial,7,not_assessed_method_not_selected
ad2b40a6-86db-37c0-8e36-7c469f01e41b,"Noble gases, radioactive, unspecified",Elementary flows/emission/air/troposphere/high,1,not_assessed_method_not_selected
ad362da4-86b8-3519-b904-d7f3be4328fe,Methanol,Elementary flows/emission/air,24,not_assessed_method_not_selected
ad39535c-57aa-3c48-ab71-3f2386adadb0,Tritium,Elementary flows/emission/water/fresh water body,2,not_assessed_method_not_selected
ad52311a-f339-365f-95e3-589092915e34,"Coal, sub-bituminous",Elementary flows/resource/ground,1,not_assessed_method_not_selected
ad59d259-5600-3d2d-8f23-4430da491c19,Benz[a]anthracene,Elementary flows/emission/water/saline water body/ocean,7,not_assessed_method_not_selected
ad60660d-a560-3357-b658-773a915bfb92,"1,1-Dichloroethane",Elementary flows/emission/air,7,not_assessed_method_not_selected
ad64464c-1ff3-36e2-b7cd-8e404a62f7f2,1-Butene,Elementary flows/emission/air,5,not_assessed_method_not_selected
ada69a86-3fc8-3531-a86b-da5a9f076420,Chlorofluorocarbons,Elementary flows/emission/air,4,not_assessed_method_not_selected
adb4b590-7fb2-47b6-84e7-d4746a94c7b5,"Volume occupied, final repository for radioactive waste",Elementary flows/resource/non-FEDEFL/ground/human-dominated,1,not_assessed_method_not_selected
adbeb2a4-2a29-3cbb-8222-131de1f0bee1,Formaldehyde,Elementary flows/emission/ground,1,not_assessed_method_not_selected
ade872db-a289-3467-bca5-112f4b96e874,Nickel,Elementary flows/emission/ground,8,not_assessed_method_not_selected
adeb9d08-cd31-359c-b898-02296486ac99,Curium-242,Elementary flows/emission/water,4,not_assessed_method_not_selected
ae0548c8-e9e9-3867-a1fc-88f6944b9a82,"bicyclo[3.1.0]hexane, 4-methylene-1-(1-methylethyl)-",Elementary flows/emission/air,1,not_assessed_method_not_selected
ae0dc249-97ae-3575-a2ea-99c3d2d312b0,"1,2,3,6,7,8-Hexachlorodibenzo-p-dioxin",Elementary flows/emission/air,2,not_assessed_method_not_selected
ae151cff-d7c6-394d-a8c9-a56b466f6b15,Dicamba,Elementary flows/emission/air/troposphere/rural,1,not_assessed_method_not_selected
ae2224fa-e8bb-3d31-bdba-5be2b687c84c,Americium-241,Elementary flows/emission/water/fresh water body/river,1,not_assessed_method_not_selected
ae2ae835-e8e2-3e31-b395-a44aa4708c13,Scandium,Elementary flows/emission/air,1,not_assessed_method_not_selected
ae46afdc-d46f-3702-bd4b-cfb96c8f7192,Uranium-235,Elementary flows/emission/water/subterranean/fresh water body,1,not_assessed_method_not_selected
ae604834-c49a-3ebb-b15b-06e6e89e427e,Natural gas,Elementary flows/resource/air,6,not_assessed_method_not_selected
ae6cbd23-aa39-335a-ba9f-7f3e573802c7,Uranium-235,Elementary flows/emission/water/fresh water body/river,11,not_assessed_method_not_selected
ae88bfce-a533-3f77-a1e1-3ee4d74e4e10,Iodine,Elementary flows/emission/air,1,not_assessed_method_not_selected
ae949cd2-45b1-39fb-9c52-943019cdba9b,Styrene,Elementary flows/emission/water,9,not_assessed_method_not_selected
aeb4d82e-3cd4-3b2b-bfc8-1e681d93d211,Linuron,Elementary flows/emission/ground/human-dominated/agricultural,2,not_assessed_method_not_selected
aec2cf2a-b55b-3598-a164-05f8ba8ad3ee,Cobalt,Elementary flows/resource/ground,2,not_assessed_method_not_selected
aee47a59-0158-3539-aa77-9c6b7fcd8838,Polychlorinated biphenyls,Elementary flows/emission/air/troposphere/urban,2,not_assessed_method_not_selected
aef9d0ff-6482-3b1d-a53e-4d738bdcd9b1,Xylene,Elementary flows/emission/air,28,not_assessed_method_not_selected
aefa4edc-81f6-37d3-bf89-6e852af23d00,Plutonium-238,Elementary flows/emission/ground,1,not_assessed_method_not_selected
aefed5e8-af2d-3a70-9b31-b2927d13d024,Nickel(II),Elementary flows/emission/water/fresh water body,1,not_assessed_method_not_selected
af11ae18-71fe-3183-a0b9-9e3f0390891e,Bauxite,Elementary flows/resource/ground,1,not_assessed_method_not_selected
af1f4d83-5b7d-3b3f-b9a9-a95e80daf466,"1,1-Dichloroethylene",Elementary flows/emission/air,6,not_assessed_method_not_selected
af4664da-60f0-31e5-83ba-0d2518959c5b,Uranium,Elementary flows/resource/ground,2,not_assessed_method_not_selected
af76708d-e33c-388d-84f0-35e3a5af8d5b,Diflubenzuron,Elementary flows/emission/water,1,not_assessed_method_not_selected
af90d70a-da8a-3819-b259-f554b66c4b83,Niobium-95,Elementary flows/emission/air,3,not_assessed_method_not_selected
af9a1ea0-92aa-3f85-8563-5c21c65b1252,Methylene chloride,Elementary flows/emission/water,1,not_assessed_method_not_selected
afc5f223-7b3a-39ff-a6ac-6dea5adcaa1d,Hydrocarbons,Elementary flows/emission/air/troposphere/rural,9,not_assessed_method_not_selected
aff1d420-de39-3561-91cb-743dfc05a8f8,Diatomite,Elementary flows/resource/ground/subterranean,1,not_assessed_method_not_selected
afff3694-b538-36cc-8318-ed1f55063674,Protactinium-234,Elementary flows/emission/water,1,not_assessed_method_not_selected
b056350f-5990-35d9-92f7-e72f9f67aa3b,Di-n-octyl phthalate,Elementary flows/emission/ground,1,not_assessed_method_not_selected
b064b755-d06f-3fb1-b838-a3fe076d37e1,Iron,Elementary flows/emission/ground/human-dominated/industrial,4,not_assessed_method_not_selected
b0a295ea-2d1c-3e9c-9cee-74186ce5d6b5,Phenanthrene,Elementary flows/emission/air/troposphere/rural,40,not_assessed_method_not_selected
b0b34b71-e759-303e-bf1b-0386d89743f9,Fluoranthene,Elementary flows/emission/water/fresh water body/river,1,not_assessed_method_not_selected
b0b936bb-4002-3d21-9895-8be42ae4a458,Glyphosate,Elementary flows/emission/ground/human-dominated/agricultural,3,not_assessed_method_not_selected
b0bd9c17-6aab-392b-8087-4773882589da,Chlorine,Elementary flows/emission/air/troposphere/rural,2,not_assessed_method_not_selected
b0c2e64b-22b6-32bb-ac26-3a96ff69caa4,"Oils, biogenic",Elementary flows/emission/non-FEDEFL/ground,1,not_assessed_method_not_selected
b0d0c60e-2add-3607-999c-04db866b8c3a,Methane,Elementary flows/emission/air/troposphere/urban,2,not_assessed_method_not_selected
b0e46dc9-3a43-3b7a-a6df-d62308d7275e,Benzo[ghi]perylene,Elementary flows/emission/ground,1,not_assessed_method_not_selected
b0f7dbe1-f30a-3d29-a92d-494eb8f238ab,Chlorpyrifos,Elementary flows/emission/ground,1,not_assessed_method_not_selected
b11bd361-08c0-33b4-b624-2baae45ed7d8,Nitrogen,Elementary flows/emission/air,12,not_assessed_method_not_selected
b11dcdc8-258b-34cb-b9e9-01bbd03c38e3,Iodine-129,Elementary flows/emission/air,3,not_assessed_method_not_selected
b13d5170-0f62-30e2-9c10-ddde89b2d2b1,Mercury compounds,Elementary flows/emission/air,1,not_assessed_method_not_selected
b15117ec-3b8e-35de-bef2-00aec1b9636e,Copper,Elementary flows/emission/air,25,not_assessed_method_not_selected
b16067e9-96a2-38e8-bbc1-efeeb3ee8f78,Chloramine,Elementary flows/emission/air/troposphere/urban,1,not_assessed_method_not_selected
b1694a1d-5fcd-3ea0-8f40-a59a8590e207,Methiocarb,Elementary flows/emission/ground,1,not_assessed_method_not_selected
b16b8f49-9552-3ad1-8097-c92bf8546dd3,Tantalum,Elementary flows/emission/water/fresh water body/river,1,not_assessed_method_not_selected
b172246a-087b-307d-913a-af43ac3aca72,Xenon-135,Elementary flows/emission/air,3,not_assessed_method_not_selected
b19a36a1-8be8-3b91-8869-93e55cae147f,Zirconium,Elementary flows/emission/air,1,not_assessed_method_not_selected
b1e819d6-a553-329d-827e-e4e909a10443,Dichlorobromomethane,Elementary flows/emission/air,1,not_assessed_method_not_selected
b209b866-9503-383d-ad97-9e68a8e0469b,Strontium-89,Elementary flows/emission/water/fresh water body/river,2,not_assessed_method_not_selected
b21321da-2956-36bb-ad10-8f8bcf941ee6,Dibromomethane,Elementary flows/emission/air,6,not_assessed_method_not_selected
b226d15c-c2e3-3059-bb74-322e3d3fe53d,Acetochlor,Elementary flows/emission/air,2,not_assessed_method_not_selected
b248af5d-4ebc-3add-ab86-c9df0e2c94c2,Curium-244,Elementary flows/emission/air,1,not_assessed_method_not_selected
b24a2de2-da9b-30b8-ae33-3d4ffa692029,Hexafluoroethane,Elementary flows/emission/air,8,not_assessed_method_not_selected
b25a1013-d910-3827-981a-1d943d2c0cd1,Hexadecane,Elementary flows/emission/air,1,not_assessed_method_not_selected
b2661705-4693-3796-b582-f598499b4157,Dibenzothiophene,Elementary flows/emission/water,4,not_assessed_method_not_selected
b274c812-b21d-3ca5-b7aa-4235b5c7c3ae,"Benzene, 1,2-dichloro-4-methyl-",Elementary flows/emission/water,1,not_assessed_method_not_selected
b2781dc3-77ab-326f-9463-058a6608beac,Benzo[a]pyrene,Elementary flows/emission/water,3,not_assessed_method_not_selected
b28b7758-b0fb-3319-a3c8-9e21ac804f7b,"4,4'-Methylenedi(phenyl isocyanate)",Elementary flows/emission/air,1,not_assessed_method_not_selected
b2a02e24-33c1-3424-88b5-fa715300f46e,Krypton-89,Elementary flows/emission/air,3,not_assessed_method_not_selected
b2aac79f-012a-3e38-92a9-5ba624231134,Calcium,Elementary flows/emission/air/stratosphere,1,not_assessed_method_not_selected
b2af135b-4fe8-357e-ae50-677bca904934,Beryllium,Elementary flows/emission/water/subterranean/fresh water body,1,not_assessed_method_not_selected
b2cd16ff-7978-339f-beb4-fdaa3c7e210c,Chloroethane,Elementary flows/emission/water,1,not_assessed_method_not_selected
b2d22702-cfc2-3f69-acc5-b06272130077,Hardwood,Elementary flows/resource/biotic,1,not_assessed_method_not_selected
b2d3d158-5bed-3e75-b20b-7a9de6586708,Aromatic hydrocarbons,Elementary flows/emission/water/saline water body/ocean,4,not_assessed_method_not_selected
b3051e1f-c4b9-3adb-8265-dafe05331ba5,Teflubenzuron,Elementary flows/emission/ground/human-dominated/agricultural,2,not_assessed_method_not_selected
b330e0bd-997f-3ae9-9bff-244143bf66a6,"1,2,3,7,8,9-Hexachlorodibenzo-p-dioxin",Elementary flows/emission/air,2,not_assessed_method_not_selected
b3447c56-0205-34f1-8b36-f7a8214c8bfb,Glyphosate,Elementary flows/emission/water,4,not_assessed_method_not_selected
b3590800-2aa5-33cc-a7bf-cc493ca4076e,Nickel,Elementary flows/emission/air/troposphere/urban,2,not_assessed_method_not_selected
b376f3e6-45d4-304d-8ad4-c1838ad21fea,Fluoride,Elementary flows/emission/water/fresh water body/river,2,not_assessed_method_not_selected
b38c3d57-6d3b-384f-af61-22ac67852cf8,Polycyclic aromatic hydrocarbons - 7-PAH,Elementary flows/emission/air,1,not_assessed_method_not_selected
b3a1626a-f130-322b-a090-540439e2e09c,"Noble gases, radioactive, unspecified",Elementary flows/emission/water/fresh water body/river,1,not_assessed_method_not_selected
b3c70893-3c45-341e-903a-3dd226382175,Bromine,Elementary flows/emission/air,4,not_assessed_method_not_selected
b3ca630f-183c-3e1b-a921-446449d3ef04,Michler's ketone,Elementary flows/emission/air/indoor,1,not_assessed_method_not_selected
b3d4d9a4-76d3-3466-a055-fcff639300b0,2-Aminopropanol,Elementary flows/emission/water/fresh water body/river,1,not_assessed_method_not_selected
b3f99ce4-f109-3123-a1ce-74c92647a665,Bentazon,Elementary flows/emission/ground/human-dominated/agricultural,2,not_assessed_method_not_selected
b403a7a0-2942-3eb4-ae51-7e07331bce02,Chromium(VI),Elementary flows/emission/water/subterranean,2,not_assessed_method_not_selected
b412a5e3-5821-369c-97bf-c4641015019e,Clean gas,Elementary flows/emission/non-FEDEFL/air,4,not_assessed_method_not_selected
b415204e-1506-3fc6-8e4b-97f8e64403b8,Chloride,Elementary flows/emission/water,19,not_assessed_method_not_selected
b45987ce-b691-3c77-b669-0658cbb04ab2,Iron,Elementary flows/emission/water/saline water body/ocean,3,not_assessed_method_not_selected
b46fe97d-c88f-3653-9a0c-e42f24d79d46,Polonium-210,Elementary flows/emission/air/troposphere/urban,2,not_assessed_method_not_selected
b4c094ec-a1fe-3f0e-9d52-1944a346f777,Aluminum,Elementary flows/emission/water/fresh water body/river,2,not_assessed_method_not_selected
b4cbb5ea-9149-3f22-9600-a4f8c96ea15d,Nickel,Elementary flows/emission/water/saline water body/ocean,3,not_assessed_method_not_selected
b4f878cf-cc4f-3b93-9a30-6ef64b712794,Cadmium(II),Elementary flows/emission/water/saline water body/ocean,5,not_assessed_method_not_selected
b4f97dfa-8c19-3da2-868c-4bc6ea37cb39,Dichloroethane,Elementary flows/emission/water/subterranean,1,not_assessed_method_not_selected
b51ae4b6-76b2-3544-934a-d9da380519a6,Chromium(VI),Elementary flows/emission/water/fresh water body,2,not_assessed_method_not_selected
b51b5cbd-b0cb-3104-b03b-4fbc12829a9e,Pyrene,Elementary flows/emission/air,58,not_assessed_method_not_selected
b51e4a05-5955-3038-9417-74feef5fcf7a,Molybdenum,Elementary flows/emission/water/saline water body/ocean,6,not_assessed_method_not_selected
b51f43e4-5a5f-3eb7-921f-6d3746d33fb6,"1,4-Dioxane",Elementary flows/emission/water,1,not_assessed_method_not_selected
b522edf7-4695-30ae-94b0-f517e93bd3d9,"Ethane, 1,2-dichloro-1-fluoro-",Elementary flows/emission/air,3,not_assessed_method_not_selected
b5396e0b-2dd1-32e1-ab4f-ef11a7af2db2,Trichlorfon,Elementary flows/emission/air,2,not_assessed_method_not_selected
b552ec6b-e470-371e-8d25-c6395e4f9bf5,"Water, fresh",Elementary flows/resource/air,1,not_assessed_method_not_selected
b588d752-7c77-3d4f-b20a-e648d947e906,Strontium-89,Elementary flows/emission/water/fresh water body,2,not_assessed_method_not_selected
b597c111-026d-3d41-ba75-6c1c38c56439,Land use,Elementary flows/resource/water/fresh water body/lake,2,not_assessed_method_not_selected
b59e2b5b-59bf-3d68-93fd-804078b5302e,Phosphorus,Elementary flows/emission/water/subterranean,1,not_assessed_method_not_selected
b5bb12c1-0b5d-3a90-92a0-22dbd57eafea,Chlorosulfonic acid,Elementary flows/emission/air/troposphere/urban,1,not_assessed_method_not_selected
b5c72fb3-6445-33b7-aec4-ba41e30b8d14,Vinyl chloride,Elementary flows/emission/air,7,not_assessed_method_not_selected
b5c96655-c17e-3083-9081-4f6f8660b7f1,"1,4-Butanediol",Elementary flows/emission/air/troposphere/urban,1,not_assessed_method_not_selected
b6546ff7-0bf9-3866-8335-01aa38b3e8b0,Hexadecane,Elementary flows/emission/water,4,not_assessed_method_not_selected
b6604aac-5823-3882-be88-720da587ffb7,Naphthalene,Elementary flows/emission/ground,1,not_assessed_method_not_selected
b6686ba5-0857-310b-a88c-04516ee2dc16,Lead compounds,Elementary flows/emission/ground,1,not_assessed_method_not_selected
b66af8c0-de54-3a35-ace0-7743af98f6de,Lead,Elementary flows/resource/ground,1,not_assessed_method_not_selected
b6708257-558f-3302-bab7-ba2af0487c2a,Magnesium chloride,Elementary flows/emission/water,4,not_assessed_method_not_selected
b682743b-d111-3208-afc9-08b3b76ec55f,Phenol,Elementary flows/emission/water/subterranean/fresh water body,1,not_assessed_method_not_selected
b6d9bcfb-e1f1-3a0f-911c-e3f864a791f4,Bentazon,Elementary flows/emission/water,2,not_assessed_method_not_selected
b6db14bd-73e9-3f02-852a-e8b5e60bbc61,Selenium,Elementary flows/emission/air,83,not_assessed_method_not_selected
b6e3b3d7-2bda-3248-836f-ce81a3650cf6,Tellurium-132,Elementary flows/emission/water,1,not_assessed_method_not_selected
b6e5d387-9d6a-304d-9438-db81eb4da4f3,"2,4,6-Trichlorophenol",Elementary flows/emission/air,2,not_assessed_method_not_selected
b6f010fb-a764-3063-af2d-bcb8309a97b7,Carbon dioxide,Elementary flows/emission/air,149,not_assessed_method_not_selected
b6f02520-4fdf-3828-831f-4322cc340d05,Silver,Elementary flows/emission/water/fresh water body/river,1,not_assessed_method_not_selected
b70c17d5-9d94-36d2-8fd2-cdef8eeb0235,1-Pentene,Elementary flows/emission/water/fresh water body/river,1,not_assessed_method_not_selected
b71b7863-b125-3437-89bf-3e9b96dbacc4,Cesium-134,Elementary flows/emission/air/troposphere/rural,6,not_assessed_method_not_selected
b7271ab2-884e-3d5f-83ee-66709a9fd3cc,Dicamba,Elementary flows/emission/water,3,not_assessed_method_not_selected
b7333c73-5e11-36c0-9e18-651c5655c163,Decane,Elementary flows/emission/air,5,not_assessed_method_not_selected
b7503034-5946-3ef9-8fa9-ec016ce41da9,"1,2-Dichloroethane",Elementary flows/emission/water,3,not_assessed_method_not_selected
b76a1d50-5ce5-36fb-a450-5a78a6719db0,"Benzene, 1-butyl-2-methyl-",Elementary flows/emission/air/troposphere/high,1,not_assessed_method_not_selected
b77e039d-4f93-3415-9376-28e8a1ee860b,Vanadium(III),Elementary flows/emission/water,3,not_assessed_method_not_selected
b7816a89-bb03-328a-8f01-e57d790cdc60,Argon,Elementary flows/emission/air,7,not_assessed_method_not_selected
b7ae3e81-d9ce-345f-bd73-d91acbddcd5f,Cadmium,Elementary flows/emission/water,1,not_assessed_method_not_selected
b7bab095-d0bf-3d7b-9c8e-c247d71a8f85,HFC-23,Elementary flows/emission/air,2,not_assessed_method_not_selected
b7d2532e-bafa-32ed-9265-34b6b548dd93,Carbon-14,Elementary flows/emission/water,7,not_assessed_method_not_selected
b7e3bbe6-99aa-32fc-b0a4-7d38e754b55d,Azoxystrobin,Elementary flows/emission/air,1,not_assessed_method_not_selected
b7f150b2-5381-3656-aed1-1e84c739cfaf,"Hydrocarbons, C9",Elementary flows/emission/air,1,not_assessed_method_not_selected
b80498de-0f5e-3d3f-9cbf-396a4952e904,CFC-11,Elementary flows/emission/air,1,not_assessed_method_not_selected
b8114e64-a02c-3136-a06b-4709b6afa037,Sulfuric acid,Elementary flows/emission/air/troposphere/rural,2,not_assessed_method_not_selected
b815f454-b7f5-35d0-8a19-6fcfdc3155f1,Trichlorobenzene,Elementary flows/emission/air,1,not_assessed_method_not_selected
b837ab35-f978-332e-ac42-94839ff1c619,"Hydrocarbons, chlorinated",Elementary flows/emission/water/fresh water body/river,1,not_assessed_method_not_selected
b862d9d0-598e-39ab-81bd-5114effb4b18,Propane,Elementary flows/emission/air/troposphere/rural,6,not_assessed_method_not_selected
b865d889-c5be-318e-a7aa-92a3a8d3a3a0,Mercury,Elementary flows/emission/air/stratosphere,2,not_assessed_method_not_selected
b8687bae-597e-3642-83cb-c700ad75dc77,Nickel,Elementary flows/emission/water/fresh water body/river,1,not_assessed_method_not_selected
b87444b4-112d-38c7-8759-e8d2dbb14a56,Volatile organic compounds,Elementary flows/emission/water/saline water body/ocean,2,not_assessed_method_not_selected
b877ae88-538c-38f8-8b68-7980e5bac22b,Chemical Oxygen Demand,Elementary flows/emission/water/subterranean,3,not_assessed_method_not_selected
b89103a6-91b2-3701-b3ea-af50f7ad0547,Wood,Elementary flows/resource/biotic,10,not_assessed_method_not_selected
b89e297f-45b4-3d85-8f5e-86f794b4934a,Iodine-133,Elementary flows/emission/water/fresh water body/river,2,not_assessed_method_not_selected
b8b01e76-cc32-363f-b543-c389fcf946be,Trimethylamine,Elementary flows/emission/water/fresh water body/river,1,not_assessed_method_not_selected
b8cb032d-2276-3c9a-bed3-210f52804dec,Sodium chloride,Elementary flows/emission/water/fresh water body,2,not_assessed_method_not_selected
b8cbdc2b-b86f-3f80-b7ba-f126b5f29152,Barite,Elementary flows/emission/water/saline water body/ocean,6,not_assessed_method_not_selected
b8edd87c-e985-37f2-9af8-2321120db8df,Diethylamine,Elementary flows/emission/water/fresh water body/river,1,not_assessed_method_not_selected
b90af473-2ddf-318e-98f8-ec8a6725a43f,Copper,Elementary flows/emission/water/fresh water body/lake,1,not_assessed_method_not_selected
b92371c6-7a65-35fc-b6a3-88f15f701d5d,Clethodim,Elementary flows/emission/air/troposphere/rural,1,not_assessed_method_not_selected
b92c1a95-27d2-3e3b-96a6-99ef87136c2b,Sulfuric acid,Elementary flows/emission/water/fresh water body,2,not_assessed_method_not_selected
b94783e6-e6d4-3c93-ae8b-b3b4dae488ca,Xylene,Elementary flows/emission/air/troposphere/urban,2,not_assessed_method_not_selected
b94c31ee-5cae-34f5-b879-451a00583bd8,Scandium,Elementary flows/emission/air/troposphere/rural,6,not_assessed_method_not_selected
b95121cf-ac27-306d-88e4-94a160ab28c9,Methyl acrylate,Elementary flows/emission/air,1,not_assessed_method_not_selected
b951e864-6e71-3edd-a41c-e41faa031f51,Sodium,Elementary flows/emission/air,7,not_assessed_method_not_selected
b9554035-798d-302b-9d1c-05c171c4daf0,Copper,Elementary flows/emission/ground/human-dominated/agricultural,8,not_assessed_method_not_selected
b9555b6c-5c27-39fd-8b67-7a98fef1e3eb,Zirconium-95,Elementary flows/emission/water,1,not_assessed_method_not_selected
b9705d58-35ee-37b9-84a3-2d3fe37c019c,"2,3,7,8-Tetrachlorodibenzo-p-dioxin",Elementary flows/emission/air/troposphere/urban,5,not_assessed_method_not_selected
b9c964d0-25aa-3679-a481-371ee38f8b3d,"Oils, biogenic",Elementary flows/emission/non-FEDEFL/ground/human-dominated/agricultural,1,not_assessed_method_not_selected
b9f2a8bf-6ae0-30cc-9911-a30ae88d45e2,"1,3-Butadiene",Elementary flows/emission/air/troposphere/rural,41,not_assessed_method_not_selected
ba056381-a34a-3a7d-8d4a-a62c34f5237f,Fluorine,Elementary flows/emission/air/troposphere/rural,6,not_assessed_method_not_selected
ba0e76dd-5d09-3944-a6f9-dc28bc1c3565,Hexane,Elementary flows/emission/air/troposphere/urban,2,not_assessed_method_not_selected
ba0f172d-2abf-3341-9631-c4c7a023da9c,Aromatic hydrocarbons,Elementary flows/emission/water/fresh water body,2,not_assessed_method_not_selected
ba166b3a-4dd9-3fd9-bbea-8011b8366ccd,2-Methyl-2-butene,Elementary flows/emission/water/fresh water body/river,1,not_assessed_method_not_selected
ba25ef36-64c9-319d-bca5-cfce4a4acd4a,Radium-226,Elementary flows/emission/water/subterranean,1,not_assessed_method_not_selected
ba35c59f-b010-32fb-a436-72cfe62f0cde,Magnesium,Elementary flows/emission/water/fresh water body/river,6,not_assessed_method_not_selected
ba614600-af03-39a6-a0f5-897debdf159c,Sodium,Elementary flows/emission/water,1,not_assessed_method_not_selected
ba950499-789b-30ad-b6f8-988492074643,Terbufos,Elementary flows/emission/air,2,not_assessed_method_not_selected
ba9cee15-a144-3c38-9a3b-36931d4e64e9,Acrolein,Elementary flows/emission/air,68,not_assessed_method_not_selected
baa8a7f5-a708-359a-9af3-4f1279daaaf5,"1,3,5-Trimethylbenzene",Elementary flows/emission/air,3,not_assessed_method_not_selected
bac0f994-00ee-37bd-9a93-3bb71e962f3f,Potassium-40,Elementary flows/emission/water/subterranean,1,not_assessed_method_not_selected
bac29fec-1bb8-3034-807f-90f6231de4af,Thorium-228,Elementary flows/emission/water/saline water body/ocean,4,not_assessed_method_not_selected
bad938c0-2a99-3eb1-8c81-17477e7c008d,Flufenacet,Elementary flows/emission/water,1,not_assessed_method_not_selected
baed361e-901c-36dc-9384-6d2115d21b01,Plutonium-238,Elementary flows/emission/water/subterranean/fresh water body,1,not_assessed_method_not_selected
bb0d8eb5-6b38-3a3e-854d-eac8aaeed4c6,"1-(4-tert-butyl-2,6-dimethyl-3,5-dinitrophenyl)ethanone",Elementary flows/emission/water/fresh water body,1,not_assessed_method_not_selected
bb2fcc3c-011a-3f5e-99c8-957471b6683c,Testosterone,Elementary flows/emission/water/fresh water body,1,not_assessed_method_not_selected
bb2fe0d4-debc-386a-8353-1546a2dd53e6,Curium-244,Elementary flows/emission/ground,1,not_assessed_method_not_selected
bb342be5-7489-32b3-9d11-192b7f49758b,Diisocyanates,Elementary flows/emission/air,1,not_assessed_method_not_selected
bb45699a-9a04-3ee5-9d15-a7d2270f246f,"Carbon monoxide, biogenic",Elementary flows/emission/air,6,not_assessed_method_not_selected
bb507e83-fc92-36b4-998b-617306b45b33,"Paraffin, C7",Elementary flows/emission/air/troposphere/urban/low,1,not_assessed_method_not_selected
bb522ea2-c106-3345-bc63-c0eef60cda1a,Sethoxydim,Elementary flows/emission/air/troposphere/rural,1,not_assessed_method_not_selected
bb5bb72b-7c4d-39a9-a8b5-7ca605798f21,Formaldehyde,Elementary flows/emission/water/fresh water body/river,2,not_assessed_method_not_selected
bba07c69-0112-3f82-999e-e3a4c81b6e68,"N,N-Dimethylformamide",Elementary flows/emission/air,2,not_assessed_method_not_selected
bba26198-243f-3d4d-8272-ea418c7a6901,Zeta-Cypermethrin,Elementary flows/emission/water,1,not_assessed_method_not_selected
bba3771e-e7bb-3b96-ba2b-418115098798,Methane,Elementary flows/emission/water,1,not_assessed_method_not_selected
bbad2dff-1fe2-383b-b976-806eaab7c51c,Tungsten,Elementary flows/emission/water/fresh water body/river,6,not_assessed_method_not_selected
bbb8e60e-4d6f-399e-90be-e2225ae29f03,Hexane,Elementary flows/emission/water/fresh water body/river,5,not_assessed_method_not_selected
bbf7b495-85aa-370e-973f-d586f512028b,Propiconazole,Elementary flows/emission/air/troposphere/rural,1,not_assessed_method_not_selected
bc039356-8286-3b8a-98d2-99e9d72f73f5,Diuron,Elementary flows/emission/water/fresh water body,1,not_assessed_method_not_selected
bc041b64-c2e4-3f48-8445-7fb9d9480fec,Fluoranthene,Elementary flows/emission/water/saline water body/ocean,7,not_assessed_method_not_selected
bc5fb7f9-280e-3888-9d3c-2cc000809dce,Hydrofluoric acid,Elementary flows/emission/ground,1,not_assessed_method_not_selected
bc661fdc-7c3a-3ce3-81dd-7c3ac1f859a8,2-Chloroacetophenone,Elementary flows/emission/air/stratosphere,5,not_assessed_method_not_selected
bc81e98d-653e-3c38-ab2c-df0aa7867f6c,Niobium-95,Elementary flows/emission/water,1,not_assessed_method_not_selected
bcacf46d-46f2-3ac3-8f01-caf9bf103514,Phosphine,Elementary flows/emission/air,3,not_assessed_method_not_selected
bcaedba9-d7b3-37db-8356-dcb747a1dc14,Carbon-14,Elementary flows/emission/water/saline water body/ocean,3,not_assessed_method_not_selected
bcc7b57f-4a33-32fd-afe4-6628dba839c7,Tetrachloroethylene,Elementary flows/emission/water/fresh water body,2,not_assessed_method_not_selected
bcca50db-5baf-3651-8bf5-be707678591a,Di(2-ethylhexyl) adipate,Elementary flows/emission/air,2,not_assessed_method_not_selected
bcf0e320-107e-3198-80ed-fd4108a460bb,"Actinides, unspecified",Elementary flows/emission/air,2,not_assessed_method_not_selected
bd744733-2046-3854-9fbd-c7f4cc455cd1,"4,4'-Methylenebis(2-methylaniline)",Elementary flows/emission/air,1,not_assessed_method_not_selected
bd9367a9-83cf-35ef-9441-9c1f28899289,Magnesium,Elementary flows/emission/air/troposphere/urban,2,not_assessed_method_not_selected
bd9eb873-4aa8-3f68-9fc2-c2916a5e5893,Radionuclides,Elementary flows/emission/air/troposphere/urban,1,not_assessed_method_not_selected
bdd9ff0b-a15b-3cb3-859e-375c1a7b764a,Cesium-134,Elementary flows/emission/water/fresh water body,2,not_assessed_method_not_selected
bdff254b-ff47-305e-99ee-ff2dddd46876,Uranium,Elementary flows/emission/water/saline water body/ocean,8,not_assessed_method_not_selected
be30a83d-8a35-3325-9d73-b5028bea5db5,Ammonia,Elementary flows/emission/air/troposphere/urban,2,not_assessed_method_not_selected
be862743-d9c7-3428-8168-37411aa77e11,"2,3,5,6-Tetrachloro-4-nitroanisole",Elementary flows/emission/water,1,not_assessed_method_not_selected
bea061cb-6aa7-395f-a265-fd9a0ab37f52,Acrylamide,Elementary flows/emission/air,3,not_assessed_method_not_selected
beb2d629-1ac8-3385-898d-6454fbcfe8f4,Molybdenum,Elementary flows/emission/ground,1,not_assessed_method_not_selected
beef909d-127b-36b7-bcac-ce1f40fe6fc3,"Ethane, 1,2-dibromo-1,1,2-trifluoro-",Elementary flows/emission/air,2,not_assessed_method_not_selected
bf04e7f9-06e5-3e51-9d1b-6933f5c6563b,m-Xylene,Elementary flows/emission/water/fresh water body/river,1,not_assessed_method_not_selected
bf073873-5100-3546-aee6-d21dbd90d384,"2,4-D",Elementary flows/emission/water,2,not_assessed_method_not_selected
bf5adc3d-6ae1-3512-95f9-37473f0c033a,Aluminum,Elementary flows/emission/ground/human-dominated/industrial,8,not_assessed_method_not_selected
bf6288d2-4fdd-33ee-936a-5ac6c75d3b9d,Cyanide,Elementary flows/emission/water/fresh water body,2,not_assessed_method_not_selected
bf688e2e-ac31-3441-b17c-c8ab06c188c6,Methyl ethyl ketone,Elementary flows/emission/water,5,not_assessed_method_not_selected
bf70450b-1e24-3393-a065-cb823b3b4722,Sulfite,Elementary flows/emission/water/fresh water body,2,not_assessed_method_not_selected
bf9a98d7-16de-3777-b21d-ee9edc177ca0,Limestone,Elementary flows/resource/ground/subterranean,3,not_assessed_method_not_selected
bfb7ef20-031c-33bb-ba49-f4583175b44d,Land use,Elementary flows/resource/water,2,not_assessed_method_not_selected
bfd988c0-66a9-3219-b130-08126d7c1c15,Gamma-cyhalothrin,Elementary flows/emission/water,1,not_assessed_method_not_selected
bfe31cbe-d39d-39a7-9385-e0ee1628f552,Terbuthylazine,Elementary flows/emission/water,1,not_assessed_method_not_selected
bffbba00-357a-3d54-8f8b-bdd5476ba8a3,Acetic acid,Elementary flows/emission/water,2,not_assessed_method_not_selected
c005a078-5b32-383d-8b91-5221c6243464,Estradiol,Elementary flows/emission/ground,1,not_assessed_method_not_selected
c00fa432-1dcc-3bf3-870f-4043c05cc887,Beryllium,Elementary flows/emission/water,5,not_assessed_method_not_selected
c0143eba-3daf-44ad-8d34-6e1d34128ace,"Transformation, from agriculture",Ecosystem Services,2,not_assessed_method_not_selected
c03cb6a0-1fce-38fc-8e74-88afb8c6ef91,Helium,Elementary flows/resource/air/subterranean,1,not_assessed_method_not_selected
c059eb31-4bd2-321a-8045-3ff9dd9f5c5c,Krypton-87,Elementary flows/emission/air/troposphere/rural,2,not_assessed_method_not_selected
c05b7f1c-b8b3-35a6-990b-d71f591b7511,Xylene,Elementary flows/emission/ground,1,not_assessed_method_not_selected
c05b9f27-077b-349e-8aba-7daa9302dad0,Cadmium,Elementary flows/emission/water/fresh water body/river,1,not_assessed_method_not_selected
c0601aaa-5cd5-3c7c-96aa-1451ea081363,Antimony-124,Elementary flows/emission/air/troposphere/rural,6,not_assessed_method_not_selected
c07513e0-da07-3572-8fba-b1f722e87a94,3-[bis(2-carboxyethyl)phosphanyl]propanoic acid,Elementary flows/emission/ground,1,not_assessed_method_not_selected
c0ac1dbd-f4aa-3367-ab2b-c10880ac446d,Cadmium(II),Elementary flows/emission/water/fresh water body/river,1,not_assessed_method_not_selected
c0ca7d92-30f5-3dac-926e-1b9b445844b7,Molybdenum,Elementary flows/emission/water/subterranean/fresh water body,1,not_assessed_method_not_selected
c0dc1f37-3c7d-3785-bf2f-cb9f8d474839,Trifluoro(fluoromethoxy)methane,Elementary flows/emission/air,1,not_assessed_method_not_selected
c0e826d9-ea03-3ea5-bf64-cb2f02b43003,Silver,Elementary flows/emission/air,5,not_assessed_method_not_selected
c11b4748-31e6-331a-8c7a-a75f91e15580,Aggregate,Elementary flows/resource/ground,1,not_assessed_method_not_selected
c128dfdb-e9be-3ea3-b64e-a27ba8d81d23,"1,2,4-Trimethylbenzene",Elementary flows/emission/ground,1,not_assessed_method_not_selected
c1339a34-352c-3152-9043-ee513a5f7c3a,Octylphenol,Elementary flows/emission/ground,1,not_assessed_method_not_selected
c13e3fa3-bbee-34d1-a859-402b6fce6cb0,Chloride,Elementary flows/emission/water/subterranean,3,not_assessed_method_not_selected
c1435ec7-1a11-3f77-b967-f532e9282791,Polycyclic aromatic hydrocarbons,Elementary flows/emission/water/saline water body/ocean,4,not_assessed_method_not_selected
c15ce06c-4a63-33db-a2f4-0a88c994e10a,Hydrazine,Elementary flows/emission/water/fresh water body,2,not_assessed_method_not_selected
c15e10c5-f91c-328a-ae01-d843fececf1a,Carbon-14,Elementary flows/emission/water/fresh water body,2,not_assessed_method_not_selected
c1714173-ce4e-3062-94e5-c9b935ca8ecb,Sulfur,Elementary flows/resource/ground/subterranean,7,not_assessed_method_not_selected
c1797aa8-58a0-3001-bcf0-1f4521c36c33,Butane,Elementary flows/emission/air/troposphere/urban,2,not_assessed_method_not_selected
c18c9d5c-f091-3b6b-b161-1bf18e51863a,Titanium,Elementary flows/emission/ground/human-dominated/agricultural,2,not_assessed_method_not_selected
c19325cf-8ba0-34b3-b560-7e2db346d382,Polycyclic organic matter,Elementary flows/emission/air,6,not_assessed_method_not_selected
c19f72d2-41a0-3218-ba4f-61fa392accd6,Benzo[ghi]perylene,Elementary flows/emission/air,24,not_assessed_method_not_selected
c1a4e23b-ad72-329b-b480-537d34f679cf,Sodium chloride,Elementary flows/resource/water,1,not_assessed_method_not_selected
c1a68ac0-c934-3278-8f11-734fc4ab0b82,Propamocarb,Elementary flows/emission/ground,1,not_assessed_method_not_selected
c1b0f3c7-546f-3bfa-ba02-fc5e657c2ea3,HCFC-123,Elementary flows/emission/air,1,not_assessed_method_not_selected
c1d90c3a-3d9e-3f8c-96d1-8c5193360389,Ethofumesate,Elementary flows/emission/air,1,not_assessed_method_not_selected
c1e76b96-20db-3838-9291-b97c97dc8466,Barium,Elementary flows/emission/water/fresh water body/river,6,not_assessed_method_not_selected
c227e048-b9cf-31eb-9f6a-e1f0a7f6b5cc,Radium-226,Elementary flows/emission/water/fresh water body/river,6,not_assessed_method_not_selected
c22ee4fb-abad-34d1-8235-6f82fa8060df,Azadirachtin A,Elementary flows/emission/ground/human-dominated/agricultural,1,not_assessed_method_not_selected
c238c5e2-5c64-34a7-b6f2-74d3c16c7d9a,Benzene,Elementary flows/emission/water/fresh water body,2,not_assessed_method_not_selected
c25b57e5-5d37-3475-bedb-db941f145fa3,Ethyl acetate,Elementary flows/emission/air/troposphere/urban,2,not_assessed_method_not_selected
c27652e2-e181-395a-a293-7b4b05b65ee2,Potassium,Elementary flows/emission/air/troposphere/rural,2,not_assessed_method_not_selected
c298bbbc-a5df-369b-8bfe-c9913de305d4,"Pyridine, phenyl-",Elementary flows/emission/air,1,not_assessed_method_not_selected
c2b6a560-8c1d-3aa4-a6a1-06725f9c43a3,Holmium,Elementary flows/resource/ground/subterranean,2,not_assessed_method_not_selected
c2ce2331-50a3-3d1b-a952-691ab651d2ef,Ammonia,Elementary flows/emission/water/fresh water body/river,1,not_assessed_method_not_selected
c2d517e6-4c5d-3002-8a0d-54434c5a3bae,"1,2-Dichloroethane",Elementary flows/emission/air,10,not_assessed_method_not_selected
c31b4718-70a0-32a2-be2c-f01f585b2f61,Cesium-137,Elementary flows/emission/water/subterranean/fresh water body,1,not_assessed_method_not_selected
c33548d3-5ccc-39da-b434-3c558a178cfd,Manganese compounds,Elementary flows/emission/air,7,not_assessed_method_not_selected
c341a135-2684-33bf-9577-b1e49443dc56,Sulfur trioxide,Elementary flows/emission/water,4,not_assessed_method_not_selected
c36caeb2-b133-3a74-9bdb-9e00e3f6dd23,Stone,Elementary flows/resource/ground/subterranean,6,not_assessed_method_not_selected
c3b52197-30a7-3307-a440-919f11f5289d,Cobalt-60,Elementary flows/emission/water/fresh water body/river,6,not_assessed_method_not_selected
c3cd0aef-c66d-314c-9fe6-738d1a4202ef,Anthracene,Elementary flows/emission/water/fresh water body/river,1,not_assessed_method_not_selected
c3d744a4-4710-3d92-8dcb-1b57766e412d,2-[4-[2-hydroxy-3-(propan-2-ylamino)propoxy]phenyl]acetamide,Elementary flows/emission/ground,1,not_assessed_method_not_selected
c3ff0a51-912f-3024-ad17-f52074cfd989,Cadmium(II),Elementary flows/emission/water,12,not_assessed_method_not_selected
c417bf8a-a58e-311a-9b21-62e3836d962a,Carbonate,Elementary flows/emission/water/fresh water body/river,6,not_assessed_method_not_selected
c449bc14-a760-36e4-8be1-db6a8a3219f0,Acetonitrile,Elementary flows/emission/water/fresh water body/river,1,not_assessed_method_not_selected
c4629bd9-6185-3901-816a-96cee29a19c9,Formaldehyde,Elementary flows/emission/water,8,not_assessed_method_not_selected
c47c9712-49cb-39fb-ae48-febf55a7b9e4,"Naphthalene, 1-ethyl-2-methyl-",Elementary flows/emission/air,1,not_assessed_method_not_selected
c4878bb2-5a22-3355-aafb-ea6302c32c2f,Chlorpyrifos,Elementary flows/emission/air,1,not_assessed_method_not_selected
c4a5e4fa-73d7-353a-a174-d40d3728a6f6,Sulfur,Elementary flows/emission/water/saline water body/ocean,8,not_assessed_method_not_selected
c4c85414-ca31-3dc5-977a-4e06efd6e4cf,Terpenes,Elementary flows/emission/air/troposphere/rural,2,not_assessed_method_not_selected
c4ca45c2-8a21-3a9e-b43f-913c1fe716f4,Catechol,Elementary flows/emission/air,2,not_assessed_method_not_selected
c4da1480-4f19-3d01-8f04-8432c38991b1,Chlorine,Elementary flows/emission/air,32,not_assessed_method_not_selected
c4e332ae-9f54-3e23-b107-b76aa41a5951,Unused primary energy from geothermal,Elementary flows/emission/non-FEDEFL/water,4,not_assessed_method_not_selected
c4efdae7-8d71-3ae8-9fac-7ae6c6a012ef,HCFC-22,Elementary flows/emission/air/troposphere/rural,5,not_assessed_method_not_selected
c51f4618-2b99-39d5-a537-a379ee83732d,Lead,Elementary flows/emission/ground/human-dominated/agricultural,8,not_assessed_method_not_selected
c53c2956-ca2a-3db1-b6ff-4a78e367cf70,Curium-244,Elementary flows/emission/water/fresh water body/river,1,not_assessed_method_not_selected
c5411904-9bab-3aa2-a7b4-30c084595961,Selenium,Elementary flows/emission/air/stratosphere,2,not_assessed_method_not_selected
c554c6af-8107-3fc7-a519-47e81faed521,Molybdenum,Elementary flows/emission/air/stratosphere,1,not_assessed_method_not_selected
c5697dcb-8fd3-3046-b499-f34e33495b61,Fluorene,Elementary flows/emission/air,62,not_assessed_method_not_selected
c5936363-a460-3704-91dc-86fad47fc2bd,Arsenic,Elementary flows/emission/water/fresh water body/river,1,not_assessed_method_not_selected
c5d5a21d-dd57-3775-aabd-6b0e74fc5e9f,Sodium(I),Elementary flows/emission/water/subterranean,2,not_assessed_method_not_selected
c5dd29bb-9757-3e45-bb62-bf40f723d196,"Coal, lignite",Elementary flows/resource/ground/subterranean,1,not_assessed_method_not_selected
c622a929-bd96-3d1a-817c-9fd0086fe9b2,Uranium,Elementary flows/emission/ground,1,not_assessed_method_not_selected
c65748fb-c592-3ab2-abc6-39f611a7f7c7,Copper,Elementary flows/emission/ground/human-dominated/industrial,4,not_assessed_method_not_selected
c66c0b20-f9a2-39eb-91fd-b8aa5d8c436d,Radon-222,Elementary flows/emission/air/troposphere/urban,2,not_assessed_method_not_selected
c6914545-975c-3479-9e13-8af7d6f531d4,Mercury,Elementary flows/emission/air/troposphere/urban,2,not_assessed_method_not_selected
c693d56b-e964-3c4a-a1b8-2fb5633cb3fd,Magnesium chloride,Elementary flows/emission/water/fresh water body,2,not_assessed_method_not_selected
c69ad153-4e30-39ac-92e0-ded6825e8ec8,Eicosane,Elementary flows/emission/water,4,not_assessed_method_not_selected
c6b074e3-e4e4-3f85-a96f-769bd5ea9b9e,.gamma.-Butyrolactone,Elementary flows/emission/water/fresh water body/river,2,not_assessed_method_not_selected
c6b97da9-b228-3d5a-9ce1-014e9089cca7,Sulfur,Elementary flows/emission/ground,1,not_assessed_method_not_selected
c6cde609-8b8a-3d35-943f-fcfc590ea123,Selenium,Elementary flows/emission/water/subterranean,3,not_assessed_method_not_selected
c7075dcd-e365-35b8-bd26-48073ecea53b,"2,6-Di-tert-butyl-p-cresol",Elementary flows/emission/water/fresh water body,1,not_assessed_method_not_selected
c70f1e1d-017a-3aa4-9614-fa723adbf49d,CFC-13,Elementary flows/emission/air,8,not_assessed_method_not_selected
c7186030-0347-32eb-862d-91f61b1cf017,Methyl parathion,Elementary flows/emission/water,1,not_assessed_method_not_selected
c754a986-828e-3b25-94aa-b15793d8151d,Argon,Elementary flows/resource/air,2,not_assessed_method_not_selected
c76b4fb2-1433-3a58-9a1e-5328392ea5bd,Magnesium,Elementary flows/emission/ground/human-dominated/agricultural,2,not_assessed_method_not_selected
c76f8081-e32c-3a35-8ab9-478bfdd8e8a6,Water,Elementary flows/resource/water/fresh water body/lake,6,not_assessed_method_not_selected
c77f3101-4e07-36db-94f8-5f0f29732ce6,Uranium,Elementary flows/emission/air/troposphere/urban,3,not_assessed_method_not_selected
c7830feb-5bbe-3d2a-8063-daf5cc3086b7,Borate,Elementary flows/emission/water/fresh water body/river,1,not_assessed_method_not_selected
c7907e1c-a1cd-36b6-82cc-044280c557e3,Selenium,Elementary flows/emission/water/subterranean/fresh water body,1,not_assessed_method_not_selected
c797fdcb-9eb4-364c-af23-f8ea582d359d,Chloride,Elementary flows/emission/ground/human-dominated/agricultural,2,not_assessed_method_not_selected
c7ccbb66-278b-31a7-a9ba-508a1e0f62a8,Boron,Elementary flows/emission/water/fresh water body/river,6,not_assessed_method_not_selected
c7de4aea-e3ab-3a99-afce-640e99f774da,Acetic acid,Elementary flows/emission/air/troposphere/urban,2,not_assessed_method_not_selected
c7dfc410-23e2-352a-a172-e57112388ecf,"4,4'-Methylenedianiline",Elementary flows/emission/air,1,not_assessed_method_not_selected
c7e05642-0ebb-3835-8654-21192725df17,"2,3,7,8-Tetrachlorodibenzo-p-dioxin",Elementary flows/emission/water,6,not_assessed_method_not_selected
c7f08a9a-bb9f-3ac5-8577-111e196c508f,"Energy, heat",Elementary flows/emission/air/troposphere/rural,1,not_assessed_method_not_selected
c8054762-bd3a-3112-a0e1-e0890fb460aa,Particulate matter,Elementary flows/emission/air/indoor,1,not_assessed_method_not_selected
c8105d36-b64a-3b20-92bb-0208703c96a4,Acetonitrile,Elementary flows/emission/air,2,not_assessed_method_not_selected
c813dd2f-93bb-37bb-a06d-ffcbf0950812,Vanadium,Elementary flows/emission/water/saline water body/ocean,7,not_assessed_method_not_selected
c83b0072-8b77-3ca5-8235-797c1d287204,Isoprene,Elementary flows/emission/air/troposphere/rural,2,not_assessed_method_not_selected
c8443f2f-9335-330a-9dfc-37dbbde00342,Krypton-85m,Elementary flows/emission/air/troposphere/rural,6,not_assessed_method_not_selected
c85cceac-e848-353a-bb02-194324ee8ba9,Zirconium-95,Elementary flows/emission/ground,1,not_assessed_method_not_selected
c86eae04-e6a9-3c8a-be9e-1878b4a12fdd,Phosphorus-32,Elementary flows/emission/water,1,not_assessed_method_not_selected
c88361a4-ab02-36cc-abc7-abaede2d647c,Arsenic,Elementary flows/emission/air/stratosphere,1,not_assessed_method_not_selected
c89c263a-b0b7-34c9-a27c-d9ebf851c3cc,Fluoranthene,Elementary flows/emission/air,63,not_assessed_method_not_selected
c8c2848a-7ede-3387-908f-449537e7d3d7,Anthracene,Elementary flows/emission/air/troposphere/rural,40,not_assessed_method_not_selected
c8e068bb-060b-35e5-b3da-32c2a5d4ce9b,Polycyclic aromatic hydrocarbons,Elementary flows/emission/air/troposphere/high,1,not_assessed_method_not_selected
c8fc19c6-279e-312a-8e29-2e20f9f78026,Cadmium,Elementary flows/emission/ground/human-dominated/agricultural,8,not_assessed_method_not_selected
c979ddf8-5576-36eb-bc76-040e01f99cc6,"2,4-Dimethylphenol",Elementary flows/emission/water,5,not_assessed_method_not_selected
c98fa969-8fa9-3297-b179-d35211e896d1,o-Xylene,Elementary flows/emission/ground,1,not_assessed_method_not_selected
c9949a1d-90fd-3ffc-84dc-13cb5185f0d1,Phenanthrene,Elementary flows/emission/ground,1,not_assessed_method_not_selected
c9a44cef-09e7-3ccb-ad01-1e384c3ee8af,"Energy, heat",Elementary flows/emission/ground,2,not_assessed_method_not_selected
c9b051f2-b5d6-38f4-a88f-10f179811c89,Mercury(II),Elementary flows/emission/water/fresh water body,1,not_assessed_method_not_selected
c9b0f121-fa11-3dff-bdab-ad9cd955d388,Chloride,Elementary flows/emission/ground/human-dominated/industrial,12,not_assessed_method_not_selected
c9f2c667-eeab-448e-9c0c-6da04000fda6,Taxes,Elementary flows/emission/non-FEDEFL/economic,3,not_assessed_method_not_selected
c9f4e225-8b82-37db-8ba6-625eb87333ed,Arsenic,Elementary flows/emission/ground/human-dominated/industrial,6,not_assessed_method_not_selected
ca189829-ead7-33bd-adcc-bbe0b46d4c57,Chrysene,Elementary flows/emission/water/saline water body/ocean,7,not_assessed_method_not_selected
ca19603c-0cd6-3273-b6d4-43b6b442c457,Sethoxydim,Elementary flows/emission/water,1,not_assessed_method_not_selected
ca35bb76-54c3-390f-a40b-bdc8da09a36f,Azadirachtin A,Elementary flows/emission/air,1,not_assessed_method_not_selected
ca4200c4-ad5c-375d-9fb9-6bd82bcf6a40,Lead,Elementary flows/emission/water/fresh water body/river,2,not_assessed_method_not_selected
ca50de59-971c-3414-8f6b-3a1b0062aba8,Vinyl acetate,Elementary flows/emission/air,8,not_assessed_method_not_selected
ca5f6cba-64ea-32b0-a82b-09c64468fe03,Chloroform,Elementary flows/emission/air/troposphere/urban,2,not_assessed_method_not_selected
ca633652-35d8-359d-88d3-de412ca2df6d,Chrysotile,Elementary flows/resource/ground/subterranean,1,not_assessed_method_not_selected
ca70327d-d4b2-3be8-8d59-ff72b3ec49f8,[2-(carbamoyloxymethyl)-2-methylpentyl] carbamate,Elementary flows/emission/water/fresh water body,1,not_assessed_method_not_selected
ca76c78a-c30b-350f-8a95-81654439d5d9,Aclonifen,Elementary flows/emission/ground/human-dominated/agricultural,2,not_assessed_method_not_selected
ca82f881-6699-3db1-9bed-eb6eb54bd49f,Metribuzin,Elementary flows/emission/air/troposphere/rural,2,not_assessed_method_not_selected
ca8c794d-a66a-355d-b1ad-187b634a68a3,Silver,Elementary flows/emission/ground/human-dominated/industrial,1,not_assessed_method_not_selected
ca9614c7-5922-3efa-8816-835941a429f2,Chromium,Elementary flows/resource/ground/subterranean,7,not_assessed_method_not_selected
ca9e37a1-7990-37e5-b1c0-81b1b2a10fbf,Strontium-90,Elementary flows/emission/water/fresh water body/river,6,not_assessed_method_not_selected
caa29242-717c-37bd-b57b-de22a122d579,Sulfide,Elementary flows/emission/water,11,not_assessed_method_not_selected
caa6dcb6-bfd2-34ea-a670-829a568e7490,Mercury,Elementary flows/emission/water/subterranean/fresh water body,1,not_assessed_method_not_selected
caae4bc4-9dab-32b1-b97c-bf998b89af09,Methyl ethyl ketone,Elementary flows/emission/air/troposphere/urban,2,not_assessed_method_not_selected
cab5343e-3176-3366-ab38-c077159879c1,"(4R,4aR,7aR,12bS)-9-methoxy-3-methyl-1,2,4,4a,5,6,7a,13-octahydro-4,12-methanobenzofuro[3,2-e]isoquinolin-7-one",Elementary flows/emission/ground,1,not_assessed_method_not_selected
cabd41af-f37c-3c6d-b68b-871db8163a19,Chromium,Elementary flows/emission/water/fresh water body/river,1,not_assessed_method_not_selected
cadec445-752a-3165-b9f4-543becd5d116,p-Phenylenediamine,Elementary flows/emission/air,2,not_assessed_method_not_selected
caff0f8c-a964-3e3d-8e8f-ea4b9b9b5471,CFC-12,Elementary flows/emission/air/troposphere/urban,1,not_assessed_method_not_selected
cb1cb479-023f-3875-9429-e2ec70e9b983,Tin,Elementary flows/emission/ground,1,not_assessed_method_not_selected
cb2ff19d-e104-31ea-aed4-3824ad1da0b4,Total suspended solids,Elementary flows/emission/water/fresh water body,2,not_assessed_method_not_selected
cb4ef428-ce3b-35c2-88f1-8fec8cdab175,Chloroacetic acid,Elementary flows/emission/air/troposphere/urban,1,not_assessed_method_not_selected
cb70e887-e2b4-399d-b681-0d0932abe44b,Ruthenium,Elementary flows/resource/ground/subterranean,6,not_assessed_method_not_selected
cb8f8925-a811-38ff-b19f-85377dc28de0,Cobalt,Elementary flows/emission/ground,1,not_assessed_method_not_selected
cb983b77-ec5e-3394-80a2-aefcc0926511,Hydrogen peroxide,Elementary flows/emission/water/subterranean/fresh water body,1,not_assessed_method_not_selected
cb990f02-64b7-3788-baec-4192492719d3,Hexafluoroethane,Elementary flows/emission/air/troposphere/urban,1,not_assessed_method_not_selected
cbf6df8e-c4a2-3920-a97a-2238ccb7bc6c,Total Organic Carbon,Elementary flows/emission/water,19,not_assessed_method_not_selected
cc39b220-d9ed-30a0-a6b8-90fd40b502e7,Land use,Elementary flows/resource/ground/human-dominated/commercial,1,not_assessed_method_not_selected
cc3f5214-382f-3bfd-8a4b-f1cae05306a6,Nitrous oxide,Elementary flows/emission/air/troposphere/rural,43,not_assessed_method_not_selected
cc608277-25ee-3f5b-8cb5-285909223eaa,Dioxins,Elementary flows/emission/air/stratosphere,1,not_assessed_method_not_selected
cc61426c-8d18-3085-a056-d6828bc4cfdf,Pentane,Elementary flows/emission/air/troposphere/urban,2,not_assessed_method_not_selected
cc67be09-319f-3396-81c7-dfd9e97f51d8,Radon-220,Elementary flows/emission/air/troposphere/urban,2,not_assessed_method_not_selected
cc7c120e-74e7-3d1f-b574-765a7aa2c5a6,Tin,Elementary flows/emission/ground/human-dominated/agricultural,4,not_assessed_method_not_selected
cd004848-4775-3235-aa5b-07c8116958e4,Vanadium compounds,Elementary flows/emission/ground,1,not_assessed_method_not_selected
cd0e6ccf-b6af-3faa-aeea-43b548b85479,"2,3,7,8-Tetrachlorodibenzofuran",Elementary flows/emission/air,2,not_assessed_method_not_selected
cd118981-25c6-3fb8-aa39-c482bd28a9e7,Iopromide,Elementary flows/emission/water/fresh water body,1,not_assessed_method_not_selected
cd4aaf47-6ed4-3f43-8975-1d0867bdd29d,"Particulate matter, > 10μm",Elementary flows/emission/air/troposphere/urban,1,not_assessed_method_not_selected
cd5ba05e-ab6d-3f70-b506-3048b74c979d,Chloronaphthalene,Elementary flows/emission/air,1,not_assessed_method_not_selected
cd724953-9c93-369f-a9cf-64ba0bae32cb,Ethyl ether,Elementary flows/emission/air,1,not_assessed_method_not_selected
cd848349-893b-33f7-958a-33697854e5fa,Cyanamide,Elementary flows/emission/air,4,not_assessed_method_not_selected
cd8b8114-52ed-3963-9a4d-7c375fe951b4,Chlorpyrifos,Elementary flows/emission/water,2,not_assessed_method_not_selected
cd9db1cd-b05c-3f2c-9f2d-53d06e5f1253,Triclosan,Elementary flows/emission/ground,1,not_assessed_method_not_selected
cda864bc-6be5-3d8e-9612-1e67ca303b3e,"N,N-Diethyl-m-toluamide",Elementary flows/emission/ground,1,not_assessed_method_not_selected
cdcf8dd2-75fa-37e7-a679-ae1de7851aae,Formaldehyde,Elementary flows/emission/air/troposphere/urban,3,not_assessed_method_not_selected
cddc11b0-91ef-361f-b00e-bbd12ee872e2,Pendimethalin,Elementary flows/emission/air/troposphere/rural,2,not_assessed_method_not_selected
ce29c37b-e901-3ca1-a8ef-5bdb4c937deb,Tridecane,Elementary flows/emission/air,2,not_assessed_method_not_selected
ce4de216-148d-3f96-aac8-1cd266312e74,Indoxacarb,Elementary flows/emission/water,1,not_assessed_method_not_selected
ce5cb6c3-6172-30c3-a7a9-30854538eda7,"Volume occupied, underground deposit",Elementary flows/resource/non-FEDEFL/ground/human-dominated,1,not_assessed_method_not_selected
ce7ca5a4-4642-3f68-b2e6-61853872844d,Aluminum,Elementary flows/emission/ground,1,not_assessed_method_not_selected
ce912add-75e8-3da1-b8ed-45b0000e3c9d,Bromine,Elementary flows/emission/water/subterranean,3,not_assessed_method_not_selected
ce935bd2-3bbd-37fb-857b-79d8511c0fdc,Fluoride,Elementary flows/emission/ground,6,not_assessed_method_not_selected
ceb19cad-78ed-3635-902c-d7ac03e5b830,"2,3,7,8-Tetrachlorodibenzo-p-dioxin",Elementary flows/emission/air,21,not_assessed_method_not_selected
ceb6f91e-81cd-393c-87cb-69b78b4b5db5,Scandium,Elementary flows/emission/water/fresh water body/river,2,not_assessed_method_not_selected
cec43d22-929c-394d-9934-adf6050f220a,Imazamox,Elementary flows/emission/air/troposphere/rural,1,not_assessed_method_not_selected
cf19e82e-ffca-3128-b7ac-a593f26ef2a1,Rubidium,Elementary flows/emission/water/saline water body/ocean,2,not_assessed_method_not_selected
cf1c6b0f-a688-355e-b222-ebb4a4c163d5,Fluorine,Elementary flows/emission/water,6,not_assessed_method_not_selected
cf364bac-daf0-38c9-8d7b-ab50bbce10ea,Linuron,Elementary flows/emission/ground,1,not_assessed_method_not_selected
cf3a10a8-cc6a-3bf5-ada3-b2626091ed50,Ammonium chloride,Elementary flows/emission/air,3,not_assessed_method_not_selected
cf548976-6b47-3465-a117-d0cfb25890fe,Pentachlorophenol,Elementary flows/emission/air/indoor,1,not_assessed_method_not_selected
cf5df92f-a2cf-3a01-812e-d8b926999550,"Carboxylic acids, di-, C4-6",Elementary flows/emission/water/fresh water body/lake/urban,1,not_assessed_method_not_selected
cf8169b9-8254-3509-a41e-86e56df98b5e,Benzofluoranthene,Elementary flows/emission/water/fresh water body,2,not_assessed_method_not_selected
cf905e09-7198-32e9-a6b4-cce596c163f3,Potassium,Elementary flows/emission/air/stratosphere,1,not_assessed_method_not_selected
cf99fc3b-5c94-31ca-a16b-c6c1f48b5054,Radionuclides,Elementary flows/emission/water,2,not_assessed_method_not_selected
cfd873f1-95a9-36af-95ae-5f77959b45a2,Chlorosulfonic acid,Elementary flows/emission/water/fresh water body/river,1,not_assessed_method_not_selected
cfe70b0d-7391-3d86-bc35-e9c5e24da18e,"Silane, tetrachloro-",Elementary flows/emission/air,1,not_assessed_method_not_selected
cfebaa84-b971-368e-b601-edc2d721835a,Copper,Elementary flows/emission/water/subterranean,1,not_assessed_method_not_selected
cfee0524-7ad6-300b-b050-6249135a2492,Nitrous oxide,Elementary flows/emission/air,124,not_assessed_method_not_selected
cffe45a0-1b6a-3d0d-8589-6582510993c9,Cobalt-58,Elementary flows/emission/air/troposphere/rural,6,not_assessed_method_not_selected
d007d7b1-9fff-3538-8a6e-9d9cc4ba48ae,Technetium-99m,Elementary flows/emission/water/fresh water body,2,not_assessed_method_not_selected
d0128da6-02ff-3bcb-9bf3-860463ee9714,"Hydrocarbons, halogenated",Elementary flows/emission/air,6,not_assessed_method_not_selected
d0179280-5ab2-3a35-8632-f502bd20d04e,Arsenic(V),Elementary flows/emission/water/saline water body/ocean,8,not_assessed_method_not_selected
d04fb88b-72c3-3465-a7b3-e45c6bcc99fe,Mesotrione,Elementary flows/emission/ground/human-dominated/agricultural,1,not_assessed_method_not_selected
d05289d0-f8b8-3ea7-8b3f-bd71369e8fb7,"Ethane, 1-ethoxy-1,1,2,2-tetrafluoro-",Elementary flows/emission/air/troposphere/high,1,not_assessed_method_not_selected
d05e65ee-bfe0-37d9-92cc-c6d2746f9c51,Diethylamine,Elementary flows/emission/air/troposphere/urban,5,not_assessed_method_not_selected
d0ae4b80-4d61-3ea4-bbe9-2060bc7d65e6,Arsenic,Elementary flows/emission/water/saline water body/ocean,3,not_assessed_method_not_selected
d1422905-7159-3c5e-8e19-d64e3d6a30af,Nitrate,Elementary flows/emission/water/fresh water body/river,6,not_assessed_method_not_selected
d16e7927-0054-3884-a0d0-0bf5578fcd41,Chromium(III),Elementary flows/emission/ground/human-dominated/agricultural,7,not_assessed_method_not_selected
d19a7f5a-1261-3825-aa6b-4a5bac346dbf,Barium,Elementary flows/emission/air/stratosphere,1,not_assessed_method_not_selected
d1bbbf3b-f925-3764-abef-3b915fd28dea,HFC-23,Elementary flows/emission/air/troposphere/urban,5,not_assessed_method_not_selected
d1cfa86a-a826-37d5-9319-b3ccacc88945,Captan,Elementary flows/emission/air,1,not_assessed_method_not_selected
d1f8b7ae-e933-3b6f-bb96-c5bd85b5a2c7,Diquat dibromide,Elementary flows/emission/air,1,not_assessed_method_not_selected
d1ffff93-24ac-334b-bfc6-5afc4f48c913,Benzophenone,Elementary flows/emission/water/fresh water body,1,not_assessed_method_not_selected
d2056c25-fcdc-3b68-bb91-01f1c65b9a08,Isoprene,Elementary flows/emission/ground,1,not_assessed_method_not_selected
d20b3f6a-a795-349c-b987-1dfc003f7903,Acenaphthene,Elementary flows/emission/water/fresh water body,2,not_assessed_method_not_selected
d221cc8c-6727-32a7-a21a-19e92766ba4e,p-Cymene,Elementary flows/emission/water,3,not_assessed_method_not_selected
d2473e0b-0d70-3c35-af00-6a6329a4957c,Halon 1301,Elementary flows/emission/air/troposphere/rural,5,not_assessed_method_not_selected
d2576910-8825-309e-8846-46e639086dbd,Kaolinite,Elementary flows/resource/ground/subterranean,2,not_assessed_method_not_selected
d2726fe3-f04c-38bc-b5b5-4ec66f9d11fe,Flumioxazin,Elementary flows/emission/air/troposphere/rural,1,not_assessed_method_not_selected
d2792697-9e22-3380-974f-54b92a3549a9,"Energy, geothermal",Elementary flows/resource/ground,9,not_assessed_method_not_selected
d286ff2d-47bd-3b2f-b599-2790e352c56d,Dimethyl ether,Elementary flows/emission/air,1,not_assessed_method_not_selected
d2e3f46d-fe29-397f-bfab-5a6c01ad55a8,Tin,Elementary flows/emission/air/troposphere/rural,2,not_assessed_method_not_selected
d2f54c81-a502-3f4e-a174-145f66b47143,Thorium-234,Elementary flows/emission/water,1,not_assessed_method_not_selected
d32a6e27-2eea-3986-9a5c-546926d06311,Trimethyl borate,Elementary flows/emission/air/troposphere/urban,2,not_assessed_method_not_selected
d3c3b117-baa6-3457-953a-00a731a84f32,Propylene,Elementary flows/emission/air/troposphere/rural,6,not_assessed_method_not_selected
d3d29725-b7c5-3b3f-b3bf-c12b5caa468c,Fluoranthene,Elementary flows/emission/water/fresh water body,2,not_assessed_method_not_selected
d3e3d6a7-e897-3671-aafd-0684fbcf32f3,Sulfamethoxazole,Elementary flows/emission/water/fresh water body,1,not_assessed_method_not_selected
d3f57282-6d00-337d-8540-adbf20dd8a11,Radium-228,Elementary flows/emission/water/fresh water body/river,6,not_assessed_method_not_selected
d429b380-0dfd-3303-b50c-2384b8681651,Iron,Elementary flows/resource/ground/subterranean,8,not_assessed_method_not_selected
d451b9a9-13bd-3679-9c5c-3a68b809dd1a,Arsine,Elementary flows/emission/air,3,not_assessed_method_not_selected
d4625608-6ef8-3ce6-bfa4-0f96f3535e23,Nitrogen,Elementary flows/emission/water,20,not_assessed_method_not_selected
d473092b-fc24-3393-99c1-0ee02f271426,Xenon-133m,Elementary flows/emission/air,2,not_assessed_method_not_selected
d479b9e4-cbf4-3e79-b814-754c6bf6a127,Toluene,Elementary flows/emission/water/fresh water body/river,6,not_assessed_method_not_selected
d4a96f51-905a-32ce-9a33-3e5beedb47d9,Decane,Elementary flows/emission/water/saline water body/ocean,1,not_assessed_method_not_selected
d4db8e12-ceb5-30bd-847b-7d958abc8dc3,Polonium-210,Elementary flows/emission/air,4,not_assessed_method_not_selected
d4def21b-1427-382b-8cf9-5fd676fd040f,Mercury,Elementary flows/emission/water/fresh water body/lake,2,not_assessed_method_not_selected
d4f19cbf-24bf-3a8d-84aa-6c776ff39d07,Biological Oxygen Demand,Elementary flows/emission/water/saline water body/ocean,7,not_assessed_method_not_selected
d4fba571-71dc-37fd-b3d4-52d5aeb30074,"1,2-Dichloropropane",Elementary flows/emission/water/fresh water body/river,1,not_assessed_method_not_selected
d53f3aac-465f-341c-ac4e-2644e632466b,Acetone,Elementary flows/emission/air/troposphere/urban,2,not_assessed_method_not_selected
d552be87-6976-3c16-b8da-d2be8786fa64,Lead,Elementary flows/emission/air/stratosphere,2,not_assessed_method_not_selected
d5670f7b-8a81-3d00-92b1-8c9e12e0ef69,Ethylene oxide,Elementary flows/emission/air,7,not_assessed_method_not_selected
d56be86c-78b6-31d2-aa32-9b153fa377e2,Lead,Elementary flows/emission/water/saline water body/ocean,8,not_assessed_method_not_selected
d57fd36b-f458-38e7-9ae1-117bb5725291,Cerium-141,Elementary flows/emission/air,1,not_assessed_method_not_selected
d58536fc-4af4-3d5b-b979-9f4231515ef9,Ethylenediamine,Elementary flows/emission/water,1,not_assessed_method_not_selected
d58c0068-da31-3dfd-8017-8f1ebd577e7d,Propionic acid,Elementary flows/emission/air,4,not_assessed_method_not_selected
d58ce3f2-aa24-3f39-97d1-30a8b58f8f49,Total suspended solids,Elementary flows/emission/water/saline water body,2,not_assessed_method_not_selected
d5a296be-7219-3921-a430-cff172ac7911,Cadmium,Elementary flows/emission/air,83,not_assessed_method_not_selected
d5a77998-ad67-3abc-956f-7da624bee09f,Formaldehyde,Elementary flows/emission/water/subterranean/fresh water body,1,not_assessed_method_not_selected
d6011744-04ee-31f6-b35a-57ba4ccf6bb4,Antimony-124,Elementary flows/emission/water,1,not_assessed_method_not_selected
d60d22ff-4ffb-30e8-95d9-a9cc62a94569,Strontium-90,Elementary flows/emission/water/saline water body/ocean,8,not_assessed_method_not_selected
d61872cd-da4e-3c5d-9a50-8af5faeedfc1,"1,2-Dichloroethane",Elementary flows/emission/water/fresh water body/river,5,not_assessed_method_not_selected
d61a1aad-c126-3065-a1fe-4bcd13af12fe,Chromium(III),Elementary flows/emission/ground/human-dominated/industrial,7,not_assessed_method_not_selected
d62ef56c-da65-3db4-a2d3-51bb336a5025,Calcium,Elementary flows/emission/water/subterranean/fresh water body,1,not_assessed_method_not_selected
d6303ae0-9260-3327-8795-28bdc5265b4a,Priority pollutants,Elementary flows/emission/ground/human-dominated/industrial,2,not_assessed_method_not_selected
d6452928-e3f6-304e-a862-0b4817678edb,Manganese-54,Elementary flows/emission/water/fresh water body,2,not_assessed_method_not_selected
d6499c68-fb53-3ad8-ba19-1e40834b4fc7,Cadmium compounds,Elementary flows/emission/water,2,not_assessed_method_not_selected
d6528906-10ff-33a6-8ae0-e9a6f712fac0,Fluorine,Elementary flows/emission/water/fresh water body/river,1,not_assessed_method_not_selected
d66eadf2-3187-344d-a195-ee8f67a7b328,"Salts, unspecified",Elementary flows/emission/non-FEDEFL/water,6,not_assessed_method_not_selected
d674c2b3-2577-3d3a-be24-8724b891d890,Hydrogen sulfide,Elementary flows/emission/air/troposphere/rural,2,not_assessed_method_not_selected
d67aa0cd-387e-3a7b-8000-fb436f2db404,Trimethoprim,Elementary flows/emission/water/fresh water body,1,not_assessed_method_not_selected
d6a91d9b-ff6e-3ee7-85d9-5d871937e7b9,Volatile organic compounds,Elementary flows/emission/air/troposphere/rural,44,not_assessed_method_not_selected
d6ad5f7f-7c9d-34eb-abbb-034d9e02344b,Tributyltin Compounds,Elementary flows/emission/water/saline water body/ocean,2,not_assessed_method_not_selected
d6b9df90-1367-3914-91ad-a0719a8d3de8,Arsenic(V),Elementary flows/emission/water/subterranean/fresh water body,1,not_assessed_method_not_selected
d6f92419-d242-3d09-adfb-730988250f61,CFC-12,Elementary flows/emission/air,2,not_assessed_method_not_selected
d73651fc-6bcd-3fec-91a4-25c3662cf984,Chromium(VI),Elementary flows/emission/ground/human-dominated/industrial,2,not_assessed_method_not_selected
d73d14ac-f518-3668-90f2-615ef90d1907,Naphthalene,Elementary flows/emission/water/subterranean/fresh water body,1,not_assessed_method_not_selected
d7561431-fe1f-3854-862b-a3d2840d39e1,Propane,Elementary flows/emission/air,13,not_assessed_method_not_selected
d7993089-40ad-33c7-a741-d39d43bf9a24,Butylated hydroxyanisole,Elementary flows/emission/ground,1,not_assessed_method_not_selected
d7abf794-b082-3702-8b27-b95e23b09601,Benomyl,Elementary flows/emission/water,2,not_assessed_method_not_selected
d7b8d2b4-271d-33e5-a353-35e3e760da8a,Nitrogen,Elementary flows/emission/water/fresh water body/river,12,not_assessed_method_not_selected
d7c7c0d9-91e9-335a-a362-3d3196e9a5b1,Chloride,Elementary flows/emission/water/fresh water body,2,not_assessed_method_not_selected
d7ccb927-ebe4-30e1-a93e-0c74deda2066,Xenon-131m,Elementary flows/emission/air/troposphere/rural,6,not_assessed_method_not_selected
d7eda847-e9b9-316e-b75e-847ed200d4d8,Palladium,Elementary flows/resource/ground/subterranean,8,not_assessed_method_not_selected
d80b9c34-6bb0-368e-97d5-cc4dd918f27c,Iron(II),Elementary flows/emission/water/saline water body/ocean,5,not_assessed_method_not_selected
d83e2d8e-93e4-37c2-be41-b7b7d9f93a11,Fluorene,Elementary flows/emission/water,7,not_assessed_method_not_selected
d84f63cc-444b-3ee8-85c3-7b08bd9baf4c,Sulfur,Elementary flows/emission/water/fresh water body/river,6,not_assessed_method_not_selected
d8664f84-2c66-3479-8137-34a4b85baa1d,Magnesium chloride,Elementary flows/resource/ground/subterranean,6,not_assessed_method_not_selected
d8678a63-52a7-31e3-bcc3-e695ab862d07,Lead,Elementary flows/resource/ground/subterranean,7,not_assessed_method_not_selected
d86dc414-0d1a-3073-a345-13cc947fa0e7,Tantalum,Elementary flows/emission/water,4,not_assessed_method_not_selected
d8b20c41-3455-3ca7-9a73-2f4b51cd0e34,Benzophenone,Elementary flows/emission/ground,1,not_assessed_method_not_selected
d8cc74fd-dec4-3720-95d3-086d9616a67b,Adsorbable organic halides,Elementary flows/emission/water/fresh water body/river,2,not_assessed_method_not_selected
d904482a-7caa-3668-964d-faf2f523aabf,Radium-224,Elementary flows/emission/water/saline water body/ocean,4,not_assessed_method_not_selected
d9134087-d959-37a7-b2b0-6c8a620f4c4d,Ammonium,Elementary flows/emission/water,11,not_assessed_method_not_selected
d9276517-ee4d-339f-88e6-348bc58612ee,Indium,Elementary flows/resource/ground/subterranean,1,not_assessed_method_not_selected
d94d5c20-f949-3875-a62f-b4c211afd718,Phosphorus,Elementary flows/emission/air/stratosphere,1,not_assessed_method_not_selected
d94f94d7-2d65-3f80-8254-1c8129263b01,Chlorine,Elementary flows/emission/water,14,not_assessed_method_not_selected
d956f51e-b89d-3fff-9dc0-bcd7d33f36f8,Barium,Elementary flows/emission/water/subterranean,3,not_assessed_method_not_selected
d965de93-791d-3f8a-a745-5f0930e96bb2,Cobalt,Elementary flows/emission/ground/human-dominated/industrial,7,not_assessed_method_not_selected
d9760153-094b-3863-bf0b-aa3e2177e92b,Chromium(III),Elementary flows/emission/water/subterranean/fresh water body,1,not_assessed_method_not_selected
d97a56c9-1cfd-3886-aa9f-e8f4960dff04,Barium compounds,Elementary flows/emission/water,2,not_assessed_method_not_selected
d994dbfe-3110-3891-858a-d5f19c4243e1,Potassium-40,Elementary flows/emission/water/saline water body/ocean,4,not_assessed_method_not_selected
d9bdf1dc-6342-3041-a27f-b16c6769b33c,Chlorpropham,Elementary flows/emission/air,1,not_assessed_method_not_selected
d9d3dec9-f636-377d-a044-6b21d995c978,Nickel compounds,Elementary flows/emission/air,2,not_assessed_method_not_selected
d9ed8839-5d20-3904-af9c-5807284712e0,Chromium(III),Elementary flows/emission/air,10,not_assessed_method_not_selected
d9f44f4d-5057-35b9-9b78-711903148f12,Chromium,Elementary flows/emission/water/saline water body/ocean,7,not_assessed_method_not_selected
da0f6c12-b6ba-366a-8d62-4e373f300ffa,Beryllium,Elementary flows/emission/ground,1,not_assessed_method_not_selected
da0fdd66-ff6e-31f4-b521-b24924fc7860,Clethodim,Elementary flows/emission/water,1,not_assessed_method_not_selected
da288a04-c95f-32aa-b6eb-3416eb4ded0d,Carbon,Elementary flows/emission/ground/human-dominated/industrial,2,not_assessed_method_not_selected
da2da4ab-90e1-3d39-8810-32f70e4bf401,Methanol,Elementary flows/emission/air/troposphere/rural,3,not_assessed_method_not_selected
da3c6b78-9320-3f06-93d1-2b7fbc956af5,HCFC-21,Elementary flows/emission/air,1,not_assessed_method_not_selected
da3e01c8-7dec-3bce-97d7-a2a787b9bd79,Acetone,Elementary flows/emission/air,4,not_assessed_method_not_selected
da441bcf-a046-308d-a0df-3100b5a930ff,Urea,Elementary flows/emission/water/fresh water body/river,1,not_assessed_method_not_selected
da4faa8e-bf76-364a-9294-58209e80d05f,Scandium,Elementary flows/emission/air/stratosphere,1,not_assessed_method_not_selected
da7da5bc-18ef-3ba3-ae73-4173d52f8e3e,Thiram,Elementary flows/emission/water/fresh water body,2,not_assessed_method_not_selected
da9d5cb9-ad52-3bca-99a9-650145f9cab5,Methyl isobutyl ketone,Elementary flows/emission/water,6,not_assessed_method_not_selected
dac0461e-a084-3b29-b199-73620729d001,Zinc,Elementary flows/emission/ground/human-dominated/industrial,4,not_assessed_method_not_selected
dad2ec46-c029-375e-8aba-f866e0e7208e,Monocrotophos,Elementary flows/emission/water,1,not_assessed_method_not_selected
dadb0896-bdbd-34b0-92f9-17f6dc25823f,Methylene chloride,Elementary flows/emission/air/troposphere/rural,1,not_assessed_method_not_selected
dae7d3ab-be34-34f9-a6c5-419eaaa1b3cd,Hydrocarbons,Elementary flows/emission/ground/human-dominated/industrial,2,not_assessed_method_not_selected
db047efc-033e-30d2-95a2-265b7cb4b164,p-Xylene,Elementary flows/emission/ground,1,not_assessed_method_not_selected
db0b47cf-3c13-3958-9e37-70222d72e5e1,Antimony-124,Elementary flows/emission/air,3,not_assessed_method_not_selected
db2cacde-b97f-3b2b-bb92-e3b94af587fb,Krypton-85,Elementary flows/emission/air,3,not_assessed_method_not_selected
db320dbb-61e7-31d0-a289-d65d7ec948cc,Cadmium,Elementary flows/emission/ground,6,not_assessed_method_not_selected
db3bbaf9-a334-3079-ab53-8159396f1ebb,Sulfur ore,Elementary flows/resource/ground,2,not_assessed_method_not_selected
db3c35b3-4b5a-38b3-9d81-8ac658c741c8,Arsenic(V),Elementary flows/emission/water/fresh water body,2,not_assessed_method_not_selected
db3f22b5-c19c-3867-931b-a25166637a25,"Total oil and grease, less total petroleum hydrocarbons (TPH)",Elementary flows/emission/ground,1,not_assessed_method_not_selected
db4633c5-4f99-313e-86f6-b86df4aca1dd,Phenytoin,Elementary flows/emission/water/fresh water body,1,not_assessed_method_not_selected
db8760b2-47b3-349c-bdb8-985d9bb22b01,Tellurium-132,Elementary flows/emission/water/fresh water body/river,2,not_assessed_method_not_selected
db989bb6-a79a-35b1-aee9-2db77f60875a,Hydrogen cyanide,Elementary flows/emission/water,5,not_assessed_method_not_selected
dba08d49-f7e0-3dc0-b270-769f70847da3,Benzidine,Elementary flows/emission/air,2,not_assessed_method_not_selected
dba13345-758b-3464-81eb-3afafe6e646d,Chloride,Elementary flows/emission/air,12,not_assessed_method_not_selected
dbb31483-8913-344f-a840-c87616e90ef2,Aromatic hydrocarbons,Elementary flows/emission/air/troposphere/urban,1,not_assessed_method_not_selected
dbb9b81a-5484-37ec-82b1-284b3f7819e1,Ozone,Elementary flows/emission/air/troposphere/urban,2,not_assessed_method_not_selected
dbc0dc9e-78ff-3c71-aecd-4aade199c909,Magnesium chloride,Elementary flows/resource/ground,1,not_assessed_method_not_selected
dbd3853e-af15-36e9-aab2-3bf918264f66,Silver-110,Elementary flows/emission/water,1,not_assessed_method_not_selected
dbe24d97-9531-3129-8d9a-b72c3590b10c,Glyphosate,Elementary flows/emission/water/fresh water body,2,not_assessed_method_not_selected
dbfe33c6-621c-3122-80db-f1c2b387969b,Acenaphthylene,Elementary flows/emission/water/fresh water body,2,not_assessed_method_not_selected
dca95a09-d0c2-3d62-ae3c-9e47d1acbf85,Chloromethane,Elementary flows/emission/water/fresh water body,2,not_assessed_method_not_selected
dcad5689-3de6-3d80-bc24-c3ce47352482,Zinc,Elementary flows/emission/ground/human-dominated/agricultural,8,not_assessed_method_not_selected
dcb4d402-1cbf-3543-ad43-69eebc1ce107,Linuron,Elementary flows/emission/water,1,not_assessed_method_not_selected
dcbfdc9f-cd18-3142-81ea-0055886bc5b5,Nicosulfuron,Elementary flows/emission/ground/human-dominated/agricultural,1,not_assessed_method_not_selected
dce9617d-7a15-32be-adcb-f01854016ebc,Cresol,Elementary flows/emission/water,5,not_assessed_method_not_selected
dcebab44-f3bf-3d66-9e73-673bab71bdfe,Titanium,Elementary flows/emission/water/subterranean/fresh water body,1,not_assessed_method_not_selected
dcf89d01-2d14-3d27-b52f-0905a78f5fb1,Cobalt,Elementary flows/emission/water/saline water body/ocean,8,not_assessed_method_not_selected
dd046011-1eed-3fe8-8b02-de94acac5b66,"(8S,9S,10R,13S,14S,17S)-17-acetyl-10,13-dimethyl-1,2,6,7,8,9,11,12,14,15,16,17-dodecahydrocyclopenta[a]phenanthren-3-one",Elementary flows/emission/ground,1,not_assessed_method_not_selected
dd1df36d-18bf-3d4b-8765-e0f0b713853d,Copper(I),Elementary flows/emission/water/fresh water body/lake,1,not_assessed_method_not_selected
dd22f68e-4995-37bf-9903-68b6a7de0dab,Chromium(VI),Elementary flows/emission/air/troposphere/rural,2,not_assessed_method_not_selected
dd29fd45-6256-3a34-b59a-9be516847dc6,Bromide,Elementary flows/emission/air,1,not_assessed_method_not_selected
dd2d170e-ba81-358b-a6e5-7398bd84f13b,Carbon disulfide,Elementary flows/emission/air/troposphere/rural,6,not_assessed_method_not_selected
dd3a1d86-a06c-3a57-8920-3a8b69fc5bbe,"Actinides, unspecified",Elementary flows/emission/water/saline water body/ocean,3,not_assessed_method_not_selected
dd483756-bd45-3ce8-9dcc-42905f124b8b,Acrolein,Elementary flows/emission/air/troposphere/urban,2,not_assessed_method_not_selected
dd5f2d33-a0dc-3ae3-8838-c003e83feb66,Tin,Elementary flows/emission/air/troposphere/urban,2,not_assessed_method_not_selected
dd6a8edb-cea2-3126-a84b-a9c26cd35afb,Beryllium,Elementary flows/emission/water/fresh water body,2,not_assessed_method_not_selected
dd72517b-37d8-3fb8-b6d5-9f5c89d92499,Methane,Elementary flows/resource/air/subterranean,6,not_assessed_method_not_selected
dd865fcb-514f-3c05-ab21-910f8715902b,Phosphorus,Elementary flows/emission/air/troposphere/rural,2,not_assessed_method_not_selected
dd983461-0533-301e-bde1-e1d5f1d55c4e,Gravel,Elementary flows/resource/ground,1,not_assessed_method_not_selected
ddc4e991-e9af-3458-b510-ea9d1ea81125,Silver,Elementary flows/emission/air/stratosphere,1,not_assessed_method_not_selected
dde20124-511b-3e0d-8834-5ddd88e15cba,Antimony,Elementary flows/emission/water,5,not_assessed_method_not_selected
de2f54e4-dbbe-3850-a341-c6d921dbfdec,"Coal, lignite",Elementary flows/resource/ground,10,not_assessed_method_not_selected
de40a11d-a62b-3d3b-be52-346a779934ba,Sulfate,Elementary flows/emission/water/subterranean,2,not_assessed_method_not_selected
de5746fd-ed50-3e5b-bbc4-9b1fc20a131d,Xylene,Elementary flows/emission/water/fresh water body,2,not_assessed_method_not_selected
de5c105a-0bcb-3fd6-8084-ec2171ef0ba8,Biological Oxygen Demand,Elementary flows/emission/water/fresh water body,2,not_assessed_method_not_selected
deed1419-b5b7-3662-9459-dfd5df846688,Epoxiconazole,Elementary flows/emission/air,1,not_assessed_method_not_selected
def86a3c-45ba-3386-8797-17c802c2b42a,Cyanoacetic acid,Elementary flows/emission/air/troposphere/urban,1,not_assessed_method_not_selected
df0c9e35-c0a4-3d3f-af0b-e0906d527f97,Chlorothalonil,Elementary flows/emission/ground/human-dominated/agricultural,2,not_assessed_method_not_selected
df190419-a7fe-369b-b491-af39376ee87f,Protactinium-234,Elementary flows/emission/air/troposphere/rural,6,not_assessed_method_not_selected
df1b3850-7725-33bc-92c5-0829fa08721b,Fluazifop-P-butyl,Elementary flows/emission/air/troposphere/rural,1,not_assessed_method_not_selected
df1ef79c-aa67-3f75-afae-c295e893b8c7,1-Butanol,Elementary flows/emission/water/fresh water body/river,2,not_assessed_method_not_selected
df2bc5a8-fc8a-36e6-9170-cd04bc1b103b,Acetamide,Elementary flows/emission/air/troposphere/rural,1,not_assessed_method_not_selected
df84b876-efa6-3629-80d6-25c5e9491e91,Fluosilicic acid,Elementary flows/emission/water,1,not_assessed_method_not_selected
df9103a2-2633-3976-8a08-4f8a44695732,Methanol,Elementary flows/emission/water/saline water body/ocean,2,not_assessed_method_not_selected
df982968-ae07-391d-9960-2888fb4d585a,Cerium-141,Elementary flows/emission/water/fresh water body/river,2,not_assessed_method_not_selected
df9ed90d-0e23-3c52-85f7-a4f333b5dea3,Isoprene,Elementary flows/emission/air,3,not_assessed_method_not_selected
df9f186c-1152-35ce-b289-dd49e0cc58ef,Tantalum,Elementary flows/emission/water/fresh water body,1,not_assessed_method_not_selected
dfe12a39-85ce-3a73-b099-ff45df1dd3cb,Acetylene,Elementary flows/emission/air,2,not_assessed_method_not_selected
dfe2fcba-feff-3e93-be27-4f46cca1e887,"2,4,5-Trichlorophenol",Elementary flows/emission/air,2,not_assessed_method_not_selected
e00cfebf-a0fd-3da7-ba15-2c70b7575f54,Ruthenium-106,Elementary flows/emission/water/subterranean/fresh water body,1,not_assessed_method_not_selected
e03af0f5-5ddb-3c44-a3df-7c1fffe182aa,Potassium oxide,Elementary flows/resource/ground/subterranean,7,not_assessed_method_not_selected
e0721267-3494-3bc4-b8e8-779f0c99e4d9,Terbuthylazine,Elementary flows/emission/air,1,not_assessed_method_not_selected
e07ab66b-36e9-351c-a10f-f04e849814fc,Arsenic(V),Elementary flows/emission/water/fresh water body/lake,1,not_assessed_method_not_selected
e0b92d26-4203-3ae4-aa2d-db74fab4711b,Nitrogen,Elementary flows/resource/air,13,not_assessed_method_not_selected
e0bed36b-a4f7-3b86-b8fb-a44499ea8aac,1-Propanol,Elementary flows/emission/water/fresh water body/river,1,not_assessed_method_not_selected
e0c114b3-668e-3be1-9c96-5c5261fd4d7d,Azoxystrobin,Elementary flows/emission/air/troposphere/rural,1,not_assessed_method_not_selected
e0d00d88-a941-35d2-89e8-6fa28198f906,Quinoline,Elementary flows/emission/air,2,not_assessed_method_not_selected
e0d81f05-0407-3fc9-9f11-e2d22a6edebd,Cobalt,Elementary flows/emission/air,37,not_assessed_method_not_selected
e0f912d4-3d52-3374-baf7-3551f37880d1,Chlorate,Elementary flows/emission/water/fresh water body/river,6,not_assessed_method_not_selected
e1095f4f-d4a7-3a18-a90d-35748aa47040,Sulfide,Elementary flows/emission/water/saline water body/ocean,8,not_assessed_method_not_selected
e10e86a1-fd6a-3ac5-a822-55762e8ae99d,Uranium,Elementary flows/emission/air,4,not_assessed_method_not_selected
e11a4509-4bf4-36db-9a52-a905c4d61581,Aggregate,Elementary flows/resource/ground/subterranean,3,not_assessed_method_not_selected
e14c5e4b-5322-3c59-8812-e631a8fb9fe2,Technetium-99,Elementary flows/emission/ground,1,not_assessed_method_not_selected
e1529a04-8d05-3502-a65d-4c810ceeaa53,"Coal, bituminous",Elementary flows/resource/ground/subterranean,4,not_assessed_method_not_selected
e169f5f8-18bf-33b2-94d6-7c95d5a83259,Tin,Elementary flows/emission/water,7,not_assessed_method_not_selected
e17c23a6-a53b-3774-b099-786f76deb85c,"Particulate matter, ≤ 2.5μm",Elementary flows/emission/air/troposphere/urban,1,not_assessed_method_not_selected
e18d2152-2f11-3143-acfc-9911c4b54f5e,Benzene,Elementary flows/emission/air/troposphere/urban,2,not_assessed_method_not_selected
e1ac02a7-a644-3d3b-bd0a-b0557d0da0ea,Uranium,Elementary flows/emission/water/subterranean/fresh water body,1,not_assessed_method_not_selected
e1b24d4f-f20e-3e14-a78b-65776a474962,Sulfur,Elementary flows/emission/ground/human-dominated/industrial,8,not_assessed_method_not_selected
e1c1391b-82c9-30b2-9465-eaba58441ad3,"Particulate matter, ≤ 2.5μm",Elementary flows/emission/air/stratosphere,1,not_assessed_method_not_selected
e1e1d259-a57b-31c1-af50-c409afbf61d1,Antimony,Elementary flows/emission/ground/human-dominated/industrial,7,not_assessed_method_not_selected
e1fbd32b-64b1-3e02-92ea-8cc8ef83dd2a,Praseodymium,Elementary flows/resource/ground/subterranean,3,not_assessed_method_not_selected
e200edf4-9f8c-32d1-857b-83015bf29b09,Diethanolamine,Elementary flows/emission/water,2,not_assessed_method_not_selected
e2028a0c-2feb-33a5-965f-fa7113b66bad,Sulfur dioxide,Elementary flows/emission/air/troposphere/rural,43,not_assessed_method_not_selected
e20f518e-1e27-386a-8711-7b364a9390ce,Lead-210,Elementary flows/emission/air,4,not_assessed_method_not_selected
e2230ed6-8d5e-3315-8bc9-ce337d1283ce,Hydrochloric acid,Elementary flows/emission/air,41,not_assessed_method_not_selected
e2335993-8b8a-326a-b7fe-4b440c1dfa7a,Polonium-210,Elementary flows/emission/water/subterranean,1,not_assessed_method_not_selected
e273b4e6-50ad-3b47-b603-13b432757b45,Pyrazon,Elementary flows/emission/air,1,not_assessed_method_not_selected
e2780ad7-9edd-3bf1-a4dc-ad24bdd20570,Tebuconazole,Elementary flows/emission/ground,1,not_assessed_method_not_selected
e27c743e-5c58-368b-8e34-3ed14e22204d,2-(4-chlorophenoxy)-2-methylpropanoic acid,Elementary flows/emission/ground,1,not_assessed_method_not_selected
e29f95b0-7448-3c72-8560-dbea7253672c,Propargite,Elementary flows/emission/water,1,not_assessed_method_not_selected
e2c65e04-f613-33db-9a6e-4cb4577b0005,Mercury,Elementary flows/emission/air,89,not_assessed_method_not_selected
e2eb491c-78ff-3123-9e42-494c7d199b44,Water,Elementary flows/resource/water,57,not_assessed_method_not_selected
e318b2ad-99d6-3b8a-b468-afa2f13f5fd0,Neodymium,Elementary flows/resource/ground/subterranean,3,not_assessed_method_not_selected
e344d353-61b8-3be6-a2a5-fd5ee93d8a89,"Coal, bituminous",Elementary flows/resource/ground,5,not_assessed_method_not_selected
e356153d-6a88-3b94-a89a-ca7b915a7915,Diquat dibromide,Elementary flows/emission/ground,1,not_assessed_method_not_selected
e36204e7-1b5b-3f3c-b962-5831483c5e09,Sodium dichromate,Elementary flows/emission/water,1,not_assessed_method_not_selected
e3650058-0426-3a79-a606-758f352723e1,"2,3,4,6,7,8-Hexachlorodibenzofuran",Elementary flows/emission/air,2,not_assessed_method_not_selected
e3875383-53e0-3763-bd26-833bf70fd3d6,Vinyl chloride,Elementary flows/emission/water/fresh water body/river,5,not_assessed_method_not_selected
e3955c32-e6a0-3b4b-baad-5055042a8dbb,Arsenic,Elementary flows/emission/water,6,not_assessed_method_not_selected
e3979adf-7176-3e52-940c-c957096d02ee,Ethylenediamine,Elementary flows/emission/water/fresh water body/river,2,not_assessed_method_not_selected
e3bcc418-eca5-39a0-a128-e2716b806624,Arsenic(V),Elementary flows/emission/water,11,not_assessed_method_not_selected
e3d0333e-e1eb-3be5-a8ac-ccc7f3c96b67,Bifenthrin,Elementary flows/emission/ground,1,not_assessed_method_not_selected
e3e3e95b-0d76-3089-bd1f-aa577a3d986a,"Particulate matter, ≤ 10μm",Elementary flows/emission/air/troposphere/rural,40,not_assessed_method_not_selected
e40d71ac-a5be-34ac-af2c-b6edb356d942,Bromine,Elementary flows/emission/water/subterranean/fresh water body,1,not_assessed_method_not_selected
e430eaa1-80c8-376d-a3bf-816c9a741807,Water,Elementary flows/emission/air,15,not_assessed_method_not_selected
e436ce9e-15f5-3e8e-9d08-c4f48a7153a0,Cadmium,Elementary flows/emission/water/fresh water body,2,not_assessed_method_not_selected
e43dd0ea-5714-3491-a763-49b5b401c71a,Chrysene,Elementary flows/emission/water/fresh water body/river,1,not_assessed_method_not_selected
e4683d80-6078-3dd4-b381-6489015df3db,Nitric oxide,Elementary flows/emission/air,12,not_assessed_method_not_selected
e4880292-290b-3cb1-8f3e-ddeaf523aeb5,Chloroform,Elementary flows/emission/water/fresh water body/river,6,not_assessed_method_not_selected
e48f85b0-4930-31e9-8173-8a3fe40cdb3a,Methanol,Elementary flows/emission/water/subterranean/fresh water body,1,not_assessed_method_not_selected
e4a6d76f-7108-3fd3-a47f-22732dbf42aa,Acetochlor,Elementary flows/emission/water,2,not_assessed_method_not_selected
e4dfbcc1-85e8-3159-9628-c9363608c70d,Lactofen,Elementary flows/emission/air/troposphere/rural,1,not_assessed_method_not_selected
e4f371d2-4ae3-32b5-8a33-b4618c75e89e,Mercury,Elementary flows/resource/ground/subterranean,6,not_assessed_method_not_selected
e51c28da-6aed-3890-8b5d-cd5117fd3783,Styrene,Elementary flows/emission/air/troposphere/urban,2,not_assessed_method_not_selected
e51f946b-179b-3580-9ba3-37299516be47,"Dibenz[a,h]anthracene",Elementary flows/emission/air,16,not_assessed_method_not_selected
e525de1a-f57a-30da-920f-a8677de1e014,Fluoride,Elementary flows/emission/water/subterranean,2,not_assessed_method_not_selected
e5277c84-8db3-3ab5-b081-3138f330a6ef,Nickel(II),Elementary flows/emission/water/fresh water body/river,1,not_assessed_method_not_selected
e538e563-5885-36ea-9b8b-63ceed196a87,Total dissolved solids,Elementary flows/emission/water/saline water body,2,not_assessed_method_not_selected
e5453807-2422-3a31-844e-7de1240d173a,Cyanide,Elementary flows/emission/air/troposphere/rural,6,not_assessed_method_not_selected
e55533b3-325c-3b5a-968e-d916c37e3652,Barium,Elementary flows/emission/ground,3,not_assessed_method_not_selected
e58ea07d-e588-3634-aa17-67c50cae2d35,Cyclopentadiene,Elementary flows/emission/air,1,not_assessed_method_not_selected
e5921e52-4ec8-3c0e-af0b-2c311d5321a7,"3,4-Dichloro-1-butene",Elementary flows/emission/water,1,not_assessed_method_not_selected
e59ceec8-4ad5-315b-819d-5f2350aec15e,Sulfur,Elementary flows/emission/air,3,not_assessed_method_not_selected
e5acfda0-7326-3ec6-ac05-78c8144a89bd,Trimethylchlorosilane,Elementary flows/emission/air,1,not_assessed_method_not_selected
e5e52f6f-3028-309d-90b2-89304f0568eb,Acephate,Elementary flows/emission/water,2,not_assessed_method_not_selected
e617f02e-82a3-3305-a723-02afcb30a42f,Dicamba,Elementary flows/emission/air,2,not_assessed_method_not_selected
e62f512f-3a7b-3868-8c81-d69469c3fc83,Cobalt,Elementary flows/emission/air/troposphere/rural,2,not_assessed_method_not_selected
e6877d29-bd39-333a-9e7f-8ed43c42ffeb,Glyphosate,Elementary flows/emission/air,5,not_assessed_method_not_selected
e69aa915-002c-304e-9685-705bd8bb6706,Nickel(II),Elementary flows/emission/water,9,not_assessed_method_not_selected
e6b3d93e-d802-33aa-b679-475f4f2df14a,Calcium,Elementary flows/emission/water/fresh water body/river,1,not_assessed_method_not_selected
e6cafce7-a60f-316b-b264-3127bdc946d0,Volatile organic compounds,Elementary flows/emission/water,1,not_assessed_method_not_selected
e6fd7ac3-9d33-362b-ab52-d6e5a3f195b5,Cerium-144,Elementary flows/emission/water/fresh water body,2,not_assessed_method_not_selected
e707b54d-acb8-3191-a07a-3cdd8518e7a7,Ethofumesate,Elementary flows/emission/water,1,not_assessed_method_not_selected
e72ee520-de55-3389-9260-df621346d01f,Process effluent,Elementary flows/emission/non-FEDEFL/water,2,not_assessed_method_not_selected
e7525f68-1c9a-3c4f-b416-7e47f86d931c,Thallium,Elementary flows/emission/water/fresh water body/river,6,not_assessed_method_not_selected
e76f0d86-666f-3919-89d8-5407897f38f2,Cadmium,Elementary flows/emission/water/saline water body/ocean,3,not_assessed_method_not_selected
e7979a92-f4cb-3f96-b894-d1a5ef9879ca,"2,2-dichloroacetaldehyde",Elementary flows/emission/water/fresh water body,1,not_assessed_method_not_selected
e79b4a93-9cd0-3718-8de3-14e8f5b9ec09,Plutonium-238,Elementary flows/emission/air,3,not_assessed_method_not_selected
e7db2838-8512-3079-a3fc-bd3361d22943,Sulfur trioxide,Elementary flows/emission/air,10,not_assessed_method_not_selected
e7e53ff6-c201-3e33-a8c0-00c7ea0ced99,Lead compounds,Elementary flows/emission/air,2,not_assessed_method_not_selected
e81ee6cc-74cb-3011-a5e4-24178e10f377,Tetrachloroethylene,Elementary flows/emission/water/saline water body/ocean,4,not_assessed_method_not_selected
e8233843-6f25-39a1-831c-3f763f75cf87,Copper,Elementary flows/emission/water/fresh water body,2,not_assessed_method_not_selected
e8290192-858e-386e-b764-cc1d1b8d4556,Thorium-230,Elementary flows/emission/air,3,not_assessed_method_not_selected
e8504f5c-8ad1-33e2-81cc-f46d5fb5018a,Triethylene glycol,Elementary flows/emission/water,5,not_assessed_method_not_selected
e87202b2-6a92-3ed9-9660-524e5f20b1c4,Copper(I),Elementary flows/emission/water/saline water body/ocean,5,not_assessed_method_not_selected
e8a4d121-c284-3073-ba8f-37f9253ff20a,Fluoride,Elementary flows/emission/water,18,not_assessed_method_not_selected
e8b8cad5-6cb4-3c94-b181-51b1546decd6,Furan,Elementary flows/emission/air,7,not_assessed_method_not_selected
e8e5e8b1-1850-3099-8f47-4151675c4612,Lead-210,Elementary flows/emission/water/saline water body/ocean,4,not_assessed_method_not_selected
e8f10c89-0a16-30e6-8410-1300de5e8647,Barium,Elementary flows/emission/water/fresh water body,2,not_assessed_method_not_selected
e8f13601-bd2d-3b9b-929f-58a94be6ec9a,Gypsum,Elementary flows/resource/ground/subterranean,1,not_assessed_method_not_selected
e8faa900-21bb-3f05-921a-75d854c9ac52,Methomyl,Elementary flows/emission/air,5,not_assessed_method_not_selected
e90e48ca-7f0a-337e-be0a-d34bfef547cf,Pyriproxyfen,Elementary flows/emission/air,1,not_assessed_method_not_selected
e938bd59-d414-3da4-b524-a13c18a50706,3-Methylcholanthrene,Elementary flows/emission/water,3,not_assessed_method_not_selected
e93a372c-aa3d-399f-9f12-4575c13e8cef,Xylene,Elementary flows/emission/water/fresh water body/river,6,not_assessed_method_not_selected
e962ef47-cedd-36b6-b962-abacbab62a02,"Indeno[1,2,3-cd]pyrene",Elementary flows/emission/air,22,not_assessed_method_not_selected
e96ce1ce-5cda-3807-9d86-3735e1c79fa9,Arsenic,Elementary flows/emission/ground,3,not_assessed_method_not_selected
e97a012b-2d8f-31b3-9882-be612d30225c,p-Methoxyphenol,Elementary flows/emission/air,1,not_assessed_method_not_selected
e97ee4e5-6f17-3b50-8bf0-392a00398dcf,Chloromethane,Elementary flows/emission/air/troposphere/urban,3,not_assessed_method_not_selected
e991f526-a95a-3c89-bee0-24d3a695f342,Barium sulfate,Elementary flows/resource/ground,2,not_assessed_method_not_selected
e99ddeb5-25be-3571-9b7a-2668d9531e8a,o-Xylene,Elementary flows/emission/air,46,not_assessed_method_not_selected
e9bfa543-e75f-36b0-bc60-4ef1b5bec94b,Strontium,Elementary flows/emission/air/troposphere/rural,6,not_assessed_method_not_selected
ea0a3ada-c97c-3f2a-a88a-6553b146c818,Glycol ethers,Elementary flows/emission/air,4,not_assessed_method_not_selected
ea1403e6-a4ce-3fe0-9d94-7df7ae84136e,Carbon disulfide,Elementary flows/emission/water,3,not_assessed_method_not_selected
ea17dad9-b168-3c65-bf68-c5c1202412c6,Zirconium,Elementary flows/resource/ground/subterranean,7,not_assessed_method_not_selected
ea45ead3-c476-3814-bfe5-aaef2678e674,Ethylene,Elementary flows/emission/air/troposphere/rural,6,not_assessed_method_not_selected
ea477c94-5b87-38a4-a9da-3dbd4b62a7c6,Hydrogen peroxide,Elementary flows/emission/water/fresh water body,2,not_assessed_method_not_selected
ea60ee48-3084-34a0-9067-f72fbaf952ae,Atrazine,Elementary flows/emission/air/troposphere/rural,1,not_assessed_method_not_selected
ea93f518-cd43-35ca-b501-cf8fcc05df6b,Carbon,Elementary flows/emission/ground/human-dominated/agricultural,2,not_assessed_method_not_selected
ea94ca83-3ae8-3306-916a-37092f0b3c1a,Diquat dibromide,Elementary flows/emission/water,1,not_assessed_method_not_selected
ea9bfbbf-6752-39cb-bfeb-1346a0ea3d3f,Cesium-136,Elementary flows/emission/water/fresh water body,1,not_assessed_method_not_selected
eab00f35-ca8a-3d73-9e31-d5d422cf4fe0,Ethylbenzene,Elementary flows/emission/water/fresh water body/river,5,not_assessed_method_not_selected
eab4830f-e38c-3a5a-9cd6-cea5740d31d2,Arsenic,Elementary flows/emission/water/subterranean,1,not_assessed_method_not_selected
eae1d56b-3cf1-30c2-b250-a9deef8bb3ba,Chromium(III),Elementary flows/emission/water/saline water body/ocean,1,not_assessed_method_not_selected
eb3d0d34-4acb-314c-9ef0-aa220f81bfed,Sulfate,Elementary flows/emission/water/fresh water body/river,2,not_assessed_method_not_selected
eb4d88bf-7cab-3ffd-a405-25502effbfbd,"Benzene, 1-ethyl-2,3,4-trimethyl-",Elementary flows/emission/air,1,not_assessed_method_not_selected
eb5b8a58-892f-3fd9-8c0c-e944e38be011,Tungsten,Elementary flows/emission/water/subterranean/fresh water body,1,not_assessed_method_not_selected
eb5de0d6-2918-3121-8f27-2915ca889244,Propiconazole,Elementary flows/emission/air,1,not_assessed_method_not_selected
eba14a37-ac64-363b-9311-9e2dc5191815,Hydrochlorofluorocarbons,Elementary flows/emission/air,4,not_assessed_method_not_selected
ebc24f2b-e653-3fc7-be59-82175940b17b,Cumene,Elementary flows/emission/water,2,not_assessed_method_not_selected
ebd73abe-4b80-3953-84e6-c45440144842,Acephate,Elementary flows/emission/ground,1,not_assessed_method_not_selected
ebda67ae-5107-3797-9d89-b612795b325c,Carfentrazone-ethyl,Elementary flows/emission/water,1,not_assessed_method_not_selected
ebf3aeb4-7a46-3029-a8f8-83d68f4d4ce5,Naphthalene,Elementary flows/emission/air,82,not_assessed_method_not_selected
ec1ff388-9bbb-367f-828c-f7b4f7ceaa47,Copper,Elementary flows/emission/ground,8,not_assessed_method_not_selected
ec278fbc-9d2f-319a-8a83-edbfb4f00cbd,Diethylamine,Elementary flows/emission/air,2,not_assessed_method_not_selected
ec37fd47-c8ef-3bdb-9771-9be1b15d6e95,Sodium hydroxide,Elementary flows/emission/air,1,not_assessed_method_not_selected
ec3dddb5-b1e0-304f-8bf9-23f08f70f370,Lithium,Elementary flows/emission/water/fresh water body/river,1,not_assessed_method_not_selected
ec5c8c51-f765-3eaf-9419-6a3068f9c9b4,"Solvents, chlorinated",Elementary flows/emission/water/fresh water body/river,2,not_assessed_method_not_selected
ec977385-3d78-35ed-9bcb-19c5bdfbb005,tert-Butanol,Elementary flows/emission/air,2,not_assessed_method_not_selected
ecbbb5ee-5d27-3441-80ed-6b9786c311e1,Radium-224,Elementary flows/emission/water/fresh water body,2,not_assessed_method_not_selected
ecbc2d4d-4c80-3243-a5b1-063e0a5c917c,Polonium-210,Elementary flows/emission/water/saline water body/ocean,4,not_assessed_method_not_selected
eccfe7fc-2463-34c9-a0d7-b3425320d0c3,Biphenyl,Elementary flows/emission/ground,1,not_assessed_method_not_selected
ece4f5f2-b0f0-3b2b-9ce9-beea59c2013e,Antimony-125,Elementary flows/emission/air/troposphere/rural,2,not_assessed_method_not_selected
ecf36b02-8387-34d8-a419-b15f1c823d9f,"3,3'-Dimethoxybenzidine",Elementary flows/emission/air,2,not_assessed_method_not_selected
ecfcc16c-1a1c-33d2-b9ac-486d3bede4c3,Manganese,Elementary flows/emission/ground,3,not_assessed_method_not_selected
ed0346aa-902f-3f4c-8fb4-fd335a89993b,Dichloroacetic acid,Elementary flows/emission/water/fresh water body,1,not_assessed_method_not_selected
ed294542-90e4-3f3b-8cc4-b3dc908fdfd4,Cobalt-60,Elementary flows/emission/water/fresh water body,2,not_assessed_method_not_selected
ed34465d-dcb1-3926-a995-ee361882cb1e,Surfactants,Elementary flows/emission/water,11,not_assessed_method_not_selected
ed48350f-9de4-3995-b6cb-1fa4a612c0e5,Methanol,Elementary flows/emission/air/troposphere/urban,2,not_assessed_method_not_selected
ed5fd115-e975-3191-a492-eafc60d73dbf,Thorium-230,Elementary flows/emission/ground,1,not_assessed_method_not_selected
ed812633-1fbd-3f94-9280-d45e6934185d,Octylphenol,Elementary flows/emission/water/fresh water body,1,not_assessed_method_not_selected
eda80ec2-392d-31ab-8116-70aad9d8d157,Copper compounds,Elementary flows/emission/ground,1,not_assessed_method_not_selected
ee00e7da-b94d-3363-9334-de1b65b88efe,Polonium-210,Elementary flows/emission/water/subterranean/fresh water body,1,not_assessed_method_not_selected
ee10bcbf-a068-37a0-a393-6093e7b9a9b0,Phosphorus,Elementary flows/emission/ground/human-dominated/industrial,8,not_assessed_method_not_selected
ee1b3d61-b2ab-3d18-afed-2f7d8917596f,Cyanamide,Elementary flows/emission/water,2,not_assessed_method_not_selected
ee25e91b-3baa-3132-97d0-25e5bf3995d5,Sulfate,Elementary flows/emission/air/troposphere/urban,2,not_assessed_method_not_selected
ee2e5b64-73d5-331a-9cca-25790016d1c9,Thallium,Elementary flows/emission/water/fresh water body,2,not_assessed_method_not_selected
ee364994-1097-31c1-8300-561fcd740fbf,Xenon-138,Elementary flows/emission/air/troposphere/rural,6,not_assessed_method_not_selected
ee3ee3df-41d5-34f6-b3de-c2f17fd02f50,Calcium(II),Elementary flows/emission/water/fresh water body/river,1,not_assessed_method_not_selected
ee416bf3-f3cf-360a-a270-7ee63e51348e,Thorium-228,Elementary flows/emission/air/troposphere/urban,2,not_assessed_method_not_selected
ee42d862-7489-3d39-bfa1-e1b4f123a36b,Fenoxaprop,Elementary flows/emission/water,1,not_assessed_method_not_selected
ee44120f-5072-3af5-b627-d939afae0955,Sulfide,Elementary flows/emission/water/fresh water body/river,6,not_assessed_method_not_selected
ee55f9c2-37f8-3a07-b987-00c0c63f5ea8,Chromium,Elementary flows/emission/water/fresh water body,2,not_assessed_method_not_selected
ee6191bd-8f87-3977-8108-a6026ca37227,Diclofenac,Elementary flows/emission/water/fresh water body,1,not_assessed_method_not_selected
ee6b5c73-dd3f-34dc-87fd-b52ed3675251,Clay,Elementary flows/resource/ground/subterranean,5,not_assessed_method_not_selected
ee83e5fb-5e9f-3d4d-b59a-9fbba2a8f36a,Pyraclostrobin,Elementary flows/emission/air/troposphere/rural,1,not_assessed_method_not_selected
ee8d0c48-1ea1-3429-8b07-66766abf0dd3,Aclonifen,Elementary flows/emission/water,1,not_assessed_method_not_selected
eeb36263-bf18-3ccb-b8ba-765c07a9e4bf,"Methane, biogenic",Elementary flows/emission/air,7,not_assessed_method_not_selected
eec36aa7-2df6-36c3-9a07-500c4bbf62a9,Chlorobenzene,Elementary flows/emission/water,4,not_assessed_method_not_selected
eeebb8b4-b688-30bd-83a7-7c8d5888f377,Methyl lactate,Elementary flows/emission/air/troposphere/urban,1,not_assessed_method_not_selected
ef1107a3-b1ca-3cd7-9838-7da7c0a46ad5,Flufenacet,Elementary flows/emission/air/troposphere/rural,1,not_assessed_method_not_selected
ef199c1d-eaee-348d-9cdd-a3002a16a7c6,Shale,Elementary flows/resource/ground/subterranean,1,not_assessed_method_not_selected
ef1d971c-5a07-35f6-a820-a19a349b7f1f,Cesium,Elementary flows/emission/water/fresh water body/river,2,not_assessed_method_not_selected
ef28609d-4bc9-318e-a1db-0547f8b7453f,4-Androstenedione,Elementary flows/emission/water/fresh water body,1,not_assessed_method_not_selected
ef408b84-8daf-3132-9f2d-85c6c79faf4a,Methanol,Elementary flows/emission/water/fresh water body/river,2,not_assessed_method_not_selected
ef4acec0-54d2-30f5-9a5f-a3ed67ac49c0,Silver compounds,Elementary flows/emission/water,2,not_assessed_method_not_selected
ef53665f-a47e-3f59-8e8d-f799e1705e34,Cesium-137,Elementary flows/emission/air,3,not_assessed_method_not_selected
ef7fe69d-2933-3d2d-ad50-09d00592c7c8,Butam,Elementary flows/emission/ground,1,not_assessed_method_not_selected
efaa5e7d-6efa-398d-95b4-7d24be488715,Gravel,Elementary flows/resource/ground/subterranean,7,not_assessed_method_not_selected
efaf3116-957a-3145-9b89-9147ffb3c8b1,Water,Elementary flows/emission/water/subterranean,2,not_assessed_method_not_selected
efb992d3-1b48-37c5-ae0c-8957e3dd29a1,"1H-Pyrrole-3-carbonitrile, 4-(2,3-dichlorophenyl)-",Elementary flows/emission/ground/human-dominated/agricultural,1,not_assessed_method_not_selected
efbbe51b-77b4-3d1b-b8bb-d46d4cfb77f1,Thorium-228,Elementary flows/emission/air/troposphere/rural,2,not_assessed_method_not_selected
efbe8a51-b965-3e03-8075-5a2257858fe8,Hydrofluoric acid,Elementary flows/emission/water,6,not_assessed_method_not_selected
efd64017-ff6e-3c09-945d-623965d648fc,Propylene oxide,Elementary flows/emission/water,1,not_assessed_method_not_selected
efe07500-80f4-343b-b94c-d4672842e6f3,Carbon monoxide,Elementary flows/emission/air/stratosphere,2,not_assessed_method_not_selected
effbc487-93c7-3ccf-a159-b04751942990,Arsenic,Elementary flows/emission/air/troposphere/rural,42,not_assessed_method_not_selected
efffafd1-763f-397e-bff7-0200da731ce4,Dichromate,Elementary flows/emission/water/fresh water body/river,2,not_assessed_method_not_selected
f0015f3d-c230-37e8-b4c2-f4bbea7a0584,Vanadium,Elementary flows/emission/water/subterranean,1,not_assessed_method_not_selected
f0267c81-ff66-36f6-ba35-11b522316310,Methyl hydrazine,Elementary flows/emission/air,6,not_assessed_method_not_selected
f026e1e7-9fbd-3efe-b16a-eb23f2dc272e,N-Nitrosodimethylamine,Elementary flows/emission/water/fresh water body,1,not_assessed_method_not_selected
f03a34a8-e428-364e-8772-f7ae08b5fb8e,"Water, fresh",Elementary flows/resource/water/fresh water body/lake,1,not_assessed_method_not_selected
f04bdc59-0f29-3c7f-956c-53b0003b37e7,Isoprene,Elementary flows/emission/water,4,not_assessed_method_not_selected
f04f8dd1-7fd7-32a2-a266-e3d548061e9f,Arsenic(V),Elementary flows/emission/ground/human-dominated/agricultural,2,not_assessed_method_not_selected
f0540274-e177-35aa-aaca-2c33298ba3ff,1-Pentene,Elementary flows/emission/air,3,not_assessed_method_not_selected
f0616d3c-8ad2-364a-aaae-42f0651f32e8,Benzyl chloride,Elementary flows/emission/air,7,not_assessed_method_not_selected
f061c805-8779-33f5-bc19-59b3d22767d4,Pendimethalin,Elementary flows/emission/ground,1,not_assessed_method_not_selected
f06bf041-664d-3e87-8523-8b3a17690829,Lead,Elementary flows/emission/water/subterranean,2,not_assessed_method_not_selected
f0b599b2-e665-328b-aa7a-726e73507a37,Cadmium compounds,Elementary flows/emission/ground,1,not_assessed_method_not_selected
f0c2682e-2a68-33f1-80bb-005ee7844eb0,"Suspended solids, inorganic",Elementary flows/emission/water,46,not_assessed_method_not_selected
f0d021fb-17e1-3c1b-acf4-9656d0063daf,Calcium,Elementary flows/emission/air/troposphere/rural,6,not_assessed_method_not_selected
f0d5bb01-d2e1-3430-89c7-f50fc9c131a3,Acetamide,Elementary flows/emission/ground,1,not_assessed_method_not_selected
f0dcfb5e-67e7-35c0-8e15-b01af6febad1,"Particulate matter, > 2.5μm and ≤ 10μm",Elementary flows/emission/air/troposphere/rural,2,not_assessed_method_not_selected
f0e4f26b-b184-3825-bde9-aa829c3c281d,Tungsten,Elementary flows/emission/water/subterranean,2,not_assessed_method_not_selected
f0e9804e-b37c-3ed8-9916-8a50273d8a82,Formic acid,Elementary flows/emission/water/fresh water body/river,1,not_assessed_method_not_selected
f1003c50-d51b-31b0-a197-600e73e23523,Nitrogen,Elementary flows/emission/water/subterranean/fresh water body,1,not_assessed_method_not_selected
f117b6e6-7e3d-3470-90b8-36f171ad4c14,Acenaphthene,Elementary flows/emission/air/troposphere/rural,42,not_assessed_method_not_selected
f1290a57-b4d9-361b-bc68-0c97b29edb38,Aromatic hydrocarbons,Elementary flows/emission/air/troposphere/rural,1,not_assessed_method_not_selected
f1416840-fa65-351e-8718-130de72a3a95,Boron,Elementary flows/emission/air/stratosphere,1,not_assessed_method_not_selected
f1439952-a20f-3bb6-afa2-c276d099116f,Vanadium,Elementary flows/emission/water/fresh water body,2,not_assessed_method_not_selected
f1466e88-193c-3bbb-b01c-6430a7cf29d8,Sulfide,Elementary flows/emission/water/subterranean/fresh water body,1,not_assessed_method_not_selected
f151286b-8286-30da-a312-b75217440245,"1,4-Butanediol",Elementary flows/emission/water/fresh water body/river,2,not_assessed_method_not_selected
f16c3dc6-870f-3ca0-a779-dd586f6dda99,Copper,Elementary flows/emission/air/stratosphere,2,not_assessed_method_not_selected
f181ba96-0d36-33b5-acb0-9f50b3ae6c16,Cadmium(II),Elementary flows/emission/water/fresh water body,1,not_assessed_method_not_selected
f1b4ae26-6dda-3d7f-8364-6e8c0ed72c34,"Dibenz[a,h]anthracene",Elementary flows/emission/water,2,not_assessed_method_not_selected
f1cdcdc8-5284-3d7c-8d2e-679484c3a06d,Acetaldehyde,Elementary flows/emission/air/troposphere/rural,42,not_assessed_method_not_selected
f1d18e99-27b0-3c0d-bf13-363071400545,Thorium-234,Elementary flows/emission/air/troposphere/rural,6,not_assessed_method_not_selected
f1d40128-b11f-3d4a-9378-74b7ea21f983,Cobalt-60,Elementary flows/emission/water/saline water body/ocean,3,not_assessed_method_not_selected
f1e8ac08-71c4-3b29-b8e1-2af783a2b202,Propylamine,Elementary flows/emission/water/fresh water body/river,1,not_assessed_method_not_selected
f20850de-12e2-3257-9ece-599ff27441c7,Phosphorus,Elementary flows/emission/water/saline water body/ocean,8,not_assessed_method_not_selected
f2154142-13c7-30c3-a098-98517ddfcf39,Chemical Oxygen Demand,Elementary flows/emission/water/saline water body/ocean,6,not_assessed_method_not_selected
f21c19bf-dc95-34f3-ba1a-4a7b8db3e590,Manganese,Elementary flows/emission/ground/human-dominated/industrial,8,not_assessed_method_not_selected
f22f49a3-881a-3647-ade6-c37cf5b402b1,Dimethyl ether,Elementary flows/emission/air/troposphere/rural,1,not_assessed_method_not_selected
f24ad511-378f-328b-ae1e-6a7799cb8ea7,Hexane,Elementary flows/emission/water/saline water body/ocean,5,not_assessed_method_not_selected
f256c858-3a28-3152-abf4-dda9834be365,Niobium-95,Elementary flows/emission/water/fresh water body/river,2,not_assessed_method_not_selected
f28d2eef-429f-3c2f-9b7e-6fb5c8df661f,Hydrogen sulfide,Elementary flows/emission/ground,1,not_assessed_method_not_selected
f295d5ea-a4a9-3cf6-a025-790657b97216,Aclonifen,Elementary flows/emission/air,1,not_assessed_method_not_selected
f2ac4901-ead1-3e59-be90-3ed22a9b20ca,Chloramine,Elementary flows/emission/water/fresh water body/river,1,not_assessed_method_not_selected
f2d8b56c-6f3c-3d40-8096-391a0fd4aa26,Terbufos,Elementary flows/emission/water,2,not_assessed_method_not_selected
f2e25d90-f04c-3ffa-b5a2-e6a1b0efd19b,Biological Oxygen Demand,Elementary flows/emission/water/fresh water body/river,2,not_assessed_method_not_selected
f308c394-340b-3abb-8c2b-2e829fb36f2b,"1,2,3,4,6,7,8-Heptachlorodibenzo-p-dioxin",Elementary flows/emission/air,2,not_assessed_method_not_selected
f30f7c5b-ef89-36e0-9a91-01a90badadf2,Strontium,Elementary flows/emission/water/subterranean,2,not_assessed_method_not_selected
f338dd70-dcd0-33e9-b26a-ba5c8042f793,Sodium chloride,Elementary flows/resource/ground,4,not_assessed_method_not_selected
f33bb615-c753-37be-9504-8f1a370b506f,Krypton-85m,Elementary flows/emission/air,3,not_assessed_method_not_selected
f371d589-ccfe-3d98-a1c7-d1dd9ba9161f,Copper,Elementary flows/emission/water/subterranean/fresh water body,1,not_assessed_method_not_selected
f3c908b3-a355-388d-aa06-adbfb8ce12dc,Silver,Elementary flows/emission/water,5,not_assessed_method_not_selected
f3d92e82-7c67-3fed-950e-0f38c8580733,Dipropylamine,Elementary flows/emission/air/troposphere/urban,1,not_assessed_method_not_selected
f3fc617b-37c1-30cf-98c1-90db97d896cd,Acetaldehyde,Elementary flows/emission/water/fresh water body/river,2,not_assessed_method_not_selected
f3fde743-d825-38ab-8b9f-6fb7d198b631,"2,4,6-Trichloro-m-cresol",Elementary flows/emission/water,1,not_assessed_method_not_selected
f40da0f7-a3fe-3b8e-a7bf-fceaa1930e27,Hydrogen ion,Elementary flows/emission/water,3,not_assessed_method_not_selected
f40e1667-c805-3346-92aa-bfc450b9fd5f,Zinc,Elementary flows/emission/water/subterranean/fresh water body,1,not_assessed_method_not_selected
f45fbcf0-24f0-4ce1-b1d9-78f2ed0d5a34,Jobs,Elementary flows/emission/non-FEDEFL/economic,3,not_assessed_method_not_selected
f46f1833-fdcb-3a8e-8877-c5c753f129c9,Tungsten,Elementary flows/emission/water/fresh water body,2,not_assessed_method_not_selected
f47efaf1-c3df-3c91-94aa-96449902aab8,Hydrochloric acid,Elementary flows/emission/water/subterranean/fresh water body,1,not_assessed_method_not_selected
f48a6d91-d946-3390-8920-690f04898043,Dissolved Organic Carbon,Elementary flows/emission/water/fresh water body/lake,2,not_assessed_method_not_selected
f4973035-59f5-3bdc-b257-b274dcc04e0f,Sulfur dioxide,Elementary flows/emission/air,125,not_assessed_method_not_selected
f4a3d424-4de2-3635-ad05-e4b3338ba2c4,Ethanol,Elementary flows/emission/air/troposphere/rural,6,not_assessed_method_not_selected
f4acc1d3-7983-39c9-825f-53c965585dde,Land use,Elementary flows/resource/ground/human-dominated/urban,1,not_assessed_method_not_selected
f4b1148f-c098-3b3c-a64c-bbd775bf689a,.lambda.-Cyhalothrin,Elementary flows/emission/air,1,not_assessed_method_not_selected
f4b93a40-f575-3001-8b9d-155ac2ddf5c5,"4,4'-Isopropylidenediphenol",Elementary flows/emission/water/fresh water body,1,not_assessed_method_not_selected
f4ba9143-0d68-3293-95e4-29c45e17afaf,Hydrofluoric acid,Elementary flows/emission/air/troposphere/urban,2,not_assessed_method_not_selected
f4d494d1-6e82-3f63-a2d5-610f40dc08b4,Phenanthrene,Elementary flows/emission/water,8,not_assessed_method_not_selected
f4db08a5-1386-3b3c-8823-ca68a4ae78d6,"1-(6-tert-butyl-1,1-dimethyl-2,3-dihydroinden-4-yl)ethanone",Elementary flows/emission/ground,1,not_assessed_method_not_selected
f4e29095-17a5-3786-becf-66eccb62645d,Carbon disulfide,Elementary flows/emission/water/fresh water body/river,1,not_assessed_method_not_selected
f4fc596c-8411-3074-9c90-86fb8a037607,Thallium,Elementary flows/emission/air/troposphere/urban,2,not_assessed_method_not_selected
f4fd849f-fa57-380a-94f8-ddbe012f36a8,Alachlor,Elementary flows/emission/water/fresh water body,2,not_assessed_method_not_selected
f535f064-44e4-3a1f-a082-6a35bd5143a7,Chromium,Elementary flows/emission/air/troposphere/rural,2,not_assessed_method_not_selected
f53e6470-6eac-3416-8035-e959eadc06c6,"Energy, heat",Elementary flows/emission/water/fresh water body/river,2,not_assessed_method_not_selected
f54d9588-ffe1-3ebb-922d-d7ec19c625a9,Chloroform,Elementary flows/emission/water,4,not_assessed_method_not_selected
f5505965-7d21-3891-a920-943717ce1366,Silver-110,Elementary flows/emission/water/subterranean/fresh water body,1,not_assessed_method_not_selected
f55f105c-1af5-3af6-b337-ffe483dae5df,Sodium sulfate,Elementary flows/emission/air/indoor,1,not_assessed_method_not_selected
f56262e3-6287-38ed-8e75-291bb549b36e,Pyraclostrobin,Elementary flows/emission/water,1,not_assessed_method_not_selected
f5936996-ef49-39ad-9cf0-591b0e026f7d,Aluminum,Elementary flows/emission/water/fresh water body,2,not_assessed_method_not_selected
f59819de-9e26-37bb-95b2-3d6eab81316c,Radionuclides,Elementary flows/emission/air/troposphere/rural,12,not_assessed_method_not_selected
f5a30284-67a4-3a99-83ee-b7a486a2d196,1-Hexene,Elementary flows/emission/air,3,not_assessed_method_not_selected
f5a53702-66dc-3a71-be2c-58deadbe1dc1,Phosphoric acid,Elementary flows/emission/air,2,not_assessed_method_not_selected
f5bb2d1e-1a7a-3587-8922-d711ec7e6ea4,Acrylonitrile,Elementary flows/emission/air,9,not_assessed_method_not_selected
f5d6980f-0bab-38e7-a203-95da64eb6091,Vanadium,Elementary flows/emission/water,8,not_assessed_method_not_selected
f5fa456c-34ed-39a3-868a-377e30ed76c6,"1,4-Dioxane",Elementary flows/emission/air,5,not_assessed_method_not_selected
f5faeb2b-d0e0-346b-8b49-fb45c4e35bfb,Hydrazine,Elementary flows/emission/water,1,not_assessed_method_not_selected
f5fb7b47-cdbe-3351-be4e-60c185ff3346,Chemical Oxygen Demand,Elementary flows/emission/water/saline water body,2,not_assessed_method_not_selected
f636cde4-be91-3550-8381-14a3f8054e13,Chromium(IV),Elementary flows/emission/air,2,not_assessed_method_not_selected
f645865c-4fef-3d2f-9144-4c11a8822097,Metolachlor,Elementary flows/emission/ground,1,not_assessed_method_not_selected
f646a425-64f7-362b-9932-9aeaccbeb294,Potassium,Elementary flows/emission/water/saline water body/ocean,3,not_assessed_method_not_selected
f654e940-5737-3bc7-9492-f163c47bfbd5,Zinc compounds,Elementary flows/emission/air,3,not_assessed_method_not_selected
f6696716-3d44-38fe-8ef2-8f4284367cd1,Ethylene glycol,Elementary flows/emission/air,9,not_assessed_method_not_selected
f6812794-ed9c-33ee-9b47-8a2372dc8461,Hydrocarbons,Elementary flows/emission/air/troposphere/urban,3,not_assessed_method_not_selected
f6828535-60b8-3f1b-858a-7d29a5c75eb4,Chlorpropham,Elementary flows/emission/ground,1,not_assessed_method_not_selected
f6977dc5-e7dd-3ad1-b005-5962dbf5da69,Potassium,Elementary flows/emission/water/fresh water body/river,1,not_assessed_method_not_selected
f69937d6-b8cc-3c27-805d-44d420faeb5b,"Quartz, sand",Elementary flows/resource/ground,3,not_assessed_method_not_selected
f6a30f66-1274-3c09-beb7-c5fd91d11659,Butane,Elementary flows/emission/air,14,not_assessed_method_not_selected
f6b57578-340d-3e52-b6af-3c663b091fff,"Phenol, 2-methoxy-4-methyl-",Elementary flows/emission/water,5,not_assessed_method_not_selected
f6c4c10c-4fda-34d0-a6bb-3923a034c26a,Antimony-122,Elementary flows/emission/water/fresh water body/river,2,not_assessed_method_not_selected
f6c67933-a244-33c7-a7e5-aede2d6e58f8,Copper(II),Elementary flows/emission/water/fresh water body,1,not_assessed_method_not_selected
f6c760c4-28f2-352d-be20-d140a4be8e13,Thifensulfuron,Elementary flows/emission/air/troposphere/rural,1,not_assessed_method_not_selected
f6df5030-8e06-4276-bfeb-219db8dab104,"Volume occupied, final repository for low-active radioactive waste",Elementary flows/resource/non-FEDEFL/ground/human-dominated,1,not_assessed_method_not_selected
f6e6f120-b32d-33c8-893e-0f31ed115de0,Strontium,Elementary flows/emission/water/fresh water body,2,not_assessed_method_not_selected
f7255ec7-d864-334a-ab93-bf7268359d95,Naphthalene,Elementary flows/emission/water/saline water body/ocean,7,not_assessed_method_not_selected
f742cf48-f42b-3c21-bf97-e00e779ddc79,Graphite,Elementary flows/resource/ground,2,not_assessed_method_not_selected
f7467352-e7d9-3924-b763-f26bb26ce4cc,Carbon tetrachloride,Elementary flows/emission/air,16,not_assessed_method_not_selected
f74d6545-bda1-3d05-811e-3dc8a534162c,Bromine,Elementary flows/emission/water/saline water body/ocean,2,not_assessed_method_not_selected
f78e1bc3-619c-3fa1-aee8-77c3e3f1d24b,Chlorothalonil,Elementary flows/emission/air,1,not_assessed_method_not_selected
f7902524-8d5c-35c2-a37d-443c4396488c,"Solvents, chlorinated",Elementary flows/emission/water/saline water body/ocean,2,not_assessed_method_not_selected
f794cbf8-c30a-3cd4-a4f0-cb5100bff16c,Bromine,Elementary flows/emission/water/fresh water body/river,6,not_assessed_method_not_selected
f7a95b4d-e51b-37af-be53-4e5d991b007c,Toluene,Elementary flows/emission/water/fresh water body,2,not_assessed_method_not_selected
f7ba41fb-f153-39ed-b53a-4e6a44eebf5c,Iodide,Elementary flows/emission/water/subterranean,2,not_assessed_method_not_selected
f7bed571-58d2-3b9c-b02e-ad7d1adc34a0,"2,4-D",Elementary flows/emission/ground,1,not_assessed_method_not_selected
f7cebd38-4cdb-39ba-aa58-b9970b32743c,2-Hexanone,Elementary flows/emission/water,4,not_assessed_method_not_selected
f7ebc6df-b3ee-30de-b6e8-c70e155854b3,Toluene,Elementary flows/emission/water,16,not_assessed_method_not_selected
f7f0fff9-09a3-3ba2-93c9-cde93f1bb4ae,Aluminum,Elementary flows/emission/water/subterranean/fresh water body,1,not_assessed_method_not_selected
f80f42f2-b454-33b1-be54-e1a4cfbb7c38,Antimony-125,Elementary flows/emission/water/subterranean/fresh water body,1,not_assessed_method_not_selected
f8188722-8d99-32de-97c3-dee774c3a503,Diethanolamine,Elementary flows/emission/air,4,not_assessed_method_not_selected
f8204689-71e9-3275-85f4-66c4112e5511,Lead,Elementary flows/emission/water,24,not_assessed_method_not_selected
f8233416-c720-3c03-b412-eaef1cf79be0,Nitrogen oxides,Elementary flows/emission/water/fresh water body,2,not_assessed_method_not_selected
f833b58c-cd53-34a2-b88a-7f3ea8ddd3c4,Chloroacetyl chloride,Elementary flows/emission/water/fresh water body/river,1,not_assessed_method_not_selected
f8348707-b585-36c3-bce1-dd8d43710a95,Hexachloroethane,Elementary flows/emission/air,5,not_assessed_method_not_selected
f840af36-0c1b-3571-8fc0-3a7636a45a6c,Bromide,Elementary flows/emission/water/fresh water body/river,1,not_assessed_method_not_selected
f85e5221-d50b-33bb-b6d6-9b6b2f7bae91,Cobalt,Elementary flows/emission/water/subterranean/fresh water body,1,not_assessed_method_not_selected
f860537f-7ad4-307d-9eaa-7c52fbbf71f9,Helium,Elementary flows/emission/air,8,not_assessed_method_not_selected
f8619379-37df-30be-bf02-e9945881c2d3,Pumice,Elementary flows/resource/ground/subterranean,6,not_assessed_method_not_selected
f862252d-3061-3146-9a91-b59d990e1c5c,Silicon,Elementary flows/emission/air/stratosphere,1,not_assessed_method_not_selected
f8751203-0077-3056-83ee-aa69b7e6c754,Chlorobenzene,Elementary flows/emission/water/fresh water body/river,2,not_assessed_method_not_selected
f8825be7-fe90-3dd2-854e-e2b197c96e98,Hydrogen ion,Elementary flows/emission/water/fresh water body,2,not_assessed_method_not_selected
f8a179ab-ae67-3628-91ea-52cf2d8d5d6d,Manganese-54,Elementary flows/emission/water/subterranean/fresh water body,1,not_assessed_method_not_selected
f8b15a86-6bd2-3167-88e6-7b4adcda0d1c,Methyl acrylate,Elementary flows/emission/water/fresh water body/river,3,not_assessed_method_not_selected
f8bff873-3318-3cf7-a413-569d08def018,"Water, saline",Elementary flows/resource/water/saline water body/ocean,5,not_assessed_method_not_selected
f8c1e692-1c14-34b8-85ca-5f520d341586,Carbofuran,Elementary flows/emission/air,2,not_assessed_method_not_selected
f8cbcd43-8201-3b05-b19a-82d305414af4,Hydrogen sulfide,Elementary flows/emission/air,19,not_assessed_method_not_selected
f908fa3d-2938-3da4-9734-d772c7654121,Warfarin,Elementary flows/emission/ground/human-dominated/agricultural,1,not_assessed_method_not_selected
f90c330f-5759-3886-8fc5-c2b6c46d216e,Ammonia,Elementary flows/emission/water/fresh water body,2,not_assessed_method_not_selected
f92e59c6-9471-3283-bc87-fd3f02fb0e48,Potassium,Elementary flows/emission/air/troposphere/urban,2,not_assessed_method_not_selected
f9405c03-5dca-3e63-95e4-e9fab32ded73,Zeta-Cypermethrin,Elementary flows/emission/air/troposphere/rural,1,not_assessed_method_not_selected
f95a65ae-f63c-39be-a86a-cb9b547b781b,Molybdenum,Elementary flows/emission/water,5,not_assessed_method_not_selected
f9841fd7-a9fb-302d-9c39-3eaadc7d9e00,Silver compounds,Elementary flows/emission/air,2,not_assessed_method_not_selected
f98f680a-6cb6-3950-8937-426bdb687b51,Chromium,Elementary flows/emission/ground/human-dominated/agricultural,8,not_assessed_method_not_selected
f9937b48-488f-35f9-ba2c-cb89f3de142b,Lanthanum,Elementary flows/emission/air,5,not_assessed_method_not_selected
f994e874-6fb7-3046-b46c-6bfec1b380f5,Vinyl chloride,Elementary flows/emission/water/fresh water body,2,not_assessed_method_not_selected
f995b27d-3062-3c33-9170-d4e0a396375d,Dibenzofuran,Elementary flows/emission/air,2,not_assessed_method_not_selected
f997e556-a1dc-3dc0-befe-aa5e1a5b6ea4,Radium-228,Elementary flows/emission/air,4,not_assessed_method_not_selected
f9a00a61-bda0-3ce4-9c92-2f73e56569a2,S-Metolachlor,Elementary flows/emission/ground/human-dominated/agricultural,1,not_assessed_method_not_selected
f9a34d23-025d-3eb0-b55d-d084988c0b8d,Bromate,Elementary flows/emission/water,1,not_assessed_method_not_selected
f9d42a26-a217-309b-86ac-6df0169b4f35,Nickel,Elementary flows/emission/air/stratosphere,2,not_assessed_method_not_selected
f9e94137-4a27-3973-a4d2-0d8bdafd2ade,Ethanol,Elementary flows/emission/air,5,not_assessed_method_not_selected
f9fd0074-f765-3f38-a150-2ca0a82c37be,Methylene chloride,Elementary flows/emission/air,20,not_assessed_method_not_selected
fa18658d-694c-3a76-aa45-4245a9848ae0,Orthophosphate,Elementary flows/emission/water/fresh water body,2,not_assessed_method_not_selected
fa1d1ae4-e1ce-3389-91ab-54617aba8319,Calcium(II),Elementary flows/emission/water/saline water body/ocean,5,not_assessed_method_not_selected
fa58b05c-b8af-3b4c-9ac2-973af3fe28c2,"Coal, anthracite",Elementary flows/resource/ground/subterranean,6,not_assessed_method_not_selected
fa63d01a-df48-346c-9663-3ffaa71b023b,Formaldehyde,Elementary flows/emission/air/stratosphere,1,not_assessed_method_not_selected
fa84fbb8-4be1-37f3-ac91-db650ab1511b,Chlorate,Elementary flows/emission/water,1,not_assessed_method_not_selected
fad3acc3-d5f2-36c0-a994-96a0a53392e2,Hydrofluoric acid,Elementary flows/emission/water/fresh water body/river,1,not_assessed_method_not_selected
fb13d4f4-c1fd-321d-8c13-08e18198a31e,"Carboxylic acids, di-, C4-6",Elementary flows/emission/water/fresh water body/river/rural,1,not_assessed_method_not_selected
fb1ed273-a738-3017-a9b5-ba651e78e24b,Fomesafen,Elementary flows/emission/air/troposphere/rural,1,not_assessed_method_not_selected
fb336cba-b80e-3c67-bac9-d5bd96258d13,Hydroxide,Elementary flows/emission/water,1,not_assessed_method_not_selected
fb3d727a-5156-32e0-8f62-da4e00e6ace8,Methane,Elementary flows/emission/air/stratosphere,2,not_assessed_method_not_selected
fb555654-c1ae-3a4c-be73-4e52bd420d80,Atrazine,Elementary flows/emission/water,4,not_assessed_method_not_selected
fb6cc68b-8977-37f8-95ae-5d452fd28e93,Zinc(II),Elementary flows/emission/water/saline water body/ocean,5,not_assessed_method_not_selected
fb6da3b6-e4cc-3ddb-81bb-c3aecfcb74e7,Toluene,Elementary flows/emission/air/troposphere/rural,42,not_assessed_method_not_selected
fb7664b5-d581-3217-b174-777562d17c6c,Ethylbenzene,Elementary flows/emission/air/troposphere/urban,5,not_assessed_method_not_selected
fb778ab4-969f-33ce-9644-862f81ac0a8e,o-Cresol,Elementary flows/emission/water,4,not_assessed_method_not_selected
fb96ea76-8266-3fab-bacd-904c834d4635,Rhodium,Elementary flows/resource/ground/subterranean,8,not_assessed_method_not_selected
fbe7ff3f-c159-3b49-b31c-a14111a5350d,Exhaust,Elementary flows/emission/non-FEDEFL/air,4,not_assessed_method_not_selected
fbfa508b-f3c9-3977-a47d-1138e96914a3,Carbon tetrafluoride,Elementary flows/emission/air,7,not_assessed_method_not_selected
fc047629-d783-3edd-bea8-ef323f025478,Imidacloprid,Elementary flows/emission/air,1,not_assessed_method_not_selected
fc31e7a4-0278-3fc6-8f64-dce319f1abb0,Sodium sulfate,Elementary flows/emission/water/fresh water body,2,not_assessed_method_not_selected
fc47d1b0-dd2c-3200-aab5-cd0fb47792de,Thorium-232,Elementary flows/emission/air/troposphere/urban,3,not_assessed_method_not_selected
fc58ffbc-611b-32e7-8f39-05c03adca463,Estrone,Elementary flows/emission/ground,1,not_assessed_method_not_selected
fc96f55d-400d-3559-8aaf-af0ae0d1e2f9,Orthophosphate,Elementary flows/emission/water/subterranean/fresh water body,1,not_assessed_method_not_selected
fcb99cd0-31a0-3fb5-b761-c2591441789e,Soil,Elementary flows/emission/water/fresh water body,2,not_assessed_method_not_selected
fce188ee-d408-3542-be3d-f4894fb5b94e,Boron,Elementary flows/emission/water/subterranean/fresh water body,1,not_assessed_method_not_selected
fcf65d36-ae15-3066-80c2-b624e04c6380,Benzo[k]fluoranthene,Elementary flows/emission/air,50,not_assessed_method_not_selected
fd07c148-75ee-3839-b747-72c0542da278,Benzo[k]fluoranthene,Elementary flows/emission/water,2,not_assessed_method_not_selected
fd589845-fec3-3a0e-8fd9-f1a4f1b6c40a,Radium-228,Elementary flows/emission/air/troposphere/rural,2,not_assessed_method_not_selected
fd836bd3-8c40-327a-b78b-d0de9fe750e6,Bentazon,Elementary flows/emission/ground,1,not_assessed_method_not_selected
fd981b59-d8d3-3bf2-b0be-480960e4c4fe,Plutonium-238,Elementary flows/emission/water/fresh water body/river,1,not_assessed_method_not_selected
fdc21e68-8634-342f-ada6-b21072d2865b,Folpet,Elementary flows/emission/ground,1,not_assessed_method_not_selected
fe3c5c5c-07a6-3f84-81de-b93c6792163d,"(3R,5R)-7-[2-(4-fluorophenyl)-3-phenyl-4-(phenylcarbamoyl)-5-propan-2-ylpyrrol-1-yl]-3,5-dihydroxyheptanoic acid",Elementary flows/emission/water/fresh water body,1,not_assessed_method_not_selected
fe4b4bfe-d27a-3bde-a241-b99af3c0fed3,Benzo[k]fluoranthene,Elementary flows/emission/water/saline water body/ocean,1,not_assessed_method_not_selected
fe5d373f-58f8-3628-a85b-cdcc92dbd7f2,Benzaldehyde,Elementary flows/emission/air/troposphere/urban,2,not_assessed_method_not_selected
fe676e41-1df5-3f0f-9006-ca7e0ab442db,Air,Elementary flows/resource/air,7,not_assessed_method_not_selected
fe74c877-77b9-3c54-bece-14cdc0096555,Potassium chloride,Elementary flows/resource/ground,7,not_assessed_method_not_selected
fe829136-3042-36e6-b4cb-7ff591e8db98,Lead,Elementary flows/emission/air,91,not_assessed_method_not_selected
fe85b99c-cb50-3334-887d-038a45b267ca,Calcium,Elementary flows/emission/water/subterranean,1,not_assessed_method_not_selected
fe92ae46-75fd-3fd4-9b7d-994ba86f29ca,Calcium(II),Elementary flows/emission/water/fresh water body/lake,1,not_assessed_method_not_selected
fe94969c-85fa-3e09-a9d7-0820c0bda7ca,Ethylene glycol,Elementary flows/emission/water/saline water body/ocean,2,not_assessed_method_not_selected
fe973410-785a-37a0-adaf-5591ae83479b,Uranium-234,Elementary flows/emission/water/fresh water body,2,not_assessed_method_not_selected
feb22f16-f008-30f6-a8f9-926a5bb86e92,Radium-228,Elementary flows/emission/water/fresh water body,2,not_assessed_method_not_selected
feb8a91d-fa3f-3660-bfc2-75471003288d,Isobutene,Elementary flows/emission/air/troposphere/urban/low,2,not_assessed_method_not_selected
fed81ffb-5d78-3f59-9f31-8034484a8d54,Chloroethane,Elementary flows/emission/water/subterranean,1,not_assessed_method_not_selected
fef76fd6-a63f-36b1-a6db-5c72cc65e7c1,Nickel(II),Elementary flows/emission/water/fresh water body/lake,1,not_assessed_method_not_selected
ff2a0f02-7c6a-3172-a755-e7c5aa8adf2e,HCFC-22,Elementary flows/emission/air/indoor,1,not_assessed_method_not_selected
ff2d1184-9cf1-3dab-bdab-00a37563f69a,Magnesium,Elementary flows/emission/air/troposphere/rural,2,not_assessed_method_not_selected
ff5e65a2-cf7a-328e-b58d-8560c0288c4f,Chlormequat chloride,Elementary flows/emission/air,2,not_assessed_method_not_selected
ff83fe3a-6357-3c9e-b66b-9ac7ef8a75e3,Paraquat,Elementary flows/emission/water,1,not_assessed_method_not_selected
ffa1a6b3-3129-3931-9b11-20414e3a87aa,Trimethylamine,Elementary flows/emission/air/troposphere/urban,1,not_assessed_method_not_selected
ffa922fa-e8c7-3184-9867-702cbadbbf6e,Americium-241,Elementary flows/emission/ground,1,not_assessed_method_not_selected
ffb7ecc5-19f2-372d-bacc-3306a0f588af,Antimony,Elementary flows/emission/water/subterranean/fresh water body,1,not_assessed_method_not_selected
ffcaa1c7-94fe-3ff7-9d97-ed30648848fe,Potassium-40,Elementary flows/emission/water/subterranean/fresh water body,1,not_assessed_method_not_selected
