root_uuid,process_uuid,issue,detail
0e42a306-ee2d-362e-8bc3-580000096459,0e42a306-ee2d-362e-8bc3-580000096459,formula_not_evaluated,1.4E-4+0.0024
0e42a306-ee2d-362e-8bc3-580000096459,3eee3d64-460d-44bc-b58a-96aa76f86091,formula_not_evaluated,Diesel_energy_consumption_operation1
0e42a306-ee2d-362e-8bc3-580000096459,3eee3d64-460d-44bc-b58a-96aa76f86091,formula_not_evaluated,(percentage_energy_recovery1 * electricity_from_CH4 * CH4_recovered_for_energy * (1 - system_down_time1) * (final_yield_CH4 * (1 - moisture_content_mixed_msw1) / tonne_to_sh_tn1))
0e42a306-ee2d-362e-8bc3-580000096459,3eee3d64-460d-44bc-b58a-96aa76f86091,formula_not_evaluated,sh_tn_to_tonne *transport_distance_landfill 
0e42a306-ee2d-362e-8bc3-580000096459,3eee3d64-460d-44bc-b58a-96aa76f86091,formula_not_evaluated,(CH4_emitted_final * final_yield_CH4 * (1 - moisture_content_mixed_msw1) / tonne_to_sh_tn1)
0e42a306-ee2d-362e-8bc3-580000096459,3eee3d64-460d-44bc-b58a-96aa76f86091,formula_not_evaluated,(C_storage_final * (1 - moisture_content_mixed_msw1) / tonne_to_sh_tn1) * C_to_CO21
0e42a306-ee2d-362e-8bc3-580000096459,a176e34a-573a-44a9-b381-843a7d457df5,formula_not_evaluated,(sh_tn_to_tonne*mass_ash)*transport_distance_ash_landfill 
0e42a306-ee2d-362e-8bc3-580000096459,a176e34a-573a-44a9-b381-843a7d457df5,formula_not_evaluated,-steel_recovered
0e42a306-ee2d-362e-8bc3-580000096459,a176e34a-573a-44a9-b381-843a7d457df5,formula_not_evaluated,sh_tn_to_tonne *transport_distance_combustion 
0e42a306-ee2d-362e-8bc3-580000096459,a176e34a-573a-44a9-b381-843a7d457df5,formula_not_evaluated,1000.0 * (non_biomass_C_content * C_converted_to_CO2_in_combustion * C_to_CO21 / tonne_to_sh_tn1)
0e42a306-ee2d-362e-8bc3-580000096459,a176e34a-573a-44a9-b381-843a7d457df5,formula_not_evaluated,1000.0 * (N2O_emission)
0e42a306-ee2d-362e-8bc3-580000096459,a176e34a-573a-44a9-b381-843a7d457df5,formula_not_evaluated,3.6 * (energy_content * mass_burn_efficiency * MMBTU_to_kWh1)
0e42a306-ee2d-362e-8bc3-580000096459,0aaf1e13-5d80-37f9-b7bb-81a6b8965c71,coproduct_allocation_review,8
0e42a306-ee2d-362e-8bc3-580000096459,0aaf1e13-5d80-37f9-b7bb-81a6b8965c71,formula_not_evaluated,5.5E-9+5.5E-9
0e42a306-ee2d-362e-8bc3-580000096459,0aaf1e13-5d80-37f9-b7bb-81a6b8965c71,formula_not_evaluated,6.5E-10+9.3E-19
0e42a306-ee2d-362e-8bc3-580000096459,0aaf1e13-5d80-37f9-b7bb-81a6b8965c71,formula_not_evaluated,1.8E-13+3.8E-12
0e42a306-ee2d-362e-8bc3-580000096459,520ecb54-7b55-42ca-97c3-4b8192189356,formula_not_evaluated,0.038+.014
0e42a306-ee2d-362e-8bc3-580000096459,9caaa37b-636d-41fa-8eb6-0b020ee4ebac,formula_not_evaluated,barge 
0e42a306-ee2d-362e-8bc3-580000096459,9caaa37b-636d-41fa-8eb6-0b020ee4ebac,formula_not_evaluated,truck 
0e42a306-ee2d-362e-8bc3-580000096459,9caaa37b-636d-41fa-8eb6-0b020ee4ebac,formula_not_evaluated,rail 
0e42a306-ee2d-362e-8bc3-580000096459,9caaa37b-636d-41fa-8eb6-0b020ee4ebac,formula_not_evaluated,pipeline 
0e42a306-ee2d-362e-8bc3-580000096459,9caaa37b-636d-41fa-8eb6-0b020ee4ebac,formula_not_evaluated,tanker
0e42a306-ee2d-362e-8bc3-580000096459,5deeead4-4080-41fd-bae0-04d8aea6a656,formula_not_evaluated,pipeline 
0e42a306-ee2d-362e-8bc3-580000096459,5deeead4-4080-41fd-bae0-04d8aea6a656,formula_not_evaluated,truck 
0e42a306-ee2d-362e-8bc3-580000096459,5deeead4-4080-41fd-bae0-04d8aea6a656,formula_not_evaluated,barge 
0e42a306-ee2d-362e-8bc3-580000096459,5deeead4-4080-41fd-bae0-04d8aea6a656,formula_not_evaluated,rail 
0e42a306-ee2d-362e-8bc3-580000096459,5deeead4-4080-41fd-bae0-04d8aea6a656,formula_not_evaluated,tanker
0e42a306-ee2d-362e-8bc3-580000096459,906167b9-d822-5ed5-aed8-fe34c8588952,formula_not_evaluated,ng_combusted_total * gen_frac * gen_sib_share
0e42a306-ee2d-362e-8bc3-580000096459,906167b9-d822-5ed5-aed8-fe34c8588952,formula_not_evaluated,ch4_leakage_active
0e42a306-ee2d-362e-8bc3-580000096459,906167b9-d822-5ed5-aed8-fe34c8588952,formula_not_evaluated,ng_combusted_total * comp_frac * comp_re_share
0e42a306-ee2d-362e-8bc3-580000096459,906167b9-d822-5ed5-aed8-fe34c8588952,formula_not_evaluated,ng_combusted_total * gen_frac * gen_lgt_share
0e42a306-ee2d-362e-8bc3-580000096459,9cdbadf7-c219-51c7-9e22-f4b48c22c0a8,formula_not_evaluated,ng_flared_total
0e42a306-ee2d-362e-8bc3-580000096459,9cdbadf7-c219-51c7-9e22-f4b48c22c0a8,formula_not_evaluated,ng_combusted_total * comp_frac * comp_re_share
0e42a306-ee2d-362e-8bc3-580000096459,9cdbadf7-c219-51c7-9e22-f4b48c22c0a8,formula_not_evaluated,ch4_leakage_active
0e42a306-ee2d-362e-8bc3-580000096459,7aa8e2ff-0e2f-3e6c-b168-ec5168b4be6a,formula_not_evaluated,616000.0*0.0010550559
0e42a306-ee2d-362e-8bc3-580000096459,7aa8e2ff-0e2f-3e6c-b168-ec5168b4be6a,formula_not_evaluated,98.0*1000
0e42a306-ee2d-362e-8bc3-580000096459,8e3e47ea-ed49-329e-8931-29115917bc81,coproduct_allocation_review,1
0e42a306-ee2d-362e-8bc3-580000096459,8e3e47ea-ed49-329e-8931-29115917bc81,formula_not_evaluated,46.4*1000
0e42a306-ee2d-362e-8bc3-580000096459,8e3e47ea-ed49-329e-8931-29115917bc81,formula_not_evaluated,7.36*1000
0e42a306-ee2d-362e-8bc3-580000096459,d9cadd89-4203-375a-903a-63197cd29c6a,coproduct_allocation_review,2
0e42a306-ee2d-362e-8bc3-580000096459,d9cadd89-4203-375a-903a-63197cd29c6a,formula_not_evaluated,119290.0*1000
0e42a306-ee2d-362e-8bc3-580000096459,0898854c-e38f-3d23-880f-f8da7d65ca0c,formula_not_evaluated,98.0*1000
0e42a306-ee2d-362e-8bc3-580000096459,0879167f-989b-3e3b-b9c5-3c07ea0a3f8e,formula_not_evaluated,98.0*1000
0e42a306-ee2d-362e-8bc3-580000096459,9ee66dd5-dcc9-3e94-9da3-3a7cc6cddeb3,formula_not_evaluated,7339.5/1000
0e42a306-ee2d-362e-8bc3-580000096459,9ee66dd5-dcc9-3e94-9da3-3a7cc6cddeb3,formula_not_evaluated,11.176/1000
0e42a306-ee2d-362e-8bc3-580000096459,a3e150d0-770e-4e2a-9b19-f7daa8cda38b,coproduct_allocation_review,2
0e42a306-ee2d-362e-8bc3-580000096459,a3e150d0-770e-4e2a-9b19-f7daa8cda38b,formula_not_evaluated,18.4290167156447/1000
0e42a306-ee2d-362e-8bc3-580000096459,a3e150d0-770e-4e2a-9b19-f7daa8cda38b,formula_not_evaluated,0.0896568370477656/9.5
0e42a306-ee2d-362e-8bc3-580000096459,a3e150d0-770e-4e2a-9b19-f7daa8cda38b,formula_not_evaluated,0.000275088436300113*1000000
0e42a306-ee2d-362e-8bc3-580000096459,a3e150d0-770e-4e2a-9b19-f7daa8cda38b,formula_not_evaluated,0.387973315090374/9.65
0e42a306-ee2d-362e-8bc3-580000096459,5bcf8b86-866d-45b6-8e00-e1ea39c03c53,formula_not_evaluated,Diesel_energy_consumption_operation1
0e42a306-ee2d-362e-8bc3-580000096459,5bcf8b86-866d-45b6-8e00-e1ea39c03c53,formula_not_evaluated,sh_tn_to_tonne * transport_distance_landfill 
0e42a306-ee2d-362e-8bc3-580000096459,f002e825-5cb6-3949-be51-863c7fe5d5da,formula_not_evaluated,1.0*1000
0e42a306-ee2d-362e-8bc3-580000096459,f002e825-5cb6-3949-be51-863c7fe5d5da,formula_not_evaluated,0.5*1000
0e42a306-ee2d-362e-8bc3-580000096459,f002e825-5cb6-3949-be51-863c7fe5d5da,formula_not_evaluated,0.5*1000
0e42a306-ee2d-362e-8bc3-580000096459,9109d57c-8234-3569-a2e6-0e4671b524d9,formula_not_evaluated,1.0*1000
0e42a306-ee2d-362e-8bc3-580000096459,88aee762-4aa0-301f-b579-cca5d636aa0d,coproduct_allocation_review,1
0e42a306-ee2d-362e-8bc3-580000096459,2753c5de-221b-369a-84de-689d354b8b2d,formula_not_evaluated,1.0*1000
0e42a306-ee2d-362e-8bc3-580000096459,2753c5de-221b-369a-84de-689d354b8b2d,formula_not_evaluated,1.0*1000
0e42a306-ee2d-362e-8bc3-580000096459,4c6f7612-c4b8-36d1-803a-8fb067b1b319,formula_not_evaluated,1.0*1000
0e42a306-ee2d-362e-8bc3-580000096459,4c6f7612-c4b8-36d1-803a-8fb067b1b319,formula_not_evaluated,1.0*1000
0e42a306-ee2d-362e-8bc3-580000096459,de1c6afd-8438-52bc-8953-f33ff330c737,formula_not_evaluated,ng_flared_total
0e42a306-ee2d-362e-8bc3-580000096459,de1c6afd-8438-52bc-8953-f33ff330c737,formula_not_evaluated,ng_combusted_total * comp_frac * comp_re_share
0e42a306-ee2d-362e-8bc3-580000096459,de1c6afd-8438-52bc-8953-f33ff330c737,formula_not_evaluated,ch4_leakage_active
0e42a306-ee2d-362e-8bc3-580000096459,2dc0b1d4-9047-5854-82da-17a2392fb07a,formula_not_evaluated,ch4_leakage_active
0e42a306-ee2d-362e-8bc3-580000096459,2dc0b1d4-9047-5854-82da-17a2392fb07a,formula_not_evaluated,ng_combusted_total * comp_frac * comp_re_share
0e42a306-ee2d-362e-8bc3-580000096459,2dc0b1d4-9047-5854-82da-17a2392fb07a,formula_not_evaluated,ng_flared_total
0e42a306-ee2d-362e-8bc3-580000096459,bbe02aa9-9e42-5341-ba17-9d8ee613b0e3,formula_not_evaluated,ng_combusted_total * comp_frac * comp_re_share
0e42a306-ee2d-362e-8bc3-580000096459,bbe02aa9-9e42-5341-ba17-9d8ee613b0e3,formula_not_evaluated,ng_flared_total
0e42a306-ee2d-362e-8bc3-580000096459,bbe02aa9-9e42-5341-ba17-9d8ee613b0e3,formula_not_evaluated,ch4_leakage_active
0e42a306-ee2d-362e-8bc3-580000096459,e0368d96-44a3-3628-8220-e6ae975b0931,formula_not_evaluated,1.5369/1000
0e42a306-ee2d-362e-8bc3-580000096459,e0368d96-44a3-3628-8220-e6ae975b0931,formula_not_evaluated,1010.7/1000
0e42a306-ee2d-362e-8bc3-580000096459,f9cf891e-fd8c-304c-9707-4a7e390b9e75,coproduct_allocation_review,3
0e42a306-ee2d-362e-8bc3-580000096459,3cfa52ac-c3d6-3ce2-b8f4-211bf63d7088,formula_not_evaluated,1.0*1000
0e42a306-ee2d-362e-8bc3-580000096459,3cfa52ac-c3d6-3ce2-b8f4-211bf63d7088,formula_not_evaluated,0.97003389*1000
0e42a306-ee2d-362e-8bc3-580000096459,3cfa52ac-c3d6-3ce2-b8f4-211bf63d7088,formula_not_evaluated,1.33*1000
0e42a306-ee2d-362e-8bc3-580000096459,4e38a874-76e2-3c20-bc6a-eea62883ebaa,formula_not_evaluated,1.0*1000
0e42a306-ee2d-362e-8bc3-580000096459,4e38a874-76e2-3c20-bc6a-eea62883ebaa,formula_not_evaluated,1.33*1000
0e42a306-ee2d-362e-8bc3-580000096459,4e38a874-76e2-3c20-bc6a-eea62883ebaa,formula_not_evaluated,0.88*1000
0e42a306-ee2d-362e-8bc3-580000096459,1cbbcd09-ea17-3d9b-bc34-2cf42efe26ba,formula_not_evaluated,1.0*10000
0e42a306-ee2d-362e-8bc3-580000096459,1cbbcd09-ea17-3d9b-bc34-2cf42efe26ba,formula_not_evaluated,0.404*10000
0e42a306-ee2d-362e-8bc3-580000096459,1cbbcd09-ea17-3d9b-bc34-2cf42efe26ba,formula_not_evaluated,0.354*10000
0e42a306-ee2d-362e-8bc3-580000096459,1cbbcd09-ea17-3d9b-bc34-2cf42efe26ba,formula_not_evaluated,1.0*10000
0e42a306-ee2d-362e-8bc3-580000096459,1cbbcd09-ea17-3d9b-bc34-2cf42efe26ba,formula_not_evaluated,0.685*10000
0e42a306-ee2d-362e-8bc3-580000096459,1cbbcd09-ea17-3d9b-bc34-2cf42efe26ba,formula_not_evaluated,0.58*10000
0e42a306-ee2d-362e-8bc3-580000096459,1cbbcd09-ea17-3d9b-bc34-2cf42efe26ba,formula_not_evaluated,1.0*10000
0e42a306-ee2d-362e-8bc3-580000096459,1cbbcd09-ea17-3d9b-bc34-2cf42efe26ba,formula_not_evaluated,0.242*10000
0e42a306-ee2d-362e-8bc3-580000096459,1cbbcd09-ea17-3d9b-bc34-2cf42efe26ba,formula_not_evaluated,1.0*10000
0e42a306-ee2d-362e-8bc3-580000096459,1cbbcd09-ea17-3d9b-bc34-2cf42efe26ba,formula_not_evaluated,1.0*10000
0e42a306-ee2d-362e-8bc3-580000096459,1b8709a5-5df4-4c52-85e4-dd6e7ed8deba,coproduct_allocation_review,2
0e42a306-ee2d-362e-8bc3-580000096459,7564cc52-b294-42c8-8320-7dd680296c81,formula_not_evaluated,0.0817*Energy_Recovered 
0e42a306-ee2d-362e-8bc3-580000096459,956b53b9-dd05-35ae-a072-69f1f6906290,coproduct_allocation_review,1
0e42a306-ee2d-362e-8bc3-580000096459,96087256-d181-30c8-ae17-f25e1f0eab0c,formula_not_evaluated,0.772*1000
0e42a306-ee2d-362e-8bc3-580000096459,96087256-d181-30c8-ae17-f25e1f0eab0c,formula_not_evaluated,0.136*1000
0e42a306-ee2d-362e-8bc3-580000096459,96087256-d181-30c8-ae17-f25e1f0eab0c,formula_not_evaluated,0.908*1000
0e42a306-ee2d-362e-8bc3-580000096459,25b4ad17-ccd9-36ff-8ed5-4ad7b4814ae3,formula_not_evaluated,0.97003*1000
0e42a306-ee2d-362e-8bc3-580000096459,25b4ad17-ccd9-36ff-8ed5-4ad7b4814ae3,formula_not_evaluated,1.33*1000
0e42a306-ee2d-362e-8bc3-580000096459,4be84642-28cb-3508-9189-d8afcec42d92,formula_not_evaluated,1.0*1000
0e42a306-ee2d-362e-8bc3-580000096459,4be84642-28cb-3508-9189-d8afcec42d92,formula_not_evaluated,1.28*1000
0e42a306-ee2d-362e-8bc3-580000096459,4be84642-28cb-3508-9189-d8afcec42d92,formula_not_evaluated,0.93145*1000
0e42a306-ee2d-362e-8bc3-580000096459,b7df275b-009c-591c-b3fc-8fe0ae2c2ce1,formula_not_evaluated,ch4_leakage_active
0e42a306-ee2d-362e-8bc3-580000096459,b7df275b-009c-591c-b3fc-8fe0ae2c2ce1,formula_not_evaluated,ng_flared_total
0e42a306-ee2d-362e-8bc3-580000096459,b7df275b-009c-591c-b3fc-8fe0ae2c2ce1,formula_not_evaluated,ng_combusted_total * comp_frac * comp_re_share
0e42a306-ee2d-362e-8bc3-580000096459,1e777c15-dde0-5b79-8a9d-08ea05f5bde2,formula_not_evaluated,ng_flared_total
0e42a306-ee2d-362e-8bc3-580000096459,1e777c15-dde0-5b79-8a9d-08ea05f5bde2,formula_not_evaluated,ng_combusted_total * comp_frac * comp_re_share
0e42a306-ee2d-362e-8bc3-580000096459,1e777c15-dde0-5b79-8a9d-08ea05f5bde2,formula_not_evaluated,ch4_leakage_active
0e42a306-ee2d-362e-8bc3-580000096459,6d77f96e-54ae-5c2b-944f-12a70226f20a,formula_not_evaluated,ng_flared_total
0e42a306-ee2d-362e-8bc3-580000096459,6d77f96e-54ae-5c2b-944f-12a70226f20a,formula_not_evaluated,ng_combusted_total * comp_frac * comp_re_share
0e42a306-ee2d-362e-8bc3-580000096459,6d77f96e-54ae-5c2b-944f-12a70226f20a,formula_not_evaluated,ch4_leakage_active
0e42a306-ee2d-362e-8bc3-580000096459,a591c53f-ce67-41da-b0c1-65b6d91a1a43,coproduct_allocation_review,2
0e42a306-ee2d-362e-8bc3-580000096459,c245a252-0860-41d2-9789-802bab7984ab,coproduct_allocation_review,2
0e42a306-ee2d-362e-8bc3-580000096459,c245a252-0860-41d2-9789-802bab7984ab,formula_not_evaluated,1.359937463+0.046461804+0.263182311-0.071718049
0e42a306-ee2d-362e-8bc3-580000096459,99898750-1f41-3c25-8ee0-aaae4b6697d0,formula_not_evaluated,0.476*1000
0e42a306-ee2d-362e-8bc3-580000096459,99898750-1f41-3c25-8ee0-aaae4b6697d0,formula_not_evaluated,0.397*10000
0e42a306-ee2d-362e-8bc3-580000096459,3221bb51-ac5f-36b7-a5c4-d81a5c65ccf0,formula_not_evaluated,0.476*1000
0e42a306-ee2d-362e-8bc3-580000096459,3221bb51-ac5f-36b7-a5c4-d81a5c65ccf0,formula_not_evaluated,0.342*10000
0e42a306-ee2d-362e-8bc3-580000096459,d5b0f333-d1b3-3ba1-8111-b036b67589f8,formula_not_evaluated,1.0*10000
0e42a306-ee2d-362e-8bc3-580000096459,d5b0f333-d1b3-3ba1-8111-b036b67589f8,formula_not_evaluated,2.0*10000
0e42a306-ee2d-362e-8bc3-580000096459,24ccf5c5-25f5-35da-bead-5edf4e14cdc1,formula_not_evaluated,1.0*10000
0e42a306-ee2d-362e-8bc3-580000096459,24ccf5c5-25f5-35da-bead-5edf4e14cdc1,formula_not_evaluated,1.0*10000
0e42a306-ee2d-362e-8bc3-580000096459,2813d2f3-6813-34d8-b47b-b464f390bcaf,formula_not_evaluated,1.0*10000
0e42a306-ee2d-362e-8bc3-580000096459,2813d2f3-6813-34d8-b47b-b464f390bcaf,formula_not_evaluated,2.0*10000
0e42a306-ee2d-362e-8bc3-580000096459,515c5359-a186-3394-b849-8676652228db,formula_not_evaluated,1.0*1000
0e42a306-ee2d-362e-8bc3-580000096459,515c5359-a186-3394-b849-8676652228db,formula_not_evaluated,0.056875*44.45
0e42a306-ee2d-362e-8bc3-580000096459,727c4049-41db-3645-a4f9-af66fa92dee0,formula_not_evaluated,9.07*1000
0e42a306-ee2d-362e-8bc3-580000096459,727c4049-41db-3645-a4f9-af66fa92dee0,formula_not_evaluated,9.07*1000
0e42a306-ee2d-362e-8bc3-580000096459,c0138d7e-3eac-3b37-b27a-58c9d5a2d1cf,formula_not_evaluated,1.71*1000
0e42a306-ee2d-362e-8bc3-580000096459,c0138d7e-3eac-3b37-b27a-58c9d5a2d1cf,formula_not_evaluated,0.405*10000
0e42a306-ee2d-362e-8bc3-580000096459,4d4122ba-1573-5c75-803a-7ec4b3946e93,formula_not_evaluated,ng_combusted_total * gen_frac * gen_lgt_share
0e42a306-ee2d-362e-8bc3-580000096459,4d4122ba-1573-5c75-803a-7ec4b3946e93,formula_not_evaluated,ng_flared_total
0e42a306-ee2d-362e-8bc3-580000096459,4d4122ba-1573-5c75-803a-7ec4b3946e93,formula_not_evaluated,ch4_leakage_active
0e42a306-ee2d-362e-8bc3-580000096459,4d4122ba-1573-5c75-803a-7ec4b3946e93,formula_not_evaluated,ng_combusted_total * gen_frac * gen_sib_share
0e42a306-ee2d-362e-8bc3-580000096459,4d4122ba-1573-5c75-803a-7ec4b3946e93,formula_not_evaluated,ng_combusted_total * comp_frac * comp_re_share
0e42a306-ee2d-362e-8bc3-580000096459,eb6f9433-0dae-5a9b-b1b8-35cbdaed3444,formula_not_evaluated,ng_combusted_total * gen_frac * gen_sib_share
0e42a306-ee2d-362e-8bc3-580000096459,eb6f9433-0dae-5a9b-b1b8-35cbdaed3444,formula_not_evaluated,ng_flared_total
0e42a306-ee2d-362e-8bc3-580000096459,eb6f9433-0dae-5a9b-b1b8-35cbdaed3444,formula_not_evaluated,ng_combusted_total * comp_frac * comp_re_share
0e42a306-ee2d-362e-8bc3-580000096459,eb6f9433-0dae-5a9b-b1b8-35cbdaed3444,formula_not_evaluated,ng_combusted_total * gen_frac * gen_lgt_share
0e42a306-ee2d-362e-8bc3-580000096459,eb6f9433-0dae-5a9b-b1b8-35cbdaed3444,formula_not_evaluated,ch4_leakage_active
0e42a306-ee2d-362e-8bc3-580000096459,3d450571-a036-52fb-ab65-131bf8257822,formula_not_evaluated,ng_combusted_total * gen_frac * gen_lgt_share
0e42a306-ee2d-362e-8bc3-580000096459,3d450571-a036-52fb-ab65-131bf8257822,formula_not_evaluated,ng_combusted_total * comp_frac * comp_re_share
0e42a306-ee2d-362e-8bc3-580000096459,3d450571-a036-52fb-ab65-131bf8257822,formula_not_evaluated,ng_flared_total
0e42a306-ee2d-362e-8bc3-580000096459,3d450571-a036-52fb-ab65-131bf8257822,formula_not_evaluated,ch4_leakage_active
0e42a306-ee2d-362e-8bc3-580000096459,3d450571-a036-52fb-ab65-131bf8257822,formula_not_evaluated,ng_combusted_total * gen_frac * gen_sib_share
0e42a306-ee2d-362e-8bc3-580000096459,31dd79aa-94df-31b9-b81f-8b1d436581da,formula_not_evaluated,1000.0
0e42a306-ee2d-362e-8bc3-580000096459,31dd79aa-94df-31b9-b81f-8b1d436581da,formula_not_evaluated,1187.1
0e42a306-ee2d-362e-8bc3-580000096459,31dd79aa-94df-31b9-b81f-8b1d436581da,formula_not_evaluated,1187.1
0e42a306-ee2d-362e-8bc3-580000096459,31dd79aa-94df-31b9-b81f-8b1d436581da,formula_not_evaluated,1187.1
0e42a306-ee2d-362e-8bc3-580000096459,31dd79aa-94df-31b9-b81f-8b1d436581da,formula_not_evaluated,1187.1
0e42a306-ee2d-362e-8bc3-580000096459,ce587724-1be4-3da0-b7a2-988592c28b9a,coproduct_allocation_review,5
0e42a306-ee2d-362e-8bc3-580000096459,cbf4023b-71f7-36b7-8c45-ea43bc2f108c,coproduct_allocation_review,4
0e42a306-ee2d-362e-8bc3-580000096459,1e4fd434-9cd2-402a-8ebf-43891d0dd591,formula_not_evaluated,1.26E-4*3.78541
0e42a306-ee2d-362e-8bc3-580000096459,1e4fd434-9cd2-402a-8ebf-43891d0dd591,formula_not_evaluated,2.0E-4*0.028317
0e42a306-ee2d-362e-8bc3-580000096459,3dbccdda-2014-4239-ad1f-4e15c034942b,formula_not_evaluated,3.46E0+8.84E-03+2.67E0
0e42a306-ee2d-362e-8bc3-580000096459,3dbccdda-2014-4239-ad1f-4e15c034942b,formula_not_evaluated,2.48E-3+4.48E-4
0e42a306-ee2d-362e-8bc3-580000096459,3dbccdda-2014-4239-ad1f-4e15c034942b,formula_not_evaluated,5.3/1000
0e42a306-ee2d-362e-8bc3-580000096459,3dbccdda-2014-4239-ad1f-4e15c034942b,formula_not_evaluated,2.71E-2+5.39E-03
0e42a306-ee2d-362e-8bc3-580000096459,3dbccdda-2014-4239-ad1f-4e15c034942b,formula_not_evaluated,3.08E-3+1.32E-04
0e42a306-ee2d-362e-8bc3-580000096459,3dbccdda-2014-4239-ad1f-4e15c034942b,formula_not_evaluated,2.24E-3+1.48E-4
0e42a306-ee2d-362e-8bc3-580000096459,a3b730ce-d657-383b-b485-e5d082d96424,formula_not_evaluated,1.0*10000
0e42a306-ee2d-362e-8bc3-580000096459,a3b730ce-d657-383b-b485-e5d082d96424,formula_not_evaluated,0.32*10000
0e42a306-ee2d-362e-8bc3-580000096459,55d8bf4f-025a-3927-bb96-235d37ba79fc,formula_not_evaluated,1.0*10000
0e42a306-ee2d-362e-8bc3-580000096459,55d8bf4f-025a-3927-bb96-235d37ba79fc,formula_not_evaluated,1.0*10000
0e42a306-ee2d-362e-8bc3-580000096459,f04300c5-ea44-3525-b6ab-c4b8b27b127e,formula_not_evaluated,9.33E-5*10000
0e42a306-ee2d-362e-8bc3-580000096459,f04300c5-ea44-3525-b6ab-c4b8b27b127e,formula_not_evaluated,9.33E-5*10000
0e42a306-ee2d-362e-8bc3-580000096459,4d09380a-6297-392c-b1bb-74534b4d3d8e,formula_not_evaluated,1.0*10000
0e42a306-ee2d-362e-8bc3-580000096459,4d09380a-6297-392c-b1bb-74534b4d3d8e,formula_not_evaluated,0.315*10000
0e42a306-ee2d-362e-8bc3-580000096459,313bc9b6-6559-5ba9-a2f4-b1796c4ce4d2,formula_not_evaluated,ng_combusted_total * gen_frac * gen_sib_share
0e42a306-ee2d-362e-8bc3-580000096459,313bc9b6-6559-5ba9-a2f4-b1796c4ce4d2,formula_not_evaluated,ng_combusted_total * gen_frac * gen_lgt_share
0e42a306-ee2d-362e-8bc3-580000096459,313bc9b6-6559-5ba9-a2f4-b1796c4ce4d2,formula_not_evaluated,ng_flared_total
0e42a306-ee2d-362e-8bc3-580000096459,313bc9b6-6559-5ba9-a2f4-b1796c4ce4d2,formula_not_evaluated,ng_combusted_total * comp_frac * comp_re_share
0e42a306-ee2d-362e-8bc3-580000096459,313bc9b6-6559-5ba9-a2f4-b1796c4ce4d2,formula_not_evaluated,ch4_leakage_active
0e42a306-ee2d-362e-8bc3-580000096459,32c6492e-98bf-50e0-a267-fffa2a9fd398,formula_not_evaluated,ng_combusted_total * gen_frac * gen_sib_share
0e42a306-ee2d-362e-8bc3-580000096459,32c6492e-98bf-50e0-a267-fffa2a9fd398,formula_not_evaluated,ng_combusted_total * comp_frac * comp_re_share
0e42a306-ee2d-362e-8bc3-580000096459,32c6492e-98bf-50e0-a267-fffa2a9fd398,formula_not_evaluated,ng_combusted_total * gen_frac * gen_lgt_share
0e42a306-ee2d-362e-8bc3-580000096459,32c6492e-98bf-50e0-a267-fffa2a9fd398,formula_not_evaluated,ch4_leakage_active
0e42a306-ee2d-362e-8bc3-580000096459,32c6492e-98bf-50e0-a267-fffa2a9fd398,formula_not_evaluated,ng_flared_total
0e42a306-ee2d-362e-8bc3-580000096459,4c427e2b-01a9-5be8-afa1-dc5d4a537213,formula_not_evaluated,ng_flared_total
0e42a306-ee2d-362e-8bc3-580000096459,4c427e2b-01a9-5be8-afa1-dc5d4a537213,formula_not_evaluated,ch4_leakage_active
0e42a306-ee2d-362e-8bc3-580000096459,9d7c7f3e-7182-3444-9024-8915c71a803b,formula_not_evaluated,1000.0
0e42a306-ee2d-362e-8bc3-580000096459,9d7c7f3e-7182-3444-9024-8915c71a803b,formula_not_evaluated,1000.0
0e42a306-ee2d-362e-8bc3-580000096459,be9d17bb-1253-3a1a-b9dc-09c65751805f,formula_not_evaluated,1000.0
0e42a306-ee2d-362e-8bc3-580000096459,be9d17bb-1253-3a1a-b9dc-09c65751805f,formula_not_evaluated,(0.44153)
0e42a306-ee2d-362e-8bc3-580000096459,bb0f94e7-300d-342e-9d5e-3cc00121f850,formula_not_evaluated,1000.0
0e42a306-ee2d-362e-8bc3-580000096459,bb0f94e7-300d-342e-9d5e-3cc00121f850,formula_not_evaluated,((1.7E-4 + 7.14E-4) / 2)
0e42a306-ee2d-362e-8bc3-580000096459,bb0f94e7-300d-342e-9d5e-3cc00121f850,formula_not_evaluated,1000
0e42a306-ee2d-362e-8bc3-580000096459,bb0f94e7-300d-342e-9d5e-3cc00121f850,formula_not_evaluated,1000.0
0e42a306-ee2d-362e-8bc3-580000096459,bb0f94e7-300d-342e-9d5e-3cc00121f850,formula_not_evaluated,1000
0e42a306-ee2d-362e-8bc3-580000096459,bb0f94e7-300d-342e-9d5e-3cc00121f850,formula_not_evaluated,1000
0e42a306-ee2d-362e-8bc3-580000096459,bb0f94e7-300d-342e-9d5e-3cc00121f850,formula_not_evaluated,0.3424*1000/35.3
0e42a306-ee2d-362e-8bc3-580000096459,bb0f94e7-300d-342e-9d5e-3cc00121f850,formula_not_evaluated,1000
0e42a306-ee2d-362e-8bc3-580000096459,bb0f94e7-300d-342e-9d5e-3cc00121f850,formula_not_evaluated,nahypo 
0e42a306-ee2d-362e-8bc3-580000096459,bb0f94e7-300d-342e-9d5e-3cc00121f850,formula_not_evaluated,1000
0e42a306-ee2d-362e-8bc3-580000096459,a6d58af5-1d23-3200-8de2-2e23582f1551,formula_not_evaluated,1000.0
0e42a306-ee2d-362e-8bc3-580000096459,a6d58af5-1d23-3200-8de2-2e23582f1551,formula_not_evaluated,(chlorineinput)
0e42a306-ee2d-362e-8bc3-580000096459,a6d58af5-1d23-3200-8de2-2e23582f1551,formula_not_evaluated,1000
0e42a306-ee2d-362e-8bc3-580000096459,a6d58af5-1d23-3200-8de2-2e23582f1551,formula_not_evaluated,((0.00136 + 0.002737) / 2)
0e42a306-ee2d-362e-8bc3-580000096459,a6d58af5-1d23-3200-8de2-2e23582f1551,formula_not_evaluated,1.609344 * (((0.00792 + 0.015939) / 2))
0e42a306-ee2d-362e-8bc3-580000096459,4eb5b312-c3dd-3720-b8b6-814953d7c937,formula_not_evaluated,1000.0
0e42a306-ee2d-362e-8bc3-580000096459,4eb5b312-c3dd-3720-b8b6-814953d7c937,formula_not_evaluated,1000
0e42a306-ee2d-362e-8bc3-580000096459,a0bada1b-1891-46af-81af-90d0664bee40,formula_not_evaluated,5.38*10E-4
0e42a306-ee2d-362e-8bc3-580000096459,a0bada1b-1891-46af-81af-90d0664bee40,formula_not_evaluated,4.17*10E-7
0e42a306-ee2d-362e-8bc3-580000096459,4a42fda8-640a-3152-9741-f64c558be34d,coproduct_allocation_review,1
0e42a306-ee2d-362e-8bc3-580000096459,d85c6177-4580-35f0-afd6-52125ababf10,coproduct_allocation_review,1
0e42a306-ee2d-362e-8bc3-580000096459,53bb995e-2b64-4464-87f4-a3b79dcd1c32,formula_not_evaluated,0.104371585+3.92E-02
0e42a306-ee2d-362e-8bc3-580000096459,53bb995e-2b64-4464-87f4-a3b79dcd1c32,formula_not_evaluated,4.73E0+6.42E-02
0e42a306-ee2d-362e-8bc3-580000096459,53bb995e-2b64-4464-87f4-a3b79dcd1c32,formula_not_evaluated,4.91E-7+5.26E-4
0e42a306-ee2d-362e-8bc3-580000096459,53bb995e-2b64-4464-87f4-a3b79dcd1c32,formula_not_evaluated,1.91E0/1000
0e42a306-ee2d-362e-8bc3-580000096459,53bb995e-2b64-4464-87f4-a3b79dcd1c32,formula_not_evaluated,5.06E-01+1.48E-02
0e42a306-ee2d-362e-8bc3-580000096459,14b0912f-fb6d-321d-8f42-0ea35918689f,formula_not_evaluated,1.0*10000
0e42a306-ee2d-362e-8bc3-580000096459,9c36427d-76de-314c-bfca-4d714b71c9a5,formula_not_evaluated,1.0*10000
0e42a306-ee2d-362e-8bc3-580000096459,9c36427d-76de-314c-bfca-4d714b71c9a5,formula_not_evaluated,1.0*10000
0e42a306-ee2d-362e-8bc3-580000096459,9c36427d-76de-314c-bfca-4d714b71c9a5,formula_not_evaluated,0.333*10000
0e42a306-ee2d-362e-8bc3-580000096459,9c36427d-76de-314c-bfca-4d714b71c9a5,formula_not_evaluated,0.333*10000
0e42a306-ee2d-362e-8bc3-580000096459,9c36427d-76de-314c-bfca-4d714b71c9a5,formula_not_evaluated,1.0*10000
0e42a306-ee2d-362e-8bc3-580000096459,9c36427d-76de-314c-bfca-4d714b71c9a5,formula_not_evaluated,0.1*10000
0e42a306-ee2d-362e-8bc3-580000096459,9c36427d-76de-314c-bfca-4d714b71c9a5,formula_not_evaluated,0.1*10000
0e42a306-ee2d-362e-8bc3-580000096459,9c36427d-76de-314c-bfca-4d714b71c9a5,formula_not_evaluated,0.333*10000
0e42a306-ee2d-362e-8bc3-580000096459,9c36427d-76de-314c-bfca-4d714b71c9a5,formula_not_evaluated,10.0*10000
0e42a306-ee2d-362e-8bc3-580000096459,238589f8-deaf-3218-84e9-703a9bd7f3e1,formula_not_evaluated,1.0*10000
0e42a306-ee2d-362e-8bc3-580000096459,6bf03929-c98a-32e8-b816-17c4908a069d,formula_not_evaluated,1000.0
0e42a306-ee2d-362e-8bc3-580000096459,6bf03929-c98a-32e8-b816-17c4908a069d,formula_not_evaluated,1000.0
0e42a306-ee2d-362e-8bc3-580000096459,6bf03929-c98a-32e8-b816-17c4908a069d,formula_not_evaluated,1000
0e42a306-ee2d-362e-8bc3-580000096459,6bf03929-c98a-32e8-b816-17c4908a069d,formula_not_evaluated,((1.7E-4 + 7.14E-4) / 2)
0e42a306-ee2d-362e-8bc3-580000096459,6bf03929-c98a-32e8-b816-17c4908a069d,formula_not_evaluated,((0.617 + 2.163) / 2)
0e42a306-ee2d-362e-8bc3-580000096459,6bf03929-c98a-32e8-b816-17c4908a069d,formula_not_evaluated,(0.082 + 0.173) / 2
0e42a306-ee2d-362e-8bc3-580000096459,6bf03929-c98a-32e8-b816-17c4908a069d,formula_not_evaluated,((0.004319 + 0.015141) / 2)
0e42a306-ee2d-362e-8bc3-580000096459,6bf03929-c98a-32e8-b816-17c4908a069d,formula_not_evaluated,((0.001394 + 0.002941) / 2)
0e42a306-ee2d-362e-8bc3-580000096459,0577d79b-9d3d-334f-a390-84d70c142d53,formula_not_evaluated,1.0
0e42a306-ee2d-362e-8bc3-580000096459,0577d79b-9d3d-334f-a390-84d70c142d53,formula_not_evaluated,0.0020923
0e42a306-ee2d-362e-8bc3-580000096459,f035c561-be3b-3958-adf6-a5d04ac8754a,formula_not_evaluated,1000.0
0e42a306-ee2d-362e-8bc3-580000096459,f035c561-be3b-3958-adf6-a5d04ac8754a,formula_not_evaluated,((0.001425 + 0.0025575) / 2)
0e42a306-ee2d-362e-8bc3-580000096459,f035c561-be3b-3958-adf6-a5d04ac8754a,formula_not_evaluated,((0.19 + 0.341) / 2)
0e42a306-ee2d-362e-8bc3-580000096459,f035c561-be3b-3958-adf6-a5d04ac8754a,formula_not_evaluated,1.609344 * (((0.08835 + 0.15856) / 2))
0e42a306-ee2d-362e-8bc3-580000096459,f035c561-be3b-3958-adf6-a5d04ac8754a,formula_not_evaluated,1000
0e42a306-ee2d-362e-8bc3-580000096459,89b282f3-cbda-3c5e-9521-61607e44d326,formula_not_evaluated,1.0
0e42a306-ee2d-362e-8bc3-580000096459,89b282f3-cbda-3c5e-9521-61607e44d326,formula_not_evaluated,7.0895E-6
0e42a306-ee2d-362e-8bc3-580000096459,89b282f3-cbda-3c5e-9521-61607e44d326,formula_not_evaluated,4.0554E-5
0e42a306-ee2d-362e-8bc3-580000096459,89b282f3-cbda-3c5e-9521-61607e44d326,formula_not_evaluated,3.9247E-5
0e42a306-ee2d-362e-8bc3-580000096459,89b282f3-cbda-3c5e-9521-61607e44d326,formula_not_evaluated,8.7889E-6
0e42a306-ee2d-362e-8bc3-580000096459,89b282f3-cbda-3c5e-9521-61607e44d326,formula_not_evaluated,2.3834E-6
0e42a306-ee2d-362e-8bc3-580000096459,68ca1e82-093d-3fa3-abe4-f7054f3a2a92,formula_not_evaluated,1.0
0e42a306-ee2d-362e-8bc3-580000096459,68ca1e82-093d-3fa3-abe4-f7054f3a2a92,formula_not_evaluated,3.2044E-8
0e42a306-ee2d-362e-8bc3-580000096459,68ca1e82-093d-3fa3-abe4-f7054f3a2a92,formula_not_evaluated,2.8795E-5
0e42a306-ee2d-362e-8bc3-580000096459,68ca1e82-093d-3fa3-abe4-f7054f3a2a92,formula_not_evaluated,6.4489E-5
0e42a306-ee2d-362e-8bc3-580000096459,6017be4d-8df3-31bf-9597-756852c8f18d,formula_not_evaluated,1.0
0e42a306-ee2d-362e-8bc3-580000096459,6017be4d-8df3-31bf-9597-756852c8f18d,formula_not_evaluated,5.4109E-5
0e42a306-ee2d-362e-8bc3-580000096459,6017be4d-8df3-31bf-9597-756852c8f18d,formula_not_evaluated,6.8249E-6
0e42a306-ee2d-362e-8bc3-580000096459,6017be4d-8df3-31bf-9597-756852c8f18d,formula_not_evaluated,8.769E-6
0e42a306-ee2d-362e-8bc3-580000096459,6017be4d-8df3-31bf-9597-756852c8f18d,formula_not_evaluated,7.6677E-6
0e42a306-ee2d-362e-8bc3-580000096459,6017be4d-8df3-31bf-9597-756852c8f18d,formula_not_evaluated,6.7006E-6
0e42a306-ee2d-362e-8bc3-580000096459,6017be4d-8df3-31bf-9597-756852c8f18d,formula_not_evaluated,1.2666E-4
0e42a306-ee2d-362e-8bc3-580000096459,6017be4d-8df3-31bf-9597-756852c8f18d,formula_not_evaluated,7.9314E-6
0e42a306-ee2d-362e-8bc3-580000096459,6017be4d-8df3-31bf-9597-756852c8f18d,formula_not_evaluated,1.5639E-4
0e42a306-ee2d-362e-8bc3-580000096459,6017be4d-8df3-31bf-9597-756852c8f18d,formula_not_evaluated,1.365E-5
0e42a306-ee2d-362e-8bc3-580000096459,6017be4d-8df3-31bf-9597-756852c8f18d,formula_not_evaluated,6.4922E-6
0e42a306-ee2d-362e-8bc3-580000096459,6017be4d-8df3-31bf-9597-756852c8f18d,formula_not_evaluated,7.1023E-6
0e42a306-ee2d-362e-8bc3-580000096459,6017be4d-8df3-31bf-9597-756852c8f18d,formula_not_evaluated,7.24E-04
0e42a306-ee2d-362e-8bc3-580000096459,6017be4d-8df3-31bf-9597-756852c8f18d,formula_not_evaluated,4.9742E-6
0e42a306-ee2d-362e-8bc3-580000096459,6017be4d-8df3-31bf-9597-756852c8f18d,formula_not_evaluated,3.034E-6
0e42a306-ee2d-362e-8bc3-580000096459,c4a05231-fcf5-38cd-ae11-3f0edfd40d82,formula_not_evaluated,1.0
0e42a306-ee2d-362e-8bc3-580000096459,c4a05231-fcf5-38cd-ae11-3f0edfd40d82,formula_not_evaluated,5.9849E-5
0e42a306-ee2d-362e-8bc3-580000096459,c4a05231-fcf5-38cd-ae11-3f0edfd40d82,formula_not_evaluated,4.4754E-6
0e42a306-ee2d-362e-8bc3-580000096459,403216d9-b675-389c-8c3b-e144201bb6e9,formula_not_evaluated,1.0
0e42a306-ee2d-362e-8bc3-580000096459,403216d9-b675-389c-8c3b-e144201bb6e9,formula_not_evaluated,4.7521E-8
0e42a306-ee2d-362e-8bc3-580000096459,403216d9-b675-389c-8c3b-e144201bb6e9,formula_not_evaluated,5.473E-9
0e42a306-ee2d-362e-8bc3-580000096459,403216d9-b675-389c-8c3b-e144201bb6e9,formula_not_evaluated,2.6401E-7
0e42a306-ee2d-362e-8bc3-580000096459,403216d9-b675-389c-8c3b-e144201bb6e9,formula_not_evaluated,4.0724E-6
0e42a306-ee2d-362e-8bc3-580000096459,fd7881e1-12fb-3888-b731-db05f8b0dde0,formula_not_evaluated,1.0
0e42a306-ee2d-362e-8bc3-580000096459,fd7881e1-12fb-3888-b731-db05f8b0dde0,formula_not_evaluated,9.7686E-8
0e42a306-ee2d-362e-8bc3-580000096459,fd7881e1-12fb-3888-b731-db05f8b0dde0,formula_not_evaluated,5.1175E-5
0e42a306-ee2d-362e-8bc3-580000096459,fd7881e1-12fb-3888-b731-db05f8b0dde0,formula_not_evaluated,1.0373E-10
0e42a306-ee2d-362e-8bc3-580000096459,fd7881e1-12fb-3888-b731-db05f8b0dde0,formula_not_evaluated,0.0048648
0e42a306-ee2d-362e-8bc3-580000096459,fd7881e1-12fb-3888-b731-db05f8b0dde0,formula_not_evaluated,1.7289E-10
0e42a306-ee2d-362e-8bc3-580000096459,fd7881e1-12fb-3888-b731-db05f8b0dde0,formula_not_evaluated,3.0833E-9
0e42a306-ee2d-362e-8bc3-580000096459,fd7881e1-12fb-3888-b731-db05f8b0dde0,formula_not_evaluated,5.9717E-7
0e42a306-ee2d-362e-8bc3-580000096459,fd7881e1-12fb-3888-b731-db05f8b0dde0,formula_not_evaluated,1.85E-9
0e42a306-ee2d-362e-8bc3-580000096459,fd7881e1-12fb-3888-b731-db05f8b0dde0,formula_not_evaluated,2.4204E-10
0e42a306-ee2d-362e-8bc3-580000096459,fd7881e1-12fb-3888-b731-db05f8b0dde0,formula_not_evaluated,4.3166E-9
0e42a306-ee2d-362e-8bc3-580000096459,fd7881e1-12fb-3888-b731-db05f8b0dde0,formula_not_evaluated,3.3886E-9
0e42a306-ee2d-362e-8bc3-580000096459,fd7881e1-12fb-3888-b731-db05f8b0dde0,formula_not_evaluated,6.8776E-8
0e42a306-ee2d-362e-8bc3-580000096459,fd7881e1-12fb-3888-b731-db05f8b0dde0,formula_not_evaluated,2.981E-5
0e42a306-ee2d-362e-8bc3-580000096459,fd7881e1-12fb-3888-b731-db05f8b0dde0,formula_not_evaluated,0.0018743
0e42a306-ee2d-362e-8bc3-580000096459,1bf86847-c8d5-49d6-b223-ac39940a53f9,coproduct_allocation_review,1
0e42a306-ee2d-362e-8bc3-580000096459,6baa9816-6151-3af1-b230-d28bebfb5227,coproduct_allocation_review,1
0e42a306-ee2d-362e-8bc3-580000096459,a941c19b-ed3f-34a9-a91b-ee31e2d6ac18,formula_not_evaluated,1.0*10000
0e42a306-ee2d-362e-8bc3-580000096459,a941c19b-ed3f-34a9-a91b-ee31e2d6ac18,formula_not_evaluated,1.0*10000
0e42a306-ee2d-362e-8bc3-580000096459,fef4bce7-747e-30a8-adea-c11de716b08b,formula_not_evaluated,1.0*10000
0e42a306-ee2d-362e-8bc3-580000096459,fef4bce7-747e-30a8-adea-c11de716b08b,formula_not_evaluated,2.0*10000
0e42a306-ee2d-362e-8bc3-580000096459,a40d4e00-67c2-3f4c-8c2b-1c67a28e6c5c,formula_not_evaluated,1.0*10000
0e42a306-ee2d-362e-8bc3-580000096459,a40d4e00-67c2-3f4c-8c2b-1c67a28e6c5c,formula_not_evaluated,1.0*10000
0e42a306-ee2d-362e-8bc3-580000096459,c47e2008-cd77-39e4-90d8-eba2cf6d2d44,formula_not_evaluated,1000.0
0e42a306-ee2d-362e-8bc3-580000096459,c47e2008-cd77-39e4-90d8-eba2cf6d2d44,formula_not_evaluated,0.156
0e42a306-ee2d-362e-8bc3-580000096459,c47e2008-cd77-39e4-90d8-eba2cf6d2d44,formula_not_evaluated,(0.010608)
0e42a306-ee2d-362e-8bc3-580000096459,c47e2008-cd77-39e4-90d8-eba2cf6d2d44,formula_not_evaluated,1000
0e42a306-ee2d-362e-8bc3-580000096459,c47e2008-cd77-39e4-90d8-eba2cf6d2d44,formula_not_evaluated,1000.0
0e42a306-ee2d-362e-8bc3-580000096459,dccfe8ef-0d12-387f-bdf8-e8d54bc289ef,formula_not_evaluated,1.0
0e42a306-ee2d-362e-8bc3-580000096459,dccfe8ef-0d12-387f-bdf8-e8d54bc289ef,formula_not_evaluated,6.3631E-5
0e42a306-ee2d-362e-8bc3-580000096459,dccfe8ef-0d12-387f-bdf8-e8d54bc289ef,formula_not_evaluated,4.9333E-9
0e42a306-ee2d-362e-8bc3-580000096459,dccfe8ef-0d12-387f-bdf8-e8d54bc289ef,formula_not_evaluated,2.7662E-10
0e42a306-ee2d-362e-8bc3-580000096459,dccfe8ef-0d12-387f-bdf8-e8d54bc289ef,formula_not_evaluated,7.4252E-7
0e42a306-ee2d-362e-8bc3-580000096459,dccfe8ef-0d12-387f-bdf8-e8d54bc289ef,formula_not_evaluated,8.5516E-8
0e42a306-ee2d-362e-8bc3-580000096459,dccfe8ef-0d12-387f-bdf8-e8d54bc289ef,formula_not_evaluated,4.1457E-6
0e42a306-ee2d-362e-8bc3-580000096459,8a563fa5-f6ee-3523-9fe0-3e6fbf5ff258,formula_not_evaluated,1.0
0e42a306-ee2d-362e-8bc3-580000096459,8a563fa5-f6ee-3523-9fe0-3e6fbf5ff258,formula_not_evaluated,6.4705E-7
0e42a306-ee2d-362e-8bc3-580000096459,8a563fa5-f6ee-3523-9fe0-3e6fbf5ff258,formula_not_evaluated,1.2395E-5
0e42a306-ee2d-362e-8bc3-580000096459,8a563fa5-f6ee-3523-9fe0-3e6fbf5ff258,formula_not_evaluated,2.4666E-8
0e42a306-ee2d-362e-8bc3-580000096459,8a563fa5-f6ee-3523-9fe0-3e6fbf5ff258,formula_not_evaluated,1.3831E-9
0e42a306-ee2d-362e-8bc3-580000096459,e4d7b23f-d913-32ba-838d-b222d01b20ce,formula_not_evaluated,1.0
0e42a306-ee2d-362e-8bc3-580000096459,e4d7b23f-d913-32ba-838d-b222d01b20ce,formula_not_evaluated,2.57
0e42a306-ee2d-362e-8bc3-580000096459,e4d7b23f-d913-32ba-838d-b222d01b20ce,formula_not_evaluated,33.83
0e42a306-ee2d-362e-8bc3-580000096459,e4d7b23f-d913-32ba-838d-b222d01b20ce,formula_not_evaluated,36.4
0e42a306-ee2d-362e-8bc3-580000096459,b6838fda-8ab5-3d0b-9ce2-08d2346a07c5,formula_not_evaluated,1.0
0e42a306-ee2d-362e-8bc3-580000096459,b6838fda-8ab5-3d0b-9ce2-08d2346a07c5,formula_not_evaluated,26.25
0e42a306-ee2d-362e-8bc3-580000096459,b6838fda-8ab5-3d0b-9ce2-08d2346a07c5,formula_not_evaluated,28.4
0e42a306-ee2d-362e-8bc3-580000096459,b6838fda-8ab5-3d0b-9ce2-08d2346a07c5,formula_not_evaluated,2.15
0e42a306-ee2d-362e-8bc3-580000096459,75c2d103-d0c7-36ed-80c6-36c2a16f77fa,formula_not_evaluated,1.0
0e42a306-ee2d-362e-8bc3-580000096459,75c2d103-d0c7-36ed-80c6-36c2a16f77fa,formula_not_evaluated,31.0
0e42a306-ee2d-362e-8bc3-580000096459,d8e8d817-3d15-3d2b-8dd8-3f5b733cd2ad,formula_not_evaluated,1.0
0e42a306-ee2d-362e-8bc3-580000096459,d8e8d817-3d15-3d2b-8dd8-3f5b733cd2ad,formula_not_evaluated,15.31
0e42a306-ee2d-362e-8bc3-580000096459,d8e8d817-3d15-3d2b-8dd8-3f5b733cd2ad,formula_not_evaluated,149.2
0e42a306-ee2d-362e-8bc3-580000096459,d8e8d817-3d15-3d2b-8dd8-3f5b733cd2ad,formula_not_evaluated,133.9
0e42a306-ee2d-362e-8bc3-580000096459,e919c83f-525b-3058-ae29-a85362b1b20e,formula_not_evaluated,1.0
0e42a306-ee2d-362e-8bc3-580000096459,e919c83f-525b-3058-ae29-a85362b1b20e,formula_not_evaluated,133.9
0e42a306-ee2d-362e-8bc3-580000096459,e919c83f-525b-3058-ae29-a85362b1b20e,formula_not_evaluated,15.31
0e42a306-ee2d-362e-8bc3-580000096459,e919c83f-525b-3058-ae29-a85362b1b20e,formula_not_evaluated,149.2
0e42a306-ee2d-362e-8bc3-580000096459,5e71644e-6793-3cf3-bfcb-50eb45aa4620,formula_not_evaluated,1.0
0e42a306-ee2d-362e-8bc3-580000096459,5e71644e-6793-3cf3-bfcb-50eb45aa4620,formula_not_evaluated,1.3
0e42a306-ee2d-362e-8bc3-580000096459,5e71644e-6793-3cf3-bfcb-50eb45aa4620,formula_not_evaluated,16.7
0e42a306-ee2d-362e-8bc3-580000096459,5e71644e-6793-3cf3-bfcb-50eb45aa4620,formula_not_evaluated,13.2
0e42a306-ee2d-362e-8bc3-580000096459,0b27a86d-d4f0-374d-879b-1a1d608d45f3,formula_not_evaluated,1.0
0e42a306-ee2d-362e-8bc3-580000096459,0b27a86d-d4f0-374d-879b-1a1d608d45f3,formula_not_evaluated,77.92
0e42a306-ee2d-362e-8bc3-580000096459,0b27a86d-d4f0-374d-879b-1a1d608d45f3,formula_not_evaluated,85.6
0e42a306-ee2d-362e-8bc3-580000096459,0b27a86d-d4f0-374d-879b-1a1d608d45f3,formula_not_evaluated,7.68
0e42a306-ee2d-362e-8bc3-580000096459,59fb955e-b52d-3905-8458-82b162d53f28,formula_not_evaluated,1.0
0e42a306-ee2d-362e-8bc3-580000096459,59fb955e-b52d-3905-8458-82b162d53f28,formula_not_evaluated,20.36
0e42a306-ee2d-362e-8bc3-580000096459,59fb955e-b52d-3905-8458-82b162d53f28,formula_not_evaluated,1.74
0e42a306-ee2d-362e-8bc3-580000096459,59fb955e-b52d-3905-8458-82b162d53f28,formula_not_evaluated,22.1
0e42a306-ee2d-362e-8bc3-580000096459,94dc458b-76a8-3589-9557-221c7499e7de,formula_not_evaluated,1.0
0e42a306-ee2d-362e-8bc3-580000096459,94dc458b-76a8-3589-9557-221c7499e7de,formula_not_evaluated,65.1
0e42a306-ee2d-362e-8bc3-580000096459,94dc458b-76a8-3589-9557-221c7499e7de,formula_not_evaluated,6.4
0e42a306-ee2d-362e-8bc3-580000096459,94dc458b-76a8-3589-9557-221c7499e7de,formula_not_evaluated,71.5
0e42a306-ee2d-362e-8bc3-580000096459,133b6dfd-8bfe-3b6a-9d67-1ea4796bdecb,formula_not_evaluated,1.0
0e42a306-ee2d-362e-8bc3-580000096459,133b6dfd-8bfe-3b6a-9d67-1ea4796bdecb,formula_not_evaluated,47.37
0e42a306-ee2d-362e-8bc3-580000096459,133b6dfd-8bfe-3b6a-9d67-1ea4796bdecb,formula_not_evaluated,5.13
0e42a306-ee2d-362e-8bc3-580000096459,133b6dfd-8bfe-3b6a-9d67-1ea4796bdecb,formula_not_evaluated,52.5
0e42a306-ee2d-362e-8bc3-580000096459,c3aa19a5-68de-30df-8e6a-150e62f4e25f,formula_not_evaluated,1.0
0e42a306-ee2d-362e-8bc3-580000096459,c3aa19a5-68de-30df-8e6a-150e62f4e25f,formula_not_evaluated,20.0
0e42a306-ee2d-362e-8bc3-580000096459,ba17bfb9-b3b1-391f-8635-b9987fb6cabd,formula_not_evaluated,1.0
0e42a306-ee2d-362e-8bc3-580000096459,ba17bfb9-b3b1-391f-8635-b9987fb6cabd,formula_not_evaluated,168.6
0e42a306-ee2d-362e-8bc3-580000096459,ba17bfb9-b3b1-391f-8635-b9987fb6cabd,formula_not_evaluated,205.63
0e42a306-ee2d-362e-8bc3-580000096459,ba17bfb9-b3b1-391f-8635-b9987fb6cabd,formula_not_evaluated,18.663
0e42a306-ee2d-362e-8bc3-580000096459,43ad0362-1490-36bd-a23b-65a6bd1c82fd,formula_not_evaluated,1.0
0e42a306-ee2d-362e-8bc3-580000096459,43ad0362-1490-36bd-a23b-65a6bd1c82fd,formula_not_evaluated,79.0
0e42a306-ee2d-362e-8bc3-580000096459,49f5324b-fc33-36e9-b5af-3c80d73492bd,formula_not_evaluated,0.0927260138915408/1000
0e42a306-ee2d-362e-8bc3-580000096459,49f5324b-fc33-36e9-b5af-3c80d73492bd,formula_not_evaluated,0.568944794563613/1000
0e42a306-ee2d-362e-8bc3-580000096459,49f5324b-fc33-36e9-b5af-3c80d73492bd,formula_not_evaluated,8.66683145189528E-4/1000
0e42a306-ee2d-362e-8bc3-580000096459,49f5324b-fc33-36e9-b5af-3c80d73492bd,formula_not_evaluated,0.0637801850804929/1000
0e42a306-ee2d-362e-8bc3-580000096459,49f5324b-fc33-36e9-b5af-3c80d73492bd,formula_not_evaluated,8117.09607745942/1000
0e42a306-ee2d-362e-8bc3-580000096459,49f5324b-fc33-36e9-b5af-3c80d73492bd,formula_not_evaluated,84.1642798893327/1000
0e42a306-ee2d-362e-8bc3-580000096459,49f5324b-fc33-36e9-b5af-3c80d73492bd,formula_not_evaluated,73.6180688995816/1000
0e42a306-ee2d-362e-8bc3-580000096459,49f5324b-fc33-36e9-b5af-3c80d73492bd,formula_not_evaluated,5.29614097612442E-10/1000
0e42a306-ee2d-362e-8bc3-580000096459,49f5324b-fc33-36e9-b5af-3c80d73492bd,formula_not_evaluated,0.0152584922830993/1000
0e42a306-ee2d-362e-8bc3-580000096459,49f5324b-fc33-36e9-b5af-3c80d73492bd,formula_not_evaluated,0.0638081319607587/1000
0e42a306-ee2d-362e-8bc3-580000096459,49f5324b-fc33-36e9-b5af-3c80d73492bd,formula_not_evaluated,0.357173332085199/1000
0e42a306-ee2d-362e-8bc3-580000096459,49f5324b-fc33-36e9-b5af-3c80d73492bd,formula_not_evaluated,0.00164459502378888/1000
0e42a306-ee2d-362e-8bc3-580000096459,49f5324b-fc33-36e9-b5af-3c80d73492bd,formula_not_evaluated,0.00124092169545173/1000
0e42a306-ee2d-362e-8bc3-580000096459,49f5324b-fc33-36e9-b5af-3c80d73492bd,formula_not_evaluated,0.00269288610455168/1000
0e42a306-ee2d-362e-8bc3-580000096459,49f5324b-fc33-36e9-b5af-3c80d73492bd,formula_not_evaluated,0.0181410008094303/1000
0e42a306-ee2d-362e-8bc3-580000096459,49f5324b-fc33-36e9-b5af-3c80d73492bd,formula_not_evaluated,0.0126432176569692/1000
0e42a306-ee2d-362e-8bc3-580000096459,49f5324b-fc33-36e9-b5af-3c80d73492bd,formula_not_evaluated,4.25933851912192E-24/1000
0e42a306-ee2d-362e-8bc3-580000096459,49f5324b-fc33-36e9-b5af-3c80d73492bd,formula_not_evaluated,348.498687972212/1000
0e42a306-ee2d-362e-8bc3-580000096459,49f5324b-fc33-36e9-b5af-3c80d73492bd,formula_not_evaluated,0.0756119786458802/1000
0e42a306-ee2d-362e-8bc3-580000096459,49f5324b-fc33-36e9-b5af-3c80d73492bd,formula_not_evaluated,0.00207942946898787/1000
0e42a306-ee2d-362e-8bc3-580000096459,49f5324b-fc33-36e9-b5af-3c80d73492bd,formula_not_evaluated,1.80793551417205E-6/1000
0e42a306-ee2d-362e-8bc3-580000096459,49f5324b-fc33-36e9-b5af-3c80d73492bd,formula_not_evaluated,0.169103036161963/1000
0e42a306-ee2d-362e-8bc3-580000096459,49f5324b-fc33-36e9-b5af-3c80d73492bd,formula_not_evaluated,519.46407736732/1000
0e42a306-ee2d-362e-8bc3-580000096459,49f5324b-fc33-36e9-b5af-3c80d73492bd,formula_not_evaluated,7.01130058632015E-4/1000
0e42a306-ee2d-362e-8bc3-580000096459,49f5324b-fc33-36e9-b5af-3c80d73492bd,formula_not_evaluated,0.0286052799488928/1000
0e42a306-ee2d-362e-8bc3-580000096459,49f5324b-fc33-36e9-b5af-3c80d73492bd,formula_not_evaluated,0.00844829773348675/1000
0e42a306-ee2d-362e-8bc3-580000096459,49f5324b-fc33-36e9-b5af-3c80d73492bd,formula_not_evaluated,97.905772317125/1000
0e42a306-ee2d-362e-8bc3-580000096459,49f5324b-fc33-36e9-b5af-3c80d73492bd,formula_not_evaluated,0.0842233118381372/1000
0e42a306-ee2d-362e-8bc3-580000096459,49f5324b-fc33-36e9-b5af-3c80d73492bd,formula_not_evaluated,0.298965788858356/1000
0e42a306-ee2d-362e-8bc3-580000096459,49f5324b-fc33-36e9-b5af-3c80d73492bd,formula_not_evaluated,0.00168312835058402/1000
0e42a306-ee2d-362e-8bc3-580000096459,49f5324b-fc33-36e9-b5af-3c80d73492bd,formula_not_evaluated,0.00844829679519649/1000
0e42a306-ee2d-362e-8bc3-580000096459,49f5324b-fc33-36e9-b5af-3c80d73492bd,formula_not_evaluated,1.05254786994268/1000
0e42a306-ee2d-362e-8bc3-580000096459,49f5324b-fc33-36e9-b5af-3c80d73492bd,formula_not_evaluated,0.184907058233175/1000
0e42a306-ee2d-362e-8bc3-580000096459,49f5324b-fc33-36e9-b5af-3c80d73492bd,formula_not_evaluated,1382.851931231/1000
0e42a306-ee2d-362e-8bc3-580000096459,49f5324b-fc33-36e9-b5af-3c80d73492bd,formula_not_evaluated,106.320301923714/1000
0e42a306-ee2d-362e-8bc3-580000096459,49f5324b-fc33-36e9-b5af-3c80d73492bd,formula_not_evaluated,46416.8296288208/1000
0e42a306-ee2d-362e-8bc3-580000096459,49f5324b-fc33-36e9-b5af-3c80d73492bd,formula_not_evaluated,0.0887732775797303/1000
0e42a306-ee2d-362e-8bc3-580000096459,49f5324b-fc33-36e9-b5af-3c80d73492bd,formula_not_evaluated,139.698243847034/1000
0e42a306-ee2d-362e-8bc3-580000096459,49f5324b-fc33-36e9-b5af-3c80d73492bd,formula_not_evaluated,0.67641585540903/1000
0e42a306-ee2d-362e-8bc3-580000096459,49f5324b-fc33-36e9-b5af-3c80d73492bd,formula_not_evaluated,0.00376183985177636/1000
0e42a306-ee2d-362e-8bc3-580000096459,49f5324b-fc33-36e9-b5af-3c80d73492bd,formula_not_evaluated,0.0603838528519003/1000
0e42a306-ee2d-362e-8bc3-580000096459,49f5324b-fc33-36e9-b5af-3c80d73492bd,formula_not_evaluated,0.0181406290843713/1000
0e42a306-ee2d-362e-8bc3-580000096459,49f5324b-fc33-36e9-b5af-3c80d73492bd,formula_not_evaluated,570.423231545287/1000
0e42a306-ee2d-362e-8bc3-580000096459,49f5324b-fc33-36e9-b5af-3c80d73492bd,formula_not_evaluated,155.143456906054/1000
0e42a306-ee2d-362e-8bc3-580000096459,49f5324b-fc33-36e9-b5af-3c80d73492bd,formula_not_evaluated,0.00107839274491182/1000
0e42a306-ee2d-362e-8bc3-580000096459,49f5324b-fc33-36e9-b5af-3c80d73492bd,formula_not_evaluated,0.0202291482511507/1000
0e42a306-ee2d-362e-8bc3-580000096459,49f5324b-fc33-36e9-b5af-3c80d73492bd,formula_not_evaluated,0.179435448497907/1000
0e42a306-ee2d-362e-8bc3-580000096459,49f5324b-fc33-36e9-b5af-3c80d73492bd,formula_not_evaluated,0.771849320157163/1000
0e42a306-ee2d-362e-8bc3-580000096459,49f5324b-fc33-36e9-b5af-3c80d73492bd,formula_not_evaluated,1.9243019059219E-6/1000
0e42a306-ee2d-362e-8bc3-580000096459,49f5324b-fc33-36e9-b5af-3c80d73492bd,formula_not_evaluated,0.161142650491835/1000
0e42a306-ee2d-362e-8bc3-580000096459,49f5324b-fc33-36e9-b5af-3c80d73492bd,formula_not_evaluated,4.88701127894634E-12/1000
0e42a306-ee2d-362e-8bc3-580000096459,49f5324b-fc33-36e9-b5af-3c80d73492bd,formula_not_evaluated,4.57088006642848E-14/1000
0e42a306-ee2d-362e-8bc3-580000096459,49f5324b-fc33-36e9-b5af-3c80d73492bd,formula_not_evaluated,1.14271774391688E-14/1000
0e42a306-ee2d-362e-8bc3-580000096459,49f5324b-fc33-36e9-b5af-3c80d73492bd,formula_not_evaluated,3.25712369391409E-8/1000
0e42a306-ee2d-362e-8bc3-580000096459,49f5324b-fc33-36e9-b5af-3c80d73492bd,formula_not_evaluated,0.00214109376872357/1000
0e42a306-ee2d-362e-8bc3-580000096459,49f5324b-fc33-36e9-b5af-3c80d73492bd,formula_not_evaluated,0.0120937527229142/1000
0e42a306-ee2d-362e-8bc3-580000096459,49f5324b-fc33-36e9-b5af-3c80d73492bd,formula_not_evaluated,1437.44407588897/1000
0e42a306-ee2d-362e-8bc3-580000096459,49f5324b-fc33-36e9-b5af-3c80d73492bd,formula_not_evaluated,0.0657803470602252/1000
0e42a306-ee2d-362e-8bc3-580000096459,49f5324b-fc33-36e9-b5af-3c80d73492bd,formula_not_evaluated,0.00493396909531221/1000
0e42a306-ee2d-362e-8bc3-580000096459,49f5324b-fc33-36e9-b5af-3c80d73492bd,formula_not_evaluated,783.9517839998/1000
0e42a306-ee2d-362e-8bc3-580000096459,49f5324b-fc33-36e9-b5af-3c80d73492bd,formula_not_evaluated,0.702223223790261/1000
0e42a306-ee2d-362e-8bc3-580000096459,49f5324b-fc33-36e9-b5af-3c80d73492bd,formula_not_evaluated,1.91489219002566/1000
0e42a306-ee2d-362e-8bc3-580000096459,49f5324b-fc33-36e9-b5af-3c80d73492bd,formula_not_evaluated,4629.86092581615/1000
0e42a306-ee2d-362e-8bc3-580000096459,49f5324b-fc33-36e9-b5af-3c80d73492bd,formula_not_evaluated,0.00617082935210204/1000
0e42a306-ee2d-362e-8bc3-580000096459,49f5324b-fc33-36e9-b5af-3c80d73492bd,formula_not_evaluated,2887.21966941416/1000
0e42a306-ee2d-362e-8bc3-580000096459,49f5324b-fc33-36e9-b5af-3c80d73492bd,formula_not_evaluated,0.063840673666231/1000
0e42a306-ee2d-362e-8bc3-580000096459,49f5324b-fc33-36e9-b5af-3c80d73492bd,formula_not_evaluated,2.28544003321422E-14/1000
0e42a306-ee2d-362e-8bc3-580000096459,49f5324b-fc33-36e9-b5af-3c80d73492bd,formula_not_evaluated,4.78623396028017/1000
0e42a306-ee2d-362e-8bc3-580000096459,49f5324b-fc33-36e9-b5af-3c80d73492bd,formula_not_evaluated,14.3943863794415+0.0222308171490274
0e42a306-ee2d-362e-8bc3-580000096459,951c8e45-9267-36fc-873b-9af0718574e4,formula_not_evaluated,1.0
0e42a306-ee2d-362e-8bc3-580000096459,951c8e45-9267-36fc-873b-9af0718574e4,formula_not_evaluated,1797.0
0e42a306-ee2d-362e-8bc3-580000096459,c2bd01a2-0644-358b-8104-7812fb30ed8d,formula_not_evaluated,1.0
0e42a306-ee2d-362e-8bc3-580000096459,c2bd01a2-0644-358b-8104-7812fb30ed8d,formula_not_evaluated,2085.0
0e42a306-ee2d-362e-8bc3-580000096459,78315fca-7132-345f-bdd2-605420eddfeb,formula_not_evaluated,1.0
0e42a306-ee2d-362e-8bc3-580000096459,78315fca-7132-345f-bdd2-605420eddfeb,formula_not_evaluated,196.5
0e42a306-ee2d-362e-8bc3-580000096459,78315fca-7132-345f-bdd2-605420eddfeb,formula_not_evaluated,260.77
0e42a306-ee2d-362e-8bc3-580000096459,78315fca-7132-345f-bdd2-605420eddfeb,formula_not_evaluated,21.197
0e42a306-ee2d-362e-8bc3-580000096459,4435ce44-a5bc-331a-bd40-5c60994d8d85,formula_not_evaluated,1.0
0e42a306-ee2d-362e-8bc3-580000096459,4435ce44-a5bc-331a-bd40-5c60994d8d85,formula_not_evaluated,1532.0
0e42a306-ee2d-362e-8bc3-580000096459,c90c7691-78a0-3457-8bc5-122d05b49c38,formula_not_evaluated,1.0
0e42a306-ee2d-362e-8bc3-580000096459,c90c7691-78a0-3457-8bc5-122d05b49c38,formula_not_evaluated,864.0
0e42a306-ee2d-362e-8bc3-580000096459,18b8bc59-90da-35be-b01e-f2fefe29c995,formula_not_evaluated,1.0
0e42a306-ee2d-362e-8bc3-580000096459,18b8bc59-90da-35be-b01e-f2fefe29c995,formula_not_evaluated,214.65
0e42a306-ee2d-362e-8bc3-580000096459,18b8bc59-90da-35be-b01e-f2fefe29c995,formula_not_evaluated,301.7
0e42a306-ee2d-362e-8bc3-580000096459,18b8bc59-90da-35be-b01e-f2fefe29c995,formula_not_evaluated,22.89
0e42a306-ee2d-362e-8bc3-580000096459,1784b0f1-5494-3233-904f-8ed4315e029f,formula_not_evaluated,1.0
0e42a306-ee2d-362e-8bc3-580000096459,1784b0f1-5494-3233-904f-8ed4315e029f,formula_not_evaluated,28.98
0e42a306-ee2d-362e-8bc3-580000096459,1784b0f1-5494-3233-904f-8ed4315e029f,formula_not_evaluated,450.65
0e42a306-ee2d-362e-8bc3-580000096459,1784b0f1-5494-3233-904f-8ed4315e029f,formula_not_evaluated,296.44
0e42a306-ee2d-362e-8bc3-580000096459,2013d3cd-dd12-316f-aac9-4983529b083c,formula_not_evaluated,1.0
0e42a306-ee2d-362e-8bc3-580000096459,2013d3cd-dd12-316f-aac9-4983529b083c,formula_not_evaluated,383.0
0e42a306-ee2d-362e-8bc3-580000096459,3efbebec-e0c2-3136-855a-b278f31d3306,formula_not_evaluated,1.0
0e42a306-ee2d-362e-8bc3-580000096459,3efbebec-e0c2-3136-855a-b278f31d3306,formula_not_evaluated,743.33
0e42a306-ee2d-362e-8bc3-580000096459,35bd31d8-b0b1-3da8-a553-df33ccd9e452,coproduct_allocation_review,3
0e42a306-ee2d-362e-8bc3-580000096459,b0d4a167-e4f4-3ecd-8ce0-76caf610a6ff,formula_not_evaluated,1.0
0e42a306-ee2d-362e-8bc3-580000096459,b0d4a167-e4f4-3ecd-8ce0-76caf610a6ff,formula_not_evaluated,1.0
0e42a306-ee2d-362e-8bc3-580000096459,d82bfa88-f1d3-3bd8-a88d-837102bfe169,formula_not_evaluated,1.0
0e42a306-ee2d-362e-8bc3-580000096459,d82bfa88-f1d3-3bd8-a88d-837102bfe169,formula_not_evaluated,1.11E-8
0e42a306-ee2d-362e-8bc3-580000096459,d82bfa88-f1d3-3bd8-a88d-837102bfe169,formula_not_evaluated,2.506E-6
0e42a306-ee2d-362e-8bc3-580000096459,d82bfa88-f1d3-3bd8-a88d-837102bfe169,formula_not_evaluated,2.8862E-7
0e42a306-ee2d-362e-8bc3-580000096459,d82bfa88-f1d3-3bd8-a88d-837102bfe169,formula_not_evaluated,1.3969E-5
0e42a306-ee2d-362e-8bc3-580000096459,d82bfa88-f1d3-3bd8-a88d-837102bfe169,formula_not_evaluated,6.2239E-10
0e42a306-ee2d-362e-8bc3-580000096459,d82bfa88-f1d3-3bd8-a88d-837102bfe169,formula_not_evaluated,2.1475E-4
0e42a306-ee2d-362e-8bc3-580000096459,7c86fa8e-ca28-3d00-9118-930ccd8dde1e,formula_not_evaluated,1000.0
0e42a306-ee2d-362e-8bc3-580000096459,7c86fa8e-ca28-3d00-9118-930ccd8dde1e,formula_not_evaluated,1000
0e42a306-ee2d-362e-8bc3-580000096459,7c86fa8e-ca28-3d00-9118-930ccd8dde1e,formula_not_evaluated,1000.0
0e42a306-ee2d-362e-8bc3-580000096459,7c86fa8e-ca28-3d00-9118-930ccd8dde1e,formula_not_evaluated,(0.428)
0e42a306-ee2d-362e-8bc3-580000096459,bcc68f88-debb-3fc3-93ee-5ceadcef0b14,formula_not_evaluated,11.001/1000
0e42a306-ee2d-362e-8bc3-580000096459,bcc68f88-debb-3fc3-93ee-5ceadcef0b14,formula_not_evaluated,460.71/1000
0e42a306-ee2d-362e-8bc3-580000096459,bcc68f88-debb-3fc3-93ee-5ceadcef0b14,formula_not_evaluated,2.9884/1000
0e42a306-ee2d-362e-8bc3-580000096459,bcc68f88-debb-3fc3-93ee-5ceadcef0b14,formula_not_evaluated,0.93669/1000
0e42a306-ee2d-362e-8bc3-580000096459,bcc68f88-debb-3fc3-93ee-5ceadcef0b14,formula_not_evaluated,78060.0/1000
0e42a306-ee2d-362e-8bc3-580000096459,bcc68f88-debb-3fc3-93ee-5ceadcef0b14,formula_not_evaluated,4.7791/1000
0e42a306-ee2d-362e-8bc3-580000096459,bcc68f88-debb-3fc3-93ee-5ceadcef0b14,formula_not_evaluated,11.819/1000
0e42a306-ee2d-362e-8bc3-580000096459,bcc68f88-debb-3fc3-93ee-5ceadcef0b14,formula_not_evaluated,5.5701E-4/1000
0e42a306-ee2d-362e-8bc3-580000096459,bcc68f88-debb-3fc3-93ee-5ceadcef0b14,formula_not_evaluated,2.4446/1000
0e42a306-ee2d-362e-8bc3-580000096459,bcc68f88-debb-3fc3-93ee-5ceadcef0b14,formula_not_evaluated,1.9923/1000
0e42a306-ee2d-362e-8bc3-580000096459,bcc68f88-debb-3fc3-93ee-5ceadcef0b14,formula_not_evaluated,0.63277/1000
0e42a306-ee2d-362e-8bc3-580000096459,bcc68f88-debb-3fc3-93ee-5ceadcef0b14,formula_not_evaluated,15098.0/1000
0e42a306-ee2d-362e-8bc3-580000096459,bcc68f88-debb-3fc3-93ee-5ceadcef0b14,formula_not_evaluated,0.26266/1000
0e42a306-ee2d-362e-8bc3-580000096459,bcc68f88-debb-3fc3-93ee-5ceadcef0b14,formula_not_evaluated,6.5496E-8/1000
0e42a306-ee2d-362e-8bc3-580000096459,bcc68f88-debb-3fc3-93ee-5ceadcef0b14,formula_not_evaluated,227430.0/1000
0e42a306-ee2d-362e-8bc3-580000096459,bcc68f88-debb-3fc3-93ee-5ceadcef0b14,formula_not_evaluated,13.105/1000
0e42a306-ee2d-362e-8bc3-580000096459,bcc68f88-debb-3fc3-93ee-5ceadcef0b14,formula_not_evaluated,22167.0/1000
0e42a306-ee2d-362e-8bc3-580000096459,bcc68f88-debb-3fc3-93ee-5ceadcef0b14,formula_not_evaluated,0.38815/1000
0e42a306-ee2d-362e-8bc3-580000096459,bcc68f88-debb-3fc3-93ee-5ceadcef0b14,formula_not_evaluated,12.341/1000
0e42a306-ee2d-362e-8bc3-580000096459,bcc68f88-debb-3fc3-93ee-5ceadcef0b14,formula_not_evaluated,64.322/1000
0e42a306-ee2d-362e-8bc3-580000096459,bcc68f88-debb-3fc3-93ee-5ceadcef0b14,formula_not_evaluated,0.38815/1000
0e42a306-ee2d-362e-8bc3-580000096459,bcc68f88-debb-3fc3-93ee-5ceadcef0b14,formula_not_evaluated,60.637/1000
0e42a306-ee2d-362e-8bc3-580000096459,bcc68f88-debb-3fc3-93ee-5ceadcef0b14,formula_not_evaluated,27008.0/1000
0e42a306-ee2d-362e-8bc3-580000096459,bcc68f88-debb-3fc3-93ee-5ceadcef0b14,formula_not_evaluated,6.6274/1000
0e42a306-ee2d-362e-8bc3-580000096459,bcc68f88-debb-3fc3-93ee-5ceadcef0b14,formula_not_evaluated,19.378/1000
0e42a306-ee2d-362e-8bc3-580000096459,bcc68f88-debb-3fc3-93ee-5ceadcef0b14,formula_not_evaluated,28728.0/1000
0e42a306-ee2d-362e-8bc3-580000096459,bcc68f88-debb-3fc3-93ee-5ceadcef0b14,formula_not_evaluated,12.605/1000
0e42a306-ee2d-362e-8bc3-580000096459,bcc68f88-debb-3fc3-93ee-5ceadcef0b14,formula_not_evaluated,0.0011086/1000
0e42a306-ee2d-362e-8bc3-580000096459,bcc68f88-debb-3fc3-93ee-5ceadcef0b14,formula_not_evaluated,0.59426/1000
0e42a306-ee2d-362e-8bc3-580000096459,bcc68f88-debb-3fc3-93ee-5ceadcef0b14,formula_not_evaluated,0.0016756/1000
0e42a306-ee2d-362e-8bc3-580000096459,bcc68f88-debb-3fc3-93ee-5ceadcef0b14,formula_not_evaluated,21.866/1000
0e42a306-ee2d-362e-8bc3-580000096459,bcc68f88-debb-3fc3-93ee-5ceadcef0b14,formula_not_evaluated,85716.0/1000
0e42a306-ee2d-362e-8bc3-580000096459,bcc68f88-debb-3fc3-93ee-5ceadcef0b14,formula_not_evaluated,0.42025/1000
0e42a306-ee2d-362e-8bc3-580000096459,bcc68f88-debb-3fc3-93ee-5ceadcef0b14,formula_not_evaluated,0.14292/1000
0e42a306-ee2d-362e-8bc3-580000096459,bcc68f88-debb-3fc3-93ee-5ceadcef0b14,formula_not_evaluated,3.513/1000
0e42a306-ee2d-362e-8bc3-580000096459,bcc68f88-debb-3fc3-93ee-5ceadcef0b14,formula_not_evaluated,5.6527E-12/1000
0e42a306-ee2d-362e-8bc3-580000096459,bcc68f88-debb-3fc3-93ee-5ceadcef0b14,formula_not_evaluated,118220.0/1000
0e42a306-ee2d-362e-8bc3-580000096459,bcc68f88-debb-3fc3-93ee-5ceadcef0b14,formula_not_evaluated,3.8413/1000
0e42a306-ee2d-362e-8bc3-580000096459,bcc68f88-debb-3fc3-93ee-5ceadcef0b14,formula_not_evaluated,56219.0/1000
0e42a306-ee2d-362e-8bc3-580000096459,bcc68f88-debb-3fc3-93ee-5ceadcef0b14,formula_not_evaluated,2.9884/1000
0e42a306-ee2d-362e-8bc3-580000096459,bcc68f88-debb-3fc3-93ee-5ceadcef0b14,formula_not_evaluated,1.4132E-12/1000
0e42a306-ee2d-362e-8bc3-580000096459,bcc68f88-debb-3fc3-93ee-5ceadcef0b14,formula_not_evaluated,174.13/1000
0e42a306-ee2d-362e-8bc3-580000096459,bcc68f88-debb-3fc3-93ee-5ceadcef0b14,formula_not_evaluated,0.32425/1000
0e42a306-ee2d-362e-8bc3-580000096459,bcc68f88-debb-3fc3-93ee-5ceadcef0b14,formula_not_evaluated,895410.0+970.75
0e42a306-ee2d-362e-8bc3-580000096459,bcc68f88-debb-3fc3-93ee-5ceadcef0b14,formula_not_evaluated,0.063443/1000
0e42a306-ee2d-362e-8bc3-580000096459,bcc68f88-debb-3fc3-93ee-5ceadcef0b14,formula_not_evaluated,0.066928/1000
0e42a306-ee2d-362e-8bc3-580000096459,bcc68f88-debb-3fc3-93ee-5ceadcef0b14,formula_not_evaluated,974340.0/1000
0e42a306-ee2d-362e-8bc3-580000096459,bcc68f88-debb-3fc3-93ee-5ceadcef0b14,formula_not_evaluated,4.2029E-4/1000
0e42a306-ee2d-362e-8bc3-580000096459,bcc68f88-debb-3fc3-93ee-5ceadcef0b14,formula_not_evaluated,7.6619E-8/1000
0e42a306-ee2d-362e-8bc3-580000096459,bcc68f88-debb-3fc3-93ee-5ceadcef0b14,formula_not_evaluated,1.5526E-21/1000
0e42a306-ee2d-362e-8bc3-580000096459,bcc68f88-debb-3fc3-93ee-5ceadcef0b14,formula_not_evaluated,14.606/1000
0e42a306-ee2d-362e-8bc3-580000096459,bcc68f88-debb-3fc3-93ee-5ceadcef0b14,formula_not_evaluated,2.8264E-12/1000
0e42a306-ee2d-362e-8bc3-580000096459,bcc68f88-debb-3fc3-93ee-5ceadcef0b14,formula_not_evaluated,0.36546/1000
0e42a306-ee2d-362e-8bc3-580000096459,bcc68f88-debb-3fc3-93ee-5ceadcef0b14,formula_not_evaluated,8.3064E-5/1000
0e42a306-ee2d-362e-8bc3-580000096459,bcc68f88-debb-3fc3-93ee-5ceadcef0b14,formula_not_evaluated,17333.0/1000
0e42a306-ee2d-362e-8bc3-580000096459,bcc68f88-debb-3fc3-93ee-5ceadcef0b14,formula_not_evaluated,11340.0/1000
0e42a306-ee2d-362e-8bc3-580000096459,bcc68f88-debb-3fc3-93ee-5ceadcef0b14,formula_not_evaluated,719.25/1000
0e42a306-ee2d-362e-8bc3-580000096459,bcc68f88-debb-3fc3-93ee-5ceadcef0b14,formula_not_evaluated,0.57957/1000
0e42a306-ee2d-362e-8bc3-580000096459,bcc68f88-debb-3fc3-93ee-5ceadcef0b14,formula_not_evaluated,20379.0/1000
0e42a306-ee2d-362e-8bc3-580000096459,bcc68f88-debb-3fc3-93ee-5ceadcef0b14,formula_not_evaluated,9.753E-5/1000
0e42a306-ee2d-362e-8bc3-580000096459,bcc68f88-debb-3fc3-93ee-5ceadcef0b14,formula_not_evaluated,0.061807/1000
0e42a306-ee2d-362e-8bc3-580000096459,bcc68f88-debb-3fc3-93ee-5ceadcef0b14,formula_not_evaluated,437760.0/1000
0e42a306-ee2d-362e-8bc3-580000096459,bcc68f88-debb-3fc3-93ee-5ceadcef0b14,formula_not_evaluated,1088500.0/1000
0e42a306-ee2d-362e-8bc3-580000096459,bcc68f88-debb-3fc3-93ee-5ceadcef0b14,formula_not_evaluated,0.034966/1000
0e42a306-ee2d-362e-8bc3-580000096459,bcc68f88-debb-3fc3-93ee-5ceadcef0b14,formula_not_evaluated,27.511/1000
0e42a306-ee2d-362e-8bc3-580000096459,bcc68f88-debb-3fc3-93ee-5ceadcef0b14,formula_not_evaluated,6.0437E-10/1000
0e42a306-ee2d-362e-8bc3-580000096459,bcc68f88-debb-3fc3-93ee-5ceadcef0b14,formula_not_evaluated,23329.0/1000
0e42a306-ee2d-362e-8bc3-580000096459,99963138-ddf9-3b32-9e93-69593d76cb08,formula_not_evaluated,0.011469/1000
0e42a306-ee2d-362e-8bc3-580000096459,99963138-ddf9-3b32-9e93-69593d76cb08,formula_not_evaluated,0.0014106/1000
0e42a306-ee2d-362e-8bc3-580000096459,99963138-ddf9-3b32-9e93-69593d76cb08,formula_not_evaluated,0.34571/1000
0e42a306-ee2d-362e-8bc3-580000096459,99963138-ddf9-3b32-9e93-69593d76cb08,formula_not_evaluated,1.3898E-5/1000
0e42a306-ee2d-362e-8bc3-580000096459,99963138-ddf9-3b32-9e93-69593d76cb08,formula_not_evaluated,321.46/1000
0e42a306-ee2d-362e-8bc3-580000096459,99963138-ddf9-3b32-9e93-69593d76cb08,formula_not_evaluated,2.3116E-23/1000
0e42a306-ee2d-362e-8bc3-580000096459,99963138-ddf9-3b32-9e93-69593d76cb08,formula_not_evaluated,0.093682/1000
0e42a306-ee2d-362e-8bc3-580000096459,99963138-ddf9-3b32-9e93-69593d76cb08,formula_not_evaluated,0.22849/1000
0e42a306-ee2d-362e-8bc3-580000096459,99963138-ddf9-3b32-9e93-69593d76cb08,formula_not_evaluated,3.1192E-5/1000
0e42a306-ee2d-362e-8bc3-580000096459,99963138-ddf9-3b32-9e93-69593d76cb08,formula_not_evaluated,2.1435/1000
0e42a306-ee2d-362e-8bc3-580000096459,99963138-ddf9-3b32-9e93-69593d76cb08,formula_not_evaluated,6.6632E-4/1000
0e42a306-ee2d-362e-8bc3-580000096459,99963138-ddf9-3b32-9e93-69593d76cb08,formula_not_evaluated,0.011037/1000
0e42a306-ee2d-362e-8bc3-580000096459,99963138-ddf9-3b32-9e93-69593d76cb08,formula_not_evaluated,0.029287/1000
0e42a306-ee2d-362e-8bc3-580000096459,99963138-ddf9-3b32-9e93-69593d76cb08,formula_not_evaluated,9.9356E-12/1000
0e42a306-ee2d-362e-8bc3-580000096459,99963138-ddf9-3b32-9e93-69593d76cb08,formula_not_evaluated,4.6464E-14/1000
0e42a306-ee2d-362e-8bc3-580000096459,99963138-ddf9-3b32-9e93-69593d76cb08,formula_not_evaluated,840.27/1000
0e42a306-ee2d-362e-8bc3-580000096459,99963138-ddf9-3b32-9e93-69593d76cb08,formula_not_evaluated,1.0767E-9/1000
0e42a306-ee2d-362e-8bc3-580000096459,99963138-ddf9-3b32-9e93-69593d76cb08,formula_not_evaluated,80.056/1000
0e42a306-ee2d-362e-8bc3-580000096459,99963138-ddf9-3b32-9e93-69593d76cb08,formula_not_evaluated,0.021965/1000
0e42a306-ee2d-362e-8bc3-580000096459,99963138-ddf9-3b32-9e93-69593d76cb08,formula_not_evaluated,0.0010227/1000
0e42a306-ee2d-362e-8bc3-580000096459,99963138-ddf9-3b32-9e93-69593d76cb08,formula_not_evaluated,0.0017846/1000
0e42a306-ee2d-362e-8bc3-580000096459,99963138-ddf9-3b32-9e93-69593d76cb08,formula_not_evaluated,9.2929E-14/1000
0e42a306-ee2d-362e-8bc3-580000096459,99963138-ddf9-3b32-9e93-69593d76cb08,formula_not_evaluated,96.17/1000
0e42a306-ee2d-362e-8bc3-580000096459,99963138-ddf9-3b32-9e93-69593d76cb08,formula_not_evaluated,0.63956/1000
0e42a306-ee2d-362e-8bc3-580000096459,99963138-ddf9-3b32-9e93-69593d76cb08,formula_not_evaluated,64.639/1000
0e42a306-ee2d-362e-8bc3-580000096459,99963138-ddf9-3b32-9e93-69593d76cb08,formula_not_evaluated,0.068243/1000
0e42a306-ee2d-362e-8bc3-580000096459,99963138-ddf9-3b32-9e93-69593d76cb08,formula_not_evaluated,0.012292/1000
0e42a306-ee2d-362e-8bc3-580000096459,99963138-ddf9-3b32-9e93-69593d76cb08,formula_not_evaluated,1009.6/1000
0e42a306-ee2d-362e-8bc3-580000096459,99963138-ddf9-3b32-9e93-69593d76cb08,formula_not_evaluated,0.11236/1000
0e42a306-ee2d-362e-8bc3-580000096459,99963138-ddf9-3b32-9e93-69593d76cb08,formula_not_evaluated,0.05862/1000
0e42a306-ee2d-362e-8bc3-580000096459,99963138-ddf9-3b32-9e93-69593d76cb08,formula_not_evaluated,0.052444/1000
0e42a306-ee2d-362e-8bc3-580000096459,99963138-ddf9-3b32-9e93-69593d76cb08,formula_not_evaluated,2.9637/1000
0e42a306-ee2d-362e-8bc3-580000096459,99963138-ddf9-3b32-9e93-69593d76cb08,formula_not_evaluated,0.0039175/1000
0e42a306-ee2d-362e-8bc3-580000096459,99963138-ddf9-3b32-9e93-69593d76cb08,formula_not_evaluated,0.82632/1000
0e42a306-ee2d-362e-8bc3-580000096459,99963138-ddf9-3b32-9e93-69593d76cb08,formula_not_evaluated,2.4544E-6/1000
0e42a306-ee2d-362e-8bc3-580000096459,99963138-ddf9-3b32-9e93-69593d76cb08,formula_not_evaluated,0.0032907/1000
0e42a306-ee2d-362e-8bc3-580000096459,99963138-ddf9-3b32-9e93-69593d76cb08,formula_not_evaluated,5.5268E-5/1000
0e42a306-ee2d-362e-8bc3-580000096459,99963138-ddf9-3b32-9e93-69593d76cb08,formula_not_evaluated,0.059861/1000
0e42a306-ee2d-362e-8bc3-580000096459,99963138-ddf9-3b32-9e93-69593d76cb08,formula_not_evaluated,0.29424/1000
0e42a306-ee2d-362e-8bc3-580000096459,99963138-ddf9-3b32-9e93-69593d76cb08,formula_not_evaluated,2.3232E-14/1000
0e42a306-ee2d-362e-8bc3-580000096459,99963138-ddf9-3b32-9e93-69593d76cb08,formula_not_evaluated,0.28687/1000
0e42a306-ee2d-362e-8bc3-580000096459,99963138-ddf9-3b32-9e93-69593d76cb08,formula_not_evaluated,0.013985/1000
0e42a306-ee2d-362e-8bc3-580000096459,99963138-ddf9-3b32-9e93-69593d76cb08,formula_not_evaluated,0.011469/1000
0e42a306-ee2d-362e-8bc3-580000096459,99963138-ddf9-3b32-9e93-69593d76cb08,formula_not_evaluated,3.091E-4/1000
0e42a306-ee2d-362e-8bc3-580000096459,99963138-ddf9-3b32-9e93-69593d76cb08,formula_not_evaluated,0.0076824/1000
0e42a306-ee2d-362e-8bc3-580000096459,99963138-ddf9-3b32-9e93-69593d76cb08,formula_not_evaluated,1827.7/1000
0e42a306-ee2d-362e-8bc3-580000096459,99963138-ddf9-3b32-9e93-69593d76cb08,formula_not_evaluated,4699.7/1000
0e42a306-ee2d-362e-8bc3-580000096459,99963138-ddf9-3b32-9e93-69593d76cb08,formula_not_evaluated,0.0030981/1000
0e42a306-ee2d-362e-8bc3-580000096459,99963138-ddf9-3b32-9e93-69593d76cb08,formula_not_evaluated,489.52/1000
0e42a306-ee2d-362e-8bc3-580000096459,99963138-ddf9-3b32-9e93-69593d76cb08,formula_not_evaluated,0.0020235/1000
0e42a306-ee2d-362e-8bc3-580000096459,99963138-ddf9-3b32-9e93-69593d76cb08,formula_not_evaluated,55750.0+16.564
0e42a306-ee2d-362e-8bc3-580000096459,99963138-ddf9-3b32-9e93-69593d76cb08,formula_not_evaluated,2.5488E-6/1000
0e42a306-ee2d-362e-8bc3-580000096459,99963138-ddf9-3b32-9e93-69593d76cb08,formula_not_evaluated,0.063349/1000
0e42a306-ee2d-362e-8bc3-580000096459,99963138-ddf9-3b32-9e93-69593d76cb08,formula_not_evaluated,3.19E-4/1000
0e42a306-ee2d-362e-8bc3-580000096459,99963138-ddf9-3b32-9e93-69593d76cb08,formula_not_evaluated,1.842E-5/1000
0e42a306-ee2d-362e-8bc3-580000096459,99963138-ddf9-3b32-9e93-69593d76cb08,formula_not_evaluated,269.44/1000
0e42a306-ee2d-362e-8bc3-580000096459,99963138-ddf9-3b32-9e93-69593d76cb08,formula_not_evaluated,5381.4/1000
0e42a306-ee2d-362e-8bc3-580000096459,99963138-ddf9-3b32-9e93-69593d76cb08,formula_not_evaluated,94.557/1000
0e42a306-ee2d-362e-8bc3-580000096459,99963138-ddf9-3b32-9e93-69593d76cb08,formula_not_evaluated,0.10275/1000
0e42a306-ee2d-362e-8bc3-580000096459,99963138-ddf9-3b32-9e93-69593d76cb08,formula_not_evaluated,48.477/1000
0e42a306-ee2d-362e-8bc3-580000096459,99963138-ddf9-3b32-9e93-69593d76cb08,formula_not_evaluated,0.017382/1000
0e42a306-ee2d-362e-8bc3-580000096459,99963138-ddf9-3b32-9e93-69593d76cb08,formula_not_evaluated,0.0093229/1000
0e42a306-ee2d-362e-8bc3-580000096459,99963138-ddf9-3b32-9e93-69593d76cb08,formula_not_evaluated,352.98/1000
0e42a306-ee2d-362e-8bc3-580000096459,99963138-ddf9-3b32-9e93-69593d76cb08,formula_not_evaluated,0.013984/1000
0e42a306-ee2d-362e-8bc3-580000096459,99963138-ddf9-3b32-9e93-69593d76cb08,formula_not_evaluated,571.94/1000
0e42a306-ee2d-362e-8bc3-580000096459,99963138-ddf9-3b32-9e93-69593d76cb08,formula_not_evaluated,101.92/1000
0e42a306-ee2d-362e-8bc3-580000096459,99963138-ddf9-3b32-9e93-69593d76cb08,formula_not_evaluated,4.6778E-10/1000
0e42a306-ee2d-362e-8bc3-580000096459,99c32bb7-a42a-3565-afc0-e56e50bef309,formula_not_evaluated,1.0
0e42a306-ee2d-362e-8bc3-580000096459,99c32bb7-a42a-3565-afc0-e56e50bef309,formula_not_evaluated,0.5
0e42a306-ee2d-362e-8bc3-580000096459,15ec2675-6091-37da-9849-6e2229ab9d85,formula_not_evaluated,1000.0
0e42a306-ee2d-362e-8bc3-580000096459,15ec2675-6091-37da-9849-6e2229ab9d85,formula_not_evaluated,1088.7
0e42a306-ee2d-362e-8bc3-580000096459,15ec2675-6091-37da-9849-6e2229ab9d85,formula_not_evaluated,3.6 * (2.1861)
0e42a306-ee2d-362e-8bc3-580000096459,15ec2675-6091-37da-9849-6e2229ab9d85,formula_not_evaluated,2337.4
0e42a306-ee2d-362e-8bc3-580000096459,15ec2675-6091-37da-9849-6e2229ab9d85,formula_not_evaluated,(2.5036)
0e42a306-ee2d-362e-8bc3-580000096459,15ec2675-6091-37da-9849-6e2229ab9d85,formula_not_evaluated,0.01
0e42a306-ee2d-362e-8bc3-580000096459,64394243-614a-3ed3-93a7-1eecd7ac6608,formula_not_evaluated,2000.0
0e42a306-ee2d-362e-8bc3-580000096459,64394243-614a-3ed3-93a7-1eecd7ac6608,formula_not_evaluated,(469.9)
0e42a306-ee2d-362e-8bc3-580000096459,64394243-614a-3ed3-93a7-1eecd7ac6608,formula_not_evaluated,(0.38378)
0e42a306-ee2d-362e-8bc3-580000096459,64394243-614a-3ed3-93a7-1eecd7ac6608,formula_not_evaluated,(0.92)
0e42a306-ee2d-362e-8bc3-580000096459,64394243-614a-3ed3-93a7-1eecd7ac6608,formula_not_evaluated,3.6 * (162.37)
0e42a306-ee2d-362e-8bc3-580000096459,64394243-614a-3ed3-93a7-1eecd7ac6608,formula_not_evaluated,(4.169)
0e42a306-ee2d-362e-8bc3-580000096459,64394243-614a-3ed3-93a7-1eecd7ac6608,formula_not_evaluated,(221.8)
0e42a306-ee2d-362e-8bc3-580000096459,64394243-614a-3ed3-93a7-1eecd7ac6608,formula_not_evaluated,(0.0047972)
0e42a306-ee2d-362e-8bc3-580000096459,64394243-614a-3ed3-93a7-1eecd7ac6608,formula_not_evaluated,(0.22387)
0e42a306-ee2d-362e-8bc3-580000096459,64394243-614a-3ed3-93a7-1eecd7ac6608,formula_not_evaluated,(1300)
0e42a306-ee2d-362e-8bc3-580000096459,64394243-614a-3ed3-93a7-1eecd7ac6608,formula_not_evaluated,(2.8144)
0e42a306-ee2d-362e-8bc3-580000096459,64394243-614a-3ed3-93a7-1eecd7ac6608,formula_not_evaluated,(0.063963)
0e42a306-ee2d-362e-8bc3-580000096459,64394243-614a-3ed3-93a7-1eecd7ac6608,formula_not_evaluated,(2929.0)
0e42a306-ee2d-362e-8bc3-580000096459,64394243-614a-3ed3-93a7-1eecd7ac6608,formula_not_evaluated,(0.031982)
0e42a306-ee2d-362e-8bc3-580000096459,1b3e0fa2-3e38-3474-a5d6-6dd3e3452395,formula_not_evaluated,1000.0
0e42a306-ee2d-362e-8bc3-580000096459,1b3e0fa2-3e38-3474-a5d6-6dd3e3452395,formula_not_evaluated,26.2
0e42a306-ee2d-362e-8bc3-580000096459,1b3e0fa2-3e38-3474-a5d6-6dd3e3452395,formula_not_evaluated,(7.282)
0e42a306-ee2d-362e-8bc3-580000096459,1b3e0fa2-3e38-3474-a5d6-6dd3e3452395,formula_not_evaluated,(0.047)
0e42a306-ee2d-362e-8bc3-580000096459,1b3e0fa2-3e38-3474-a5d6-6dd3e3452395,formula_not_evaluated,611.1
0e42a306-ee2d-362e-8bc3-580000096459,1b3e0fa2-3e38-3474-a5d6-6dd3e3452395,formula_not_evaluated,8.55
0e42a306-ee2d-362e-8bc3-580000096459,1b3e0fa2-3e38-3474-a5d6-6dd3e3452395,formula_not_evaluated,5.278
0e42a306-ee2d-362e-8bc3-580000096459,1b3e0fa2-3e38-3474-a5d6-6dd3e3452395,formula_not_evaluated,(0.1157)
0e42a306-ee2d-362e-8bc3-580000096459,1b3e0fa2-3e38-3474-a5d6-6dd3e3452395,formula_not_evaluated,(23.362)
0e42a306-ee2d-362e-8bc3-580000096459,1b3e0fa2-3e38-3474-a5d6-6dd3e3452395,formula_not_evaluated,214.7
0e42a306-ee2d-362e-8bc3-580000096459,1b3e0fa2-3e38-3474-a5d6-6dd3e3452395,formula_not_evaluated,(0.304)
0e42a306-ee2d-362e-8bc3-580000096459,34897ebd-aa3d-347c-91ee-876c3f835fdb,formula_not_evaluated,3.129169341799E-14/1000
0e42a306-ee2d-362e-8bc3-580000096459,34897ebd-aa3d-347c-91ee-876c3f835fdb,formula_not_evaluated,0.494659384376042+0.0483385213709498
0e42a306-ee2d-362e-8bc3-580000096459,34897ebd-aa3d-347c-91ee-876c3f835fdb,formula_not_evaluated,0.0654594527687582/1000
0e42a306-ee2d-362e-8bc3-580000096459,34897ebd-aa3d-347c-91ee-876c3f835fdb,formula_not_evaluated,1.25167022609466E-13/1000
0e42a306-ee2d-362e-8bc3-580000096459,34897ebd-aa3d-347c-91ee-876c3f835fdb,formula_not_evaluated,1.31482152597265/1000
0e42a306-ee2d-362e-8bc3-580000096459,34897ebd-aa3d-347c-91ee-876c3f835fdb,formula_not_evaluated,10570.4156359801/1000
0e42a306-ee2d-362e-8bc3-580000096459,34897ebd-aa3d-347c-91ee-876c3f835fdb,formula_not_evaluated,1.05607550004131E-7/1000
0e42a306-ee2d-362e-8bc3-580000096459,34897ebd-aa3d-347c-91ee-876c3f835fdb,formula_not_evaluated,0.00742481783046044/1000
0e42a306-ee2d-362e-8bc3-580000096459,34897ebd-aa3d-347c-91ee-876c3f835fdb,formula_not_evaluated,0.0812370118188477/1000
0e42a306-ee2d-362e-8bc3-580000096459,34897ebd-aa3d-347c-91ee-876c3f835fdb,formula_not_evaluated,5.92213236012398/1000
0e42a306-ee2d-362e-8bc3-580000096459,34897ebd-aa3d-347c-91ee-876c3f835fdb,formula_not_evaluated,0.00256983879787089/1000
0e42a306-ee2d-362e-8bc3-580000096459,34897ebd-aa3d-347c-91ee-876c3f835fdb,formula_not_evaluated,0.976703731855902/1000
0e42a306-ee2d-362e-8bc3-580000096459,34897ebd-aa3d-347c-91ee-876c3f835fdb,formula_not_evaluated,0.00138446778669399/1000
0e42a306-ee2d-362e-8bc3-580000096459,34897ebd-aa3d-347c-91ee-876c3f835fdb,formula_not_evaluated,0.19995088964659/1000
0e42a306-ee2d-362e-8bc3-580000096459,34897ebd-aa3d-347c-91ee-876c3f835fdb,formula_not_evaluated,0.539927278088579/1000
0e42a306-ee2d-362e-8bc3-580000096459,34897ebd-aa3d-347c-91ee-876c3f835fdb,formula_not_evaluated,144.037662901165/1000
0e42a306-ee2d-362e-8bc3-580000096459,34897ebd-aa3d-347c-91ee-876c3f835fdb,formula_not_evaluated,0.0110112466810317/1000
0e42a306-ee2d-362e-8bc3-580000096459,34897ebd-aa3d-347c-91ee-876c3f835fdb,formula_not_evaluated,0.055527902716292/1000
0e42a306-ee2d-362e-8bc3-580000096459,34897ebd-aa3d-347c-91ee-876c3f835fdb,formula_not_evaluated,1.33823824374054E-11/1000
0e42a306-ee2d-362e-8bc3-580000096459,34897ebd-aa3d-347c-91ee-876c3f835fdb,formula_not_evaluated,0.0561587700618178/1000
0e42a306-ee2d-362e-8bc3-580000096459,34897ebd-aa3d-347c-91ee-876c3f835fdb,formula_not_evaluated,0.00537404253424613/1000
0e42a306-ee2d-362e-8bc3-580000096459,34897ebd-aa3d-347c-91ee-876c3f835fdb,formula_not_evaluated,1.16943109045863E-23/1000
0e42a306-ee2d-362e-8bc3-580000096459,34897ebd-aa3d-347c-91ee-876c3f835fdb,formula_not_evaluated,7.86174063126717E-4/1000
0e42a306-ee2d-362e-8bc3-580000096459,34897ebd-aa3d-347c-91ee-876c3f835fdb,formula_not_evaluated,4.60617282506636E-6/1000
0e42a306-ee2d-362e-8bc3-580000096459,34897ebd-aa3d-347c-91ee-876c3f835fdb,formula_not_evaluated,0.00397828775895937/1000
0e42a306-ee2d-362e-8bc3-580000096459,34897ebd-aa3d-347c-91ee-876c3f835fdb,formula_not_evaluated,100.902751482326/1000
0e42a306-ee2d-362e-8bc3-580000096459,34897ebd-aa3d-347c-91ee-876c3f835fdb,formula_not_evaluated,2.02343855996597/1000
0e42a306-ee2d-362e-8bc3-580000096459,34897ebd-aa3d-347c-91ee-876c3f835fdb,formula_not_evaluated,1.71403112186245/1000
0e42a306-ee2d-362e-8bc3-580000096459,34897ebd-aa3d-347c-91ee-876c3f835fdb,formula_not_evaluated,191.663256109204/1000
0e42a306-ee2d-362e-8bc3-580000096459,34897ebd-aa3d-347c-91ee-876c3f835fdb,formula_not_evaluated,0.00230719305273675/1000
0e42a306-ee2d-362e-8bc3-580000096459,34897ebd-aa3d-347c-91ee-876c3f835fdb,formula_not_evaluated,0.0215241733874436/1000
0e42a306-ee2d-362e-8bc3-580000096459,34897ebd-aa3d-347c-91ee-876c3f835fdb,formula_not_evaluated,0.0403683946234451/1000
0e42a306-ee2d-362e-8bc3-580000096459,34897ebd-aa3d-347c-91ee-876c3f835fdb,formula_not_evaluated,1520.65722182987/1000
0e42a306-ee2d-362e-8bc3-580000096459,34897ebd-aa3d-347c-91ee-876c3f835fdb,formula_not_evaluated,0.236297000482904/1000
0e42a306-ee2d-362e-8bc3-580000096459,34897ebd-aa3d-347c-91ee-876c3f835fdb,formula_not_evaluated,151476.98725617/1000
0e42a306-ee2d-362e-8bc3-580000096459,34897ebd-aa3d-347c-91ee-876c3f835fdb,formula_not_evaluated,4415.29316193931/1000
0e42a306-ee2d-362e-8bc3-580000096459,34897ebd-aa3d-347c-91ee-876c3f835fdb,formula_not_evaluated,0.284527973204659/1000
0e42a306-ee2d-362e-8bc3-580000096459,34897ebd-aa3d-347c-91ee-876c3f835fdb,formula_not_evaluated,0.0913334928355447/1000
0e42a306-ee2d-362e-8bc3-580000096459,34897ebd-aa3d-347c-91ee-876c3f835fdb,formula_not_evaluated,0.00879460452878548/1000
0e42a306-ee2d-362e-8bc3-580000096459,34897ebd-aa3d-347c-91ee-876c3f835fdb,formula_not_evaluated,0.0215241720797494/1000
0e42a306-ee2d-362e-8bc3-580000096459,34897ebd-aa3d-347c-91ee-876c3f835fdb,formula_not_evaluated,1.81657775805503/1000
0e42a306-ee2d-362e-8bc3-580000096459,34897ebd-aa3d-347c-91ee-876c3f835fdb,formula_not_evaluated,0.690620420590143/1000
0e42a306-ee2d-362e-8bc3-580000096459,34897ebd-aa3d-347c-91ee-876c3f835fdb,formula_not_evaluated,6.25835113047322E-14/1000
0e42a306-ee2d-362e-8bc3-580000096459,34897ebd-aa3d-347c-91ee-876c3f835fdb,formula_not_evaluated,0.00405395446587356/1000
0e42a306-ee2d-362e-8bc3-580000096459,34897ebd-aa3d-347c-91ee-876c3f835fdb,formula_not_evaluated,0.0165168700215474/1000
0e42a306-ee2d-362e-8bc3-580000096459,34897ebd-aa3d-347c-91ee-876c3f835fdb,formula_not_evaluated,0.0154529422597711/1000
0e42a306-ee2d-362e-8bc3-580000096459,34897ebd-aa3d-347c-91ee-876c3f835fdb,formula_not_evaluated,84.8315505073261/1000
0e42a306-ee2d-362e-8bc3-580000096459,34897ebd-aa3d-347c-91ee-876c3f835fdb,formula_not_evaluated,0.114540220413509/1000
0e42a306-ee2d-362e-8bc3-580000096459,34897ebd-aa3d-347c-91ee-876c3f835fdb,formula_not_evaluated,1.45027256823094E-9/1000
0e42a306-ee2d-362e-8bc3-580000096459,34897ebd-aa3d-347c-91ee-876c3f835fdb,formula_not_evaluated,0.016517817085119/1000
0e42a306-ee2d-362e-8bc3-580000096459,34897ebd-aa3d-347c-91ee-876c3f835fdb,formula_not_evaluated,0.590387771367887/1000
0e42a306-ee2d-362e-8bc3-580000096459,34897ebd-aa3d-347c-91ee-876c3f835fdb,formula_not_evaluated,0.0161186783645955/1000
0e42a306-ee2d-362e-8bc3-580000096459,34897ebd-aa3d-347c-91ee-876c3f835fdb,formula_not_evaluated,0.586158471353953/1000
0e42a306-ee2d-362e-8bc3-580000096459,34897ebd-aa3d-347c-91ee-876c3f835fdb,formula_not_evaluated,960.806389759516/1000
0e42a306-ee2d-362e-8bc3-580000096459,34897ebd-aa3d-347c-91ee-876c3f835fdb,formula_not_evaluated,3485.24206912496/1000
0e42a306-ee2d-362e-8bc3-580000096459,34897ebd-aa3d-347c-91ee-876c3f835fdb,formula_not_evaluated,0.207353822747524/1000
0e42a306-ee2d-362e-8bc3-580000096459,34897ebd-aa3d-347c-91ee-876c3f835fdb,formula_not_evaluated,4.7683525525289E-6/1000
0e42a306-ee2d-362e-8bc3-580000096459,34897ebd-aa3d-347c-91ee-876c3f835fdb,formula_not_evaluated,0.183585575785375/1000
0e42a306-ee2d-362e-8bc3-580000096459,34897ebd-aa3d-347c-91ee-876c3f835fdb,formula_not_evaluated,0.0514164939620082/1000
0e42a306-ee2d-362e-8bc3-580000096459,34897ebd-aa3d-347c-91ee-876c3f835fdb,formula_not_evaluated,5483.39607285166+6.1241167427779
0e42a306-ee2d-362e-8bc3-580000096459,34897ebd-aa3d-347c-91ee-876c3f835fdb,formula_not_evaluated,0.00166107962009765/1000
0e42a306-ee2d-362e-8bc3-580000096459,34897ebd-aa3d-347c-91ee-876c3f835fdb,formula_not_evaluated,332.807493920083/1000
0e42a306-ee2d-362e-8bc3-580000096459,34897ebd-aa3d-347c-91ee-876c3f835fdb,formula_not_evaluated,3.3606688524018/1000
0e42a306-ee2d-362e-8bc3-580000096459,34897ebd-aa3d-347c-91ee-876c3f835fdb,formula_not_evaluated,75.6177212638267/1000
0e42a306-ee2d-362e-8bc3-580000096459,34897ebd-aa3d-347c-91ee-876c3f835fdb,formula_not_evaluated,642.922497402092/1000
0e42a306-ee2d-362e-8bc3-580000096459,34897ebd-aa3d-347c-91ee-876c3f835fdb,formula_not_evaluated,4033.08570543984/1000
0e42a306-ee2d-362e-8bc3-580000096459,34897ebd-aa3d-347c-91ee-876c3f835fdb,formula_not_evaluated,0.0645894313975123/1000
0e42a306-ee2d-362e-8bc3-580000096459,34897ebd-aa3d-347c-91ee-876c3f835fdb,formula_not_evaluated,112.454624043604/1000
0e42a306-ee2d-362e-8bc3-580000096459,34897ebd-aa3d-347c-91ee-876c3f835fdb,formula_not_evaluated,0.00537271075488013/1000
0e42a306-ee2d-362e-8bc3-580000096459,34897ebd-aa3d-347c-91ee-876c3f835fdb,formula_not_evaluated,706.023143121494/1000
0e42a306-ee2d-362e-8bc3-580000096459,25dc85c1-c37b-390a-9886-06e5cdc1d732,formula_not_evaluated,1.0
0e42a306-ee2d-362e-8bc3-580000096459,25dc85c1-c37b-390a-9886-06e5cdc1d732,formula_not_evaluated,1.069E-7
0e42a306-ee2d-362e-8bc3-580000096459,25dc85c1-c37b-390a-9886-06e5cdc1d732,formula_not_evaluated,1.9733E-8
0e42a306-ee2d-362e-8bc3-580000096459,25dc85c1-c37b-390a-9886-06e5cdc1d732,formula_not_evaluated,5.2261E-6
0e42a306-ee2d-362e-8bc3-580000096459,25dc85c1-c37b-390a-9886-06e5cdc1d732,formula_not_evaluated,7.9539E-5
0e42a306-ee2d-362e-8bc3-580000096459,25dc85c1-c37b-390a-9886-06e5cdc1d732,formula_not_evaluated,9.2815E-7
0e42a306-ee2d-362e-8bc3-580000096459,25dc85c1-c37b-390a-9886-06e5cdc1d732,formula_not_evaluated,1.1065E-9
0e42a306-ee2d-362e-8bc3-580000096459,8fe359cb-24fb-307c-9eae-ca3be595e69f,formula_not_evaluated,1000.0
0e42a306-ee2d-362e-8bc3-580000096459,8fe359cb-24fb-307c-9eae-ca3be595e69f,formula_not_evaluated,1000
0e42a306-ee2d-362e-8bc3-580000096459,8fe359cb-24fb-307c-9eae-ca3be595e69f,formula_not_evaluated,(lime)
0e42a306-ee2d-362e-8bc3-580000096459,8fe359cb-24fb-307c-9eae-ca3be595e69f,formula_not_evaluated,((5.52E-4 + 0.003492) / 2)
0e42a306-ee2d-362e-8bc3-580000096459,8fe359cb-24fb-307c-9eae-ca3be595e69f,formula_not_evaluated,1000.0
0e42a306-ee2d-362e-8bc3-580000096459,b06d1d47-4112-3dcd-8b09-014635f91500,formula_not_evaluated,2000.0
0e42a306-ee2d-362e-8bc3-580000096459,b06d1d47-4112-3dcd-8b09-014635f91500,formula_not_evaluated,(0.19)
0e42a306-ee2d-362e-8bc3-580000096459,b06d1d47-4112-3dcd-8b09-014635f91500,formula_not_evaluated,(0.0586)
0e42a306-ee2d-362e-8bc3-580000096459,b06d1d47-4112-3dcd-8b09-014635f91500,formula_not_evaluated,3.6 * (2.41)
0e42a306-ee2d-362e-8bc3-580000096459,b06d1d47-4112-3dcd-8b09-014635f91500,formula_not_evaluated,(1.33)
0e42a306-ee2d-362e-8bc3-580000096459,ac0cdbf8-8d2e-30ac-b0b9-97d34bf95981,formula_not_evaluated,2000.0
0e42a306-ee2d-362e-8bc3-580000096459,ac0cdbf8-8d2e-30ac-b0b9-97d34bf95981,formula_not_evaluated,(2.33E-4)
0e42a306-ee2d-362e-8bc3-580000096459,ac0cdbf8-8d2e-30ac-b0b9-97d34bf95981,formula_not_evaluated,(0.0101)
0e42a306-ee2d-362e-8bc3-580000096459,ac0cdbf8-8d2e-30ac-b0b9-97d34bf95981,formula_not_evaluated,(0.055)
0e42a306-ee2d-362e-8bc3-580000096459,ac0cdbf8-8d2e-30ac-b0b9-97d34bf95981,formula_not_evaluated,(0.00939)
0e42a306-ee2d-362e-8bc3-580000096459,ac0cdbf8-8d2e-30ac-b0b9-97d34bf95981,formula_not_evaluated,3.6 * (2.96)
0e42a306-ee2d-362e-8bc3-580000096459,ac0cdbf8-8d2e-30ac-b0b9-97d34bf95981,formula_not_evaluated,(3.45)
0e42a306-ee2d-362e-8bc3-580000096459,ac0cdbf8-8d2e-30ac-b0b9-97d34bf95981,formula_not_evaluated,(1.0E-4)
0e42a306-ee2d-362e-8bc3-580000096459,ac0cdbf8-8d2e-30ac-b0b9-97d34bf95981,formula_not_evaluated,(0.0932)
0e42a306-ee2d-362e-8bc3-580000096459,ac0cdbf8-8d2e-30ac-b0b9-97d34bf95981,formula_not_evaluated,(0.0145)
0e42a306-ee2d-362e-8bc3-580000096459,d9917668-4941-35a0-a4b4-e920efd60946,formula_not_evaluated,1.0
0e42a306-ee2d-362e-8bc3-580000096459,d9917668-4941-35a0-a4b4-e920efd60946,formula_not_evaluated,3.3194E-9
0e42a306-ee2d-362e-8bc3-580000096459,d9917668-4941-35a0-a4b4-e920efd60946,formula_not_evaluated,1.4317E-5
0e42a306-ee2d-362e-8bc3-580000096459,d9917668-4941-35a0-a4b4-e920efd60946,formula_not_evaluated,1.9241E-8
0e42a306-ee2d-362e-8bc3-580000096459,d9917668-4941-35a0-a4b4-e920efd60946,formula_not_evaluated,7.7489E-6
0e42a306-ee2d-362e-8bc3-580000096459,d9917668-4941-35a0-a4b4-e920efd60946,formula_not_evaluated,5.92E-08
0e42a306-ee2d-362e-8bc3-580000096459,d9917668-4941-35a0-a4b4-e920efd60946,formula_not_evaluated,5.783E-7
0e42a306-ee2d-362e-8bc3-580000096459,4542a69a-4c5f-3967-92da-830361967e0a,formula_not_evaluated,1000.0
0e42a306-ee2d-362e-8bc3-580000096459,4542a69a-4c5f-3967-92da-830361967e0a,formula_not_evaluated,(0.059 + 0.087) / 2
0e42a306-ee2d-362e-8bc3-580000096459,4542a69a-4c5f-3967-92da-830361967e0a,formula_not_evaluated,1000.0
0e42a306-ee2d-362e-8bc3-580000096459,4542a69a-4c5f-3967-92da-830361967e0a,formula_not_evaluated,1000
0e42a306-ee2d-362e-8bc3-580000096459,4542a69a-4c5f-3967-92da-830361967e0a,formula_not_evaluated,((0.011358 + 0.016748) / 2)
0e42a306-ee2d-362e-8bc3-580000096459,4e590e0c-3773-3db7-9515-728fde75ab55,formula_not_evaluated,1.0
0e42a306-ee2d-362e-8bc3-580000096459,4e590e0c-3773-3db7-9515-728fde75ab55,formula_not_evaluated,1064.0
0e42a306-ee2d-362e-8bc3-580000096459,7394ff08-eec4-4f81-8b0f-8880cd071207,formula_not_evaluated,1
0e42a306-ee2d-362e-8bc3-580000096459,7394ff08-eec4-4f81-8b0f-8880cd071207,formula_not_evaluated,24.71
0e42a306-ee2d-362e-8bc3-580000096459,7394ff08-eec4-4f81-8b0f-8880cd071207,formula_not_evaluated,241.9
0e42a306-ee2d-362e-8bc3-580000096459,7394ff08-eec4-4f81-8b0f-8880cd071207,formula_not_evaluated,346.4
0e42a306-ee2d-362e-8bc3-580000096459,bd968b92-1d89-398e-8201-09bacff50694,formula_not_evaluated,1000.0
0e42a306-ee2d-362e-8bc3-580000096459,bd968b92-1d89-398e-8201-09bacff50694,formula_not_evaluated,((0.062 + 0.161) / 2)
0e42a306-ee2d-362e-8bc3-580000096459,bd968b92-1d89-398e-8201-09bacff50694,formula_not_evaluated,(alum )
0e42a306-ee2d-362e-8bc3-580000096459,bd968b92-1d89-398e-8201-09bacff50694,formula_not_evaluated,((0.013299 + 0.026344) / 2)
0e42a306-ee2d-362e-8bc3-580000096459,bd968b92-1d89-398e-8201-09bacff50694,formula_not_evaluated,((0.008928 + 0.023184) / 2)
0e42a306-ee2d-362e-8bc3-580000096459,bd968b92-1d89-398e-8201-09bacff50694,formula_not_evaluated,1000
0e42a306-ee2d-362e-8bc3-580000096459,f5558c59-7afd-3000-ae7a-68afc1d0513f,formula_not_evaluated,1.0
0e42a306-ee2d-362e-8bc3-580000096459,f5558c59-7afd-3000-ae7a-68afc1d0513f,formula_not_evaluated,2.0746E-10
0e42a306-ee2d-362e-8bc3-580000096459,f5558c59-7afd-3000-ae7a-68afc1d0513f,formula_not_evaluated,3.7E-9
0e42a306-ee2d-362e-8bc3-580000096459,f5558c59-7afd-3000-ae7a-68afc1d0513f,formula_not_evaluated,6.5697E-9
0e42a306-ee2d-362e-8bc3-580000096459,f5558c59-7afd-3000-ae7a-68afc1d0513f,formula_not_evaluated,1.6597E-9
0e42a306-ee2d-362e-8bc3-580000096459,f5558c59-7afd-3000-ae7a-68afc1d0513f,formula_not_evaluated,2.96E-8
0e42a306-ee2d-362e-8bc3-580000096459,f5558c59-7afd-3000-ae7a-68afc1d0513f,formula_not_evaluated,1.0235E-4
0e42a306-ee2d-362e-8bc3-580000096459,f5558c59-7afd-3000-ae7a-68afc1d0513f,formula_not_evaluated,3.6991E-4
0e42a306-ee2d-362e-8bc3-580000096459,f5558c59-7afd-3000-ae7a-68afc1d0513f,formula_not_evaluated,1.17E-07
0e42a306-ee2d-362e-8bc3-580000096459,f5558c59-7afd-3000-ae7a-68afc1d0513f,formula_not_evaluated,2.4204E-10
0e42a306-ee2d-362e-8bc3-580000096459,f5558c59-7afd-3000-ae7a-68afc1d0513f,formula_not_evaluated,4.3166E-9
0e42a306-ee2d-362e-8bc3-580000096459,08f86327-b29d-3ffa-b863-a257c2d6c952,formula_not_evaluated,(9.1799E-7*666.022)
0e42a306-ee2d-362e-8bc3-580000096459,08f86327-b29d-3ffa-b863-a257c2d6c952,formula_not_evaluated,(0.0020864*666.022)
0e42a306-ee2d-362e-8bc3-580000096459,08f86327-b29d-3ffa-b863-a257c2d6c952,formula_not_evaluated,(1.0014E-4*666.022)
0e42a306-ee2d-362e-8bc3-580000096459,08f86327-b29d-3ffa-b863-a257c2d6c952,formula_not_evaluated,(4.1727E-4*666.022)
0e42a306-ee2d-362e-8bc3-580000096459,08f86327-b29d-3ffa-b863-a257c2d6c952,formula_not_evaluated,(0.0040892*666.022)
0e42a306-ee2d-362e-8bc3-580000096459,cfc38536-f8a3-3511-b47a-5ae3b2d2de1e,formula_not_evaluated,1.0
0e42a306-ee2d-362e-8bc3-580000096459,cfc38536-f8a3-3511-b47a-5ae3b2d2de1e,formula_not_evaluated,8.5751E-6
0e42a306-ee2d-362e-8bc3-580000096459,cfc38536-f8a3-3511-b47a-5ae3b2d2de1e,formula_not_evaluated,1.5393E-7
0e42a306-ee2d-362e-8bc3-580000096459,cfc38536-f8a3-3511-b47a-5ae3b2d2de1e,formula_not_evaluated,1.05E-08
0e42a306-ee2d-362e-8bc3-580000096459,cfc38536-f8a3-3511-b47a-5ae3b2d2de1e,formula_not_evaluated,1.1454E-4
0e42a306-ee2d-362e-8bc3-580000096459,cfc38536-f8a3-3511-b47a-5ae3b2d2de1e,formula_not_evaluated,6.6734E-9
0e42a306-ee2d-362e-8bc3-580000096459,cfc38536-f8a3-3511-b47a-5ae3b2d2de1e,formula_not_evaluated,1.1902E-7
0e42a306-ee2d-362e-8bc3-580000096459,cfc38536-f8a3-3511-b47a-5ae3b2d2de1e,formula_not_evaluated,1.3365E-6
0e42a306-ee2d-362e-8bc3-580000096459,cfc38536-f8a3-3511-b47a-5ae3b2d2de1e,formula_not_evaluated,5.8781E-10
226ed3c2-e020-4c95-b1fc-4559fc2d18ac,0aaf1e13-5d80-37f9-b7bb-81a6b8965c71,coproduct_allocation_review,8
226ed3c2-e020-4c95-b1fc-4559fc2d18ac,0aaf1e13-5d80-37f9-b7bb-81a6b8965c71,formula_not_evaluated,5.5E-9+5.5E-9
226ed3c2-e020-4c95-b1fc-4559fc2d18ac,0aaf1e13-5d80-37f9-b7bb-81a6b8965c71,formula_not_evaluated,6.5E-10+9.3E-19
226ed3c2-e020-4c95-b1fc-4559fc2d18ac,0aaf1e13-5d80-37f9-b7bb-81a6b8965c71,formula_not_evaluated,1.8E-13+3.8E-12
226ed3c2-e020-4c95-b1fc-4559fc2d18ac,1e4fd434-9cd2-402a-8ebf-43891d0dd591,formula_not_evaluated,1.26E-4*3.78541
226ed3c2-e020-4c95-b1fc-4559fc2d18ac,1e4fd434-9cd2-402a-8ebf-43891d0dd591,formula_not_evaluated,2.0E-4*0.028317
226ed3c2-e020-4c95-b1fc-4559fc2d18ac,a3e150d0-770e-4e2a-9b19-f7daa8cda38b,coproduct_allocation_review,2
226ed3c2-e020-4c95-b1fc-4559fc2d18ac,a3e150d0-770e-4e2a-9b19-f7daa8cda38b,formula_not_evaluated,18.4290167156447/1000
226ed3c2-e020-4c95-b1fc-4559fc2d18ac,a3e150d0-770e-4e2a-9b19-f7daa8cda38b,formula_not_evaluated,0.0896568370477656/9.5
226ed3c2-e020-4c95-b1fc-4559fc2d18ac,a3e150d0-770e-4e2a-9b19-f7daa8cda38b,formula_not_evaluated,0.000275088436300113*1000000
226ed3c2-e020-4c95-b1fc-4559fc2d18ac,a3e150d0-770e-4e2a-9b19-f7daa8cda38b,formula_not_evaluated,0.387973315090374/9.65
226ed3c2-e020-4c95-b1fc-4559fc2d18ac,c245a252-0860-41d2-9789-802bab7984ab,coproduct_allocation_review,2
226ed3c2-e020-4c95-b1fc-4559fc2d18ac,c245a252-0860-41d2-9789-802bab7984ab,formula_not_evaluated,1.359937463+0.046461804+0.263182311-0.071718049
226ed3c2-e020-4c95-b1fc-4559fc2d18ac,3eee3d64-460d-44bc-b58a-96aa76f86091,formula_not_evaluated,Diesel_energy_consumption_operation1
226ed3c2-e020-4c95-b1fc-4559fc2d18ac,3eee3d64-460d-44bc-b58a-96aa76f86091,formula_not_evaluated,(percentage_energy_recovery1 * electricity_from_CH4 * CH4_recovered_for_energy * (1 - system_down_time1) * (final_yield_CH4 * (1 - moisture_content_mixed_msw1) / tonne_to_sh_tn1))
226ed3c2-e020-4c95-b1fc-4559fc2d18ac,3eee3d64-460d-44bc-b58a-96aa76f86091,formula_not_evaluated,sh_tn_to_tonne *transport_distance_landfill 
226ed3c2-e020-4c95-b1fc-4559fc2d18ac,3eee3d64-460d-44bc-b58a-96aa76f86091,formula_not_evaluated,(CH4_emitted_final * final_yield_CH4 * (1 - moisture_content_mixed_msw1) / tonne_to_sh_tn1)
226ed3c2-e020-4c95-b1fc-4559fc2d18ac,3eee3d64-460d-44bc-b58a-96aa76f86091,formula_not_evaluated,(C_storage_final * (1 - moisture_content_mixed_msw1) / tonne_to_sh_tn1) * C_to_CO21
226ed3c2-e020-4c95-b1fc-4559fc2d18ac,a176e34a-573a-44a9-b381-843a7d457df5,formula_not_evaluated,(sh_tn_to_tonne*mass_ash)*transport_distance_ash_landfill 
226ed3c2-e020-4c95-b1fc-4559fc2d18ac,a176e34a-573a-44a9-b381-843a7d457df5,formula_not_evaluated,-steel_recovered
226ed3c2-e020-4c95-b1fc-4559fc2d18ac,a176e34a-573a-44a9-b381-843a7d457df5,formula_not_evaluated,sh_tn_to_tonne *transport_distance_combustion 
226ed3c2-e020-4c95-b1fc-4559fc2d18ac,a176e34a-573a-44a9-b381-843a7d457df5,formula_not_evaluated,1000.0 * (non_biomass_C_content * C_converted_to_CO2_in_combustion * C_to_CO21 / tonne_to_sh_tn1)
226ed3c2-e020-4c95-b1fc-4559fc2d18ac,a176e34a-573a-44a9-b381-843a7d457df5,formula_not_evaluated,1000.0 * (N2O_emission)
226ed3c2-e020-4c95-b1fc-4559fc2d18ac,a176e34a-573a-44a9-b381-843a7d457df5,formula_not_evaluated,3.6 * (energy_content * mass_burn_efficiency * MMBTU_to_kWh1)
226ed3c2-e020-4c95-b1fc-4559fc2d18ac,e0368d96-44a3-3628-8220-e6ae975b0931,formula_not_evaluated,1.5369/1000
226ed3c2-e020-4c95-b1fc-4559fc2d18ac,e0368d96-44a3-3628-8220-e6ae975b0931,formula_not_evaluated,1010.7/1000
226ed3c2-e020-4c95-b1fc-4559fc2d18ac,f9cf891e-fd8c-304c-9707-4a7e390b9e75,coproduct_allocation_review,3
226ed3c2-e020-4c95-b1fc-4559fc2d18ac,9caaa37b-636d-41fa-8eb6-0b020ee4ebac,formula_not_evaluated,barge 
226ed3c2-e020-4c95-b1fc-4559fc2d18ac,9caaa37b-636d-41fa-8eb6-0b020ee4ebac,formula_not_evaluated,truck 
226ed3c2-e020-4c95-b1fc-4559fc2d18ac,9caaa37b-636d-41fa-8eb6-0b020ee4ebac,formula_not_evaluated,rail 
226ed3c2-e020-4c95-b1fc-4559fc2d18ac,9caaa37b-636d-41fa-8eb6-0b020ee4ebac,formula_not_evaluated,pipeline 
226ed3c2-e020-4c95-b1fc-4559fc2d18ac,9caaa37b-636d-41fa-8eb6-0b020ee4ebac,formula_not_evaluated,tanker
226ed3c2-e020-4c95-b1fc-4559fc2d18ac,ce587724-1be4-3da0-b7a2-988592c28b9a,coproduct_allocation_review,5
226ed3c2-e020-4c95-b1fc-4559fc2d18ac,cbf4023b-71f7-36b7-8c45-ea43bc2f108c,coproduct_allocation_review,4
226ed3c2-e020-4c95-b1fc-4559fc2d18ac,515c5359-a186-3394-b849-8676652228db,formula_not_evaluated,1.0*1000
226ed3c2-e020-4c95-b1fc-4559fc2d18ac,515c5359-a186-3394-b849-8676652228db,formula_not_evaluated,0.056875*44.45
226ed3c2-e020-4c95-b1fc-4559fc2d18ac,520ecb54-7b55-42ca-97c3-4b8192189356,formula_not_evaluated,0.038+.014
226ed3c2-e020-4c95-b1fc-4559fc2d18ac,1b8709a5-5df4-4c52-85e4-dd6e7ed8deba,coproduct_allocation_review,2
226ed3c2-e020-4c95-b1fc-4559fc2d18ac,7564cc52-b294-42c8-8320-7dd680296c81,formula_not_evaluated,0.0817*Energy_Recovered 
226ed3c2-e020-4c95-b1fc-4559fc2d18ac,a591c53f-ce67-41da-b0c1-65b6d91a1a43,coproduct_allocation_review,2
226ed3c2-e020-4c95-b1fc-4559fc2d18ac,a0bada1b-1891-46af-81af-90d0664bee40,formula_not_evaluated,5.38*10E-4
226ed3c2-e020-4c95-b1fc-4559fc2d18ac,a0bada1b-1891-46af-81af-90d0664bee40,formula_not_evaluated,4.17*10E-7
226ed3c2-e020-4c95-b1fc-4559fc2d18ac,4a42fda8-640a-3152-9741-f64c558be34d,coproduct_allocation_review,1
226ed3c2-e020-4c95-b1fc-4559fc2d18ac,5bcf8b86-866d-45b6-8e00-e1ea39c03c53,formula_not_evaluated,Diesel_energy_consumption_operation1
226ed3c2-e020-4c95-b1fc-4559fc2d18ac,5bcf8b86-866d-45b6-8e00-e1ea39c03c53,formula_not_evaluated,sh_tn_to_tonne * transport_distance_landfill 
226ed3c2-e020-4c95-b1fc-4559fc2d18ac,d85c6177-4580-35f0-afd6-52125ababf10,coproduct_allocation_review,1
226ed3c2-e020-4c95-b1fc-4559fc2d18ac,906167b9-d822-5ed5-aed8-fe34c8588952,formula_not_evaluated,ng_combusted_total * gen_frac * gen_sib_share
226ed3c2-e020-4c95-b1fc-4559fc2d18ac,906167b9-d822-5ed5-aed8-fe34c8588952,formula_not_evaluated,ch4_leakage_active
226ed3c2-e020-4c95-b1fc-4559fc2d18ac,906167b9-d822-5ed5-aed8-fe34c8588952,formula_not_evaluated,ng_combusted_total * comp_frac * comp_re_share
226ed3c2-e020-4c95-b1fc-4559fc2d18ac,906167b9-d822-5ed5-aed8-fe34c8588952,formula_not_evaluated,ng_combusted_total * gen_frac * gen_lgt_share
226ed3c2-e020-4c95-b1fc-4559fc2d18ac,31dd79aa-94df-31b9-b81f-8b1d436581da,formula_not_evaluated,1000.0
226ed3c2-e020-4c95-b1fc-4559fc2d18ac,31dd79aa-94df-31b9-b81f-8b1d436581da,formula_not_evaluated,1187.1
226ed3c2-e020-4c95-b1fc-4559fc2d18ac,31dd79aa-94df-31b9-b81f-8b1d436581da,formula_not_evaluated,1187.1
226ed3c2-e020-4c95-b1fc-4559fc2d18ac,31dd79aa-94df-31b9-b81f-8b1d436581da,formula_not_evaluated,1187.1
226ed3c2-e020-4c95-b1fc-4559fc2d18ac,31dd79aa-94df-31b9-b81f-8b1d436581da,formula_not_evaluated,1187.1
226ed3c2-e020-4c95-b1fc-4559fc2d18ac,3dbccdda-2014-4239-ad1f-4e15c034942b,formula_not_evaluated,3.46E0+8.84E-03+2.67E0
226ed3c2-e020-4c95-b1fc-4559fc2d18ac,3dbccdda-2014-4239-ad1f-4e15c034942b,formula_not_evaluated,2.48E-3+4.48E-4
226ed3c2-e020-4c95-b1fc-4559fc2d18ac,3dbccdda-2014-4239-ad1f-4e15c034942b,formula_not_evaluated,5.3/1000
226ed3c2-e020-4c95-b1fc-4559fc2d18ac,3dbccdda-2014-4239-ad1f-4e15c034942b,formula_not_evaluated,2.71E-2+5.39E-03
226ed3c2-e020-4c95-b1fc-4559fc2d18ac,3dbccdda-2014-4239-ad1f-4e15c034942b,formula_not_evaluated,3.08E-3+1.32E-04
226ed3c2-e020-4c95-b1fc-4559fc2d18ac,3dbccdda-2014-4239-ad1f-4e15c034942b,formula_not_evaluated,2.24E-3+1.48E-4
226ed3c2-e020-4c95-b1fc-4559fc2d18ac,0e42a306-ee2d-362e-8bc3-580000096459,formula_not_evaluated,1.4E-4+0.0024
226ed3c2-e020-4c95-b1fc-4559fc2d18ac,1bf86847-c8d5-49d6-b223-ac39940a53f9,coproduct_allocation_review,1
226ed3c2-e020-4c95-b1fc-4559fc2d18ac,6baa9816-6151-3af1-b230-d28bebfb5227,coproduct_allocation_review,1
226ed3c2-e020-4c95-b1fc-4559fc2d18ac,9cdbadf7-c219-51c7-9e22-f4b48c22c0a8,formula_not_evaluated,ng_flared_total
226ed3c2-e020-4c95-b1fc-4559fc2d18ac,9cdbadf7-c219-51c7-9e22-f4b48c22c0a8,formula_not_evaluated,ng_combusted_total * comp_frac * comp_re_share
226ed3c2-e020-4c95-b1fc-4559fc2d18ac,9cdbadf7-c219-51c7-9e22-f4b48c22c0a8,formula_not_evaluated,ch4_leakage_active
226ed3c2-e020-4c95-b1fc-4559fc2d18ac,7aa8e2ff-0e2f-3e6c-b168-ec5168b4be6a,formula_not_evaluated,616000.0*0.0010550559
226ed3c2-e020-4c95-b1fc-4559fc2d18ac,7aa8e2ff-0e2f-3e6c-b168-ec5168b4be6a,formula_not_evaluated,98.0*1000
226ed3c2-e020-4c95-b1fc-4559fc2d18ac,8e3e47ea-ed49-329e-8931-29115917bc81,coproduct_allocation_review,1
226ed3c2-e020-4c95-b1fc-4559fc2d18ac,8e3e47ea-ed49-329e-8931-29115917bc81,formula_not_evaluated,46.4*1000
226ed3c2-e020-4c95-b1fc-4559fc2d18ac,8e3e47ea-ed49-329e-8931-29115917bc81,formula_not_evaluated,7.36*1000
226ed3c2-e020-4c95-b1fc-4559fc2d18ac,d9cadd89-4203-375a-903a-63197cd29c6a,coproduct_allocation_review,2
226ed3c2-e020-4c95-b1fc-4559fc2d18ac,d9cadd89-4203-375a-903a-63197cd29c6a,formula_not_evaluated,119290.0*1000
226ed3c2-e020-4c95-b1fc-4559fc2d18ac,0898854c-e38f-3d23-880f-f8da7d65ca0c,formula_not_evaluated,98.0*1000
226ed3c2-e020-4c95-b1fc-4559fc2d18ac,0879167f-989b-3e3b-b9c5-3c07ea0a3f8e,formula_not_evaluated,98.0*1000
226ed3c2-e020-4c95-b1fc-4559fc2d18ac,9d7c7f3e-7182-3444-9024-8915c71a803b,formula_not_evaluated,1000.0
226ed3c2-e020-4c95-b1fc-4559fc2d18ac,9d7c7f3e-7182-3444-9024-8915c71a803b,formula_not_evaluated,1000.0
226ed3c2-e020-4c95-b1fc-4559fc2d18ac,be9d17bb-1253-3a1a-b9dc-09c65751805f,formula_not_evaluated,1000.0
226ed3c2-e020-4c95-b1fc-4559fc2d18ac,be9d17bb-1253-3a1a-b9dc-09c65751805f,formula_not_evaluated,(0.44153)
226ed3c2-e020-4c95-b1fc-4559fc2d18ac,bb0f94e7-300d-342e-9d5e-3cc00121f850,formula_not_evaluated,1000.0
226ed3c2-e020-4c95-b1fc-4559fc2d18ac,bb0f94e7-300d-342e-9d5e-3cc00121f850,formula_not_evaluated,((1.7E-4 + 7.14E-4) / 2)
226ed3c2-e020-4c95-b1fc-4559fc2d18ac,bb0f94e7-300d-342e-9d5e-3cc00121f850,formula_not_evaluated,1000
226ed3c2-e020-4c95-b1fc-4559fc2d18ac,bb0f94e7-300d-342e-9d5e-3cc00121f850,formula_not_evaluated,1000.0
226ed3c2-e020-4c95-b1fc-4559fc2d18ac,bb0f94e7-300d-342e-9d5e-3cc00121f850,formula_not_evaluated,1000
226ed3c2-e020-4c95-b1fc-4559fc2d18ac,bb0f94e7-300d-342e-9d5e-3cc00121f850,formula_not_evaluated,1000
226ed3c2-e020-4c95-b1fc-4559fc2d18ac,bb0f94e7-300d-342e-9d5e-3cc00121f850,formula_not_evaluated,0.3424*1000/35.3
226ed3c2-e020-4c95-b1fc-4559fc2d18ac,bb0f94e7-300d-342e-9d5e-3cc00121f850,formula_not_evaluated,1000
226ed3c2-e020-4c95-b1fc-4559fc2d18ac,bb0f94e7-300d-342e-9d5e-3cc00121f850,formula_not_evaluated,nahypo 
226ed3c2-e020-4c95-b1fc-4559fc2d18ac,bb0f94e7-300d-342e-9d5e-3cc00121f850,formula_not_evaluated,1000
226ed3c2-e020-4c95-b1fc-4559fc2d18ac,a6d58af5-1d23-3200-8de2-2e23582f1551,formula_not_evaluated,1000.0
226ed3c2-e020-4c95-b1fc-4559fc2d18ac,a6d58af5-1d23-3200-8de2-2e23582f1551,formula_not_evaluated,(chlorineinput)
226ed3c2-e020-4c95-b1fc-4559fc2d18ac,a6d58af5-1d23-3200-8de2-2e23582f1551,formula_not_evaluated,1000
226ed3c2-e020-4c95-b1fc-4559fc2d18ac,a6d58af5-1d23-3200-8de2-2e23582f1551,formula_not_evaluated,((0.00136 + 0.002737) / 2)
226ed3c2-e020-4c95-b1fc-4559fc2d18ac,a6d58af5-1d23-3200-8de2-2e23582f1551,formula_not_evaluated,1.609344 * (((0.00792 + 0.015939) / 2))
226ed3c2-e020-4c95-b1fc-4559fc2d18ac,4eb5b312-c3dd-3720-b8b6-814953d7c937,formula_not_evaluated,1000.0
226ed3c2-e020-4c95-b1fc-4559fc2d18ac,4eb5b312-c3dd-3720-b8b6-814953d7c937,formula_not_evaluated,1000
226ed3c2-e020-4c95-b1fc-4559fc2d18ac,53bb995e-2b64-4464-87f4-a3b79dcd1c32,formula_not_evaluated,0.104371585+3.92E-02
226ed3c2-e020-4c95-b1fc-4559fc2d18ac,53bb995e-2b64-4464-87f4-a3b79dcd1c32,formula_not_evaluated,4.73E0+6.42E-02
226ed3c2-e020-4c95-b1fc-4559fc2d18ac,53bb995e-2b64-4464-87f4-a3b79dcd1c32,formula_not_evaluated,4.91E-7+5.26E-4
226ed3c2-e020-4c95-b1fc-4559fc2d18ac,53bb995e-2b64-4464-87f4-a3b79dcd1c32,formula_not_evaluated,1.91E0/1000
226ed3c2-e020-4c95-b1fc-4559fc2d18ac,53bb995e-2b64-4464-87f4-a3b79dcd1c32,formula_not_evaluated,5.06E-01+1.48E-02
226ed3c2-e020-4c95-b1fc-4559fc2d18ac,5deeead4-4080-41fd-bae0-04d8aea6a656,formula_not_evaluated,pipeline 
226ed3c2-e020-4c95-b1fc-4559fc2d18ac,5deeead4-4080-41fd-bae0-04d8aea6a656,formula_not_evaluated,truck 
226ed3c2-e020-4c95-b1fc-4559fc2d18ac,5deeead4-4080-41fd-bae0-04d8aea6a656,formula_not_evaluated,barge 
226ed3c2-e020-4c95-b1fc-4559fc2d18ac,5deeead4-4080-41fd-bae0-04d8aea6a656,formula_not_evaluated,rail 
226ed3c2-e020-4c95-b1fc-4559fc2d18ac,5deeead4-4080-41fd-bae0-04d8aea6a656,formula_not_evaluated,tanker
226ed3c2-e020-4c95-b1fc-4559fc2d18ac,35bd31d8-b0b1-3da8-a553-df33ccd9e452,coproduct_allocation_review,3
226ed3c2-e020-4c95-b1fc-4559fc2d18ac,9ee66dd5-dcc9-3e94-9da3-3a7cc6cddeb3,formula_not_evaluated,7339.5/1000
226ed3c2-e020-4c95-b1fc-4559fc2d18ac,9ee66dd5-dcc9-3e94-9da3-3a7cc6cddeb3,formula_not_evaluated,11.176/1000
226ed3c2-e020-4c95-b1fc-4559fc2d18ac,f002e825-5cb6-3949-be51-863c7fe5d5da,formula_not_evaluated,1.0*1000
226ed3c2-e020-4c95-b1fc-4559fc2d18ac,f002e825-5cb6-3949-be51-863c7fe5d5da,formula_not_evaluated,0.5*1000
226ed3c2-e020-4c95-b1fc-4559fc2d18ac,f002e825-5cb6-3949-be51-863c7fe5d5da,formula_not_evaluated,0.5*1000
226ed3c2-e020-4c95-b1fc-4559fc2d18ac,9109d57c-8234-3569-a2e6-0e4671b524d9,formula_not_evaluated,1.0*1000
226ed3c2-e020-4c95-b1fc-4559fc2d18ac,88aee762-4aa0-301f-b579-cca5d636aa0d,coproduct_allocation_review,1
226ed3c2-e020-4c95-b1fc-4559fc2d18ac,2753c5de-221b-369a-84de-689d354b8b2d,formula_not_evaluated,1.0*1000
226ed3c2-e020-4c95-b1fc-4559fc2d18ac,2753c5de-221b-369a-84de-689d354b8b2d,formula_not_evaluated,1.0*1000
226ed3c2-e020-4c95-b1fc-4559fc2d18ac,4c6f7612-c4b8-36d1-803a-8fb067b1b319,formula_not_evaluated,1.0*1000
226ed3c2-e020-4c95-b1fc-4559fc2d18ac,4c6f7612-c4b8-36d1-803a-8fb067b1b319,formula_not_evaluated,1.0*1000
226ed3c2-e020-4c95-b1fc-4559fc2d18ac,6bf03929-c98a-32e8-b816-17c4908a069d,formula_not_evaluated,1000.0
226ed3c2-e020-4c95-b1fc-4559fc2d18ac,6bf03929-c98a-32e8-b816-17c4908a069d,formula_not_evaluated,1000.0
226ed3c2-e020-4c95-b1fc-4559fc2d18ac,6bf03929-c98a-32e8-b816-17c4908a069d,formula_not_evaluated,1000
226ed3c2-e020-4c95-b1fc-4559fc2d18ac,6bf03929-c98a-32e8-b816-17c4908a069d,formula_not_evaluated,((1.7E-4 + 7.14E-4) / 2)
226ed3c2-e020-4c95-b1fc-4559fc2d18ac,6bf03929-c98a-32e8-b816-17c4908a069d,formula_not_evaluated,((0.617 + 2.163) / 2)
226ed3c2-e020-4c95-b1fc-4559fc2d18ac,6bf03929-c98a-32e8-b816-17c4908a069d,formula_not_evaluated,(0.082 + 0.173) / 2
226ed3c2-e020-4c95-b1fc-4559fc2d18ac,6bf03929-c98a-32e8-b816-17c4908a069d,formula_not_evaluated,((0.004319 + 0.015141) / 2)
226ed3c2-e020-4c95-b1fc-4559fc2d18ac,6bf03929-c98a-32e8-b816-17c4908a069d,formula_not_evaluated,((0.001394 + 0.002941) / 2)
226ed3c2-e020-4c95-b1fc-4559fc2d18ac,0577d79b-9d3d-334f-a390-84d70c142d53,formula_not_evaluated,1.0
226ed3c2-e020-4c95-b1fc-4559fc2d18ac,0577d79b-9d3d-334f-a390-84d70c142d53,formula_not_evaluated,0.0020923
226ed3c2-e020-4c95-b1fc-4559fc2d18ac,f035c561-be3b-3958-adf6-a5d04ac8754a,formula_not_evaluated,1000.0
226ed3c2-e020-4c95-b1fc-4559fc2d18ac,f035c561-be3b-3958-adf6-a5d04ac8754a,formula_not_evaluated,((0.001425 + 0.0025575) / 2)
226ed3c2-e020-4c95-b1fc-4559fc2d18ac,f035c561-be3b-3958-adf6-a5d04ac8754a,formula_not_evaluated,((0.19 + 0.341) / 2)
226ed3c2-e020-4c95-b1fc-4559fc2d18ac,f035c561-be3b-3958-adf6-a5d04ac8754a,formula_not_evaluated,1.609344 * (((0.08835 + 0.15856) / 2))
226ed3c2-e020-4c95-b1fc-4559fc2d18ac,f035c561-be3b-3958-adf6-a5d04ac8754a,formula_not_evaluated,1000
226ed3c2-e020-4c95-b1fc-4559fc2d18ac,89b282f3-cbda-3c5e-9521-61607e44d326,formula_not_evaluated,1.0
226ed3c2-e020-4c95-b1fc-4559fc2d18ac,89b282f3-cbda-3c5e-9521-61607e44d326,formula_not_evaluated,7.0895E-6
226ed3c2-e020-4c95-b1fc-4559fc2d18ac,89b282f3-cbda-3c5e-9521-61607e44d326,formula_not_evaluated,4.0554E-5
226ed3c2-e020-4c95-b1fc-4559fc2d18ac,89b282f3-cbda-3c5e-9521-61607e44d326,formula_not_evaluated,3.9247E-5
226ed3c2-e020-4c95-b1fc-4559fc2d18ac,89b282f3-cbda-3c5e-9521-61607e44d326,formula_not_evaluated,8.7889E-6
226ed3c2-e020-4c95-b1fc-4559fc2d18ac,89b282f3-cbda-3c5e-9521-61607e44d326,formula_not_evaluated,2.3834E-6
226ed3c2-e020-4c95-b1fc-4559fc2d18ac,68ca1e82-093d-3fa3-abe4-f7054f3a2a92,formula_not_evaluated,1.0
226ed3c2-e020-4c95-b1fc-4559fc2d18ac,68ca1e82-093d-3fa3-abe4-f7054f3a2a92,formula_not_evaluated,3.2044E-8
226ed3c2-e020-4c95-b1fc-4559fc2d18ac,68ca1e82-093d-3fa3-abe4-f7054f3a2a92,formula_not_evaluated,2.8795E-5
226ed3c2-e020-4c95-b1fc-4559fc2d18ac,68ca1e82-093d-3fa3-abe4-f7054f3a2a92,formula_not_evaluated,6.4489E-5
226ed3c2-e020-4c95-b1fc-4559fc2d18ac,6017be4d-8df3-31bf-9597-756852c8f18d,formula_not_evaluated,1.0
226ed3c2-e020-4c95-b1fc-4559fc2d18ac,6017be4d-8df3-31bf-9597-756852c8f18d,formula_not_evaluated,5.4109E-5
226ed3c2-e020-4c95-b1fc-4559fc2d18ac,6017be4d-8df3-31bf-9597-756852c8f18d,formula_not_evaluated,6.8249E-6
226ed3c2-e020-4c95-b1fc-4559fc2d18ac,6017be4d-8df3-31bf-9597-756852c8f18d,formula_not_evaluated,8.769E-6
226ed3c2-e020-4c95-b1fc-4559fc2d18ac,6017be4d-8df3-31bf-9597-756852c8f18d,formula_not_evaluated,7.6677E-6
226ed3c2-e020-4c95-b1fc-4559fc2d18ac,6017be4d-8df3-31bf-9597-756852c8f18d,formula_not_evaluated,6.7006E-6
226ed3c2-e020-4c95-b1fc-4559fc2d18ac,6017be4d-8df3-31bf-9597-756852c8f18d,formula_not_evaluated,1.2666E-4
226ed3c2-e020-4c95-b1fc-4559fc2d18ac,6017be4d-8df3-31bf-9597-756852c8f18d,formula_not_evaluated,7.9314E-6
226ed3c2-e020-4c95-b1fc-4559fc2d18ac,6017be4d-8df3-31bf-9597-756852c8f18d,formula_not_evaluated,1.5639E-4
226ed3c2-e020-4c95-b1fc-4559fc2d18ac,6017be4d-8df3-31bf-9597-756852c8f18d,formula_not_evaluated,1.365E-5
226ed3c2-e020-4c95-b1fc-4559fc2d18ac,6017be4d-8df3-31bf-9597-756852c8f18d,formula_not_evaluated,6.4922E-6
226ed3c2-e020-4c95-b1fc-4559fc2d18ac,6017be4d-8df3-31bf-9597-756852c8f18d,formula_not_evaluated,7.1023E-6
226ed3c2-e020-4c95-b1fc-4559fc2d18ac,6017be4d-8df3-31bf-9597-756852c8f18d,formula_not_evaluated,7.24E-04
226ed3c2-e020-4c95-b1fc-4559fc2d18ac,6017be4d-8df3-31bf-9597-756852c8f18d,formula_not_evaluated,4.9742E-6
226ed3c2-e020-4c95-b1fc-4559fc2d18ac,6017be4d-8df3-31bf-9597-756852c8f18d,formula_not_evaluated,3.034E-6
226ed3c2-e020-4c95-b1fc-4559fc2d18ac,c4a05231-fcf5-38cd-ae11-3f0edfd40d82,formula_not_evaluated,1.0
226ed3c2-e020-4c95-b1fc-4559fc2d18ac,c4a05231-fcf5-38cd-ae11-3f0edfd40d82,formula_not_evaluated,5.9849E-5
226ed3c2-e020-4c95-b1fc-4559fc2d18ac,c4a05231-fcf5-38cd-ae11-3f0edfd40d82,formula_not_evaluated,4.4754E-6
226ed3c2-e020-4c95-b1fc-4559fc2d18ac,403216d9-b675-389c-8c3b-e144201bb6e9,formula_not_evaluated,1.0
226ed3c2-e020-4c95-b1fc-4559fc2d18ac,403216d9-b675-389c-8c3b-e144201bb6e9,formula_not_evaluated,4.7521E-8
226ed3c2-e020-4c95-b1fc-4559fc2d18ac,403216d9-b675-389c-8c3b-e144201bb6e9,formula_not_evaluated,5.473E-9
226ed3c2-e020-4c95-b1fc-4559fc2d18ac,403216d9-b675-389c-8c3b-e144201bb6e9,formula_not_evaluated,2.6401E-7
226ed3c2-e020-4c95-b1fc-4559fc2d18ac,403216d9-b675-389c-8c3b-e144201bb6e9,formula_not_evaluated,4.0724E-6
226ed3c2-e020-4c95-b1fc-4559fc2d18ac,fd7881e1-12fb-3888-b731-db05f8b0dde0,formula_not_evaluated,1.0
226ed3c2-e020-4c95-b1fc-4559fc2d18ac,fd7881e1-12fb-3888-b731-db05f8b0dde0,formula_not_evaluated,9.7686E-8
226ed3c2-e020-4c95-b1fc-4559fc2d18ac,fd7881e1-12fb-3888-b731-db05f8b0dde0,formula_not_evaluated,5.1175E-5
226ed3c2-e020-4c95-b1fc-4559fc2d18ac,fd7881e1-12fb-3888-b731-db05f8b0dde0,formula_not_evaluated,1.0373E-10
226ed3c2-e020-4c95-b1fc-4559fc2d18ac,fd7881e1-12fb-3888-b731-db05f8b0dde0,formula_not_evaluated,0.0048648
226ed3c2-e020-4c95-b1fc-4559fc2d18ac,fd7881e1-12fb-3888-b731-db05f8b0dde0,formula_not_evaluated,1.7289E-10
226ed3c2-e020-4c95-b1fc-4559fc2d18ac,fd7881e1-12fb-3888-b731-db05f8b0dde0,formula_not_evaluated,3.0833E-9
226ed3c2-e020-4c95-b1fc-4559fc2d18ac,fd7881e1-12fb-3888-b731-db05f8b0dde0,formula_not_evaluated,5.9717E-7
226ed3c2-e020-4c95-b1fc-4559fc2d18ac,fd7881e1-12fb-3888-b731-db05f8b0dde0,formula_not_evaluated,1.85E-9
226ed3c2-e020-4c95-b1fc-4559fc2d18ac,fd7881e1-12fb-3888-b731-db05f8b0dde0,formula_not_evaluated,2.4204E-10
226ed3c2-e020-4c95-b1fc-4559fc2d18ac,fd7881e1-12fb-3888-b731-db05f8b0dde0,formula_not_evaluated,4.3166E-9
226ed3c2-e020-4c95-b1fc-4559fc2d18ac,fd7881e1-12fb-3888-b731-db05f8b0dde0,formula_not_evaluated,3.3886E-9
226ed3c2-e020-4c95-b1fc-4559fc2d18ac,fd7881e1-12fb-3888-b731-db05f8b0dde0,formula_not_evaluated,6.8776E-8
226ed3c2-e020-4c95-b1fc-4559fc2d18ac,fd7881e1-12fb-3888-b731-db05f8b0dde0,formula_not_evaluated,2.981E-5
226ed3c2-e020-4c95-b1fc-4559fc2d18ac,fd7881e1-12fb-3888-b731-db05f8b0dde0,formula_not_evaluated,0.0018743
226ed3c2-e020-4c95-b1fc-4559fc2d18ac,de1c6afd-8438-52bc-8953-f33ff330c737,formula_not_evaluated,ng_flared_total
226ed3c2-e020-4c95-b1fc-4559fc2d18ac,de1c6afd-8438-52bc-8953-f33ff330c737,formula_not_evaluated,ng_combusted_total * comp_frac * comp_re_share
226ed3c2-e020-4c95-b1fc-4559fc2d18ac,de1c6afd-8438-52bc-8953-f33ff330c737,formula_not_evaluated,ch4_leakage_active
226ed3c2-e020-4c95-b1fc-4559fc2d18ac,2dc0b1d4-9047-5854-82da-17a2392fb07a,formula_not_evaluated,ch4_leakage_active
226ed3c2-e020-4c95-b1fc-4559fc2d18ac,2dc0b1d4-9047-5854-82da-17a2392fb07a,formula_not_evaluated,ng_combusted_total * comp_frac * comp_re_share
226ed3c2-e020-4c95-b1fc-4559fc2d18ac,2dc0b1d4-9047-5854-82da-17a2392fb07a,formula_not_evaluated,ng_flared_total
226ed3c2-e020-4c95-b1fc-4559fc2d18ac,bbe02aa9-9e42-5341-ba17-9d8ee613b0e3,formula_not_evaluated,ng_combusted_total * comp_frac * comp_re_share
226ed3c2-e020-4c95-b1fc-4559fc2d18ac,bbe02aa9-9e42-5341-ba17-9d8ee613b0e3,formula_not_evaluated,ng_flared_total
226ed3c2-e020-4c95-b1fc-4559fc2d18ac,bbe02aa9-9e42-5341-ba17-9d8ee613b0e3,formula_not_evaluated,ch4_leakage_active
226ed3c2-e020-4c95-b1fc-4559fc2d18ac,3cfa52ac-c3d6-3ce2-b8f4-211bf63d7088,formula_not_evaluated,1.0*1000
226ed3c2-e020-4c95-b1fc-4559fc2d18ac,3cfa52ac-c3d6-3ce2-b8f4-211bf63d7088,formula_not_evaluated,0.97003389*1000
226ed3c2-e020-4c95-b1fc-4559fc2d18ac,3cfa52ac-c3d6-3ce2-b8f4-211bf63d7088,formula_not_evaluated,1.33*1000
226ed3c2-e020-4c95-b1fc-4559fc2d18ac,4e38a874-76e2-3c20-bc6a-eea62883ebaa,formula_not_evaluated,1.0*1000
226ed3c2-e020-4c95-b1fc-4559fc2d18ac,4e38a874-76e2-3c20-bc6a-eea62883ebaa,formula_not_evaluated,1.33*1000
226ed3c2-e020-4c95-b1fc-4559fc2d18ac,4e38a874-76e2-3c20-bc6a-eea62883ebaa,formula_not_evaluated,0.88*1000
226ed3c2-e020-4c95-b1fc-4559fc2d18ac,1cbbcd09-ea17-3d9b-bc34-2cf42efe26ba,formula_not_evaluated,1.0*10000
226ed3c2-e020-4c95-b1fc-4559fc2d18ac,1cbbcd09-ea17-3d9b-bc34-2cf42efe26ba,formula_not_evaluated,0.404*10000
226ed3c2-e020-4c95-b1fc-4559fc2d18ac,1cbbcd09-ea17-3d9b-bc34-2cf42efe26ba,formula_not_evaluated,0.354*10000
226ed3c2-e020-4c95-b1fc-4559fc2d18ac,1cbbcd09-ea17-3d9b-bc34-2cf42efe26ba,formula_not_evaluated,1.0*10000
226ed3c2-e020-4c95-b1fc-4559fc2d18ac,1cbbcd09-ea17-3d9b-bc34-2cf42efe26ba,formula_not_evaluated,0.685*10000
226ed3c2-e020-4c95-b1fc-4559fc2d18ac,1cbbcd09-ea17-3d9b-bc34-2cf42efe26ba,formula_not_evaluated,0.58*10000
226ed3c2-e020-4c95-b1fc-4559fc2d18ac,1cbbcd09-ea17-3d9b-bc34-2cf42efe26ba,formula_not_evaluated,1.0*10000
226ed3c2-e020-4c95-b1fc-4559fc2d18ac,1cbbcd09-ea17-3d9b-bc34-2cf42efe26ba,formula_not_evaluated,0.242*10000
226ed3c2-e020-4c95-b1fc-4559fc2d18ac,1cbbcd09-ea17-3d9b-bc34-2cf42efe26ba,formula_not_evaluated,1.0*10000
226ed3c2-e020-4c95-b1fc-4559fc2d18ac,1cbbcd09-ea17-3d9b-bc34-2cf42efe26ba,formula_not_evaluated,1.0*10000
226ed3c2-e020-4c95-b1fc-4559fc2d18ac,956b53b9-dd05-35ae-a072-69f1f6906290,coproduct_allocation_review,1
226ed3c2-e020-4c95-b1fc-4559fc2d18ac,96087256-d181-30c8-ae17-f25e1f0eab0c,formula_not_evaluated,0.772*1000
226ed3c2-e020-4c95-b1fc-4559fc2d18ac,96087256-d181-30c8-ae17-f25e1f0eab0c,formula_not_evaluated,0.136*1000
226ed3c2-e020-4c95-b1fc-4559fc2d18ac,96087256-d181-30c8-ae17-f25e1f0eab0c,formula_not_evaluated,0.908*1000
226ed3c2-e020-4c95-b1fc-4559fc2d18ac,25b4ad17-ccd9-36ff-8ed5-4ad7b4814ae3,formula_not_evaluated,0.97003*1000
226ed3c2-e020-4c95-b1fc-4559fc2d18ac,25b4ad17-ccd9-36ff-8ed5-4ad7b4814ae3,formula_not_evaluated,1.33*1000
226ed3c2-e020-4c95-b1fc-4559fc2d18ac,4be84642-28cb-3508-9189-d8afcec42d92,formula_not_evaluated,1.0*1000
226ed3c2-e020-4c95-b1fc-4559fc2d18ac,4be84642-28cb-3508-9189-d8afcec42d92,formula_not_evaluated,1.28*1000
226ed3c2-e020-4c95-b1fc-4559fc2d18ac,4be84642-28cb-3508-9189-d8afcec42d92,formula_not_evaluated,0.93145*1000
226ed3c2-e020-4c95-b1fc-4559fc2d18ac,c47e2008-cd77-39e4-90d8-eba2cf6d2d44,formula_not_evaluated,1000.0
226ed3c2-e020-4c95-b1fc-4559fc2d18ac,c47e2008-cd77-39e4-90d8-eba2cf6d2d44,formula_not_evaluated,0.156
226ed3c2-e020-4c95-b1fc-4559fc2d18ac,c47e2008-cd77-39e4-90d8-eba2cf6d2d44,formula_not_evaluated,(0.010608)
226ed3c2-e020-4c95-b1fc-4559fc2d18ac,c47e2008-cd77-39e4-90d8-eba2cf6d2d44,formula_not_evaluated,1000
226ed3c2-e020-4c95-b1fc-4559fc2d18ac,c47e2008-cd77-39e4-90d8-eba2cf6d2d44,formula_not_evaluated,1000.0
226ed3c2-e020-4c95-b1fc-4559fc2d18ac,dccfe8ef-0d12-387f-bdf8-e8d54bc289ef,formula_not_evaluated,1.0
226ed3c2-e020-4c95-b1fc-4559fc2d18ac,dccfe8ef-0d12-387f-bdf8-e8d54bc289ef,formula_not_evaluated,6.3631E-5
226ed3c2-e020-4c95-b1fc-4559fc2d18ac,dccfe8ef-0d12-387f-bdf8-e8d54bc289ef,formula_not_evaluated,4.9333E-9
226ed3c2-e020-4c95-b1fc-4559fc2d18ac,dccfe8ef-0d12-387f-bdf8-e8d54bc289ef,formula_not_evaluated,2.7662E-10
226ed3c2-e020-4c95-b1fc-4559fc2d18ac,dccfe8ef-0d12-387f-bdf8-e8d54bc289ef,formula_not_evaluated,7.4252E-7
226ed3c2-e020-4c95-b1fc-4559fc2d18ac,dccfe8ef-0d12-387f-bdf8-e8d54bc289ef,formula_not_evaluated,8.5516E-8
226ed3c2-e020-4c95-b1fc-4559fc2d18ac,dccfe8ef-0d12-387f-bdf8-e8d54bc289ef,formula_not_evaluated,4.1457E-6
226ed3c2-e020-4c95-b1fc-4559fc2d18ac,8a563fa5-f6ee-3523-9fe0-3e6fbf5ff258,formula_not_evaluated,1.0
226ed3c2-e020-4c95-b1fc-4559fc2d18ac,8a563fa5-f6ee-3523-9fe0-3e6fbf5ff258,formula_not_evaluated,6.4705E-7
226ed3c2-e020-4c95-b1fc-4559fc2d18ac,8a563fa5-f6ee-3523-9fe0-3e6fbf5ff258,formula_not_evaluated,1.2395E-5
226ed3c2-e020-4c95-b1fc-4559fc2d18ac,8a563fa5-f6ee-3523-9fe0-3e6fbf5ff258,formula_not_evaluated,2.4666E-8
226ed3c2-e020-4c95-b1fc-4559fc2d18ac,8a563fa5-f6ee-3523-9fe0-3e6fbf5ff258,formula_not_evaluated,1.3831E-9
226ed3c2-e020-4c95-b1fc-4559fc2d18ac,e4d7b23f-d913-32ba-838d-b222d01b20ce,formula_not_evaluated,1.0
226ed3c2-e020-4c95-b1fc-4559fc2d18ac,e4d7b23f-d913-32ba-838d-b222d01b20ce,formula_not_evaluated,2.57
226ed3c2-e020-4c95-b1fc-4559fc2d18ac,e4d7b23f-d913-32ba-838d-b222d01b20ce,formula_not_evaluated,33.83
226ed3c2-e020-4c95-b1fc-4559fc2d18ac,e4d7b23f-d913-32ba-838d-b222d01b20ce,formula_not_evaluated,36.4
226ed3c2-e020-4c95-b1fc-4559fc2d18ac,b6838fda-8ab5-3d0b-9ce2-08d2346a07c5,formula_not_evaluated,1.0
226ed3c2-e020-4c95-b1fc-4559fc2d18ac,b6838fda-8ab5-3d0b-9ce2-08d2346a07c5,formula_not_evaluated,26.25
226ed3c2-e020-4c95-b1fc-4559fc2d18ac,b6838fda-8ab5-3d0b-9ce2-08d2346a07c5,formula_not_evaluated,28.4
226ed3c2-e020-4c95-b1fc-4559fc2d18ac,b6838fda-8ab5-3d0b-9ce2-08d2346a07c5,formula_not_evaluated,2.15
226ed3c2-e020-4c95-b1fc-4559fc2d18ac,75c2d103-d0c7-36ed-80c6-36c2a16f77fa,formula_not_evaluated,1.0
226ed3c2-e020-4c95-b1fc-4559fc2d18ac,75c2d103-d0c7-36ed-80c6-36c2a16f77fa,formula_not_evaluated,31.0
226ed3c2-e020-4c95-b1fc-4559fc2d18ac,d8e8d817-3d15-3d2b-8dd8-3f5b733cd2ad,formula_not_evaluated,1.0
226ed3c2-e020-4c95-b1fc-4559fc2d18ac,d8e8d817-3d15-3d2b-8dd8-3f5b733cd2ad,formula_not_evaluated,15.31
226ed3c2-e020-4c95-b1fc-4559fc2d18ac,d8e8d817-3d15-3d2b-8dd8-3f5b733cd2ad,formula_not_evaluated,149.2
226ed3c2-e020-4c95-b1fc-4559fc2d18ac,d8e8d817-3d15-3d2b-8dd8-3f5b733cd2ad,formula_not_evaluated,133.9
226ed3c2-e020-4c95-b1fc-4559fc2d18ac,e919c83f-525b-3058-ae29-a85362b1b20e,formula_not_evaluated,1.0
226ed3c2-e020-4c95-b1fc-4559fc2d18ac,e919c83f-525b-3058-ae29-a85362b1b20e,formula_not_evaluated,133.9
226ed3c2-e020-4c95-b1fc-4559fc2d18ac,e919c83f-525b-3058-ae29-a85362b1b20e,formula_not_evaluated,15.31
226ed3c2-e020-4c95-b1fc-4559fc2d18ac,e919c83f-525b-3058-ae29-a85362b1b20e,formula_not_evaluated,149.2
226ed3c2-e020-4c95-b1fc-4559fc2d18ac,5e71644e-6793-3cf3-bfcb-50eb45aa4620,formula_not_evaluated,1.0
226ed3c2-e020-4c95-b1fc-4559fc2d18ac,5e71644e-6793-3cf3-bfcb-50eb45aa4620,formula_not_evaluated,1.3
226ed3c2-e020-4c95-b1fc-4559fc2d18ac,5e71644e-6793-3cf3-bfcb-50eb45aa4620,formula_not_evaluated,16.7
226ed3c2-e020-4c95-b1fc-4559fc2d18ac,5e71644e-6793-3cf3-bfcb-50eb45aa4620,formula_not_evaluated,13.2
226ed3c2-e020-4c95-b1fc-4559fc2d18ac,0b27a86d-d4f0-374d-879b-1a1d608d45f3,formula_not_evaluated,1.0
226ed3c2-e020-4c95-b1fc-4559fc2d18ac,0b27a86d-d4f0-374d-879b-1a1d608d45f3,formula_not_evaluated,77.92
226ed3c2-e020-4c95-b1fc-4559fc2d18ac,0b27a86d-d4f0-374d-879b-1a1d608d45f3,formula_not_evaluated,85.6
226ed3c2-e020-4c95-b1fc-4559fc2d18ac,0b27a86d-d4f0-374d-879b-1a1d608d45f3,formula_not_evaluated,7.68
226ed3c2-e020-4c95-b1fc-4559fc2d18ac,59fb955e-b52d-3905-8458-82b162d53f28,formula_not_evaluated,1.0
226ed3c2-e020-4c95-b1fc-4559fc2d18ac,59fb955e-b52d-3905-8458-82b162d53f28,formula_not_evaluated,20.36
226ed3c2-e020-4c95-b1fc-4559fc2d18ac,59fb955e-b52d-3905-8458-82b162d53f28,formula_not_evaluated,1.74
226ed3c2-e020-4c95-b1fc-4559fc2d18ac,59fb955e-b52d-3905-8458-82b162d53f28,formula_not_evaluated,22.1
226ed3c2-e020-4c95-b1fc-4559fc2d18ac,94dc458b-76a8-3589-9557-221c7499e7de,formula_not_evaluated,1.0
226ed3c2-e020-4c95-b1fc-4559fc2d18ac,94dc458b-76a8-3589-9557-221c7499e7de,formula_not_evaluated,65.1
226ed3c2-e020-4c95-b1fc-4559fc2d18ac,94dc458b-76a8-3589-9557-221c7499e7de,formula_not_evaluated,6.4
226ed3c2-e020-4c95-b1fc-4559fc2d18ac,94dc458b-76a8-3589-9557-221c7499e7de,formula_not_evaluated,71.5
226ed3c2-e020-4c95-b1fc-4559fc2d18ac,133b6dfd-8bfe-3b6a-9d67-1ea4796bdecb,formula_not_evaluated,1.0
226ed3c2-e020-4c95-b1fc-4559fc2d18ac,133b6dfd-8bfe-3b6a-9d67-1ea4796bdecb,formula_not_evaluated,47.37
226ed3c2-e020-4c95-b1fc-4559fc2d18ac,133b6dfd-8bfe-3b6a-9d67-1ea4796bdecb,formula_not_evaluated,5.13
226ed3c2-e020-4c95-b1fc-4559fc2d18ac,133b6dfd-8bfe-3b6a-9d67-1ea4796bdecb,formula_not_evaluated,52.5
226ed3c2-e020-4c95-b1fc-4559fc2d18ac,c3aa19a5-68de-30df-8e6a-150e62f4e25f,formula_not_evaluated,1.0
226ed3c2-e020-4c95-b1fc-4559fc2d18ac,c3aa19a5-68de-30df-8e6a-150e62f4e25f,formula_not_evaluated,20.0
226ed3c2-e020-4c95-b1fc-4559fc2d18ac,ba17bfb9-b3b1-391f-8635-b9987fb6cabd,formula_not_evaluated,1.0
226ed3c2-e020-4c95-b1fc-4559fc2d18ac,ba17bfb9-b3b1-391f-8635-b9987fb6cabd,formula_not_evaluated,168.6
226ed3c2-e020-4c95-b1fc-4559fc2d18ac,ba17bfb9-b3b1-391f-8635-b9987fb6cabd,formula_not_evaluated,205.63
226ed3c2-e020-4c95-b1fc-4559fc2d18ac,ba17bfb9-b3b1-391f-8635-b9987fb6cabd,formula_not_evaluated,18.663
226ed3c2-e020-4c95-b1fc-4559fc2d18ac,43ad0362-1490-36bd-a23b-65a6bd1c82fd,formula_not_evaluated,1.0
226ed3c2-e020-4c95-b1fc-4559fc2d18ac,43ad0362-1490-36bd-a23b-65a6bd1c82fd,formula_not_evaluated,79.0
226ed3c2-e020-4c95-b1fc-4559fc2d18ac,49f5324b-fc33-36e9-b5af-3c80d73492bd,formula_not_evaluated,0.0927260138915408/1000
226ed3c2-e020-4c95-b1fc-4559fc2d18ac,49f5324b-fc33-36e9-b5af-3c80d73492bd,formula_not_evaluated,0.568944794563613/1000
226ed3c2-e020-4c95-b1fc-4559fc2d18ac,49f5324b-fc33-36e9-b5af-3c80d73492bd,formula_not_evaluated,8.66683145189528E-4/1000
226ed3c2-e020-4c95-b1fc-4559fc2d18ac,49f5324b-fc33-36e9-b5af-3c80d73492bd,formula_not_evaluated,0.0637801850804929/1000
226ed3c2-e020-4c95-b1fc-4559fc2d18ac,49f5324b-fc33-36e9-b5af-3c80d73492bd,formula_not_evaluated,8117.09607745942/1000
226ed3c2-e020-4c95-b1fc-4559fc2d18ac,49f5324b-fc33-36e9-b5af-3c80d73492bd,formula_not_evaluated,84.1642798893327/1000
226ed3c2-e020-4c95-b1fc-4559fc2d18ac,49f5324b-fc33-36e9-b5af-3c80d73492bd,formula_not_evaluated,73.6180688995816/1000
226ed3c2-e020-4c95-b1fc-4559fc2d18ac,49f5324b-fc33-36e9-b5af-3c80d73492bd,formula_not_evaluated,5.29614097612442E-10/1000
226ed3c2-e020-4c95-b1fc-4559fc2d18ac,49f5324b-fc33-36e9-b5af-3c80d73492bd,formula_not_evaluated,0.0152584922830993/1000
226ed3c2-e020-4c95-b1fc-4559fc2d18ac,49f5324b-fc33-36e9-b5af-3c80d73492bd,formula_not_evaluated,0.0638081319607587/1000
226ed3c2-e020-4c95-b1fc-4559fc2d18ac,49f5324b-fc33-36e9-b5af-3c80d73492bd,formula_not_evaluated,0.357173332085199/1000
226ed3c2-e020-4c95-b1fc-4559fc2d18ac,49f5324b-fc33-36e9-b5af-3c80d73492bd,formula_not_evaluated,0.00164459502378888/1000
226ed3c2-e020-4c95-b1fc-4559fc2d18ac,49f5324b-fc33-36e9-b5af-3c80d73492bd,formula_not_evaluated,0.00124092169545173/1000
226ed3c2-e020-4c95-b1fc-4559fc2d18ac,49f5324b-fc33-36e9-b5af-3c80d73492bd,formula_not_evaluated,0.00269288610455168/1000
226ed3c2-e020-4c95-b1fc-4559fc2d18ac,49f5324b-fc33-36e9-b5af-3c80d73492bd,formula_not_evaluated,0.0181410008094303/1000
226ed3c2-e020-4c95-b1fc-4559fc2d18ac,49f5324b-fc33-36e9-b5af-3c80d73492bd,formula_not_evaluated,0.0126432176569692/1000
226ed3c2-e020-4c95-b1fc-4559fc2d18ac,49f5324b-fc33-36e9-b5af-3c80d73492bd,formula_not_evaluated,4.25933851912192E-24/1000
226ed3c2-e020-4c95-b1fc-4559fc2d18ac,49f5324b-fc33-36e9-b5af-3c80d73492bd,formula_not_evaluated,348.498687972212/1000
226ed3c2-e020-4c95-b1fc-4559fc2d18ac,49f5324b-fc33-36e9-b5af-3c80d73492bd,formula_not_evaluated,0.0756119786458802/1000
226ed3c2-e020-4c95-b1fc-4559fc2d18ac,49f5324b-fc33-36e9-b5af-3c80d73492bd,formula_not_evaluated,0.00207942946898787/1000
226ed3c2-e020-4c95-b1fc-4559fc2d18ac,49f5324b-fc33-36e9-b5af-3c80d73492bd,formula_not_evaluated,1.80793551417205E-6/1000
226ed3c2-e020-4c95-b1fc-4559fc2d18ac,49f5324b-fc33-36e9-b5af-3c80d73492bd,formula_not_evaluated,0.169103036161963/1000
226ed3c2-e020-4c95-b1fc-4559fc2d18ac,49f5324b-fc33-36e9-b5af-3c80d73492bd,formula_not_evaluated,519.46407736732/1000
226ed3c2-e020-4c95-b1fc-4559fc2d18ac,49f5324b-fc33-36e9-b5af-3c80d73492bd,formula_not_evaluated,7.01130058632015E-4/1000
226ed3c2-e020-4c95-b1fc-4559fc2d18ac,49f5324b-fc33-36e9-b5af-3c80d73492bd,formula_not_evaluated,0.0286052799488928/1000
226ed3c2-e020-4c95-b1fc-4559fc2d18ac,49f5324b-fc33-36e9-b5af-3c80d73492bd,formula_not_evaluated,0.00844829773348675/1000
226ed3c2-e020-4c95-b1fc-4559fc2d18ac,49f5324b-fc33-36e9-b5af-3c80d73492bd,formula_not_evaluated,97.905772317125/1000
226ed3c2-e020-4c95-b1fc-4559fc2d18ac,49f5324b-fc33-36e9-b5af-3c80d73492bd,formula_not_evaluated,0.0842233118381372/1000
226ed3c2-e020-4c95-b1fc-4559fc2d18ac,49f5324b-fc33-36e9-b5af-3c80d73492bd,formula_not_evaluated,0.298965788858356/1000
226ed3c2-e020-4c95-b1fc-4559fc2d18ac,49f5324b-fc33-36e9-b5af-3c80d73492bd,formula_not_evaluated,0.00168312835058402/1000
226ed3c2-e020-4c95-b1fc-4559fc2d18ac,49f5324b-fc33-36e9-b5af-3c80d73492bd,formula_not_evaluated,0.00844829679519649/1000
226ed3c2-e020-4c95-b1fc-4559fc2d18ac,49f5324b-fc33-36e9-b5af-3c80d73492bd,formula_not_evaluated,1.05254786994268/1000
226ed3c2-e020-4c95-b1fc-4559fc2d18ac,49f5324b-fc33-36e9-b5af-3c80d73492bd,formula_not_evaluated,0.184907058233175/1000
226ed3c2-e020-4c95-b1fc-4559fc2d18ac,49f5324b-fc33-36e9-b5af-3c80d73492bd,formula_not_evaluated,1382.851931231/1000
226ed3c2-e020-4c95-b1fc-4559fc2d18ac,49f5324b-fc33-36e9-b5af-3c80d73492bd,formula_not_evaluated,106.320301923714/1000
226ed3c2-e020-4c95-b1fc-4559fc2d18ac,49f5324b-fc33-36e9-b5af-3c80d73492bd,formula_not_evaluated,46416.8296288208/1000
226ed3c2-e020-4c95-b1fc-4559fc2d18ac,49f5324b-fc33-36e9-b5af-3c80d73492bd,formula_not_evaluated,0.0887732775797303/1000
226ed3c2-e020-4c95-b1fc-4559fc2d18ac,49f5324b-fc33-36e9-b5af-3c80d73492bd,formula_not_evaluated,139.698243847034/1000
226ed3c2-e020-4c95-b1fc-4559fc2d18ac,49f5324b-fc33-36e9-b5af-3c80d73492bd,formula_not_evaluated,0.67641585540903/1000
226ed3c2-e020-4c95-b1fc-4559fc2d18ac,49f5324b-fc33-36e9-b5af-3c80d73492bd,formula_not_evaluated,0.00376183985177636/1000
226ed3c2-e020-4c95-b1fc-4559fc2d18ac,49f5324b-fc33-36e9-b5af-3c80d73492bd,formula_not_evaluated,0.0603838528519003/1000
226ed3c2-e020-4c95-b1fc-4559fc2d18ac,49f5324b-fc33-36e9-b5af-3c80d73492bd,formula_not_evaluated,0.0181406290843713/1000
226ed3c2-e020-4c95-b1fc-4559fc2d18ac,49f5324b-fc33-36e9-b5af-3c80d73492bd,formula_not_evaluated,570.423231545287/1000
226ed3c2-e020-4c95-b1fc-4559fc2d18ac,49f5324b-fc33-36e9-b5af-3c80d73492bd,formula_not_evaluated,155.143456906054/1000
226ed3c2-e020-4c95-b1fc-4559fc2d18ac,49f5324b-fc33-36e9-b5af-3c80d73492bd,formula_not_evaluated,0.00107839274491182/1000
226ed3c2-e020-4c95-b1fc-4559fc2d18ac,49f5324b-fc33-36e9-b5af-3c80d73492bd,formula_not_evaluated,0.0202291482511507/1000
226ed3c2-e020-4c95-b1fc-4559fc2d18ac,49f5324b-fc33-36e9-b5af-3c80d73492bd,formula_not_evaluated,0.179435448497907/1000
226ed3c2-e020-4c95-b1fc-4559fc2d18ac,49f5324b-fc33-36e9-b5af-3c80d73492bd,formula_not_evaluated,0.771849320157163/1000
226ed3c2-e020-4c95-b1fc-4559fc2d18ac,49f5324b-fc33-36e9-b5af-3c80d73492bd,formula_not_evaluated,1.9243019059219E-6/1000
226ed3c2-e020-4c95-b1fc-4559fc2d18ac,49f5324b-fc33-36e9-b5af-3c80d73492bd,formula_not_evaluated,0.161142650491835/1000
226ed3c2-e020-4c95-b1fc-4559fc2d18ac,49f5324b-fc33-36e9-b5af-3c80d73492bd,formula_not_evaluated,4.88701127894634E-12/1000
226ed3c2-e020-4c95-b1fc-4559fc2d18ac,49f5324b-fc33-36e9-b5af-3c80d73492bd,formula_not_evaluated,4.57088006642848E-14/1000
226ed3c2-e020-4c95-b1fc-4559fc2d18ac,49f5324b-fc33-36e9-b5af-3c80d73492bd,formula_not_evaluated,1.14271774391688E-14/1000
226ed3c2-e020-4c95-b1fc-4559fc2d18ac,49f5324b-fc33-36e9-b5af-3c80d73492bd,formula_not_evaluated,3.25712369391409E-8/1000
226ed3c2-e020-4c95-b1fc-4559fc2d18ac,49f5324b-fc33-36e9-b5af-3c80d73492bd,formula_not_evaluated,0.00214109376872357/1000
226ed3c2-e020-4c95-b1fc-4559fc2d18ac,49f5324b-fc33-36e9-b5af-3c80d73492bd,formula_not_evaluated,0.0120937527229142/1000
226ed3c2-e020-4c95-b1fc-4559fc2d18ac,49f5324b-fc33-36e9-b5af-3c80d73492bd,formula_not_evaluated,1437.44407588897/1000
226ed3c2-e020-4c95-b1fc-4559fc2d18ac,49f5324b-fc33-36e9-b5af-3c80d73492bd,formula_not_evaluated,0.0657803470602252/1000
226ed3c2-e020-4c95-b1fc-4559fc2d18ac,49f5324b-fc33-36e9-b5af-3c80d73492bd,formula_not_evaluated,0.00493396909531221/1000
226ed3c2-e020-4c95-b1fc-4559fc2d18ac,49f5324b-fc33-36e9-b5af-3c80d73492bd,formula_not_evaluated,783.9517839998/1000
226ed3c2-e020-4c95-b1fc-4559fc2d18ac,49f5324b-fc33-36e9-b5af-3c80d73492bd,formula_not_evaluated,0.702223223790261/1000
226ed3c2-e020-4c95-b1fc-4559fc2d18ac,49f5324b-fc33-36e9-b5af-3c80d73492bd,formula_not_evaluated,1.91489219002566/1000
226ed3c2-e020-4c95-b1fc-4559fc2d18ac,49f5324b-fc33-36e9-b5af-3c80d73492bd,formula_not_evaluated,4629.86092581615/1000
226ed3c2-e020-4c95-b1fc-4559fc2d18ac,49f5324b-fc33-36e9-b5af-3c80d73492bd,formula_not_evaluated,0.00617082935210204/1000
226ed3c2-e020-4c95-b1fc-4559fc2d18ac,49f5324b-fc33-36e9-b5af-3c80d73492bd,formula_not_evaluated,2887.21966941416/1000
226ed3c2-e020-4c95-b1fc-4559fc2d18ac,49f5324b-fc33-36e9-b5af-3c80d73492bd,formula_not_evaluated,0.063840673666231/1000
226ed3c2-e020-4c95-b1fc-4559fc2d18ac,49f5324b-fc33-36e9-b5af-3c80d73492bd,formula_not_evaluated,2.28544003321422E-14/1000
226ed3c2-e020-4c95-b1fc-4559fc2d18ac,49f5324b-fc33-36e9-b5af-3c80d73492bd,formula_not_evaluated,4.78623396028017/1000
226ed3c2-e020-4c95-b1fc-4559fc2d18ac,49f5324b-fc33-36e9-b5af-3c80d73492bd,formula_not_evaluated,14.3943863794415+0.0222308171490274
226ed3c2-e020-4c95-b1fc-4559fc2d18ac,951c8e45-9267-36fc-873b-9af0718574e4,formula_not_evaluated,1.0
226ed3c2-e020-4c95-b1fc-4559fc2d18ac,951c8e45-9267-36fc-873b-9af0718574e4,formula_not_evaluated,1797.0
226ed3c2-e020-4c95-b1fc-4559fc2d18ac,c2bd01a2-0644-358b-8104-7812fb30ed8d,formula_not_evaluated,1.0
226ed3c2-e020-4c95-b1fc-4559fc2d18ac,c2bd01a2-0644-358b-8104-7812fb30ed8d,formula_not_evaluated,2085.0
226ed3c2-e020-4c95-b1fc-4559fc2d18ac,78315fca-7132-345f-bdd2-605420eddfeb,formula_not_evaluated,1.0
226ed3c2-e020-4c95-b1fc-4559fc2d18ac,78315fca-7132-345f-bdd2-605420eddfeb,formula_not_evaluated,196.5
226ed3c2-e020-4c95-b1fc-4559fc2d18ac,78315fca-7132-345f-bdd2-605420eddfeb,formula_not_evaluated,260.77
226ed3c2-e020-4c95-b1fc-4559fc2d18ac,78315fca-7132-345f-bdd2-605420eddfeb,formula_not_evaluated,21.197
226ed3c2-e020-4c95-b1fc-4559fc2d18ac,4435ce44-a5bc-331a-bd40-5c60994d8d85,formula_not_evaluated,1.0
226ed3c2-e020-4c95-b1fc-4559fc2d18ac,4435ce44-a5bc-331a-bd40-5c60994d8d85,formula_not_evaluated,1532.0
226ed3c2-e020-4c95-b1fc-4559fc2d18ac,c90c7691-78a0-3457-8bc5-122d05b49c38,formula_not_evaluated,1.0
226ed3c2-e020-4c95-b1fc-4559fc2d18ac,c90c7691-78a0-3457-8bc5-122d05b49c38,formula_not_evaluated,864.0
226ed3c2-e020-4c95-b1fc-4559fc2d18ac,18b8bc59-90da-35be-b01e-f2fefe29c995,formula_not_evaluated,1.0
226ed3c2-e020-4c95-b1fc-4559fc2d18ac,18b8bc59-90da-35be-b01e-f2fefe29c995,formula_not_evaluated,214.65
226ed3c2-e020-4c95-b1fc-4559fc2d18ac,18b8bc59-90da-35be-b01e-f2fefe29c995,formula_not_evaluated,301.7
226ed3c2-e020-4c95-b1fc-4559fc2d18ac,18b8bc59-90da-35be-b01e-f2fefe29c995,formula_not_evaluated,22.89
226ed3c2-e020-4c95-b1fc-4559fc2d18ac,1784b0f1-5494-3233-904f-8ed4315e029f,formula_not_evaluated,1.0
226ed3c2-e020-4c95-b1fc-4559fc2d18ac,1784b0f1-5494-3233-904f-8ed4315e029f,formula_not_evaluated,28.98
226ed3c2-e020-4c95-b1fc-4559fc2d18ac,1784b0f1-5494-3233-904f-8ed4315e029f,formula_not_evaluated,450.65
226ed3c2-e020-4c95-b1fc-4559fc2d18ac,1784b0f1-5494-3233-904f-8ed4315e029f,formula_not_evaluated,296.44
226ed3c2-e020-4c95-b1fc-4559fc2d18ac,2013d3cd-dd12-316f-aac9-4983529b083c,formula_not_evaluated,1.0
226ed3c2-e020-4c95-b1fc-4559fc2d18ac,2013d3cd-dd12-316f-aac9-4983529b083c,formula_not_evaluated,383.0
226ed3c2-e020-4c95-b1fc-4559fc2d18ac,3efbebec-e0c2-3136-855a-b278f31d3306,formula_not_evaluated,1.0
226ed3c2-e020-4c95-b1fc-4559fc2d18ac,3efbebec-e0c2-3136-855a-b278f31d3306,formula_not_evaluated,743.33
226ed3c2-e020-4c95-b1fc-4559fc2d18ac,b7df275b-009c-591c-b3fc-8fe0ae2c2ce1,formula_not_evaluated,ch4_leakage_active
226ed3c2-e020-4c95-b1fc-4559fc2d18ac,b7df275b-009c-591c-b3fc-8fe0ae2c2ce1,formula_not_evaluated,ng_flared_total
226ed3c2-e020-4c95-b1fc-4559fc2d18ac,b7df275b-009c-591c-b3fc-8fe0ae2c2ce1,formula_not_evaluated,ng_combusted_total * comp_frac * comp_re_share
226ed3c2-e020-4c95-b1fc-4559fc2d18ac,1e777c15-dde0-5b79-8a9d-08ea05f5bde2,formula_not_evaluated,ng_flared_total
226ed3c2-e020-4c95-b1fc-4559fc2d18ac,1e777c15-dde0-5b79-8a9d-08ea05f5bde2,formula_not_evaluated,ng_combusted_total * comp_frac * comp_re_share
226ed3c2-e020-4c95-b1fc-4559fc2d18ac,1e777c15-dde0-5b79-8a9d-08ea05f5bde2,formula_not_evaluated,ch4_leakage_active
226ed3c2-e020-4c95-b1fc-4559fc2d18ac,6d77f96e-54ae-5c2b-944f-12a70226f20a,formula_not_evaluated,ng_flared_total
226ed3c2-e020-4c95-b1fc-4559fc2d18ac,6d77f96e-54ae-5c2b-944f-12a70226f20a,formula_not_evaluated,ng_combusted_total * comp_frac * comp_re_share
226ed3c2-e020-4c95-b1fc-4559fc2d18ac,6d77f96e-54ae-5c2b-944f-12a70226f20a,formula_not_evaluated,ch4_leakage_active
226ed3c2-e020-4c95-b1fc-4559fc2d18ac,99898750-1f41-3c25-8ee0-aaae4b6697d0,formula_not_evaluated,0.476*1000
226ed3c2-e020-4c95-b1fc-4559fc2d18ac,99898750-1f41-3c25-8ee0-aaae4b6697d0,formula_not_evaluated,0.397*10000
226ed3c2-e020-4c95-b1fc-4559fc2d18ac,3221bb51-ac5f-36b7-a5c4-d81a5c65ccf0,formula_not_evaluated,0.476*1000
226ed3c2-e020-4c95-b1fc-4559fc2d18ac,3221bb51-ac5f-36b7-a5c4-d81a5c65ccf0,formula_not_evaluated,0.342*10000
226ed3c2-e020-4c95-b1fc-4559fc2d18ac,d5b0f333-d1b3-3ba1-8111-b036b67589f8,formula_not_evaluated,1.0*10000
226ed3c2-e020-4c95-b1fc-4559fc2d18ac,d5b0f333-d1b3-3ba1-8111-b036b67589f8,formula_not_evaluated,2.0*10000
226ed3c2-e020-4c95-b1fc-4559fc2d18ac,24ccf5c5-25f5-35da-bead-5edf4e14cdc1,formula_not_evaluated,1.0*10000
226ed3c2-e020-4c95-b1fc-4559fc2d18ac,24ccf5c5-25f5-35da-bead-5edf4e14cdc1,formula_not_evaluated,1.0*10000
226ed3c2-e020-4c95-b1fc-4559fc2d18ac,2813d2f3-6813-34d8-b47b-b464f390bcaf,formula_not_evaluated,1.0*10000
226ed3c2-e020-4c95-b1fc-4559fc2d18ac,2813d2f3-6813-34d8-b47b-b464f390bcaf,formula_not_evaluated,2.0*10000
226ed3c2-e020-4c95-b1fc-4559fc2d18ac,727c4049-41db-3645-a4f9-af66fa92dee0,formula_not_evaluated,9.07*1000
226ed3c2-e020-4c95-b1fc-4559fc2d18ac,727c4049-41db-3645-a4f9-af66fa92dee0,formula_not_evaluated,9.07*1000
226ed3c2-e020-4c95-b1fc-4559fc2d18ac,c0138d7e-3eac-3b37-b27a-58c9d5a2d1cf,formula_not_evaluated,1.71*1000
226ed3c2-e020-4c95-b1fc-4559fc2d18ac,c0138d7e-3eac-3b37-b27a-58c9d5a2d1cf,formula_not_evaluated,0.405*10000
226ed3c2-e020-4c95-b1fc-4559fc2d18ac,b0d4a167-e4f4-3ecd-8ce0-76caf610a6ff,formula_not_evaluated,1.0
226ed3c2-e020-4c95-b1fc-4559fc2d18ac,b0d4a167-e4f4-3ecd-8ce0-76caf610a6ff,formula_not_evaluated,1.0
226ed3c2-e020-4c95-b1fc-4559fc2d18ac,d82bfa88-f1d3-3bd8-a88d-837102bfe169,formula_not_evaluated,1.0
226ed3c2-e020-4c95-b1fc-4559fc2d18ac,d82bfa88-f1d3-3bd8-a88d-837102bfe169,formula_not_evaluated,1.11E-8
226ed3c2-e020-4c95-b1fc-4559fc2d18ac,d82bfa88-f1d3-3bd8-a88d-837102bfe169,formula_not_evaluated,2.506E-6
226ed3c2-e020-4c95-b1fc-4559fc2d18ac,d82bfa88-f1d3-3bd8-a88d-837102bfe169,formula_not_evaluated,2.8862E-7
226ed3c2-e020-4c95-b1fc-4559fc2d18ac,d82bfa88-f1d3-3bd8-a88d-837102bfe169,formula_not_evaluated,1.3969E-5
226ed3c2-e020-4c95-b1fc-4559fc2d18ac,d82bfa88-f1d3-3bd8-a88d-837102bfe169,formula_not_evaluated,6.2239E-10
226ed3c2-e020-4c95-b1fc-4559fc2d18ac,d82bfa88-f1d3-3bd8-a88d-837102bfe169,formula_not_evaluated,2.1475E-4
226ed3c2-e020-4c95-b1fc-4559fc2d18ac,7c86fa8e-ca28-3d00-9118-930ccd8dde1e,formula_not_evaluated,1000.0
226ed3c2-e020-4c95-b1fc-4559fc2d18ac,7c86fa8e-ca28-3d00-9118-930ccd8dde1e,formula_not_evaluated,1000
226ed3c2-e020-4c95-b1fc-4559fc2d18ac,7c86fa8e-ca28-3d00-9118-930ccd8dde1e,formula_not_evaluated,1000.0
226ed3c2-e020-4c95-b1fc-4559fc2d18ac,7c86fa8e-ca28-3d00-9118-930ccd8dde1e,formula_not_evaluated,(0.428)
226ed3c2-e020-4c95-b1fc-4559fc2d18ac,bcc68f88-debb-3fc3-93ee-5ceadcef0b14,formula_not_evaluated,11.001/1000
226ed3c2-e020-4c95-b1fc-4559fc2d18ac,bcc68f88-debb-3fc3-93ee-5ceadcef0b14,formula_not_evaluated,460.71/1000
226ed3c2-e020-4c95-b1fc-4559fc2d18ac,bcc68f88-debb-3fc3-93ee-5ceadcef0b14,formula_not_evaluated,2.9884/1000
226ed3c2-e020-4c95-b1fc-4559fc2d18ac,bcc68f88-debb-3fc3-93ee-5ceadcef0b14,formula_not_evaluated,0.93669/1000
226ed3c2-e020-4c95-b1fc-4559fc2d18ac,bcc68f88-debb-3fc3-93ee-5ceadcef0b14,formula_not_evaluated,78060.0/1000
226ed3c2-e020-4c95-b1fc-4559fc2d18ac,bcc68f88-debb-3fc3-93ee-5ceadcef0b14,formula_not_evaluated,4.7791/1000
226ed3c2-e020-4c95-b1fc-4559fc2d18ac,bcc68f88-debb-3fc3-93ee-5ceadcef0b14,formula_not_evaluated,11.819/1000
226ed3c2-e020-4c95-b1fc-4559fc2d18ac,bcc68f88-debb-3fc3-93ee-5ceadcef0b14,formula_not_evaluated,5.5701E-4/1000
226ed3c2-e020-4c95-b1fc-4559fc2d18ac,bcc68f88-debb-3fc3-93ee-5ceadcef0b14,formula_not_evaluated,2.4446/1000
226ed3c2-e020-4c95-b1fc-4559fc2d18ac,bcc68f88-debb-3fc3-93ee-5ceadcef0b14,formula_not_evaluated,1.9923/1000
226ed3c2-e020-4c95-b1fc-4559fc2d18ac,bcc68f88-debb-3fc3-93ee-5ceadcef0b14,formula_not_evaluated,0.63277/1000
226ed3c2-e020-4c95-b1fc-4559fc2d18ac,bcc68f88-debb-3fc3-93ee-5ceadcef0b14,formula_not_evaluated,15098.0/1000
226ed3c2-e020-4c95-b1fc-4559fc2d18ac,bcc68f88-debb-3fc3-93ee-5ceadcef0b14,formula_not_evaluated,0.26266/1000
226ed3c2-e020-4c95-b1fc-4559fc2d18ac,bcc68f88-debb-3fc3-93ee-5ceadcef0b14,formula_not_evaluated,6.5496E-8/1000
226ed3c2-e020-4c95-b1fc-4559fc2d18ac,bcc68f88-debb-3fc3-93ee-5ceadcef0b14,formula_not_evaluated,227430.0/1000
226ed3c2-e020-4c95-b1fc-4559fc2d18ac,bcc68f88-debb-3fc3-93ee-5ceadcef0b14,formula_not_evaluated,13.105/1000
226ed3c2-e020-4c95-b1fc-4559fc2d18ac,bcc68f88-debb-3fc3-93ee-5ceadcef0b14,formula_not_evaluated,22167.0/1000
226ed3c2-e020-4c95-b1fc-4559fc2d18ac,bcc68f88-debb-3fc3-93ee-5ceadcef0b14,formula_not_evaluated,0.38815/1000
226ed3c2-e020-4c95-b1fc-4559fc2d18ac,bcc68f88-debb-3fc3-93ee-5ceadcef0b14,formula_not_evaluated,12.341/1000
226ed3c2-e020-4c95-b1fc-4559fc2d18ac,bcc68f88-debb-3fc3-93ee-5ceadcef0b14,formula_not_evaluated,64.322/1000
226ed3c2-e020-4c95-b1fc-4559fc2d18ac,bcc68f88-debb-3fc3-93ee-5ceadcef0b14,formula_not_evaluated,0.38815/1000
226ed3c2-e020-4c95-b1fc-4559fc2d18ac,bcc68f88-debb-3fc3-93ee-5ceadcef0b14,formula_not_evaluated,60.637/1000
226ed3c2-e020-4c95-b1fc-4559fc2d18ac,bcc68f88-debb-3fc3-93ee-5ceadcef0b14,formula_not_evaluated,27008.0/1000
226ed3c2-e020-4c95-b1fc-4559fc2d18ac,bcc68f88-debb-3fc3-93ee-5ceadcef0b14,formula_not_evaluated,6.6274/1000
226ed3c2-e020-4c95-b1fc-4559fc2d18ac,bcc68f88-debb-3fc3-93ee-5ceadcef0b14,formula_not_evaluated,19.378/1000
226ed3c2-e020-4c95-b1fc-4559fc2d18ac,bcc68f88-debb-3fc3-93ee-5ceadcef0b14,formula_not_evaluated,28728.0/1000
226ed3c2-e020-4c95-b1fc-4559fc2d18ac,bcc68f88-debb-3fc3-93ee-5ceadcef0b14,formula_not_evaluated,12.605/1000
226ed3c2-e020-4c95-b1fc-4559fc2d18ac,bcc68f88-debb-3fc3-93ee-5ceadcef0b14,formula_not_evaluated,0.0011086/1000
226ed3c2-e020-4c95-b1fc-4559fc2d18ac,bcc68f88-debb-3fc3-93ee-5ceadcef0b14,formula_not_evaluated,0.59426/1000
226ed3c2-e020-4c95-b1fc-4559fc2d18ac,bcc68f88-debb-3fc3-93ee-5ceadcef0b14,formula_not_evaluated,0.0016756/1000
226ed3c2-e020-4c95-b1fc-4559fc2d18ac,bcc68f88-debb-3fc3-93ee-5ceadcef0b14,formula_not_evaluated,21.866/1000
226ed3c2-e020-4c95-b1fc-4559fc2d18ac,bcc68f88-debb-3fc3-93ee-5ceadcef0b14,formula_not_evaluated,85716.0/1000
226ed3c2-e020-4c95-b1fc-4559fc2d18ac,bcc68f88-debb-3fc3-93ee-5ceadcef0b14,formula_not_evaluated,0.42025/1000
226ed3c2-e020-4c95-b1fc-4559fc2d18ac,bcc68f88-debb-3fc3-93ee-5ceadcef0b14,formula_not_evaluated,0.14292/1000
226ed3c2-e020-4c95-b1fc-4559fc2d18ac,bcc68f88-debb-3fc3-93ee-5ceadcef0b14,formula_not_evaluated,3.513/1000
226ed3c2-e020-4c95-b1fc-4559fc2d18ac,bcc68f88-debb-3fc3-93ee-5ceadcef0b14,formula_not_evaluated,5.6527E-12/1000
226ed3c2-e020-4c95-b1fc-4559fc2d18ac,bcc68f88-debb-3fc3-93ee-5ceadcef0b14,formula_not_evaluated,118220.0/1000
226ed3c2-e020-4c95-b1fc-4559fc2d18ac,bcc68f88-debb-3fc3-93ee-5ceadcef0b14,formula_not_evaluated,3.8413/1000
226ed3c2-e020-4c95-b1fc-4559fc2d18ac,bcc68f88-debb-3fc3-93ee-5ceadcef0b14,formula_not_evaluated,56219.0/1000
226ed3c2-e020-4c95-b1fc-4559fc2d18ac,bcc68f88-debb-3fc3-93ee-5ceadcef0b14,formula_not_evaluated,2.9884/1000
226ed3c2-e020-4c95-b1fc-4559fc2d18ac,bcc68f88-debb-3fc3-93ee-5ceadcef0b14,formula_not_evaluated,1.4132E-12/1000
226ed3c2-e020-4c95-b1fc-4559fc2d18ac,bcc68f88-debb-3fc3-93ee-5ceadcef0b14,formula_not_evaluated,174.13/1000
226ed3c2-e020-4c95-b1fc-4559fc2d18ac,bcc68f88-debb-3fc3-93ee-5ceadcef0b14,formula_not_evaluated,0.32425/1000
226ed3c2-e020-4c95-b1fc-4559fc2d18ac,bcc68f88-debb-3fc3-93ee-5ceadcef0b14,formula_not_evaluated,895410.0+970.75
226ed3c2-e020-4c95-b1fc-4559fc2d18ac,bcc68f88-debb-3fc3-93ee-5ceadcef0b14,formula_not_evaluated,0.063443/1000
226ed3c2-e020-4c95-b1fc-4559fc2d18ac,bcc68f88-debb-3fc3-93ee-5ceadcef0b14,formula_not_evaluated,0.066928/1000
226ed3c2-e020-4c95-b1fc-4559fc2d18ac,bcc68f88-debb-3fc3-93ee-5ceadcef0b14,formula_not_evaluated,974340.0/1000
226ed3c2-e020-4c95-b1fc-4559fc2d18ac,bcc68f88-debb-3fc3-93ee-5ceadcef0b14,formula_not_evaluated,4.2029E-4/1000
226ed3c2-e020-4c95-b1fc-4559fc2d18ac,bcc68f88-debb-3fc3-93ee-5ceadcef0b14,formula_not_evaluated,7.6619E-8/1000
226ed3c2-e020-4c95-b1fc-4559fc2d18ac,bcc68f88-debb-3fc3-93ee-5ceadcef0b14,formula_not_evaluated,1.5526E-21/1000
226ed3c2-e020-4c95-b1fc-4559fc2d18ac,bcc68f88-debb-3fc3-93ee-5ceadcef0b14,formula_not_evaluated,14.606/1000
226ed3c2-e020-4c95-b1fc-4559fc2d18ac,bcc68f88-debb-3fc3-93ee-5ceadcef0b14,formula_not_evaluated,2.8264E-12/1000
226ed3c2-e020-4c95-b1fc-4559fc2d18ac,bcc68f88-debb-3fc3-93ee-5ceadcef0b14,formula_not_evaluated,0.36546/1000
226ed3c2-e020-4c95-b1fc-4559fc2d18ac,bcc68f88-debb-3fc3-93ee-5ceadcef0b14,formula_not_evaluated,8.3064E-5/1000
226ed3c2-e020-4c95-b1fc-4559fc2d18ac,bcc68f88-debb-3fc3-93ee-5ceadcef0b14,formula_not_evaluated,17333.0/1000
226ed3c2-e020-4c95-b1fc-4559fc2d18ac,bcc68f88-debb-3fc3-93ee-5ceadcef0b14,formula_not_evaluated,11340.0/1000
226ed3c2-e020-4c95-b1fc-4559fc2d18ac,bcc68f88-debb-3fc3-93ee-5ceadcef0b14,formula_not_evaluated,719.25/1000
226ed3c2-e020-4c95-b1fc-4559fc2d18ac,bcc68f88-debb-3fc3-93ee-5ceadcef0b14,formula_not_evaluated,0.57957/1000
226ed3c2-e020-4c95-b1fc-4559fc2d18ac,bcc68f88-debb-3fc3-93ee-5ceadcef0b14,formula_not_evaluated,20379.0/1000
226ed3c2-e020-4c95-b1fc-4559fc2d18ac,bcc68f88-debb-3fc3-93ee-5ceadcef0b14,formula_not_evaluated,9.753E-5/1000
226ed3c2-e020-4c95-b1fc-4559fc2d18ac,bcc68f88-debb-3fc3-93ee-5ceadcef0b14,formula_not_evaluated,0.061807/1000
226ed3c2-e020-4c95-b1fc-4559fc2d18ac,bcc68f88-debb-3fc3-93ee-5ceadcef0b14,formula_not_evaluated,437760.0/1000
226ed3c2-e020-4c95-b1fc-4559fc2d18ac,bcc68f88-debb-3fc3-93ee-5ceadcef0b14,formula_not_evaluated,1088500.0/1000
226ed3c2-e020-4c95-b1fc-4559fc2d18ac,bcc68f88-debb-3fc3-93ee-5ceadcef0b14,formula_not_evaluated,0.034966/1000
226ed3c2-e020-4c95-b1fc-4559fc2d18ac,bcc68f88-debb-3fc3-93ee-5ceadcef0b14,formula_not_evaluated,27.511/1000
226ed3c2-e020-4c95-b1fc-4559fc2d18ac,bcc68f88-debb-3fc3-93ee-5ceadcef0b14,formula_not_evaluated,6.0437E-10/1000
226ed3c2-e020-4c95-b1fc-4559fc2d18ac,bcc68f88-debb-3fc3-93ee-5ceadcef0b14,formula_not_evaluated,23329.0/1000
226ed3c2-e020-4c95-b1fc-4559fc2d18ac,99963138-ddf9-3b32-9e93-69593d76cb08,formula_not_evaluated,0.011469/1000
226ed3c2-e020-4c95-b1fc-4559fc2d18ac,99963138-ddf9-3b32-9e93-69593d76cb08,formula_not_evaluated,0.0014106/1000
226ed3c2-e020-4c95-b1fc-4559fc2d18ac,99963138-ddf9-3b32-9e93-69593d76cb08,formula_not_evaluated,0.34571/1000
226ed3c2-e020-4c95-b1fc-4559fc2d18ac,99963138-ddf9-3b32-9e93-69593d76cb08,formula_not_evaluated,1.3898E-5/1000
226ed3c2-e020-4c95-b1fc-4559fc2d18ac,99963138-ddf9-3b32-9e93-69593d76cb08,formula_not_evaluated,321.46/1000
226ed3c2-e020-4c95-b1fc-4559fc2d18ac,99963138-ddf9-3b32-9e93-69593d76cb08,formula_not_evaluated,2.3116E-23/1000
226ed3c2-e020-4c95-b1fc-4559fc2d18ac,99963138-ddf9-3b32-9e93-69593d76cb08,formula_not_evaluated,0.093682/1000
226ed3c2-e020-4c95-b1fc-4559fc2d18ac,99963138-ddf9-3b32-9e93-69593d76cb08,formula_not_evaluated,0.22849/1000
226ed3c2-e020-4c95-b1fc-4559fc2d18ac,99963138-ddf9-3b32-9e93-69593d76cb08,formula_not_evaluated,3.1192E-5/1000
226ed3c2-e020-4c95-b1fc-4559fc2d18ac,99963138-ddf9-3b32-9e93-69593d76cb08,formula_not_evaluated,2.1435/1000
226ed3c2-e020-4c95-b1fc-4559fc2d18ac,99963138-ddf9-3b32-9e93-69593d76cb08,formula_not_evaluated,6.6632E-4/1000
226ed3c2-e020-4c95-b1fc-4559fc2d18ac,99963138-ddf9-3b32-9e93-69593d76cb08,formula_not_evaluated,0.011037/1000
226ed3c2-e020-4c95-b1fc-4559fc2d18ac,99963138-ddf9-3b32-9e93-69593d76cb08,formula_not_evaluated,0.029287/1000
226ed3c2-e020-4c95-b1fc-4559fc2d18ac,99963138-ddf9-3b32-9e93-69593d76cb08,formula_not_evaluated,9.9356E-12/1000
226ed3c2-e020-4c95-b1fc-4559fc2d18ac,99963138-ddf9-3b32-9e93-69593d76cb08,formula_not_evaluated,4.6464E-14/1000
226ed3c2-e020-4c95-b1fc-4559fc2d18ac,99963138-ddf9-3b32-9e93-69593d76cb08,formula_not_evaluated,840.27/1000
226ed3c2-e020-4c95-b1fc-4559fc2d18ac,99963138-ddf9-3b32-9e93-69593d76cb08,formula_not_evaluated,1.0767E-9/1000
226ed3c2-e020-4c95-b1fc-4559fc2d18ac,99963138-ddf9-3b32-9e93-69593d76cb08,formula_not_evaluated,80.056/1000
226ed3c2-e020-4c95-b1fc-4559fc2d18ac,99963138-ddf9-3b32-9e93-69593d76cb08,formula_not_evaluated,0.021965/1000
226ed3c2-e020-4c95-b1fc-4559fc2d18ac,99963138-ddf9-3b32-9e93-69593d76cb08,formula_not_evaluated,0.0010227/1000
226ed3c2-e020-4c95-b1fc-4559fc2d18ac,99963138-ddf9-3b32-9e93-69593d76cb08,formula_not_evaluated,0.0017846/1000
226ed3c2-e020-4c95-b1fc-4559fc2d18ac,99963138-ddf9-3b32-9e93-69593d76cb08,formula_not_evaluated,9.2929E-14/1000
226ed3c2-e020-4c95-b1fc-4559fc2d18ac,99963138-ddf9-3b32-9e93-69593d76cb08,formula_not_evaluated,96.17/1000
226ed3c2-e020-4c95-b1fc-4559fc2d18ac,99963138-ddf9-3b32-9e93-69593d76cb08,formula_not_evaluated,0.63956/1000
226ed3c2-e020-4c95-b1fc-4559fc2d18ac,99963138-ddf9-3b32-9e93-69593d76cb08,formula_not_evaluated,64.639/1000
226ed3c2-e020-4c95-b1fc-4559fc2d18ac,99963138-ddf9-3b32-9e93-69593d76cb08,formula_not_evaluated,0.068243/1000
226ed3c2-e020-4c95-b1fc-4559fc2d18ac,99963138-ddf9-3b32-9e93-69593d76cb08,formula_not_evaluated,0.012292/1000
226ed3c2-e020-4c95-b1fc-4559fc2d18ac,99963138-ddf9-3b32-9e93-69593d76cb08,formula_not_evaluated,1009.6/1000
226ed3c2-e020-4c95-b1fc-4559fc2d18ac,99963138-ddf9-3b32-9e93-69593d76cb08,formula_not_evaluated,0.11236/1000
226ed3c2-e020-4c95-b1fc-4559fc2d18ac,99963138-ddf9-3b32-9e93-69593d76cb08,formula_not_evaluated,0.05862/1000
226ed3c2-e020-4c95-b1fc-4559fc2d18ac,99963138-ddf9-3b32-9e93-69593d76cb08,formula_not_evaluated,0.052444/1000
226ed3c2-e020-4c95-b1fc-4559fc2d18ac,99963138-ddf9-3b32-9e93-69593d76cb08,formula_not_evaluated,2.9637/1000
226ed3c2-e020-4c95-b1fc-4559fc2d18ac,99963138-ddf9-3b32-9e93-69593d76cb08,formula_not_evaluated,0.0039175/1000
226ed3c2-e020-4c95-b1fc-4559fc2d18ac,99963138-ddf9-3b32-9e93-69593d76cb08,formula_not_evaluated,0.82632/1000
226ed3c2-e020-4c95-b1fc-4559fc2d18ac,99963138-ddf9-3b32-9e93-69593d76cb08,formula_not_evaluated,2.4544E-6/1000
226ed3c2-e020-4c95-b1fc-4559fc2d18ac,99963138-ddf9-3b32-9e93-69593d76cb08,formula_not_evaluated,0.0032907/1000
226ed3c2-e020-4c95-b1fc-4559fc2d18ac,99963138-ddf9-3b32-9e93-69593d76cb08,formula_not_evaluated,5.5268E-5/1000
226ed3c2-e020-4c95-b1fc-4559fc2d18ac,99963138-ddf9-3b32-9e93-69593d76cb08,formula_not_evaluated,0.059861/1000
226ed3c2-e020-4c95-b1fc-4559fc2d18ac,99963138-ddf9-3b32-9e93-69593d76cb08,formula_not_evaluated,0.29424/1000
226ed3c2-e020-4c95-b1fc-4559fc2d18ac,99963138-ddf9-3b32-9e93-69593d76cb08,formula_not_evaluated,2.3232E-14/1000
226ed3c2-e020-4c95-b1fc-4559fc2d18ac,99963138-ddf9-3b32-9e93-69593d76cb08,formula_not_evaluated,0.28687/1000
226ed3c2-e020-4c95-b1fc-4559fc2d18ac,99963138-ddf9-3b32-9e93-69593d76cb08,formula_not_evaluated,0.013985/1000
226ed3c2-e020-4c95-b1fc-4559fc2d18ac,99963138-ddf9-3b32-9e93-69593d76cb08,formula_not_evaluated,0.011469/1000
226ed3c2-e020-4c95-b1fc-4559fc2d18ac,99963138-ddf9-3b32-9e93-69593d76cb08,formula_not_evaluated,3.091E-4/1000
226ed3c2-e020-4c95-b1fc-4559fc2d18ac,99963138-ddf9-3b32-9e93-69593d76cb08,formula_not_evaluated,0.0076824/1000
226ed3c2-e020-4c95-b1fc-4559fc2d18ac,99963138-ddf9-3b32-9e93-69593d76cb08,formula_not_evaluated,1827.7/1000
226ed3c2-e020-4c95-b1fc-4559fc2d18ac,99963138-ddf9-3b32-9e93-69593d76cb08,formula_not_evaluated,4699.7/1000
226ed3c2-e020-4c95-b1fc-4559fc2d18ac,99963138-ddf9-3b32-9e93-69593d76cb08,formula_not_evaluated,0.0030981/1000
226ed3c2-e020-4c95-b1fc-4559fc2d18ac,99963138-ddf9-3b32-9e93-69593d76cb08,formula_not_evaluated,489.52/1000
226ed3c2-e020-4c95-b1fc-4559fc2d18ac,99963138-ddf9-3b32-9e93-69593d76cb08,formula_not_evaluated,0.0020235/1000
226ed3c2-e020-4c95-b1fc-4559fc2d18ac,99963138-ddf9-3b32-9e93-69593d76cb08,formula_not_evaluated,55750.0+16.564
226ed3c2-e020-4c95-b1fc-4559fc2d18ac,99963138-ddf9-3b32-9e93-69593d76cb08,formula_not_evaluated,2.5488E-6/1000
226ed3c2-e020-4c95-b1fc-4559fc2d18ac,99963138-ddf9-3b32-9e93-69593d76cb08,formula_not_evaluated,0.063349/1000
226ed3c2-e020-4c95-b1fc-4559fc2d18ac,99963138-ddf9-3b32-9e93-69593d76cb08,formula_not_evaluated,3.19E-4/1000
226ed3c2-e020-4c95-b1fc-4559fc2d18ac,99963138-ddf9-3b32-9e93-69593d76cb08,formula_not_evaluated,1.842E-5/1000
226ed3c2-e020-4c95-b1fc-4559fc2d18ac,99963138-ddf9-3b32-9e93-69593d76cb08,formula_not_evaluated,269.44/1000
226ed3c2-e020-4c95-b1fc-4559fc2d18ac,99963138-ddf9-3b32-9e93-69593d76cb08,formula_not_evaluated,5381.4/1000
226ed3c2-e020-4c95-b1fc-4559fc2d18ac,99963138-ddf9-3b32-9e93-69593d76cb08,formula_not_evaluated,94.557/1000
226ed3c2-e020-4c95-b1fc-4559fc2d18ac,99963138-ddf9-3b32-9e93-69593d76cb08,formula_not_evaluated,0.10275/1000
226ed3c2-e020-4c95-b1fc-4559fc2d18ac,99963138-ddf9-3b32-9e93-69593d76cb08,formula_not_evaluated,48.477/1000
226ed3c2-e020-4c95-b1fc-4559fc2d18ac,99963138-ddf9-3b32-9e93-69593d76cb08,formula_not_evaluated,0.017382/1000
226ed3c2-e020-4c95-b1fc-4559fc2d18ac,99963138-ddf9-3b32-9e93-69593d76cb08,formula_not_evaluated,0.0093229/1000
226ed3c2-e020-4c95-b1fc-4559fc2d18ac,99963138-ddf9-3b32-9e93-69593d76cb08,formula_not_evaluated,352.98/1000
226ed3c2-e020-4c95-b1fc-4559fc2d18ac,99963138-ddf9-3b32-9e93-69593d76cb08,formula_not_evaluated,0.013984/1000
226ed3c2-e020-4c95-b1fc-4559fc2d18ac,99963138-ddf9-3b32-9e93-69593d76cb08,formula_not_evaluated,571.94/1000
226ed3c2-e020-4c95-b1fc-4559fc2d18ac,99963138-ddf9-3b32-9e93-69593d76cb08,formula_not_evaluated,101.92/1000
226ed3c2-e020-4c95-b1fc-4559fc2d18ac,99963138-ddf9-3b32-9e93-69593d76cb08,formula_not_evaluated,4.6778E-10/1000
226ed3c2-e020-4c95-b1fc-4559fc2d18ac,99c32bb7-a42a-3565-afc0-e56e50bef309,formula_not_evaluated,1.0
226ed3c2-e020-4c95-b1fc-4559fc2d18ac,99c32bb7-a42a-3565-afc0-e56e50bef309,formula_not_evaluated,0.5
226ed3c2-e020-4c95-b1fc-4559fc2d18ac,15ec2675-6091-37da-9849-6e2229ab9d85,formula_not_evaluated,1000.0
226ed3c2-e020-4c95-b1fc-4559fc2d18ac,15ec2675-6091-37da-9849-6e2229ab9d85,formula_not_evaluated,1088.7
226ed3c2-e020-4c95-b1fc-4559fc2d18ac,15ec2675-6091-37da-9849-6e2229ab9d85,formula_not_evaluated,3.6 * (2.1861)
226ed3c2-e020-4c95-b1fc-4559fc2d18ac,15ec2675-6091-37da-9849-6e2229ab9d85,formula_not_evaluated,2337.4
226ed3c2-e020-4c95-b1fc-4559fc2d18ac,15ec2675-6091-37da-9849-6e2229ab9d85,formula_not_evaluated,(2.5036)
226ed3c2-e020-4c95-b1fc-4559fc2d18ac,15ec2675-6091-37da-9849-6e2229ab9d85,formula_not_evaluated,0.01
226ed3c2-e020-4c95-b1fc-4559fc2d18ac,64394243-614a-3ed3-93a7-1eecd7ac6608,formula_not_evaluated,2000.0
226ed3c2-e020-4c95-b1fc-4559fc2d18ac,64394243-614a-3ed3-93a7-1eecd7ac6608,formula_not_evaluated,(469.9)
226ed3c2-e020-4c95-b1fc-4559fc2d18ac,64394243-614a-3ed3-93a7-1eecd7ac6608,formula_not_evaluated,(0.38378)
226ed3c2-e020-4c95-b1fc-4559fc2d18ac,64394243-614a-3ed3-93a7-1eecd7ac6608,formula_not_evaluated,(0.92)
226ed3c2-e020-4c95-b1fc-4559fc2d18ac,64394243-614a-3ed3-93a7-1eecd7ac6608,formula_not_evaluated,3.6 * (162.37)
226ed3c2-e020-4c95-b1fc-4559fc2d18ac,64394243-614a-3ed3-93a7-1eecd7ac6608,formula_not_evaluated,(4.169)
226ed3c2-e020-4c95-b1fc-4559fc2d18ac,64394243-614a-3ed3-93a7-1eecd7ac6608,formula_not_evaluated,(221.8)
226ed3c2-e020-4c95-b1fc-4559fc2d18ac,64394243-614a-3ed3-93a7-1eecd7ac6608,formula_not_evaluated,(0.0047972)
226ed3c2-e020-4c95-b1fc-4559fc2d18ac,64394243-614a-3ed3-93a7-1eecd7ac6608,formula_not_evaluated,(0.22387)
226ed3c2-e020-4c95-b1fc-4559fc2d18ac,64394243-614a-3ed3-93a7-1eecd7ac6608,formula_not_evaluated,(1300)
226ed3c2-e020-4c95-b1fc-4559fc2d18ac,64394243-614a-3ed3-93a7-1eecd7ac6608,formula_not_evaluated,(2.8144)
226ed3c2-e020-4c95-b1fc-4559fc2d18ac,64394243-614a-3ed3-93a7-1eecd7ac6608,formula_not_evaluated,(0.063963)
226ed3c2-e020-4c95-b1fc-4559fc2d18ac,64394243-614a-3ed3-93a7-1eecd7ac6608,formula_not_evaluated,(2929.0)
226ed3c2-e020-4c95-b1fc-4559fc2d18ac,64394243-614a-3ed3-93a7-1eecd7ac6608,formula_not_evaluated,(0.031982)
226ed3c2-e020-4c95-b1fc-4559fc2d18ac,1b3e0fa2-3e38-3474-a5d6-6dd3e3452395,formula_not_evaluated,1000.0
226ed3c2-e020-4c95-b1fc-4559fc2d18ac,1b3e0fa2-3e38-3474-a5d6-6dd3e3452395,formula_not_evaluated,26.2
226ed3c2-e020-4c95-b1fc-4559fc2d18ac,1b3e0fa2-3e38-3474-a5d6-6dd3e3452395,formula_not_evaluated,(7.282)
226ed3c2-e020-4c95-b1fc-4559fc2d18ac,1b3e0fa2-3e38-3474-a5d6-6dd3e3452395,formula_not_evaluated,(0.047)
226ed3c2-e020-4c95-b1fc-4559fc2d18ac,1b3e0fa2-3e38-3474-a5d6-6dd3e3452395,formula_not_evaluated,611.1
226ed3c2-e020-4c95-b1fc-4559fc2d18ac,1b3e0fa2-3e38-3474-a5d6-6dd3e3452395,formula_not_evaluated,8.55
226ed3c2-e020-4c95-b1fc-4559fc2d18ac,1b3e0fa2-3e38-3474-a5d6-6dd3e3452395,formula_not_evaluated,5.278
226ed3c2-e020-4c95-b1fc-4559fc2d18ac,1b3e0fa2-3e38-3474-a5d6-6dd3e3452395,formula_not_evaluated,(0.1157)
226ed3c2-e020-4c95-b1fc-4559fc2d18ac,1b3e0fa2-3e38-3474-a5d6-6dd3e3452395,formula_not_evaluated,(23.362)
226ed3c2-e020-4c95-b1fc-4559fc2d18ac,1b3e0fa2-3e38-3474-a5d6-6dd3e3452395,formula_not_evaluated,214.7
226ed3c2-e020-4c95-b1fc-4559fc2d18ac,1b3e0fa2-3e38-3474-a5d6-6dd3e3452395,formula_not_evaluated,(0.304)
226ed3c2-e020-4c95-b1fc-4559fc2d18ac,34897ebd-aa3d-347c-91ee-876c3f835fdb,formula_not_evaluated,3.129169341799E-14/1000
226ed3c2-e020-4c95-b1fc-4559fc2d18ac,34897ebd-aa3d-347c-91ee-876c3f835fdb,formula_not_evaluated,0.494659384376042+0.0483385213709498
226ed3c2-e020-4c95-b1fc-4559fc2d18ac,34897ebd-aa3d-347c-91ee-876c3f835fdb,formula_not_evaluated,0.0654594527687582/1000
226ed3c2-e020-4c95-b1fc-4559fc2d18ac,34897ebd-aa3d-347c-91ee-876c3f835fdb,formula_not_evaluated,1.25167022609466E-13/1000
226ed3c2-e020-4c95-b1fc-4559fc2d18ac,34897ebd-aa3d-347c-91ee-876c3f835fdb,formula_not_evaluated,1.31482152597265/1000
226ed3c2-e020-4c95-b1fc-4559fc2d18ac,34897ebd-aa3d-347c-91ee-876c3f835fdb,formula_not_evaluated,10570.4156359801/1000
226ed3c2-e020-4c95-b1fc-4559fc2d18ac,34897ebd-aa3d-347c-91ee-876c3f835fdb,formula_not_evaluated,1.05607550004131E-7/1000
226ed3c2-e020-4c95-b1fc-4559fc2d18ac,34897ebd-aa3d-347c-91ee-876c3f835fdb,formula_not_evaluated,0.00742481783046044/1000
226ed3c2-e020-4c95-b1fc-4559fc2d18ac,34897ebd-aa3d-347c-91ee-876c3f835fdb,formula_not_evaluated,0.0812370118188477/1000
226ed3c2-e020-4c95-b1fc-4559fc2d18ac,34897ebd-aa3d-347c-91ee-876c3f835fdb,formula_not_evaluated,5.92213236012398/1000
226ed3c2-e020-4c95-b1fc-4559fc2d18ac,34897ebd-aa3d-347c-91ee-876c3f835fdb,formula_not_evaluated,0.00256983879787089/1000
226ed3c2-e020-4c95-b1fc-4559fc2d18ac,34897ebd-aa3d-347c-91ee-876c3f835fdb,formula_not_evaluated,0.976703731855902/1000
226ed3c2-e020-4c95-b1fc-4559fc2d18ac,34897ebd-aa3d-347c-91ee-876c3f835fdb,formula_not_evaluated,0.00138446778669399/1000
226ed3c2-e020-4c95-b1fc-4559fc2d18ac,34897ebd-aa3d-347c-91ee-876c3f835fdb,formula_not_evaluated,0.19995088964659/1000
226ed3c2-e020-4c95-b1fc-4559fc2d18ac,34897ebd-aa3d-347c-91ee-876c3f835fdb,formula_not_evaluated,0.539927278088579/1000
226ed3c2-e020-4c95-b1fc-4559fc2d18ac,34897ebd-aa3d-347c-91ee-876c3f835fdb,formula_not_evaluated,144.037662901165/1000
226ed3c2-e020-4c95-b1fc-4559fc2d18ac,34897ebd-aa3d-347c-91ee-876c3f835fdb,formula_not_evaluated,0.0110112466810317/1000
226ed3c2-e020-4c95-b1fc-4559fc2d18ac,34897ebd-aa3d-347c-91ee-876c3f835fdb,formula_not_evaluated,0.055527902716292/1000
226ed3c2-e020-4c95-b1fc-4559fc2d18ac,34897ebd-aa3d-347c-91ee-876c3f835fdb,formula_not_evaluated,1.33823824374054E-11/1000
226ed3c2-e020-4c95-b1fc-4559fc2d18ac,34897ebd-aa3d-347c-91ee-876c3f835fdb,formula_not_evaluated,0.0561587700618178/1000
226ed3c2-e020-4c95-b1fc-4559fc2d18ac,34897ebd-aa3d-347c-91ee-876c3f835fdb,formula_not_evaluated,0.00537404253424613/1000
226ed3c2-e020-4c95-b1fc-4559fc2d18ac,34897ebd-aa3d-347c-91ee-876c3f835fdb,formula_not_evaluated,1.16943109045863E-23/1000
226ed3c2-e020-4c95-b1fc-4559fc2d18ac,34897ebd-aa3d-347c-91ee-876c3f835fdb,formula_not_evaluated,7.86174063126717E-4/1000
226ed3c2-e020-4c95-b1fc-4559fc2d18ac,34897ebd-aa3d-347c-91ee-876c3f835fdb,formula_not_evaluated,4.60617282506636E-6/1000
226ed3c2-e020-4c95-b1fc-4559fc2d18ac,34897ebd-aa3d-347c-91ee-876c3f835fdb,formula_not_evaluated,0.00397828775895937/1000
226ed3c2-e020-4c95-b1fc-4559fc2d18ac,34897ebd-aa3d-347c-91ee-876c3f835fdb,formula_not_evaluated,100.902751482326/1000
226ed3c2-e020-4c95-b1fc-4559fc2d18ac,34897ebd-aa3d-347c-91ee-876c3f835fdb,formula_not_evaluated,2.02343855996597/1000
226ed3c2-e020-4c95-b1fc-4559fc2d18ac,34897ebd-aa3d-347c-91ee-876c3f835fdb,formula_not_evaluated,1.71403112186245/1000
226ed3c2-e020-4c95-b1fc-4559fc2d18ac,34897ebd-aa3d-347c-91ee-876c3f835fdb,formula_not_evaluated,191.663256109204/1000
226ed3c2-e020-4c95-b1fc-4559fc2d18ac,34897ebd-aa3d-347c-91ee-876c3f835fdb,formula_not_evaluated,0.00230719305273675/1000
226ed3c2-e020-4c95-b1fc-4559fc2d18ac,34897ebd-aa3d-347c-91ee-876c3f835fdb,formula_not_evaluated,0.0215241733874436/1000
226ed3c2-e020-4c95-b1fc-4559fc2d18ac,34897ebd-aa3d-347c-91ee-876c3f835fdb,formula_not_evaluated,0.0403683946234451/1000
226ed3c2-e020-4c95-b1fc-4559fc2d18ac,34897ebd-aa3d-347c-91ee-876c3f835fdb,formula_not_evaluated,1520.65722182987/1000
226ed3c2-e020-4c95-b1fc-4559fc2d18ac,34897ebd-aa3d-347c-91ee-876c3f835fdb,formula_not_evaluated,0.236297000482904/1000
226ed3c2-e020-4c95-b1fc-4559fc2d18ac,34897ebd-aa3d-347c-91ee-876c3f835fdb,formula_not_evaluated,151476.98725617/1000
226ed3c2-e020-4c95-b1fc-4559fc2d18ac,34897ebd-aa3d-347c-91ee-876c3f835fdb,formula_not_evaluated,4415.29316193931/1000
226ed3c2-e020-4c95-b1fc-4559fc2d18ac,34897ebd-aa3d-347c-91ee-876c3f835fdb,formula_not_evaluated,0.284527973204659/1000
226ed3c2-e020-4c95-b1fc-4559fc2d18ac,34897ebd-aa3d-347c-91ee-876c3f835fdb,formula_not_evaluated,0.0913334928355447/1000
226ed3c2-e020-4c95-b1fc-4559fc2d18ac,34897ebd-aa3d-347c-91ee-876c3f835fdb,formula_not_evaluated,0.00879460452878548/1000
226ed3c2-e020-4c95-b1fc-4559fc2d18ac,34897ebd-aa3d-347c-91ee-876c3f835fdb,formula_not_evaluated,0.0215241720797494/1000
226ed3c2-e020-4c95-b1fc-4559fc2d18ac,34897ebd-aa3d-347c-91ee-876c3f835fdb,formula_not_evaluated,1.81657775805503/1000
226ed3c2-e020-4c95-b1fc-4559fc2d18ac,34897ebd-aa3d-347c-91ee-876c3f835fdb,formula_not_evaluated,0.690620420590143/1000
226ed3c2-e020-4c95-b1fc-4559fc2d18ac,34897ebd-aa3d-347c-91ee-876c3f835fdb,formula_not_evaluated,6.25835113047322E-14/1000
226ed3c2-e020-4c95-b1fc-4559fc2d18ac,34897ebd-aa3d-347c-91ee-876c3f835fdb,formula_not_evaluated,0.00405395446587356/1000
226ed3c2-e020-4c95-b1fc-4559fc2d18ac,34897ebd-aa3d-347c-91ee-876c3f835fdb,formula_not_evaluated,0.0165168700215474/1000
226ed3c2-e020-4c95-b1fc-4559fc2d18ac,34897ebd-aa3d-347c-91ee-876c3f835fdb,formula_not_evaluated,0.0154529422597711/1000
226ed3c2-e020-4c95-b1fc-4559fc2d18ac,34897ebd-aa3d-347c-91ee-876c3f835fdb,formula_not_evaluated,84.8315505073261/1000
226ed3c2-e020-4c95-b1fc-4559fc2d18ac,34897ebd-aa3d-347c-91ee-876c3f835fdb,formula_not_evaluated,0.114540220413509/1000
226ed3c2-e020-4c95-b1fc-4559fc2d18ac,34897ebd-aa3d-347c-91ee-876c3f835fdb,formula_not_evaluated,1.45027256823094E-9/1000
226ed3c2-e020-4c95-b1fc-4559fc2d18ac,34897ebd-aa3d-347c-91ee-876c3f835fdb,formula_not_evaluated,0.016517817085119/1000
226ed3c2-e020-4c95-b1fc-4559fc2d18ac,34897ebd-aa3d-347c-91ee-876c3f835fdb,formula_not_evaluated,0.590387771367887/1000
226ed3c2-e020-4c95-b1fc-4559fc2d18ac,34897ebd-aa3d-347c-91ee-876c3f835fdb,formula_not_evaluated,0.0161186783645955/1000
226ed3c2-e020-4c95-b1fc-4559fc2d18ac,34897ebd-aa3d-347c-91ee-876c3f835fdb,formula_not_evaluated,0.586158471353953/1000
226ed3c2-e020-4c95-b1fc-4559fc2d18ac,34897ebd-aa3d-347c-91ee-876c3f835fdb,formula_not_evaluated,960.806389759516/1000
226ed3c2-e020-4c95-b1fc-4559fc2d18ac,34897ebd-aa3d-347c-91ee-876c3f835fdb,formula_not_evaluated,3485.24206912496/1000
226ed3c2-e020-4c95-b1fc-4559fc2d18ac,34897ebd-aa3d-347c-91ee-876c3f835fdb,formula_not_evaluated,0.207353822747524/1000
226ed3c2-e020-4c95-b1fc-4559fc2d18ac,34897ebd-aa3d-347c-91ee-876c3f835fdb,formula_not_evaluated,4.7683525525289E-6/1000
226ed3c2-e020-4c95-b1fc-4559fc2d18ac,34897ebd-aa3d-347c-91ee-876c3f835fdb,formula_not_evaluated,0.183585575785375/1000
226ed3c2-e020-4c95-b1fc-4559fc2d18ac,34897ebd-aa3d-347c-91ee-876c3f835fdb,formula_not_evaluated,0.0514164939620082/1000
226ed3c2-e020-4c95-b1fc-4559fc2d18ac,34897ebd-aa3d-347c-91ee-876c3f835fdb,formula_not_evaluated,5483.39607285166+6.1241167427779
226ed3c2-e020-4c95-b1fc-4559fc2d18ac,34897ebd-aa3d-347c-91ee-876c3f835fdb,formula_not_evaluated,0.00166107962009765/1000
226ed3c2-e020-4c95-b1fc-4559fc2d18ac,34897ebd-aa3d-347c-91ee-876c3f835fdb,formula_not_evaluated,332.807493920083/1000
226ed3c2-e020-4c95-b1fc-4559fc2d18ac,34897ebd-aa3d-347c-91ee-876c3f835fdb,formula_not_evaluated,3.3606688524018/1000
226ed3c2-e020-4c95-b1fc-4559fc2d18ac,34897ebd-aa3d-347c-91ee-876c3f835fdb,formula_not_evaluated,75.6177212638267/1000
226ed3c2-e020-4c95-b1fc-4559fc2d18ac,34897ebd-aa3d-347c-91ee-876c3f835fdb,formula_not_evaluated,642.922497402092/1000
226ed3c2-e020-4c95-b1fc-4559fc2d18ac,34897ebd-aa3d-347c-91ee-876c3f835fdb,formula_not_evaluated,4033.08570543984/1000
226ed3c2-e020-4c95-b1fc-4559fc2d18ac,34897ebd-aa3d-347c-91ee-876c3f835fdb,formula_not_evaluated,0.0645894313975123/1000
226ed3c2-e020-4c95-b1fc-4559fc2d18ac,34897ebd-aa3d-347c-91ee-876c3f835fdb,formula_not_evaluated,112.454624043604/1000
226ed3c2-e020-4c95-b1fc-4559fc2d18ac,34897ebd-aa3d-347c-91ee-876c3f835fdb,formula_not_evaluated,0.00537271075488013/1000
226ed3c2-e020-4c95-b1fc-4559fc2d18ac,34897ebd-aa3d-347c-91ee-876c3f835fdb,formula_not_evaluated,706.023143121494/1000
226ed3c2-e020-4c95-b1fc-4559fc2d18ac,4d4122ba-1573-5c75-803a-7ec4b3946e93,formula_not_evaluated,ng_combusted_total * gen_frac * gen_lgt_share
226ed3c2-e020-4c95-b1fc-4559fc2d18ac,4d4122ba-1573-5c75-803a-7ec4b3946e93,formula_not_evaluated,ng_flared_total
226ed3c2-e020-4c95-b1fc-4559fc2d18ac,4d4122ba-1573-5c75-803a-7ec4b3946e93,formula_not_evaluated,ch4_leakage_active
226ed3c2-e020-4c95-b1fc-4559fc2d18ac,4d4122ba-1573-5c75-803a-7ec4b3946e93,formula_not_evaluated,ng_combusted_total * gen_frac * gen_sib_share
226ed3c2-e020-4c95-b1fc-4559fc2d18ac,4d4122ba-1573-5c75-803a-7ec4b3946e93,formula_not_evaluated,ng_combusted_total * comp_frac * comp_re_share
226ed3c2-e020-4c95-b1fc-4559fc2d18ac,eb6f9433-0dae-5a9b-b1b8-35cbdaed3444,formula_not_evaluated,ng_combusted_total * gen_frac * gen_sib_share
226ed3c2-e020-4c95-b1fc-4559fc2d18ac,eb6f9433-0dae-5a9b-b1b8-35cbdaed3444,formula_not_evaluated,ng_flared_total
226ed3c2-e020-4c95-b1fc-4559fc2d18ac,eb6f9433-0dae-5a9b-b1b8-35cbdaed3444,formula_not_evaluated,ng_combusted_total * comp_frac * comp_re_share
226ed3c2-e020-4c95-b1fc-4559fc2d18ac,eb6f9433-0dae-5a9b-b1b8-35cbdaed3444,formula_not_evaluated,ng_combusted_total * gen_frac * gen_lgt_share
226ed3c2-e020-4c95-b1fc-4559fc2d18ac,eb6f9433-0dae-5a9b-b1b8-35cbdaed3444,formula_not_evaluated,ch4_leakage_active
226ed3c2-e020-4c95-b1fc-4559fc2d18ac,3d450571-a036-52fb-ab65-131bf8257822,formula_not_evaluated,ng_combusted_total * gen_frac * gen_lgt_share
226ed3c2-e020-4c95-b1fc-4559fc2d18ac,3d450571-a036-52fb-ab65-131bf8257822,formula_not_evaluated,ng_combusted_total * comp_frac * comp_re_share
226ed3c2-e020-4c95-b1fc-4559fc2d18ac,3d450571-a036-52fb-ab65-131bf8257822,formula_not_evaluated,ng_flared_total
226ed3c2-e020-4c95-b1fc-4559fc2d18ac,3d450571-a036-52fb-ab65-131bf8257822,formula_not_evaluated,ch4_leakage_active
226ed3c2-e020-4c95-b1fc-4559fc2d18ac,3d450571-a036-52fb-ab65-131bf8257822,formula_not_evaluated,ng_combusted_total * gen_frac * gen_sib_share
226ed3c2-e020-4c95-b1fc-4559fc2d18ac,a3b730ce-d657-383b-b485-e5d082d96424,formula_not_evaluated,1.0*10000
226ed3c2-e020-4c95-b1fc-4559fc2d18ac,a3b730ce-d657-383b-b485-e5d082d96424,formula_not_evaluated,0.32*10000
226ed3c2-e020-4c95-b1fc-4559fc2d18ac,55d8bf4f-025a-3927-bb96-235d37ba79fc,formula_not_evaluated,1.0*10000
226ed3c2-e020-4c95-b1fc-4559fc2d18ac,55d8bf4f-025a-3927-bb96-235d37ba79fc,formula_not_evaluated,1.0*10000
226ed3c2-e020-4c95-b1fc-4559fc2d18ac,f04300c5-ea44-3525-b6ab-c4b8b27b127e,formula_not_evaluated,9.33E-5*10000
226ed3c2-e020-4c95-b1fc-4559fc2d18ac,f04300c5-ea44-3525-b6ab-c4b8b27b127e,formula_not_evaluated,9.33E-5*10000
226ed3c2-e020-4c95-b1fc-4559fc2d18ac,4d09380a-6297-392c-b1bb-74534b4d3d8e,formula_not_evaluated,1.0*10000
226ed3c2-e020-4c95-b1fc-4559fc2d18ac,4d09380a-6297-392c-b1bb-74534b4d3d8e,formula_not_evaluated,0.315*10000
226ed3c2-e020-4c95-b1fc-4559fc2d18ac,25dc85c1-c37b-390a-9886-06e5cdc1d732,formula_not_evaluated,1.0
226ed3c2-e020-4c95-b1fc-4559fc2d18ac,25dc85c1-c37b-390a-9886-06e5cdc1d732,formula_not_evaluated,1.069E-7
226ed3c2-e020-4c95-b1fc-4559fc2d18ac,25dc85c1-c37b-390a-9886-06e5cdc1d732,formula_not_evaluated,1.9733E-8
226ed3c2-e020-4c95-b1fc-4559fc2d18ac,25dc85c1-c37b-390a-9886-06e5cdc1d732,formula_not_evaluated,5.2261E-6
226ed3c2-e020-4c95-b1fc-4559fc2d18ac,25dc85c1-c37b-390a-9886-06e5cdc1d732,formula_not_evaluated,7.9539E-5
226ed3c2-e020-4c95-b1fc-4559fc2d18ac,25dc85c1-c37b-390a-9886-06e5cdc1d732,formula_not_evaluated,9.2815E-7
226ed3c2-e020-4c95-b1fc-4559fc2d18ac,25dc85c1-c37b-390a-9886-06e5cdc1d732,formula_not_evaluated,1.1065E-9
226ed3c2-e020-4c95-b1fc-4559fc2d18ac,8fe359cb-24fb-307c-9eae-ca3be595e69f,formula_not_evaluated,1000.0
226ed3c2-e020-4c95-b1fc-4559fc2d18ac,8fe359cb-24fb-307c-9eae-ca3be595e69f,formula_not_evaluated,1000
226ed3c2-e020-4c95-b1fc-4559fc2d18ac,8fe359cb-24fb-307c-9eae-ca3be595e69f,formula_not_evaluated,(lime)
226ed3c2-e020-4c95-b1fc-4559fc2d18ac,8fe359cb-24fb-307c-9eae-ca3be595e69f,formula_not_evaluated,((5.52E-4 + 0.003492) / 2)
226ed3c2-e020-4c95-b1fc-4559fc2d18ac,8fe359cb-24fb-307c-9eae-ca3be595e69f,formula_not_evaluated,1000.0
226ed3c2-e020-4c95-b1fc-4559fc2d18ac,b06d1d47-4112-3dcd-8b09-014635f91500,formula_not_evaluated,2000.0
226ed3c2-e020-4c95-b1fc-4559fc2d18ac,b06d1d47-4112-3dcd-8b09-014635f91500,formula_not_evaluated,(0.19)
226ed3c2-e020-4c95-b1fc-4559fc2d18ac,b06d1d47-4112-3dcd-8b09-014635f91500,formula_not_evaluated,(0.0586)
226ed3c2-e020-4c95-b1fc-4559fc2d18ac,b06d1d47-4112-3dcd-8b09-014635f91500,formula_not_evaluated,3.6 * (2.41)
226ed3c2-e020-4c95-b1fc-4559fc2d18ac,b06d1d47-4112-3dcd-8b09-014635f91500,formula_not_evaluated,(1.33)
226ed3c2-e020-4c95-b1fc-4559fc2d18ac,ac0cdbf8-8d2e-30ac-b0b9-97d34bf95981,formula_not_evaluated,2000.0
226ed3c2-e020-4c95-b1fc-4559fc2d18ac,ac0cdbf8-8d2e-30ac-b0b9-97d34bf95981,formula_not_evaluated,(2.33E-4)
226ed3c2-e020-4c95-b1fc-4559fc2d18ac,ac0cdbf8-8d2e-30ac-b0b9-97d34bf95981,formula_not_evaluated,(0.0101)
226ed3c2-e020-4c95-b1fc-4559fc2d18ac,ac0cdbf8-8d2e-30ac-b0b9-97d34bf95981,formula_not_evaluated,(0.055)
226ed3c2-e020-4c95-b1fc-4559fc2d18ac,ac0cdbf8-8d2e-30ac-b0b9-97d34bf95981,formula_not_evaluated,(0.00939)
226ed3c2-e020-4c95-b1fc-4559fc2d18ac,ac0cdbf8-8d2e-30ac-b0b9-97d34bf95981,formula_not_evaluated,3.6 * (2.96)
226ed3c2-e020-4c95-b1fc-4559fc2d18ac,ac0cdbf8-8d2e-30ac-b0b9-97d34bf95981,formula_not_evaluated,(3.45)
226ed3c2-e020-4c95-b1fc-4559fc2d18ac,ac0cdbf8-8d2e-30ac-b0b9-97d34bf95981,formula_not_evaluated,(1.0E-4)
226ed3c2-e020-4c95-b1fc-4559fc2d18ac,ac0cdbf8-8d2e-30ac-b0b9-97d34bf95981,formula_not_evaluated,(0.0932)
226ed3c2-e020-4c95-b1fc-4559fc2d18ac,ac0cdbf8-8d2e-30ac-b0b9-97d34bf95981,formula_not_evaluated,(0.0145)
226ed3c2-e020-4c95-b1fc-4559fc2d18ac,313bc9b6-6559-5ba9-a2f4-b1796c4ce4d2,formula_not_evaluated,ng_combusted_total * gen_frac * gen_sib_share
226ed3c2-e020-4c95-b1fc-4559fc2d18ac,313bc9b6-6559-5ba9-a2f4-b1796c4ce4d2,formula_not_evaluated,ng_combusted_total * gen_frac * gen_lgt_share
226ed3c2-e020-4c95-b1fc-4559fc2d18ac,313bc9b6-6559-5ba9-a2f4-b1796c4ce4d2,formula_not_evaluated,ng_flared_total
226ed3c2-e020-4c95-b1fc-4559fc2d18ac,313bc9b6-6559-5ba9-a2f4-b1796c4ce4d2,formula_not_evaluated,ng_combusted_total * comp_frac * comp_re_share
226ed3c2-e020-4c95-b1fc-4559fc2d18ac,313bc9b6-6559-5ba9-a2f4-b1796c4ce4d2,formula_not_evaluated,ch4_leakage_active
226ed3c2-e020-4c95-b1fc-4559fc2d18ac,32c6492e-98bf-50e0-a267-fffa2a9fd398,formula_not_evaluated,ng_combusted_total * gen_frac * gen_sib_share
226ed3c2-e020-4c95-b1fc-4559fc2d18ac,32c6492e-98bf-50e0-a267-fffa2a9fd398,formula_not_evaluated,ng_combusted_total * comp_frac * comp_re_share
226ed3c2-e020-4c95-b1fc-4559fc2d18ac,32c6492e-98bf-50e0-a267-fffa2a9fd398,formula_not_evaluated,ng_combusted_total * gen_frac * gen_lgt_share
226ed3c2-e020-4c95-b1fc-4559fc2d18ac,32c6492e-98bf-50e0-a267-fffa2a9fd398,formula_not_evaluated,ch4_leakage_active
226ed3c2-e020-4c95-b1fc-4559fc2d18ac,32c6492e-98bf-50e0-a267-fffa2a9fd398,formula_not_evaluated,ng_flared_total
226ed3c2-e020-4c95-b1fc-4559fc2d18ac,4c427e2b-01a9-5be8-afa1-dc5d4a537213,formula_not_evaluated,ng_flared_total
226ed3c2-e020-4c95-b1fc-4559fc2d18ac,4c427e2b-01a9-5be8-afa1-dc5d4a537213,formula_not_evaluated,ch4_leakage_active
226ed3c2-e020-4c95-b1fc-4559fc2d18ac,14b0912f-fb6d-321d-8f42-0ea35918689f,formula_not_evaluated,1.0*10000
226ed3c2-e020-4c95-b1fc-4559fc2d18ac,9c36427d-76de-314c-bfca-4d714b71c9a5,formula_not_evaluated,1.0*10000
226ed3c2-e020-4c95-b1fc-4559fc2d18ac,9c36427d-76de-314c-bfca-4d714b71c9a5,formula_not_evaluated,1.0*10000
226ed3c2-e020-4c95-b1fc-4559fc2d18ac,9c36427d-76de-314c-bfca-4d714b71c9a5,formula_not_evaluated,0.333*10000
226ed3c2-e020-4c95-b1fc-4559fc2d18ac,9c36427d-76de-314c-bfca-4d714b71c9a5,formula_not_evaluated,0.333*10000
226ed3c2-e020-4c95-b1fc-4559fc2d18ac,9c36427d-76de-314c-bfca-4d714b71c9a5,formula_not_evaluated,1.0*10000
226ed3c2-e020-4c95-b1fc-4559fc2d18ac,9c36427d-76de-314c-bfca-4d714b71c9a5,formula_not_evaluated,0.1*10000
226ed3c2-e020-4c95-b1fc-4559fc2d18ac,9c36427d-76de-314c-bfca-4d714b71c9a5,formula_not_evaluated,0.1*10000
226ed3c2-e020-4c95-b1fc-4559fc2d18ac,9c36427d-76de-314c-bfca-4d714b71c9a5,formula_not_evaluated,0.333*10000
226ed3c2-e020-4c95-b1fc-4559fc2d18ac,9c36427d-76de-314c-bfca-4d714b71c9a5,formula_not_evaluated,10.0*10000
226ed3c2-e020-4c95-b1fc-4559fc2d18ac,238589f8-deaf-3218-84e9-703a9bd7f3e1,formula_not_evaluated,1.0*10000
226ed3c2-e020-4c95-b1fc-4559fc2d18ac,d9917668-4941-35a0-a4b4-e920efd60946,formula_not_evaluated,1.0
226ed3c2-e020-4c95-b1fc-4559fc2d18ac,d9917668-4941-35a0-a4b4-e920efd60946,formula_not_evaluated,3.3194E-9
226ed3c2-e020-4c95-b1fc-4559fc2d18ac,d9917668-4941-35a0-a4b4-e920efd60946,formula_not_evaluated,1.4317E-5
226ed3c2-e020-4c95-b1fc-4559fc2d18ac,d9917668-4941-35a0-a4b4-e920efd60946,formula_not_evaluated,1.9241E-8
226ed3c2-e020-4c95-b1fc-4559fc2d18ac,d9917668-4941-35a0-a4b4-e920efd60946,formula_not_evaluated,7.7489E-6
226ed3c2-e020-4c95-b1fc-4559fc2d18ac,d9917668-4941-35a0-a4b4-e920efd60946,formula_not_evaluated,5.92E-08
226ed3c2-e020-4c95-b1fc-4559fc2d18ac,d9917668-4941-35a0-a4b4-e920efd60946,formula_not_evaluated,5.783E-7
226ed3c2-e020-4c95-b1fc-4559fc2d18ac,4542a69a-4c5f-3967-92da-830361967e0a,formula_not_evaluated,1000.0
226ed3c2-e020-4c95-b1fc-4559fc2d18ac,4542a69a-4c5f-3967-92da-830361967e0a,formula_not_evaluated,(0.059 + 0.087) / 2
226ed3c2-e020-4c95-b1fc-4559fc2d18ac,4542a69a-4c5f-3967-92da-830361967e0a,formula_not_evaluated,1000.0
226ed3c2-e020-4c95-b1fc-4559fc2d18ac,4542a69a-4c5f-3967-92da-830361967e0a,formula_not_evaluated,1000
226ed3c2-e020-4c95-b1fc-4559fc2d18ac,4542a69a-4c5f-3967-92da-830361967e0a,formula_not_evaluated,((0.011358 + 0.016748) / 2)
226ed3c2-e020-4c95-b1fc-4559fc2d18ac,a941c19b-ed3f-34a9-a91b-ee31e2d6ac18,formula_not_evaluated,1.0*10000
226ed3c2-e020-4c95-b1fc-4559fc2d18ac,a941c19b-ed3f-34a9-a91b-ee31e2d6ac18,formula_not_evaluated,1.0*10000
226ed3c2-e020-4c95-b1fc-4559fc2d18ac,fef4bce7-747e-30a8-adea-c11de716b08b,formula_not_evaluated,1.0*10000
226ed3c2-e020-4c95-b1fc-4559fc2d18ac,fef4bce7-747e-30a8-adea-c11de716b08b,formula_not_evaluated,2.0*10000
226ed3c2-e020-4c95-b1fc-4559fc2d18ac,a40d4e00-67c2-3f4c-8c2b-1c67a28e6c5c,formula_not_evaluated,1.0*10000
226ed3c2-e020-4c95-b1fc-4559fc2d18ac,a40d4e00-67c2-3f4c-8c2b-1c67a28e6c5c,formula_not_evaluated,1.0*10000
226ed3c2-e020-4c95-b1fc-4559fc2d18ac,4e590e0c-3773-3db7-9515-728fde75ab55,formula_not_evaluated,1.0
226ed3c2-e020-4c95-b1fc-4559fc2d18ac,4e590e0c-3773-3db7-9515-728fde75ab55,formula_not_evaluated,1064.0
226ed3c2-e020-4c95-b1fc-4559fc2d18ac,7394ff08-eec4-4f81-8b0f-8880cd071207,formula_not_evaluated,1
226ed3c2-e020-4c95-b1fc-4559fc2d18ac,7394ff08-eec4-4f81-8b0f-8880cd071207,formula_not_evaluated,24.71
226ed3c2-e020-4c95-b1fc-4559fc2d18ac,7394ff08-eec4-4f81-8b0f-8880cd071207,formula_not_evaluated,241.9
226ed3c2-e020-4c95-b1fc-4559fc2d18ac,7394ff08-eec4-4f81-8b0f-8880cd071207,formula_not_evaluated,346.4
226ed3c2-e020-4c95-b1fc-4559fc2d18ac,bd968b92-1d89-398e-8201-09bacff50694,formula_not_evaluated,1000.0
226ed3c2-e020-4c95-b1fc-4559fc2d18ac,bd968b92-1d89-398e-8201-09bacff50694,formula_not_evaluated,((0.062 + 0.161) / 2)
226ed3c2-e020-4c95-b1fc-4559fc2d18ac,bd968b92-1d89-398e-8201-09bacff50694,formula_not_evaluated,(alum )
226ed3c2-e020-4c95-b1fc-4559fc2d18ac,bd968b92-1d89-398e-8201-09bacff50694,formula_not_evaluated,((0.013299 + 0.026344) / 2)
226ed3c2-e020-4c95-b1fc-4559fc2d18ac,bd968b92-1d89-398e-8201-09bacff50694,formula_not_evaluated,((0.008928 + 0.023184) / 2)
226ed3c2-e020-4c95-b1fc-4559fc2d18ac,bd968b92-1d89-398e-8201-09bacff50694,formula_not_evaluated,1000
226ed3c2-e020-4c95-b1fc-4559fc2d18ac,f5558c59-7afd-3000-ae7a-68afc1d0513f,formula_not_evaluated,1.0
226ed3c2-e020-4c95-b1fc-4559fc2d18ac,f5558c59-7afd-3000-ae7a-68afc1d0513f,formula_not_evaluated,2.0746E-10
226ed3c2-e020-4c95-b1fc-4559fc2d18ac,f5558c59-7afd-3000-ae7a-68afc1d0513f,formula_not_evaluated,3.7E-9
226ed3c2-e020-4c95-b1fc-4559fc2d18ac,f5558c59-7afd-3000-ae7a-68afc1d0513f,formula_not_evaluated,6.5697E-9
226ed3c2-e020-4c95-b1fc-4559fc2d18ac,f5558c59-7afd-3000-ae7a-68afc1d0513f,formula_not_evaluated,1.6597E-9
226ed3c2-e020-4c95-b1fc-4559fc2d18ac,f5558c59-7afd-3000-ae7a-68afc1d0513f,formula_not_evaluated,2.96E-8
226ed3c2-e020-4c95-b1fc-4559fc2d18ac,f5558c59-7afd-3000-ae7a-68afc1d0513f,formula_not_evaluated,1.0235E-4
226ed3c2-e020-4c95-b1fc-4559fc2d18ac,f5558c59-7afd-3000-ae7a-68afc1d0513f,formula_not_evaluated,3.6991E-4
226ed3c2-e020-4c95-b1fc-4559fc2d18ac,f5558c59-7afd-3000-ae7a-68afc1d0513f,formula_not_evaluated,1.17E-07
226ed3c2-e020-4c95-b1fc-4559fc2d18ac,f5558c59-7afd-3000-ae7a-68afc1d0513f,formula_not_evaluated,2.4204E-10
226ed3c2-e020-4c95-b1fc-4559fc2d18ac,f5558c59-7afd-3000-ae7a-68afc1d0513f,formula_not_evaluated,4.3166E-9
226ed3c2-e020-4c95-b1fc-4559fc2d18ac,08f86327-b29d-3ffa-b863-a257c2d6c952,formula_not_evaluated,(9.1799E-7*666.022)
226ed3c2-e020-4c95-b1fc-4559fc2d18ac,08f86327-b29d-3ffa-b863-a257c2d6c952,formula_not_evaluated,(0.0020864*666.022)
226ed3c2-e020-4c95-b1fc-4559fc2d18ac,08f86327-b29d-3ffa-b863-a257c2d6c952,formula_not_evaluated,(1.0014E-4*666.022)
226ed3c2-e020-4c95-b1fc-4559fc2d18ac,08f86327-b29d-3ffa-b863-a257c2d6c952,formula_not_evaluated,(4.1727E-4*666.022)
226ed3c2-e020-4c95-b1fc-4559fc2d18ac,08f86327-b29d-3ffa-b863-a257c2d6c952,formula_not_evaluated,(0.0040892*666.022)
226ed3c2-e020-4c95-b1fc-4559fc2d18ac,cfc38536-f8a3-3511-b47a-5ae3b2d2de1e,formula_not_evaluated,1.0
226ed3c2-e020-4c95-b1fc-4559fc2d18ac,cfc38536-f8a3-3511-b47a-5ae3b2d2de1e,formula_not_evaluated,8.5751E-6
226ed3c2-e020-4c95-b1fc-4559fc2d18ac,cfc38536-f8a3-3511-b47a-5ae3b2d2de1e,formula_not_evaluated,1.5393E-7
226ed3c2-e020-4c95-b1fc-4559fc2d18ac,cfc38536-f8a3-3511-b47a-5ae3b2d2de1e,formula_not_evaluated,1.05E-08
226ed3c2-e020-4c95-b1fc-4559fc2d18ac,cfc38536-f8a3-3511-b47a-5ae3b2d2de1e,formula_not_evaluated,1.1454E-4
226ed3c2-e020-4c95-b1fc-4559fc2d18ac,cfc38536-f8a3-3511-b47a-5ae3b2d2de1e,formula_not_evaluated,6.6734E-9
226ed3c2-e020-4c95-b1fc-4559fc2d18ac,cfc38536-f8a3-3511-b47a-5ae3b2d2de1e,formula_not_evaluated,1.1902E-7
226ed3c2-e020-4c95-b1fc-4559fc2d18ac,cfc38536-f8a3-3511-b47a-5ae3b2d2de1e,formula_not_evaluated,1.3365E-6
226ed3c2-e020-4c95-b1fc-4559fc2d18ac,cfc38536-f8a3-3511-b47a-5ae3b2d2de1e,formula_not_evaluated,5.8781E-10
2e8facf6-46aa-4ddb-95de-a4e2a00eb2bb,3eee3d64-460d-44bc-b58a-96aa76f86091,formula_not_evaluated,Diesel_energy_consumption_operation1
2e8facf6-46aa-4ddb-95de-a4e2a00eb2bb,3eee3d64-460d-44bc-b58a-96aa76f86091,formula_not_evaluated,(percentage_energy_recovery1 * electricity_from_CH4 * CH4_recovered_for_energy * (1 - system_down_time1) * (final_yield_CH4 * (1 - moisture_content_mixed_msw1) / tonne_to_sh_tn1))
2e8facf6-46aa-4ddb-95de-a4e2a00eb2bb,3eee3d64-460d-44bc-b58a-96aa76f86091,formula_not_evaluated,sh_tn_to_tonne *transport_distance_landfill 
2e8facf6-46aa-4ddb-95de-a4e2a00eb2bb,3eee3d64-460d-44bc-b58a-96aa76f86091,formula_not_evaluated,(CH4_emitted_final * final_yield_CH4 * (1 - moisture_content_mixed_msw1) / tonne_to_sh_tn1)
2e8facf6-46aa-4ddb-95de-a4e2a00eb2bb,3eee3d64-460d-44bc-b58a-96aa76f86091,formula_not_evaluated,(C_storage_final * (1 - moisture_content_mixed_msw1) / tonne_to_sh_tn1) * C_to_CO21
2e8facf6-46aa-4ddb-95de-a4e2a00eb2bb,a176e34a-573a-44a9-b381-843a7d457df5,formula_not_evaluated,(sh_tn_to_tonne*mass_ash)*transport_distance_ash_landfill 
2e8facf6-46aa-4ddb-95de-a4e2a00eb2bb,a176e34a-573a-44a9-b381-843a7d457df5,formula_not_evaluated,-steel_recovered
2e8facf6-46aa-4ddb-95de-a4e2a00eb2bb,a176e34a-573a-44a9-b381-843a7d457df5,formula_not_evaluated,sh_tn_to_tonne *transport_distance_combustion 
2e8facf6-46aa-4ddb-95de-a4e2a00eb2bb,a176e34a-573a-44a9-b381-843a7d457df5,formula_not_evaluated,1000.0 * (non_biomass_C_content * C_converted_to_CO2_in_combustion * C_to_CO21 / tonne_to_sh_tn1)
2e8facf6-46aa-4ddb-95de-a4e2a00eb2bb,a176e34a-573a-44a9-b381-843a7d457df5,formula_not_evaluated,1000.0 * (N2O_emission)
2e8facf6-46aa-4ddb-95de-a4e2a00eb2bb,a176e34a-573a-44a9-b381-843a7d457df5,formula_not_evaluated,3.6 * (energy_content * mass_burn_efficiency * MMBTU_to_kWh1)
2e8facf6-46aa-4ddb-95de-a4e2a00eb2bb,0aaf1e13-5d80-37f9-b7bb-81a6b8965c71,coproduct_allocation_review,8
2e8facf6-46aa-4ddb-95de-a4e2a00eb2bb,0aaf1e13-5d80-37f9-b7bb-81a6b8965c71,formula_not_evaluated,5.5E-9+5.5E-9
2e8facf6-46aa-4ddb-95de-a4e2a00eb2bb,0aaf1e13-5d80-37f9-b7bb-81a6b8965c71,formula_not_evaluated,6.5E-10+9.3E-19
2e8facf6-46aa-4ddb-95de-a4e2a00eb2bb,0aaf1e13-5d80-37f9-b7bb-81a6b8965c71,formula_not_evaluated,1.8E-13+3.8E-12
2e8facf6-46aa-4ddb-95de-a4e2a00eb2bb,9caaa37b-636d-41fa-8eb6-0b020ee4ebac,formula_not_evaluated,barge 
2e8facf6-46aa-4ddb-95de-a4e2a00eb2bb,9caaa37b-636d-41fa-8eb6-0b020ee4ebac,formula_not_evaluated,truck 
2e8facf6-46aa-4ddb-95de-a4e2a00eb2bb,9caaa37b-636d-41fa-8eb6-0b020ee4ebac,formula_not_evaluated,rail 
2e8facf6-46aa-4ddb-95de-a4e2a00eb2bb,9caaa37b-636d-41fa-8eb6-0b020ee4ebac,formula_not_evaluated,pipeline 
2e8facf6-46aa-4ddb-95de-a4e2a00eb2bb,9caaa37b-636d-41fa-8eb6-0b020ee4ebac,formula_not_evaluated,tanker
2e8facf6-46aa-4ddb-95de-a4e2a00eb2bb,906167b9-d822-5ed5-aed8-fe34c8588952,formula_not_evaluated,ng_combusted_total * gen_frac * gen_sib_share
2e8facf6-46aa-4ddb-95de-a4e2a00eb2bb,906167b9-d822-5ed5-aed8-fe34c8588952,formula_not_evaluated,ch4_leakage_active
2e8facf6-46aa-4ddb-95de-a4e2a00eb2bb,906167b9-d822-5ed5-aed8-fe34c8588952,formula_not_evaluated,ng_combusted_total * comp_frac * comp_re_share
2e8facf6-46aa-4ddb-95de-a4e2a00eb2bb,906167b9-d822-5ed5-aed8-fe34c8588952,formula_not_evaluated,ng_combusted_total * gen_frac * gen_lgt_share
2e8facf6-46aa-4ddb-95de-a4e2a00eb2bb,9cdbadf7-c219-51c7-9e22-f4b48c22c0a8,formula_not_evaluated,ng_flared_total
2e8facf6-46aa-4ddb-95de-a4e2a00eb2bb,9cdbadf7-c219-51c7-9e22-f4b48c22c0a8,formula_not_evaluated,ng_combusted_total * comp_frac * comp_re_share
2e8facf6-46aa-4ddb-95de-a4e2a00eb2bb,9cdbadf7-c219-51c7-9e22-f4b48c22c0a8,formula_not_evaluated,ch4_leakage_active
2e8facf6-46aa-4ddb-95de-a4e2a00eb2bb,7aa8e2ff-0e2f-3e6c-b168-ec5168b4be6a,formula_not_evaluated,616000.0*0.0010550559
2e8facf6-46aa-4ddb-95de-a4e2a00eb2bb,7aa8e2ff-0e2f-3e6c-b168-ec5168b4be6a,formula_not_evaluated,98.0*1000
2e8facf6-46aa-4ddb-95de-a4e2a00eb2bb,8e3e47ea-ed49-329e-8931-29115917bc81,coproduct_allocation_review,1
2e8facf6-46aa-4ddb-95de-a4e2a00eb2bb,8e3e47ea-ed49-329e-8931-29115917bc81,formula_not_evaluated,46.4*1000
2e8facf6-46aa-4ddb-95de-a4e2a00eb2bb,8e3e47ea-ed49-329e-8931-29115917bc81,formula_not_evaluated,7.36*1000
2e8facf6-46aa-4ddb-95de-a4e2a00eb2bb,d9cadd89-4203-375a-903a-63197cd29c6a,coproduct_allocation_review,2
2e8facf6-46aa-4ddb-95de-a4e2a00eb2bb,d9cadd89-4203-375a-903a-63197cd29c6a,formula_not_evaluated,119290.0*1000
2e8facf6-46aa-4ddb-95de-a4e2a00eb2bb,0898854c-e38f-3d23-880f-f8da7d65ca0c,formula_not_evaluated,98.0*1000
2e8facf6-46aa-4ddb-95de-a4e2a00eb2bb,0879167f-989b-3e3b-b9c5-3c07ea0a3f8e,formula_not_evaluated,98.0*1000
2e8facf6-46aa-4ddb-95de-a4e2a00eb2bb,de1c6afd-8438-52bc-8953-f33ff330c737,formula_not_evaluated,ng_flared_total
2e8facf6-46aa-4ddb-95de-a4e2a00eb2bb,de1c6afd-8438-52bc-8953-f33ff330c737,formula_not_evaluated,ng_combusted_total * comp_frac * comp_re_share
2e8facf6-46aa-4ddb-95de-a4e2a00eb2bb,de1c6afd-8438-52bc-8953-f33ff330c737,formula_not_evaluated,ch4_leakage_active
2e8facf6-46aa-4ddb-95de-a4e2a00eb2bb,2dc0b1d4-9047-5854-82da-17a2392fb07a,formula_not_evaluated,ch4_leakage_active
2e8facf6-46aa-4ddb-95de-a4e2a00eb2bb,2dc0b1d4-9047-5854-82da-17a2392fb07a,formula_not_evaluated,ng_combusted_total * comp_frac * comp_re_share
2e8facf6-46aa-4ddb-95de-a4e2a00eb2bb,2dc0b1d4-9047-5854-82da-17a2392fb07a,formula_not_evaluated,ng_flared_total
2e8facf6-46aa-4ddb-95de-a4e2a00eb2bb,bbe02aa9-9e42-5341-ba17-9d8ee613b0e3,formula_not_evaluated,ng_combusted_total * comp_frac * comp_re_share
2e8facf6-46aa-4ddb-95de-a4e2a00eb2bb,bbe02aa9-9e42-5341-ba17-9d8ee613b0e3,formula_not_evaluated,ng_flared_total
2e8facf6-46aa-4ddb-95de-a4e2a00eb2bb,bbe02aa9-9e42-5341-ba17-9d8ee613b0e3,formula_not_evaluated,ch4_leakage_active
2e8facf6-46aa-4ddb-95de-a4e2a00eb2bb,5deeead4-4080-41fd-bae0-04d8aea6a656,formula_not_evaluated,pipeline 
2e8facf6-46aa-4ddb-95de-a4e2a00eb2bb,5deeead4-4080-41fd-bae0-04d8aea6a656,formula_not_evaluated,truck 
2e8facf6-46aa-4ddb-95de-a4e2a00eb2bb,5deeead4-4080-41fd-bae0-04d8aea6a656,formula_not_evaluated,barge 
2e8facf6-46aa-4ddb-95de-a4e2a00eb2bb,5deeead4-4080-41fd-bae0-04d8aea6a656,formula_not_evaluated,rail 
2e8facf6-46aa-4ddb-95de-a4e2a00eb2bb,5deeead4-4080-41fd-bae0-04d8aea6a656,formula_not_evaluated,tanker
2e8facf6-46aa-4ddb-95de-a4e2a00eb2bb,9ee66dd5-dcc9-3e94-9da3-3a7cc6cddeb3,formula_not_evaluated,7339.5/1000
2e8facf6-46aa-4ddb-95de-a4e2a00eb2bb,9ee66dd5-dcc9-3e94-9da3-3a7cc6cddeb3,formula_not_evaluated,11.176/1000
2e8facf6-46aa-4ddb-95de-a4e2a00eb2bb,a3e150d0-770e-4e2a-9b19-f7daa8cda38b,coproduct_allocation_review,2
2e8facf6-46aa-4ddb-95de-a4e2a00eb2bb,a3e150d0-770e-4e2a-9b19-f7daa8cda38b,formula_not_evaluated,18.4290167156447/1000
2e8facf6-46aa-4ddb-95de-a4e2a00eb2bb,a3e150d0-770e-4e2a-9b19-f7daa8cda38b,formula_not_evaluated,0.0896568370477656/9.5
2e8facf6-46aa-4ddb-95de-a4e2a00eb2bb,a3e150d0-770e-4e2a-9b19-f7daa8cda38b,formula_not_evaluated,0.000275088436300113*1000000
2e8facf6-46aa-4ddb-95de-a4e2a00eb2bb,a3e150d0-770e-4e2a-9b19-f7daa8cda38b,formula_not_evaluated,0.387973315090374/9.65
2e8facf6-46aa-4ddb-95de-a4e2a00eb2bb,5bcf8b86-866d-45b6-8e00-e1ea39c03c53,formula_not_evaluated,Diesel_energy_consumption_operation1
2e8facf6-46aa-4ddb-95de-a4e2a00eb2bb,5bcf8b86-866d-45b6-8e00-e1ea39c03c53,formula_not_evaluated,sh_tn_to_tonne * transport_distance_landfill 
2e8facf6-46aa-4ddb-95de-a4e2a00eb2bb,f002e825-5cb6-3949-be51-863c7fe5d5da,formula_not_evaluated,1.0*1000
2e8facf6-46aa-4ddb-95de-a4e2a00eb2bb,f002e825-5cb6-3949-be51-863c7fe5d5da,formula_not_evaluated,0.5*1000
2e8facf6-46aa-4ddb-95de-a4e2a00eb2bb,f002e825-5cb6-3949-be51-863c7fe5d5da,formula_not_evaluated,0.5*1000
2e8facf6-46aa-4ddb-95de-a4e2a00eb2bb,9109d57c-8234-3569-a2e6-0e4671b524d9,formula_not_evaluated,1.0*1000
2e8facf6-46aa-4ddb-95de-a4e2a00eb2bb,88aee762-4aa0-301f-b579-cca5d636aa0d,coproduct_allocation_review,1
2e8facf6-46aa-4ddb-95de-a4e2a00eb2bb,2753c5de-221b-369a-84de-689d354b8b2d,formula_not_evaluated,1.0*1000
2e8facf6-46aa-4ddb-95de-a4e2a00eb2bb,2753c5de-221b-369a-84de-689d354b8b2d,formula_not_evaluated,1.0*1000
2e8facf6-46aa-4ddb-95de-a4e2a00eb2bb,4c6f7612-c4b8-36d1-803a-8fb067b1b319,formula_not_evaluated,1.0*1000
2e8facf6-46aa-4ddb-95de-a4e2a00eb2bb,4c6f7612-c4b8-36d1-803a-8fb067b1b319,formula_not_evaluated,1.0*1000
2e8facf6-46aa-4ddb-95de-a4e2a00eb2bb,b7df275b-009c-591c-b3fc-8fe0ae2c2ce1,formula_not_evaluated,ch4_leakage_active
2e8facf6-46aa-4ddb-95de-a4e2a00eb2bb,b7df275b-009c-591c-b3fc-8fe0ae2c2ce1,formula_not_evaluated,ng_flared_total
2e8facf6-46aa-4ddb-95de-a4e2a00eb2bb,b7df275b-009c-591c-b3fc-8fe0ae2c2ce1,formula_not_evaluated,ng_combusted_total * comp_frac * comp_re_share
2e8facf6-46aa-4ddb-95de-a4e2a00eb2bb,1e777c15-dde0-5b79-8a9d-08ea05f5bde2,formula_not_evaluated,ng_flared_total
2e8facf6-46aa-4ddb-95de-a4e2a00eb2bb,1e777c15-dde0-5b79-8a9d-08ea05f5bde2,formula_not_evaluated,ng_combusted_total * comp_frac * comp_re_share
2e8facf6-46aa-4ddb-95de-a4e2a00eb2bb,1e777c15-dde0-5b79-8a9d-08ea05f5bde2,formula_not_evaluated,ch4_leakage_active
2e8facf6-46aa-4ddb-95de-a4e2a00eb2bb,6d77f96e-54ae-5c2b-944f-12a70226f20a,formula_not_evaluated,ng_flared_total
2e8facf6-46aa-4ddb-95de-a4e2a00eb2bb,6d77f96e-54ae-5c2b-944f-12a70226f20a,formula_not_evaluated,ng_combusted_total * comp_frac * comp_re_share
2e8facf6-46aa-4ddb-95de-a4e2a00eb2bb,6d77f96e-54ae-5c2b-944f-12a70226f20a,formula_not_evaluated,ch4_leakage_active
2e8facf6-46aa-4ddb-95de-a4e2a00eb2bb,e0368d96-44a3-3628-8220-e6ae975b0931,formula_not_evaluated,1.5369/1000
2e8facf6-46aa-4ddb-95de-a4e2a00eb2bb,e0368d96-44a3-3628-8220-e6ae975b0931,formula_not_evaluated,1010.7/1000
2e8facf6-46aa-4ddb-95de-a4e2a00eb2bb,f9cf891e-fd8c-304c-9707-4a7e390b9e75,coproduct_allocation_review,3
2e8facf6-46aa-4ddb-95de-a4e2a00eb2bb,3cfa52ac-c3d6-3ce2-b8f4-211bf63d7088,formula_not_evaluated,1.0*1000
2e8facf6-46aa-4ddb-95de-a4e2a00eb2bb,3cfa52ac-c3d6-3ce2-b8f4-211bf63d7088,formula_not_evaluated,0.97003389*1000
2e8facf6-46aa-4ddb-95de-a4e2a00eb2bb,3cfa52ac-c3d6-3ce2-b8f4-211bf63d7088,formula_not_evaluated,1.33*1000
2e8facf6-46aa-4ddb-95de-a4e2a00eb2bb,4e38a874-76e2-3c20-bc6a-eea62883ebaa,formula_not_evaluated,1.0*1000
2e8facf6-46aa-4ddb-95de-a4e2a00eb2bb,4e38a874-76e2-3c20-bc6a-eea62883ebaa,formula_not_evaluated,1.33*1000
2e8facf6-46aa-4ddb-95de-a4e2a00eb2bb,4e38a874-76e2-3c20-bc6a-eea62883ebaa,formula_not_evaluated,0.88*1000
2e8facf6-46aa-4ddb-95de-a4e2a00eb2bb,1cbbcd09-ea17-3d9b-bc34-2cf42efe26ba,formula_not_evaluated,1.0*10000
2e8facf6-46aa-4ddb-95de-a4e2a00eb2bb,1cbbcd09-ea17-3d9b-bc34-2cf42efe26ba,formula_not_evaluated,0.404*10000
2e8facf6-46aa-4ddb-95de-a4e2a00eb2bb,1cbbcd09-ea17-3d9b-bc34-2cf42efe26ba,formula_not_evaluated,0.354*10000
2e8facf6-46aa-4ddb-95de-a4e2a00eb2bb,1cbbcd09-ea17-3d9b-bc34-2cf42efe26ba,formula_not_evaluated,1.0*10000
2e8facf6-46aa-4ddb-95de-a4e2a00eb2bb,1cbbcd09-ea17-3d9b-bc34-2cf42efe26ba,formula_not_evaluated,0.685*10000
2e8facf6-46aa-4ddb-95de-a4e2a00eb2bb,1cbbcd09-ea17-3d9b-bc34-2cf42efe26ba,formula_not_evaluated,0.58*10000
2e8facf6-46aa-4ddb-95de-a4e2a00eb2bb,1cbbcd09-ea17-3d9b-bc34-2cf42efe26ba,formula_not_evaluated,1.0*10000
2e8facf6-46aa-4ddb-95de-a4e2a00eb2bb,1cbbcd09-ea17-3d9b-bc34-2cf42efe26ba,formula_not_evaluated,0.242*10000
2e8facf6-46aa-4ddb-95de-a4e2a00eb2bb,1cbbcd09-ea17-3d9b-bc34-2cf42efe26ba,formula_not_evaluated,1.0*10000
2e8facf6-46aa-4ddb-95de-a4e2a00eb2bb,1cbbcd09-ea17-3d9b-bc34-2cf42efe26ba,formula_not_evaluated,1.0*10000
2e8facf6-46aa-4ddb-95de-a4e2a00eb2bb,1b8709a5-5df4-4c52-85e4-dd6e7ed8deba,coproduct_allocation_review,2
2e8facf6-46aa-4ddb-95de-a4e2a00eb2bb,7564cc52-b294-42c8-8320-7dd680296c81,formula_not_evaluated,0.0817*Energy_Recovered 
2e8facf6-46aa-4ddb-95de-a4e2a00eb2bb,956b53b9-dd05-35ae-a072-69f1f6906290,coproduct_allocation_review,1
2e8facf6-46aa-4ddb-95de-a4e2a00eb2bb,96087256-d181-30c8-ae17-f25e1f0eab0c,formula_not_evaluated,0.772*1000
2e8facf6-46aa-4ddb-95de-a4e2a00eb2bb,96087256-d181-30c8-ae17-f25e1f0eab0c,formula_not_evaluated,0.136*1000
2e8facf6-46aa-4ddb-95de-a4e2a00eb2bb,96087256-d181-30c8-ae17-f25e1f0eab0c,formula_not_evaluated,0.908*1000
2e8facf6-46aa-4ddb-95de-a4e2a00eb2bb,25b4ad17-ccd9-36ff-8ed5-4ad7b4814ae3,formula_not_evaluated,0.97003*1000
2e8facf6-46aa-4ddb-95de-a4e2a00eb2bb,25b4ad17-ccd9-36ff-8ed5-4ad7b4814ae3,formula_not_evaluated,1.33*1000
2e8facf6-46aa-4ddb-95de-a4e2a00eb2bb,4be84642-28cb-3508-9189-d8afcec42d92,formula_not_evaluated,1.0*1000
2e8facf6-46aa-4ddb-95de-a4e2a00eb2bb,4be84642-28cb-3508-9189-d8afcec42d92,formula_not_evaluated,1.28*1000
2e8facf6-46aa-4ddb-95de-a4e2a00eb2bb,4be84642-28cb-3508-9189-d8afcec42d92,formula_not_evaluated,0.93145*1000
2e8facf6-46aa-4ddb-95de-a4e2a00eb2bb,4d4122ba-1573-5c75-803a-7ec4b3946e93,formula_not_evaluated,ng_combusted_total * gen_frac * gen_lgt_share
2e8facf6-46aa-4ddb-95de-a4e2a00eb2bb,4d4122ba-1573-5c75-803a-7ec4b3946e93,formula_not_evaluated,ng_flared_total
2e8facf6-46aa-4ddb-95de-a4e2a00eb2bb,4d4122ba-1573-5c75-803a-7ec4b3946e93,formula_not_evaluated,ch4_leakage_active
2e8facf6-46aa-4ddb-95de-a4e2a00eb2bb,4d4122ba-1573-5c75-803a-7ec4b3946e93,formula_not_evaluated,ng_combusted_total * gen_frac * gen_sib_share
2e8facf6-46aa-4ddb-95de-a4e2a00eb2bb,4d4122ba-1573-5c75-803a-7ec4b3946e93,formula_not_evaluated,ng_combusted_total * comp_frac * comp_re_share
2e8facf6-46aa-4ddb-95de-a4e2a00eb2bb,eb6f9433-0dae-5a9b-b1b8-35cbdaed3444,formula_not_evaluated,ng_combusted_total * gen_frac * gen_sib_share
2e8facf6-46aa-4ddb-95de-a4e2a00eb2bb,eb6f9433-0dae-5a9b-b1b8-35cbdaed3444,formula_not_evaluated,ng_flared_total
2e8facf6-46aa-4ddb-95de-a4e2a00eb2bb,eb6f9433-0dae-5a9b-b1b8-35cbdaed3444,formula_not_evaluated,ng_combusted_total * comp_frac * comp_re_share
2e8facf6-46aa-4ddb-95de-a4e2a00eb2bb,eb6f9433-0dae-5a9b-b1b8-35cbdaed3444,formula_not_evaluated,ng_combusted_total * gen_frac * gen_lgt_share
2e8facf6-46aa-4ddb-95de-a4e2a00eb2bb,eb6f9433-0dae-5a9b-b1b8-35cbdaed3444,formula_not_evaluated,ch4_leakage_active
2e8facf6-46aa-4ddb-95de-a4e2a00eb2bb,3d450571-a036-52fb-ab65-131bf8257822,formula_not_evaluated,ng_combusted_total * gen_frac * gen_lgt_share
2e8facf6-46aa-4ddb-95de-a4e2a00eb2bb,3d450571-a036-52fb-ab65-131bf8257822,formula_not_evaluated,ng_combusted_total * comp_frac * comp_re_share
2e8facf6-46aa-4ddb-95de-a4e2a00eb2bb,3d450571-a036-52fb-ab65-131bf8257822,formula_not_evaluated,ng_flared_total
2e8facf6-46aa-4ddb-95de-a4e2a00eb2bb,3d450571-a036-52fb-ab65-131bf8257822,formula_not_evaluated,ch4_leakage_active
2e8facf6-46aa-4ddb-95de-a4e2a00eb2bb,3d450571-a036-52fb-ab65-131bf8257822,formula_not_evaluated,ng_combusted_total * gen_frac * gen_sib_share
2e8facf6-46aa-4ddb-95de-a4e2a00eb2bb,520ecb54-7b55-42ca-97c3-4b8192189356,formula_not_evaluated,0.038+.014
2e8facf6-46aa-4ddb-95de-a4e2a00eb2bb,a591c53f-ce67-41da-b0c1-65b6d91a1a43,coproduct_allocation_review,2
2e8facf6-46aa-4ddb-95de-a4e2a00eb2bb,c245a252-0860-41d2-9789-802bab7984ab,coproduct_allocation_review,2
2e8facf6-46aa-4ddb-95de-a4e2a00eb2bb,c245a252-0860-41d2-9789-802bab7984ab,formula_not_evaluated,1.359937463+0.046461804+0.263182311-0.071718049
2e8facf6-46aa-4ddb-95de-a4e2a00eb2bb,99898750-1f41-3c25-8ee0-aaae4b6697d0,formula_not_evaluated,0.476*1000
2e8facf6-46aa-4ddb-95de-a4e2a00eb2bb,99898750-1f41-3c25-8ee0-aaae4b6697d0,formula_not_evaluated,0.397*10000
2e8facf6-46aa-4ddb-95de-a4e2a00eb2bb,3221bb51-ac5f-36b7-a5c4-d81a5c65ccf0,formula_not_evaluated,0.476*1000
2e8facf6-46aa-4ddb-95de-a4e2a00eb2bb,3221bb51-ac5f-36b7-a5c4-d81a5c65ccf0,formula_not_evaluated,0.342*10000
2e8facf6-46aa-4ddb-95de-a4e2a00eb2bb,d5b0f333-d1b3-3ba1-8111-b036b67589f8,formula_not_evaluated,1.0*10000
2e8facf6-46aa-4ddb-95de-a4e2a00eb2bb,d5b0f333-d1b3-3ba1-8111-b036b67589f8,formula_not_evaluated,2.0*10000
2e8facf6-46aa-4ddb-95de-a4e2a00eb2bb,24ccf5c5-25f5-35da-bead-5edf4e14cdc1,formula_not_evaluated,1.0*10000
2e8facf6-46aa-4ddb-95de-a4e2a00eb2bb,24ccf5c5-25f5-35da-bead-5edf4e14cdc1,formula_not_evaluated,1.0*10000
2e8facf6-46aa-4ddb-95de-a4e2a00eb2bb,2813d2f3-6813-34d8-b47b-b464f390bcaf,formula_not_evaluated,1.0*10000
2e8facf6-46aa-4ddb-95de-a4e2a00eb2bb,2813d2f3-6813-34d8-b47b-b464f390bcaf,formula_not_evaluated,2.0*10000
2e8facf6-46aa-4ddb-95de-a4e2a00eb2bb,515c5359-a186-3394-b849-8676652228db,formula_not_evaluated,1.0*1000
2e8facf6-46aa-4ddb-95de-a4e2a00eb2bb,515c5359-a186-3394-b849-8676652228db,formula_not_evaluated,0.056875*44.45
2e8facf6-46aa-4ddb-95de-a4e2a00eb2bb,727c4049-41db-3645-a4f9-af66fa92dee0,formula_not_evaluated,9.07*1000
2e8facf6-46aa-4ddb-95de-a4e2a00eb2bb,727c4049-41db-3645-a4f9-af66fa92dee0,formula_not_evaluated,9.07*1000
2e8facf6-46aa-4ddb-95de-a4e2a00eb2bb,c0138d7e-3eac-3b37-b27a-58c9d5a2d1cf,formula_not_evaluated,1.71*1000
2e8facf6-46aa-4ddb-95de-a4e2a00eb2bb,c0138d7e-3eac-3b37-b27a-58c9d5a2d1cf,formula_not_evaluated,0.405*10000
2e8facf6-46aa-4ddb-95de-a4e2a00eb2bb,313bc9b6-6559-5ba9-a2f4-b1796c4ce4d2,formula_not_evaluated,ng_combusted_total * gen_frac * gen_sib_share
2e8facf6-46aa-4ddb-95de-a4e2a00eb2bb,313bc9b6-6559-5ba9-a2f4-b1796c4ce4d2,formula_not_evaluated,ng_combusted_total * gen_frac * gen_lgt_share
2e8facf6-46aa-4ddb-95de-a4e2a00eb2bb,313bc9b6-6559-5ba9-a2f4-b1796c4ce4d2,formula_not_evaluated,ng_flared_total
2e8facf6-46aa-4ddb-95de-a4e2a00eb2bb,313bc9b6-6559-5ba9-a2f4-b1796c4ce4d2,formula_not_evaluated,ng_combusted_total * comp_frac * comp_re_share
2e8facf6-46aa-4ddb-95de-a4e2a00eb2bb,313bc9b6-6559-5ba9-a2f4-b1796c4ce4d2,formula_not_evaluated,ch4_leakage_active
2e8facf6-46aa-4ddb-95de-a4e2a00eb2bb,32c6492e-98bf-50e0-a267-fffa2a9fd398,formula_not_evaluated,ng_combusted_total * gen_frac * gen_sib_share
2e8facf6-46aa-4ddb-95de-a4e2a00eb2bb,32c6492e-98bf-50e0-a267-fffa2a9fd398,formula_not_evaluated,ng_combusted_total * comp_frac * comp_re_share
2e8facf6-46aa-4ddb-95de-a4e2a00eb2bb,32c6492e-98bf-50e0-a267-fffa2a9fd398,formula_not_evaluated,ng_combusted_total * gen_frac * gen_lgt_share
2e8facf6-46aa-4ddb-95de-a4e2a00eb2bb,32c6492e-98bf-50e0-a267-fffa2a9fd398,formula_not_evaluated,ch4_leakage_active
2e8facf6-46aa-4ddb-95de-a4e2a00eb2bb,32c6492e-98bf-50e0-a267-fffa2a9fd398,formula_not_evaluated,ng_flared_total
2e8facf6-46aa-4ddb-95de-a4e2a00eb2bb,4c427e2b-01a9-5be8-afa1-dc5d4a537213,formula_not_evaluated,ng_flared_total
2e8facf6-46aa-4ddb-95de-a4e2a00eb2bb,4c427e2b-01a9-5be8-afa1-dc5d4a537213,formula_not_evaluated,ch4_leakage_active
2e8facf6-46aa-4ddb-95de-a4e2a00eb2bb,31dd79aa-94df-31b9-b81f-8b1d436581da,formula_not_evaluated,1000.0
2e8facf6-46aa-4ddb-95de-a4e2a00eb2bb,31dd79aa-94df-31b9-b81f-8b1d436581da,formula_not_evaluated,1187.1
2e8facf6-46aa-4ddb-95de-a4e2a00eb2bb,31dd79aa-94df-31b9-b81f-8b1d436581da,formula_not_evaluated,1187.1
2e8facf6-46aa-4ddb-95de-a4e2a00eb2bb,31dd79aa-94df-31b9-b81f-8b1d436581da,formula_not_evaluated,1187.1
2e8facf6-46aa-4ddb-95de-a4e2a00eb2bb,31dd79aa-94df-31b9-b81f-8b1d436581da,formula_not_evaluated,1187.1
2e8facf6-46aa-4ddb-95de-a4e2a00eb2bb,ce587724-1be4-3da0-b7a2-988592c28b9a,coproduct_allocation_review,5
2e8facf6-46aa-4ddb-95de-a4e2a00eb2bb,cbf4023b-71f7-36b7-8c45-ea43bc2f108c,coproduct_allocation_review,4
2e8facf6-46aa-4ddb-95de-a4e2a00eb2bb,1e4fd434-9cd2-402a-8ebf-43891d0dd591,formula_not_evaluated,1.26E-4*3.78541
2e8facf6-46aa-4ddb-95de-a4e2a00eb2bb,1e4fd434-9cd2-402a-8ebf-43891d0dd591,formula_not_evaluated,2.0E-4*0.028317
2e8facf6-46aa-4ddb-95de-a4e2a00eb2bb,3dbccdda-2014-4239-ad1f-4e15c034942b,formula_not_evaluated,3.46E0+8.84E-03+2.67E0
2e8facf6-46aa-4ddb-95de-a4e2a00eb2bb,3dbccdda-2014-4239-ad1f-4e15c034942b,formula_not_evaluated,2.48E-3+4.48E-4
2e8facf6-46aa-4ddb-95de-a4e2a00eb2bb,3dbccdda-2014-4239-ad1f-4e15c034942b,formula_not_evaluated,5.3/1000
2e8facf6-46aa-4ddb-95de-a4e2a00eb2bb,3dbccdda-2014-4239-ad1f-4e15c034942b,formula_not_evaluated,2.71E-2+5.39E-03
2e8facf6-46aa-4ddb-95de-a4e2a00eb2bb,3dbccdda-2014-4239-ad1f-4e15c034942b,formula_not_evaluated,3.08E-3+1.32E-04
2e8facf6-46aa-4ddb-95de-a4e2a00eb2bb,3dbccdda-2014-4239-ad1f-4e15c034942b,formula_not_evaluated,2.24E-3+1.48E-4
2e8facf6-46aa-4ddb-95de-a4e2a00eb2bb,0e42a306-ee2d-362e-8bc3-580000096459,formula_not_evaluated,1.4E-4+0.0024
2e8facf6-46aa-4ddb-95de-a4e2a00eb2bb,a3b730ce-d657-383b-b485-e5d082d96424,formula_not_evaluated,1.0*10000
2e8facf6-46aa-4ddb-95de-a4e2a00eb2bb,a3b730ce-d657-383b-b485-e5d082d96424,formula_not_evaluated,0.32*10000
2e8facf6-46aa-4ddb-95de-a4e2a00eb2bb,55d8bf4f-025a-3927-bb96-235d37ba79fc,formula_not_evaluated,1.0*10000
2e8facf6-46aa-4ddb-95de-a4e2a00eb2bb,55d8bf4f-025a-3927-bb96-235d37ba79fc,formula_not_evaluated,1.0*10000
2e8facf6-46aa-4ddb-95de-a4e2a00eb2bb,f04300c5-ea44-3525-b6ab-c4b8b27b127e,formula_not_evaluated,9.33E-5*10000
2e8facf6-46aa-4ddb-95de-a4e2a00eb2bb,f04300c5-ea44-3525-b6ab-c4b8b27b127e,formula_not_evaluated,9.33E-5*10000
2e8facf6-46aa-4ddb-95de-a4e2a00eb2bb,4d09380a-6297-392c-b1bb-74534b4d3d8e,formula_not_evaluated,1.0*10000
2e8facf6-46aa-4ddb-95de-a4e2a00eb2bb,4d09380a-6297-392c-b1bb-74534b4d3d8e,formula_not_evaluated,0.315*10000
2e8facf6-46aa-4ddb-95de-a4e2a00eb2bb,9d7c7f3e-7182-3444-9024-8915c71a803b,formula_not_evaluated,1000.0
2e8facf6-46aa-4ddb-95de-a4e2a00eb2bb,9d7c7f3e-7182-3444-9024-8915c71a803b,formula_not_evaluated,1000.0
2e8facf6-46aa-4ddb-95de-a4e2a00eb2bb,be9d17bb-1253-3a1a-b9dc-09c65751805f,formula_not_evaluated,1000.0
2e8facf6-46aa-4ddb-95de-a4e2a00eb2bb,be9d17bb-1253-3a1a-b9dc-09c65751805f,formula_not_evaluated,(0.44153)
2e8facf6-46aa-4ddb-95de-a4e2a00eb2bb,bb0f94e7-300d-342e-9d5e-3cc00121f850,formula_not_evaluated,1000.0
2e8facf6-46aa-4ddb-95de-a4e2a00eb2bb,bb0f94e7-300d-342e-9d5e-3cc00121f850,formula_not_evaluated,((1.7E-4 + 7.14E-4) / 2)
2e8facf6-46aa-4ddb-95de-a4e2a00eb2bb,bb0f94e7-300d-342e-9d5e-3cc00121f850,formula_not_evaluated,1000
2e8facf6-46aa-4ddb-95de-a4e2a00eb2bb,bb0f94e7-300d-342e-9d5e-3cc00121f850,formula_not_evaluated,1000.0
2e8facf6-46aa-4ddb-95de-a4e2a00eb2bb,bb0f94e7-300d-342e-9d5e-3cc00121f850,formula_not_evaluated,1000
2e8facf6-46aa-4ddb-95de-a4e2a00eb2bb,bb0f94e7-300d-342e-9d5e-3cc00121f850,formula_not_evaluated,1000
2e8facf6-46aa-4ddb-95de-a4e2a00eb2bb,bb0f94e7-300d-342e-9d5e-3cc00121f850,formula_not_evaluated,0.3424*1000/35.3
2e8facf6-46aa-4ddb-95de-a4e2a00eb2bb,bb0f94e7-300d-342e-9d5e-3cc00121f850,formula_not_evaluated,1000
2e8facf6-46aa-4ddb-95de-a4e2a00eb2bb,bb0f94e7-300d-342e-9d5e-3cc00121f850,formula_not_evaluated,nahypo 
2e8facf6-46aa-4ddb-95de-a4e2a00eb2bb,bb0f94e7-300d-342e-9d5e-3cc00121f850,formula_not_evaluated,1000
2e8facf6-46aa-4ddb-95de-a4e2a00eb2bb,a6d58af5-1d23-3200-8de2-2e23582f1551,formula_not_evaluated,1000.0
2e8facf6-46aa-4ddb-95de-a4e2a00eb2bb,a6d58af5-1d23-3200-8de2-2e23582f1551,formula_not_evaluated,(chlorineinput)
2e8facf6-46aa-4ddb-95de-a4e2a00eb2bb,a6d58af5-1d23-3200-8de2-2e23582f1551,formula_not_evaluated,1000
2e8facf6-46aa-4ddb-95de-a4e2a00eb2bb,a6d58af5-1d23-3200-8de2-2e23582f1551,formula_not_evaluated,((0.00136 + 0.002737) / 2)
2e8facf6-46aa-4ddb-95de-a4e2a00eb2bb,a6d58af5-1d23-3200-8de2-2e23582f1551,formula_not_evaluated,1.609344 * (((0.00792 + 0.015939) / 2))
2e8facf6-46aa-4ddb-95de-a4e2a00eb2bb,4eb5b312-c3dd-3720-b8b6-814953d7c937,formula_not_evaluated,1000.0
2e8facf6-46aa-4ddb-95de-a4e2a00eb2bb,4eb5b312-c3dd-3720-b8b6-814953d7c937,formula_not_evaluated,1000
2e8facf6-46aa-4ddb-95de-a4e2a00eb2bb,a0bada1b-1891-46af-81af-90d0664bee40,formula_not_evaluated,5.38*10E-4
2e8facf6-46aa-4ddb-95de-a4e2a00eb2bb,a0bada1b-1891-46af-81af-90d0664bee40,formula_not_evaluated,4.17*10E-7
2e8facf6-46aa-4ddb-95de-a4e2a00eb2bb,4a42fda8-640a-3152-9741-f64c558be34d,coproduct_allocation_review,1
2e8facf6-46aa-4ddb-95de-a4e2a00eb2bb,d85c6177-4580-35f0-afd6-52125ababf10,coproduct_allocation_review,1
2e8facf6-46aa-4ddb-95de-a4e2a00eb2bb,53bb995e-2b64-4464-87f4-a3b79dcd1c32,formula_not_evaluated,0.104371585+3.92E-02
2e8facf6-46aa-4ddb-95de-a4e2a00eb2bb,53bb995e-2b64-4464-87f4-a3b79dcd1c32,formula_not_evaluated,4.73E0+6.42E-02
2e8facf6-46aa-4ddb-95de-a4e2a00eb2bb,53bb995e-2b64-4464-87f4-a3b79dcd1c32,formula_not_evaluated,4.91E-7+5.26E-4
2e8facf6-46aa-4ddb-95de-a4e2a00eb2bb,53bb995e-2b64-4464-87f4-a3b79dcd1c32,formula_not_evaluated,1.91E0/1000
2e8facf6-46aa-4ddb-95de-a4e2a00eb2bb,53bb995e-2b64-4464-87f4-a3b79dcd1c32,formula_not_evaluated,5.06E-01+1.48E-02
2e8facf6-46aa-4ddb-95de-a4e2a00eb2bb,14b0912f-fb6d-321d-8f42-0ea35918689f,formula_not_evaluated,1.0*10000
2e8facf6-46aa-4ddb-95de-a4e2a00eb2bb,9c36427d-76de-314c-bfca-4d714b71c9a5,formula_not_evaluated,1.0*10000
2e8facf6-46aa-4ddb-95de-a4e2a00eb2bb,9c36427d-76de-314c-bfca-4d714b71c9a5,formula_not_evaluated,1.0*10000
2e8facf6-46aa-4ddb-95de-a4e2a00eb2bb,9c36427d-76de-314c-bfca-4d714b71c9a5,formula_not_evaluated,0.333*10000
2e8facf6-46aa-4ddb-95de-a4e2a00eb2bb,9c36427d-76de-314c-bfca-4d714b71c9a5,formula_not_evaluated,0.333*10000
2e8facf6-46aa-4ddb-95de-a4e2a00eb2bb,9c36427d-76de-314c-bfca-4d714b71c9a5,formula_not_evaluated,1.0*10000
2e8facf6-46aa-4ddb-95de-a4e2a00eb2bb,9c36427d-76de-314c-bfca-4d714b71c9a5,formula_not_evaluated,0.1*10000
2e8facf6-46aa-4ddb-95de-a4e2a00eb2bb,9c36427d-76de-314c-bfca-4d714b71c9a5,formula_not_evaluated,0.1*10000
2e8facf6-46aa-4ddb-95de-a4e2a00eb2bb,9c36427d-76de-314c-bfca-4d714b71c9a5,formula_not_evaluated,0.333*10000
2e8facf6-46aa-4ddb-95de-a4e2a00eb2bb,9c36427d-76de-314c-bfca-4d714b71c9a5,formula_not_evaluated,10.0*10000
2e8facf6-46aa-4ddb-95de-a4e2a00eb2bb,238589f8-deaf-3218-84e9-703a9bd7f3e1,formula_not_evaluated,1.0*10000
2e8facf6-46aa-4ddb-95de-a4e2a00eb2bb,6bf03929-c98a-32e8-b816-17c4908a069d,formula_not_evaluated,1000.0
2e8facf6-46aa-4ddb-95de-a4e2a00eb2bb,6bf03929-c98a-32e8-b816-17c4908a069d,formula_not_evaluated,1000.0
2e8facf6-46aa-4ddb-95de-a4e2a00eb2bb,6bf03929-c98a-32e8-b816-17c4908a069d,formula_not_evaluated,1000
2e8facf6-46aa-4ddb-95de-a4e2a00eb2bb,6bf03929-c98a-32e8-b816-17c4908a069d,formula_not_evaluated,((1.7E-4 + 7.14E-4) / 2)
2e8facf6-46aa-4ddb-95de-a4e2a00eb2bb,6bf03929-c98a-32e8-b816-17c4908a069d,formula_not_evaluated,((0.617 + 2.163) / 2)
2e8facf6-46aa-4ddb-95de-a4e2a00eb2bb,6bf03929-c98a-32e8-b816-17c4908a069d,formula_not_evaluated,(0.082 + 0.173) / 2
2e8facf6-46aa-4ddb-95de-a4e2a00eb2bb,6bf03929-c98a-32e8-b816-17c4908a069d,formula_not_evaluated,((0.004319 + 0.015141) / 2)
2e8facf6-46aa-4ddb-95de-a4e2a00eb2bb,6bf03929-c98a-32e8-b816-17c4908a069d,formula_not_evaluated,((0.001394 + 0.002941) / 2)
2e8facf6-46aa-4ddb-95de-a4e2a00eb2bb,0577d79b-9d3d-334f-a390-84d70c142d53,formula_not_evaluated,1.0
2e8facf6-46aa-4ddb-95de-a4e2a00eb2bb,0577d79b-9d3d-334f-a390-84d70c142d53,formula_not_evaluated,0.0020923
2e8facf6-46aa-4ddb-95de-a4e2a00eb2bb,f035c561-be3b-3958-adf6-a5d04ac8754a,formula_not_evaluated,1000.0
2e8facf6-46aa-4ddb-95de-a4e2a00eb2bb,f035c561-be3b-3958-adf6-a5d04ac8754a,formula_not_evaluated,((0.001425 + 0.0025575) / 2)
2e8facf6-46aa-4ddb-95de-a4e2a00eb2bb,f035c561-be3b-3958-adf6-a5d04ac8754a,formula_not_evaluated,((0.19 + 0.341) / 2)
2e8facf6-46aa-4ddb-95de-a4e2a00eb2bb,f035c561-be3b-3958-adf6-a5d04ac8754a,formula_not_evaluated,1.609344 * (((0.08835 + 0.15856) / 2))
2e8facf6-46aa-4ddb-95de-a4e2a00eb2bb,f035c561-be3b-3958-adf6-a5d04ac8754a,formula_not_evaluated,1000
2e8facf6-46aa-4ddb-95de-a4e2a00eb2bb,89b282f3-cbda-3c5e-9521-61607e44d326,formula_not_evaluated,1.0
2e8facf6-46aa-4ddb-95de-a4e2a00eb2bb,89b282f3-cbda-3c5e-9521-61607e44d326,formula_not_evaluated,7.0895E-6
2e8facf6-46aa-4ddb-95de-a4e2a00eb2bb,89b282f3-cbda-3c5e-9521-61607e44d326,formula_not_evaluated,4.0554E-5
2e8facf6-46aa-4ddb-95de-a4e2a00eb2bb,89b282f3-cbda-3c5e-9521-61607e44d326,formula_not_evaluated,3.9247E-5
2e8facf6-46aa-4ddb-95de-a4e2a00eb2bb,89b282f3-cbda-3c5e-9521-61607e44d326,formula_not_evaluated,8.7889E-6
2e8facf6-46aa-4ddb-95de-a4e2a00eb2bb,89b282f3-cbda-3c5e-9521-61607e44d326,formula_not_evaluated,2.3834E-6
2e8facf6-46aa-4ddb-95de-a4e2a00eb2bb,68ca1e82-093d-3fa3-abe4-f7054f3a2a92,formula_not_evaluated,1.0
2e8facf6-46aa-4ddb-95de-a4e2a00eb2bb,68ca1e82-093d-3fa3-abe4-f7054f3a2a92,formula_not_evaluated,3.2044E-8
2e8facf6-46aa-4ddb-95de-a4e2a00eb2bb,68ca1e82-093d-3fa3-abe4-f7054f3a2a92,formula_not_evaluated,2.8795E-5
2e8facf6-46aa-4ddb-95de-a4e2a00eb2bb,68ca1e82-093d-3fa3-abe4-f7054f3a2a92,formula_not_evaluated,6.4489E-5
2e8facf6-46aa-4ddb-95de-a4e2a00eb2bb,6017be4d-8df3-31bf-9597-756852c8f18d,formula_not_evaluated,1.0
2e8facf6-46aa-4ddb-95de-a4e2a00eb2bb,6017be4d-8df3-31bf-9597-756852c8f18d,formula_not_evaluated,5.4109E-5
2e8facf6-46aa-4ddb-95de-a4e2a00eb2bb,6017be4d-8df3-31bf-9597-756852c8f18d,formula_not_evaluated,6.8249E-6
2e8facf6-46aa-4ddb-95de-a4e2a00eb2bb,6017be4d-8df3-31bf-9597-756852c8f18d,formula_not_evaluated,8.769E-6
2e8facf6-46aa-4ddb-95de-a4e2a00eb2bb,6017be4d-8df3-31bf-9597-756852c8f18d,formula_not_evaluated,7.6677E-6
2e8facf6-46aa-4ddb-95de-a4e2a00eb2bb,6017be4d-8df3-31bf-9597-756852c8f18d,formula_not_evaluated,6.7006E-6
2e8facf6-46aa-4ddb-95de-a4e2a00eb2bb,6017be4d-8df3-31bf-9597-756852c8f18d,formula_not_evaluated,1.2666E-4
2e8facf6-46aa-4ddb-95de-a4e2a00eb2bb,6017be4d-8df3-31bf-9597-756852c8f18d,formula_not_evaluated,7.9314E-6
2e8facf6-46aa-4ddb-95de-a4e2a00eb2bb,6017be4d-8df3-31bf-9597-756852c8f18d,formula_not_evaluated,1.5639E-4
2e8facf6-46aa-4ddb-95de-a4e2a00eb2bb,6017be4d-8df3-31bf-9597-756852c8f18d,formula_not_evaluated,1.365E-5
2e8facf6-46aa-4ddb-95de-a4e2a00eb2bb,6017be4d-8df3-31bf-9597-756852c8f18d,formula_not_evaluated,6.4922E-6
2e8facf6-46aa-4ddb-95de-a4e2a00eb2bb,6017be4d-8df3-31bf-9597-756852c8f18d,formula_not_evaluated,7.1023E-6
2e8facf6-46aa-4ddb-95de-a4e2a00eb2bb,6017be4d-8df3-31bf-9597-756852c8f18d,formula_not_evaluated,7.24E-04
2e8facf6-46aa-4ddb-95de-a4e2a00eb2bb,6017be4d-8df3-31bf-9597-756852c8f18d,formula_not_evaluated,4.9742E-6
2e8facf6-46aa-4ddb-95de-a4e2a00eb2bb,6017be4d-8df3-31bf-9597-756852c8f18d,formula_not_evaluated,3.034E-6
2e8facf6-46aa-4ddb-95de-a4e2a00eb2bb,c4a05231-fcf5-38cd-ae11-3f0edfd40d82,formula_not_evaluated,1.0
2e8facf6-46aa-4ddb-95de-a4e2a00eb2bb,c4a05231-fcf5-38cd-ae11-3f0edfd40d82,formula_not_evaluated,5.9849E-5
2e8facf6-46aa-4ddb-95de-a4e2a00eb2bb,c4a05231-fcf5-38cd-ae11-3f0edfd40d82,formula_not_evaluated,4.4754E-6
2e8facf6-46aa-4ddb-95de-a4e2a00eb2bb,403216d9-b675-389c-8c3b-e144201bb6e9,formula_not_evaluated,1.0
2e8facf6-46aa-4ddb-95de-a4e2a00eb2bb,403216d9-b675-389c-8c3b-e144201bb6e9,formula_not_evaluated,4.7521E-8
2e8facf6-46aa-4ddb-95de-a4e2a00eb2bb,403216d9-b675-389c-8c3b-e144201bb6e9,formula_not_evaluated,5.473E-9
2e8facf6-46aa-4ddb-95de-a4e2a00eb2bb,403216d9-b675-389c-8c3b-e144201bb6e9,formula_not_evaluated,2.6401E-7
2e8facf6-46aa-4ddb-95de-a4e2a00eb2bb,403216d9-b675-389c-8c3b-e144201bb6e9,formula_not_evaluated,4.0724E-6
2e8facf6-46aa-4ddb-95de-a4e2a00eb2bb,fd7881e1-12fb-3888-b731-db05f8b0dde0,formula_not_evaluated,1.0
2e8facf6-46aa-4ddb-95de-a4e2a00eb2bb,fd7881e1-12fb-3888-b731-db05f8b0dde0,formula_not_evaluated,9.7686E-8
2e8facf6-46aa-4ddb-95de-a4e2a00eb2bb,fd7881e1-12fb-3888-b731-db05f8b0dde0,formula_not_evaluated,5.1175E-5
2e8facf6-46aa-4ddb-95de-a4e2a00eb2bb,fd7881e1-12fb-3888-b731-db05f8b0dde0,formula_not_evaluated,1.0373E-10
2e8facf6-46aa-4ddb-95de-a4e2a00eb2bb,fd7881e1-12fb-3888-b731-db05f8b0dde0,formula_not_evaluated,0.0048648
2e8facf6-46aa-4ddb-95de-a4e2a00eb2bb,fd7881e1-12fb-3888-b731-db05f8b0dde0,formula_not_evaluated,1.7289E-10
2e8facf6-46aa-4ddb-95de-a4e2a00eb2bb,fd7881e1-12fb-3888-b731-db05f8b0dde0,formula_not_evaluated,3.0833E-9
2e8facf6-46aa-4ddb-95de-a4e2a00eb2bb,fd7881e1-12fb-3888-b731-db05f8b0dde0,formula_not_evaluated,5.9717E-7
2e8facf6-46aa-4ddb-95de-a4e2a00eb2bb,fd7881e1-12fb-3888-b731-db05f8b0dde0,formula_not_evaluated,1.85E-9
2e8facf6-46aa-4ddb-95de-a4e2a00eb2bb,fd7881e1-12fb-3888-b731-db05f8b0dde0,formula_not_evaluated,2.4204E-10
2e8facf6-46aa-4ddb-95de-a4e2a00eb2bb,fd7881e1-12fb-3888-b731-db05f8b0dde0,formula_not_evaluated,4.3166E-9
2e8facf6-46aa-4ddb-95de-a4e2a00eb2bb,fd7881e1-12fb-3888-b731-db05f8b0dde0,formula_not_evaluated,3.3886E-9
2e8facf6-46aa-4ddb-95de-a4e2a00eb2bb,fd7881e1-12fb-3888-b731-db05f8b0dde0,formula_not_evaluated,6.8776E-8
2e8facf6-46aa-4ddb-95de-a4e2a00eb2bb,fd7881e1-12fb-3888-b731-db05f8b0dde0,formula_not_evaluated,2.981E-5
2e8facf6-46aa-4ddb-95de-a4e2a00eb2bb,fd7881e1-12fb-3888-b731-db05f8b0dde0,formula_not_evaluated,0.0018743
2e8facf6-46aa-4ddb-95de-a4e2a00eb2bb,1bf86847-c8d5-49d6-b223-ac39940a53f9,coproduct_allocation_review,1
2e8facf6-46aa-4ddb-95de-a4e2a00eb2bb,6baa9816-6151-3af1-b230-d28bebfb5227,coproduct_allocation_review,1
2e8facf6-46aa-4ddb-95de-a4e2a00eb2bb,a941c19b-ed3f-34a9-a91b-ee31e2d6ac18,formula_not_evaluated,1.0*10000
2e8facf6-46aa-4ddb-95de-a4e2a00eb2bb,a941c19b-ed3f-34a9-a91b-ee31e2d6ac18,formula_not_evaluated,1.0*10000
2e8facf6-46aa-4ddb-95de-a4e2a00eb2bb,fef4bce7-747e-30a8-adea-c11de716b08b,formula_not_evaluated,1.0*10000
2e8facf6-46aa-4ddb-95de-a4e2a00eb2bb,fef4bce7-747e-30a8-adea-c11de716b08b,formula_not_evaluated,2.0*10000
2e8facf6-46aa-4ddb-95de-a4e2a00eb2bb,a40d4e00-67c2-3f4c-8c2b-1c67a28e6c5c,formula_not_evaluated,1.0*10000
2e8facf6-46aa-4ddb-95de-a4e2a00eb2bb,a40d4e00-67c2-3f4c-8c2b-1c67a28e6c5c,formula_not_evaluated,1.0*10000
2e8facf6-46aa-4ddb-95de-a4e2a00eb2bb,c47e2008-cd77-39e4-90d8-eba2cf6d2d44,formula_not_evaluated,1000.0
2e8facf6-46aa-4ddb-95de-a4e2a00eb2bb,c47e2008-cd77-39e4-90d8-eba2cf6d2d44,formula_not_evaluated,0.156
2e8facf6-46aa-4ddb-95de-a4e2a00eb2bb,c47e2008-cd77-39e4-90d8-eba2cf6d2d44,formula_not_evaluated,(0.010608)
2e8facf6-46aa-4ddb-95de-a4e2a00eb2bb,c47e2008-cd77-39e4-90d8-eba2cf6d2d44,formula_not_evaluated,1000
2e8facf6-46aa-4ddb-95de-a4e2a00eb2bb,c47e2008-cd77-39e4-90d8-eba2cf6d2d44,formula_not_evaluated,1000.0
2e8facf6-46aa-4ddb-95de-a4e2a00eb2bb,dccfe8ef-0d12-387f-bdf8-e8d54bc289ef,formula_not_evaluated,1.0
2e8facf6-46aa-4ddb-95de-a4e2a00eb2bb,dccfe8ef-0d12-387f-bdf8-e8d54bc289ef,formula_not_evaluated,6.3631E-5
2e8facf6-46aa-4ddb-95de-a4e2a00eb2bb,dccfe8ef-0d12-387f-bdf8-e8d54bc289ef,formula_not_evaluated,4.9333E-9
2e8facf6-46aa-4ddb-95de-a4e2a00eb2bb,dccfe8ef-0d12-387f-bdf8-e8d54bc289ef,formula_not_evaluated,2.7662E-10
2e8facf6-46aa-4ddb-95de-a4e2a00eb2bb,dccfe8ef-0d12-387f-bdf8-e8d54bc289ef,formula_not_evaluated,7.4252E-7
2e8facf6-46aa-4ddb-95de-a4e2a00eb2bb,dccfe8ef-0d12-387f-bdf8-e8d54bc289ef,formula_not_evaluated,8.5516E-8
2e8facf6-46aa-4ddb-95de-a4e2a00eb2bb,dccfe8ef-0d12-387f-bdf8-e8d54bc289ef,formula_not_evaluated,4.1457E-6
2e8facf6-46aa-4ddb-95de-a4e2a00eb2bb,8a563fa5-f6ee-3523-9fe0-3e6fbf5ff258,formula_not_evaluated,1.0
2e8facf6-46aa-4ddb-95de-a4e2a00eb2bb,8a563fa5-f6ee-3523-9fe0-3e6fbf5ff258,formula_not_evaluated,6.4705E-7
2e8facf6-46aa-4ddb-95de-a4e2a00eb2bb,8a563fa5-f6ee-3523-9fe0-3e6fbf5ff258,formula_not_evaluated,1.2395E-5
2e8facf6-46aa-4ddb-95de-a4e2a00eb2bb,8a563fa5-f6ee-3523-9fe0-3e6fbf5ff258,formula_not_evaluated,2.4666E-8
2e8facf6-46aa-4ddb-95de-a4e2a00eb2bb,8a563fa5-f6ee-3523-9fe0-3e6fbf5ff258,formula_not_evaluated,1.3831E-9
2e8facf6-46aa-4ddb-95de-a4e2a00eb2bb,e4d7b23f-d913-32ba-838d-b222d01b20ce,formula_not_evaluated,1.0
2e8facf6-46aa-4ddb-95de-a4e2a00eb2bb,e4d7b23f-d913-32ba-838d-b222d01b20ce,formula_not_evaluated,2.57
2e8facf6-46aa-4ddb-95de-a4e2a00eb2bb,e4d7b23f-d913-32ba-838d-b222d01b20ce,formula_not_evaluated,33.83
2e8facf6-46aa-4ddb-95de-a4e2a00eb2bb,e4d7b23f-d913-32ba-838d-b222d01b20ce,formula_not_evaluated,36.4
2e8facf6-46aa-4ddb-95de-a4e2a00eb2bb,b6838fda-8ab5-3d0b-9ce2-08d2346a07c5,formula_not_evaluated,1.0
2e8facf6-46aa-4ddb-95de-a4e2a00eb2bb,b6838fda-8ab5-3d0b-9ce2-08d2346a07c5,formula_not_evaluated,26.25
2e8facf6-46aa-4ddb-95de-a4e2a00eb2bb,b6838fda-8ab5-3d0b-9ce2-08d2346a07c5,formula_not_evaluated,28.4
2e8facf6-46aa-4ddb-95de-a4e2a00eb2bb,b6838fda-8ab5-3d0b-9ce2-08d2346a07c5,formula_not_evaluated,2.15
2e8facf6-46aa-4ddb-95de-a4e2a00eb2bb,75c2d103-d0c7-36ed-80c6-36c2a16f77fa,formula_not_evaluated,1.0
2e8facf6-46aa-4ddb-95de-a4e2a00eb2bb,75c2d103-d0c7-36ed-80c6-36c2a16f77fa,formula_not_evaluated,31.0
2e8facf6-46aa-4ddb-95de-a4e2a00eb2bb,d8e8d817-3d15-3d2b-8dd8-3f5b733cd2ad,formula_not_evaluated,1.0
2e8facf6-46aa-4ddb-95de-a4e2a00eb2bb,d8e8d817-3d15-3d2b-8dd8-3f5b733cd2ad,formula_not_evaluated,15.31
2e8facf6-46aa-4ddb-95de-a4e2a00eb2bb,d8e8d817-3d15-3d2b-8dd8-3f5b733cd2ad,formula_not_evaluated,149.2
2e8facf6-46aa-4ddb-95de-a4e2a00eb2bb,d8e8d817-3d15-3d2b-8dd8-3f5b733cd2ad,formula_not_evaluated,133.9
2e8facf6-46aa-4ddb-95de-a4e2a00eb2bb,e919c83f-525b-3058-ae29-a85362b1b20e,formula_not_evaluated,1.0
2e8facf6-46aa-4ddb-95de-a4e2a00eb2bb,e919c83f-525b-3058-ae29-a85362b1b20e,formula_not_evaluated,133.9
2e8facf6-46aa-4ddb-95de-a4e2a00eb2bb,e919c83f-525b-3058-ae29-a85362b1b20e,formula_not_evaluated,15.31
2e8facf6-46aa-4ddb-95de-a4e2a00eb2bb,e919c83f-525b-3058-ae29-a85362b1b20e,formula_not_evaluated,149.2
2e8facf6-46aa-4ddb-95de-a4e2a00eb2bb,5e71644e-6793-3cf3-bfcb-50eb45aa4620,formula_not_evaluated,1.0
2e8facf6-46aa-4ddb-95de-a4e2a00eb2bb,5e71644e-6793-3cf3-bfcb-50eb45aa4620,formula_not_evaluated,1.3
2e8facf6-46aa-4ddb-95de-a4e2a00eb2bb,5e71644e-6793-3cf3-bfcb-50eb45aa4620,formula_not_evaluated,16.7
2e8facf6-46aa-4ddb-95de-a4e2a00eb2bb,5e71644e-6793-3cf3-bfcb-50eb45aa4620,formula_not_evaluated,13.2
2e8facf6-46aa-4ddb-95de-a4e2a00eb2bb,0b27a86d-d4f0-374d-879b-1a1d608d45f3,formula_not_evaluated,1.0
2e8facf6-46aa-4ddb-95de-a4e2a00eb2bb,0b27a86d-d4f0-374d-879b-1a1d608d45f3,formula_not_evaluated,77.92
2e8facf6-46aa-4ddb-95de-a4e2a00eb2bb,0b27a86d-d4f0-374d-879b-1a1d608d45f3,formula_not_evaluated,85.6
2e8facf6-46aa-4ddb-95de-a4e2a00eb2bb,0b27a86d-d4f0-374d-879b-1a1d608d45f3,formula_not_evaluated,7.68
2e8facf6-46aa-4ddb-95de-a4e2a00eb2bb,59fb955e-b52d-3905-8458-82b162d53f28,formula_not_evaluated,1.0
2e8facf6-46aa-4ddb-95de-a4e2a00eb2bb,59fb955e-b52d-3905-8458-82b162d53f28,formula_not_evaluated,20.36
2e8facf6-46aa-4ddb-95de-a4e2a00eb2bb,59fb955e-b52d-3905-8458-82b162d53f28,formula_not_evaluated,1.74
2e8facf6-46aa-4ddb-95de-a4e2a00eb2bb,59fb955e-b52d-3905-8458-82b162d53f28,formula_not_evaluated,22.1
2e8facf6-46aa-4ddb-95de-a4e2a00eb2bb,94dc458b-76a8-3589-9557-221c7499e7de,formula_not_evaluated,1.0
2e8facf6-46aa-4ddb-95de-a4e2a00eb2bb,94dc458b-76a8-3589-9557-221c7499e7de,formula_not_evaluated,65.1
2e8facf6-46aa-4ddb-95de-a4e2a00eb2bb,94dc458b-76a8-3589-9557-221c7499e7de,formula_not_evaluated,6.4
2e8facf6-46aa-4ddb-95de-a4e2a00eb2bb,94dc458b-76a8-3589-9557-221c7499e7de,formula_not_evaluated,71.5
2e8facf6-46aa-4ddb-95de-a4e2a00eb2bb,133b6dfd-8bfe-3b6a-9d67-1ea4796bdecb,formula_not_evaluated,1.0
2e8facf6-46aa-4ddb-95de-a4e2a00eb2bb,133b6dfd-8bfe-3b6a-9d67-1ea4796bdecb,formula_not_evaluated,47.37
2e8facf6-46aa-4ddb-95de-a4e2a00eb2bb,133b6dfd-8bfe-3b6a-9d67-1ea4796bdecb,formula_not_evaluated,5.13
2e8facf6-46aa-4ddb-95de-a4e2a00eb2bb,133b6dfd-8bfe-3b6a-9d67-1ea4796bdecb,formula_not_evaluated,52.5
2e8facf6-46aa-4ddb-95de-a4e2a00eb2bb,c3aa19a5-68de-30df-8e6a-150e62f4e25f,formula_not_evaluated,1.0
2e8facf6-46aa-4ddb-95de-a4e2a00eb2bb,c3aa19a5-68de-30df-8e6a-150e62f4e25f,formula_not_evaluated,20.0
2e8facf6-46aa-4ddb-95de-a4e2a00eb2bb,ba17bfb9-b3b1-391f-8635-b9987fb6cabd,formula_not_evaluated,1.0
2e8facf6-46aa-4ddb-95de-a4e2a00eb2bb,ba17bfb9-b3b1-391f-8635-b9987fb6cabd,formula_not_evaluated,168.6
2e8facf6-46aa-4ddb-95de-a4e2a00eb2bb,ba17bfb9-b3b1-391f-8635-b9987fb6cabd,formula_not_evaluated,205.63
2e8facf6-46aa-4ddb-95de-a4e2a00eb2bb,ba17bfb9-b3b1-391f-8635-b9987fb6cabd,formula_not_evaluated,18.663
2e8facf6-46aa-4ddb-95de-a4e2a00eb2bb,43ad0362-1490-36bd-a23b-65a6bd1c82fd,formula_not_evaluated,1.0
2e8facf6-46aa-4ddb-95de-a4e2a00eb2bb,43ad0362-1490-36bd-a23b-65a6bd1c82fd,formula_not_evaluated,79.0
2e8facf6-46aa-4ddb-95de-a4e2a00eb2bb,49f5324b-fc33-36e9-b5af-3c80d73492bd,formula_not_evaluated,0.0927260138915408/1000
2e8facf6-46aa-4ddb-95de-a4e2a00eb2bb,49f5324b-fc33-36e9-b5af-3c80d73492bd,formula_not_evaluated,0.568944794563613/1000
2e8facf6-46aa-4ddb-95de-a4e2a00eb2bb,49f5324b-fc33-36e9-b5af-3c80d73492bd,formula_not_evaluated,8.66683145189528E-4/1000
2e8facf6-46aa-4ddb-95de-a4e2a00eb2bb,49f5324b-fc33-36e9-b5af-3c80d73492bd,formula_not_evaluated,0.0637801850804929/1000
2e8facf6-46aa-4ddb-95de-a4e2a00eb2bb,49f5324b-fc33-36e9-b5af-3c80d73492bd,formula_not_evaluated,8117.09607745942/1000
2e8facf6-46aa-4ddb-95de-a4e2a00eb2bb,49f5324b-fc33-36e9-b5af-3c80d73492bd,formula_not_evaluated,84.1642798893327/1000
2e8facf6-46aa-4ddb-95de-a4e2a00eb2bb,49f5324b-fc33-36e9-b5af-3c80d73492bd,formula_not_evaluated,73.6180688995816/1000
2e8facf6-46aa-4ddb-95de-a4e2a00eb2bb,49f5324b-fc33-36e9-b5af-3c80d73492bd,formula_not_evaluated,5.29614097612442E-10/1000
2e8facf6-46aa-4ddb-95de-a4e2a00eb2bb,49f5324b-fc33-36e9-b5af-3c80d73492bd,formula_not_evaluated,0.0152584922830993/1000
2e8facf6-46aa-4ddb-95de-a4e2a00eb2bb,49f5324b-fc33-36e9-b5af-3c80d73492bd,formula_not_evaluated,0.0638081319607587/1000
2e8facf6-46aa-4ddb-95de-a4e2a00eb2bb,49f5324b-fc33-36e9-b5af-3c80d73492bd,formula_not_evaluated,0.357173332085199/1000
2e8facf6-46aa-4ddb-95de-a4e2a00eb2bb,49f5324b-fc33-36e9-b5af-3c80d73492bd,formula_not_evaluated,0.00164459502378888/1000
2e8facf6-46aa-4ddb-95de-a4e2a00eb2bb,49f5324b-fc33-36e9-b5af-3c80d73492bd,formula_not_evaluated,0.00124092169545173/1000
2e8facf6-46aa-4ddb-95de-a4e2a00eb2bb,49f5324b-fc33-36e9-b5af-3c80d73492bd,formula_not_evaluated,0.00269288610455168/1000
2e8facf6-46aa-4ddb-95de-a4e2a00eb2bb,49f5324b-fc33-36e9-b5af-3c80d73492bd,formula_not_evaluated,0.0181410008094303/1000
2e8facf6-46aa-4ddb-95de-a4e2a00eb2bb,49f5324b-fc33-36e9-b5af-3c80d73492bd,formula_not_evaluated,0.0126432176569692/1000
2e8facf6-46aa-4ddb-95de-a4e2a00eb2bb,49f5324b-fc33-36e9-b5af-3c80d73492bd,formula_not_evaluated,4.25933851912192E-24/1000
2e8facf6-46aa-4ddb-95de-a4e2a00eb2bb,49f5324b-fc33-36e9-b5af-3c80d73492bd,formula_not_evaluated,348.498687972212/1000
2e8facf6-46aa-4ddb-95de-a4e2a00eb2bb,49f5324b-fc33-36e9-b5af-3c80d73492bd,formula_not_evaluated,0.0756119786458802/1000
2e8facf6-46aa-4ddb-95de-a4e2a00eb2bb,49f5324b-fc33-36e9-b5af-3c80d73492bd,formula_not_evaluated,0.00207942946898787/1000
2e8facf6-46aa-4ddb-95de-a4e2a00eb2bb,49f5324b-fc33-36e9-b5af-3c80d73492bd,formula_not_evaluated,1.80793551417205E-6/1000
2e8facf6-46aa-4ddb-95de-a4e2a00eb2bb,49f5324b-fc33-36e9-b5af-3c80d73492bd,formula_not_evaluated,0.169103036161963/1000
2e8facf6-46aa-4ddb-95de-a4e2a00eb2bb,49f5324b-fc33-36e9-b5af-3c80d73492bd,formula_not_evaluated,519.46407736732/1000
2e8facf6-46aa-4ddb-95de-a4e2a00eb2bb,49f5324b-fc33-36e9-b5af-3c80d73492bd,formula_not_evaluated,7.01130058632015E-4/1000
2e8facf6-46aa-4ddb-95de-a4e2a00eb2bb,49f5324b-fc33-36e9-b5af-3c80d73492bd,formula_not_evaluated,0.0286052799488928/1000
2e8facf6-46aa-4ddb-95de-a4e2a00eb2bb,49f5324b-fc33-36e9-b5af-3c80d73492bd,formula_not_evaluated,0.00844829773348675/1000
2e8facf6-46aa-4ddb-95de-a4e2a00eb2bb,49f5324b-fc33-36e9-b5af-3c80d73492bd,formula_not_evaluated,97.905772317125/1000
2e8facf6-46aa-4ddb-95de-a4e2a00eb2bb,49f5324b-fc33-36e9-b5af-3c80d73492bd,formula_not_evaluated,0.0842233118381372/1000
2e8facf6-46aa-4ddb-95de-a4e2a00eb2bb,49f5324b-fc33-36e9-b5af-3c80d73492bd,formula_not_evaluated,0.298965788858356/1000
2e8facf6-46aa-4ddb-95de-a4e2a00eb2bb,49f5324b-fc33-36e9-b5af-3c80d73492bd,formula_not_evaluated,0.00168312835058402/1000
2e8facf6-46aa-4ddb-95de-a4e2a00eb2bb,49f5324b-fc33-36e9-b5af-3c80d73492bd,formula_not_evaluated,0.00844829679519649/1000
2e8facf6-46aa-4ddb-95de-a4e2a00eb2bb,49f5324b-fc33-36e9-b5af-3c80d73492bd,formula_not_evaluated,1.05254786994268/1000
2e8facf6-46aa-4ddb-95de-a4e2a00eb2bb,49f5324b-fc33-36e9-b5af-3c80d73492bd,formula_not_evaluated,0.184907058233175/1000
2e8facf6-46aa-4ddb-95de-a4e2a00eb2bb,49f5324b-fc33-36e9-b5af-3c80d73492bd,formula_not_evaluated,1382.851931231/1000
2e8facf6-46aa-4ddb-95de-a4e2a00eb2bb,49f5324b-fc33-36e9-b5af-3c80d73492bd,formula_not_evaluated,106.320301923714/1000
2e8facf6-46aa-4ddb-95de-a4e2a00eb2bb,49f5324b-fc33-36e9-b5af-3c80d73492bd,formula_not_evaluated,46416.8296288208/1000
2e8facf6-46aa-4ddb-95de-a4e2a00eb2bb,49f5324b-fc33-36e9-b5af-3c80d73492bd,formula_not_evaluated,0.0887732775797303/1000
2e8facf6-46aa-4ddb-95de-a4e2a00eb2bb,49f5324b-fc33-36e9-b5af-3c80d73492bd,formula_not_evaluated,139.698243847034/1000
2e8facf6-46aa-4ddb-95de-a4e2a00eb2bb,49f5324b-fc33-36e9-b5af-3c80d73492bd,formula_not_evaluated,0.67641585540903/1000
2e8facf6-46aa-4ddb-95de-a4e2a00eb2bb,49f5324b-fc33-36e9-b5af-3c80d73492bd,formula_not_evaluated,0.00376183985177636/1000
2e8facf6-46aa-4ddb-95de-a4e2a00eb2bb,49f5324b-fc33-36e9-b5af-3c80d73492bd,formula_not_evaluated,0.0603838528519003/1000
2e8facf6-46aa-4ddb-95de-a4e2a00eb2bb,49f5324b-fc33-36e9-b5af-3c80d73492bd,formula_not_evaluated,0.0181406290843713/1000
2e8facf6-46aa-4ddb-95de-a4e2a00eb2bb,49f5324b-fc33-36e9-b5af-3c80d73492bd,formula_not_evaluated,570.423231545287/1000
2e8facf6-46aa-4ddb-95de-a4e2a00eb2bb,49f5324b-fc33-36e9-b5af-3c80d73492bd,formula_not_evaluated,155.143456906054/1000
2e8facf6-46aa-4ddb-95de-a4e2a00eb2bb,49f5324b-fc33-36e9-b5af-3c80d73492bd,formula_not_evaluated,0.00107839274491182/1000
2e8facf6-46aa-4ddb-95de-a4e2a00eb2bb,49f5324b-fc33-36e9-b5af-3c80d73492bd,formula_not_evaluated,0.0202291482511507/1000
2e8facf6-46aa-4ddb-95de-a4e2a00eb2bb,49f5324b-fc33-36e9-b5af-3c80d73492bd,formula_not_evaluated,0.179435448497907/1000
2e8facf6-46aa-4ddb-95de-a4e2a00eb2bb,49f5324b-fc33-36e9-b5af-3c80d73492bd,formula_not_evaluated,0.771849320157163/1000
2e8facf6-46aa-4ddb-95de-a4e2a00eb2bb,49f5324b-fc33-36e9-b5af-3c80d73492bd,formula_not_evaluated,1.9243019059219E-6/1000
2e8facf6-46aa-4ddb-95de-a4e2a00eb2bb,49f5324b-fc33-36e9-b5af-3c80d73492bd,formula_not_evaluated,0.161142650491835/1000
2e8facf6-46aa-4ddb-95de-a4e2a00eb2bb,49f5324b-fc33-36e9-b5af-3c80d73492bd,formula_not_evaluated,4.88701127894634E-12/1000
2e8facf6-46aa-4ddb-95de-a4e2a00eb2bb,49f5324b-fc33-36e9-b5af-3c80d73492bd,formula_not_evaluated,4.57088006642848E-14/1000
2e8facf6-46aa-4ddb-95de-a4e2a00eb2bb,49f5324b-fc33-36e9-b5af-3c80d73492bd,formula_not_evaluated,1.14271774391688E-14/1000
2e8facf6-46aa-4ddb-95de-a4e2a00eb2bb,49f5324b-fc33-36e9-b5af-3c80d73492bd,formula_not_evaluated,3.25712369391409E-8/1000
2e8facf6-46aa-4ddb-95de-a4e2a00eb2bb,49f5324b-fc33-36e9-b5af-3c80d73492bd,formula_not_evaluated,0.00214109376872357/1000
2e8facf6-46aa-4ddb-95de-a4e2a00eb2bb,49f5324b-fc33-36e9-b5af-3c80d73492bd,formula_not_evaluated,0.0120937527229142/1000
2e8facf6-46aa-4ddb-95de-a4e2a00eb2bb,49f5324b-fc33-36e9-b5af-3c80d73492bd,formula_not_evaluated,1437.44407588897/1000
2e8facf6-46aa-4ddb-95de-a4e2a00eb2bb,49f5324b-fc33-36e9-b5af-3c80d73492bd,formula_not_evaluated,0.0657803470602252/1000
2e8facf6-46aa-4ddb-95de-a4e2a00eb2bb,49f5324b-fc33-36e9-b5af-3c80d73492bd,formula_not_evaluated,0.00493396909531221/1000
2e8facf6-46aa-4ddb-95de-a4e2a00eb2bb,49f5324b-fc33-36e9-b5af-3c80d73492bd,formula_not_evaluated,783.9517839998/1000
2e8facf6-46aa-4ddb-95de-a4e2a00eb2bb,49f5324b-fc33-36e9-b5af-3c80d73492bd,formula_not_evaluated,0.702223223790261/1000
2e8facf6-46aa-4ddb-95de-a4e2a00eb2bb,49f5324b-fc33-36e9-b5af-3c80d73492bd,formula_not_evaluated,1.91489219002566/1000
2e8facf6-46aa-4ddb-95de-a4e2a00eb2bb,49f5324b-fc33-36e9-b5af-3c80d73492bd,formula_not_evaluated,4629.86092581615/1000
2e8facf6-46aa-4ddb-95de-a4e2a00eb2bb,49f5324b-fc33-36e9-b5af-3c80d73492bd,formula_not_evaluated,0.00617082935210204/1000
2e8facf6-46aa-4ddb-95de-a4e2a00eb2bb,49f5324b-fc33-36e9-b5af-3c80d73492bd,formula_not_evaluated,2887.21966941416/1000
2e8facf6-46aa-4ddb-95de-a4e2a00eb2bb,49f5324b-fc33-36e9-b5af-3c80d73492bd,formula_not_evaluated,0.063840673666231/1000
2e8facf6-46aa-4ddb-95de-a4e2a00eb2bb,49f5324b-fc33-36e9-b5af-3c80d73492bd,formula_not_evaluated,2.28544003321422E-14/1000
2e8facf6-46aa-4ddb-95de-a4e2a00eb2bb,49f5324b-fc33-36e9-b5af-3c80d73492bd,formula_not_evaluated,4.78623396028017/1000
2e8facf6-46aa-4ddb-95de-a4e2a00eb2bb,49f5324b-fc33-36e9-b5af-3c80d73492bd,formula_not_evaluated,14.3943863794415+0.0222308171490274
2e8facf6-46aa-4ddb-95de-a4e2a00eb2bb,951c8e45-9267-36fc-873b-9af0718574e4,formula_not_evaluated,1.0
2e8facf6-46aa-4ddb-95de-a4e2a00eb2bb,951c8e45-9267-36fc-873b-9af0718574e4,formula_not_evaluated,1797.0
2e8facf6-46aa-4ddb-95de-a4e2a00eb2bb,c2bd01a2-0644-358b-8104-7812fb30ed8d,formula_not_evaluated,1.0
2e8facf6-46aa-4ddb-95de-a4e2a00eb2bb,c2bd01a2-0644-358b-8104-7812fb30ed8d,formula_not_evaluated,2085.0
2e8facf6-46aa-4ddb-95de-a4e2a00eb2bb,78315fca-7132-345f-bdd2-605420eddfeb,formula_not_evaluated,1.0
2e8facf6-46aa-4ddb-95de-a4e2a00eb2bb,78315fca-7132-345f-bdd2-605420eddfeb,formula_not_evaluated,196.5
2e8facf6-46aa-4ddb-95de-a4e2a00eb2bb,78315fca-7132-345f-bdd2-605420eddfeb,formula_not_evaluated,260.77
2e8facf6-46aa-4ddb-95de-a4e2a00eb2bb,78315fca-7132-345f-bdd2-605420eddfeb,formula_not_evaluated,21.197
2e8facf6-46aa-4ddb-95de-a4e2a00eb2bb,4435ce44-a5bc-331a-bd40-5c60994d8d85,formula_not_evaluated,1.0
2e8facf6-46aa-4ddb-95de-a4e2a00eb2bb,4435ce44-a5bc-331a-bd40-5c60994d8d85,formula_not_evaluated,1532.0
2e8facf6-46aa-4ddb-95de-a4e2a00eb2bb,c90c7691-78a0-3457-8bc5-122d05b49c38,formula_not_evaluated,1.0
2e8facf6-46aa-4ddb-95de-a4e2a00eb2bb,c90c7691-78a0-3457-8bc5-122d05b49c38,formula_not_evaluated,864.0
2e8facf6-46aa-4ddb-95de-a4e2a00eb2bb,18b8bc59-90da-35be-b01e-f2fefe29c995,formula_not_evaluated,1.0
2e8facf6-46aa-4ddb-95de-a4e2a00eb2bb,18b8bc59-90da-35be-b01e-f2fefe29c995,formula_not_evaluated,214.65
2e8facf6-46aa-4ddb-95de-a4e2a00eb2bb,18b8bc59-90da-35be-b01e-f2fefe29c995,formula_not_evaluated,301.7
2e8facf6-46aa-4ddb-95de-a4e2a00eb2bb,18b8bc59-90da-35be-b01e-f2fefe29c995,formula_not_evaluated,22.89
2e8facf6-46aa-4ddb-95de-a4e2a00eb2bb,1784b0f1-5494-3233-904f-8ed4315e029f,formula_not_evaluated,1.0
2e8facf6-46aa-4ddb-95de-a4e2a00eb2bb,1784b0f1-5494-3233-904f-8ed4315e029f,formula_not_evaluated,28.98
2e8facf6-46aa-4ddb-95de-a4e2a00eb2bb,1784b0f1-5494-3233-904f-8ed4315e029f,formula_not_evaluated,450.65
2e8facf6-46aa-4ddb-95de-a4e2a00eb2bb,1784b0f1-5494-3233-904f-8ed4315e029f,formula_not_evaluated,296.44
2e8facf6-46aa-4ddb-95de-a4e2a00eb2bb,2013d3cd-dd12-316f-aac9-4983529b083c,formula_not_evaluated,1.0
2e8facf6-46aa-4ddb-95de-a4e2a00eb2bb,2013d3cd-dd12-316f-aac9-4983529b083c,formula_not_evaluated,383.0
2e8facf6-46aa-4ddb-95de-a4e2a00eb2bb,3efbebec-e0c2-3136-855a-b278f31d3306,formula_not_evaluated,1.0
2e8facf6-46aa-4ddb-95de-a4e2a00eb2bb,3efbebec-e0c2-3136-855a-b278f31d3306,formula_not_evaluated,743.33
2e8facf6-46aa-4ddb-95de-a4e2a00eb2bb,35bd31d8-b0b1-3da8-a553-df33ccd9e452,coproduct_allocation_review,3
2e8facf6-46aa-4ddb-95de-a4e2a00eb2bb,b0d4a167-e4f4-3ecd-8ce0-76caf610a6ff,formula_not_evaluated,1.0
2e8facf6-46aa-4ddb-95de-a4e2a00eb2bb,b0d4a167-e4f4-3ecd-8ce0-76caf610a6ff,formula_not_evaluated,1.0
2e8facf6-46aa-4ddb-95de-a4e2a00eb2bb,d82bfa88-f1d3-3bd8-a88d-837102bfe169,formula_not_evaluated,1.0
2e8facf6-46aa-4ddb-95de-a4e2a00eb2bb,d82bfa88-f1d3-3bd8-a88d-837102bfe169,formula_not_evaluated,1.11E-8
2e8facf6-46aa-4ddb-95de-a4e2a00eb2bb,d82bfa88-f1d3-3bd8-a88d-837102bfe169,formula_not_evaluated,2.506E-6
2e8facf6-46aa-4ddb-95de-a4e2a00eb2bb,d82bfa88-f1d3-3bd8-a88d-837102bfe169,formula_not_evaluated,2.8862E-7
2e8facf6-46aa-4ddb-95de-a4e2a00eb2bb,d82bfa88-f1d3-3bd8-a88d-837102bfe169,formula_not_evaluated,1.3969E-5
2e8facf6-46aa-4ddb-95de-a4e2a00eb2bb,d82bfa88-f1d3-3bd8-a88d-837102bfe169,formula_not_evaluated,6.2239E-10
2e8facf6-46aa-4ddb-95de-a4e2a00eb2bb,d82bfa88-f1d3-3bd8-a88d-837102bfe169,formula_not_evaluated,2.1475E-4
2e8facf6-46aa-4ddb-95de-a4e2a00eb2bb,7c86fa8e-ca28-3d00-9118-930ccd8dde1e,formula_not_evaluated,1000.0
2e8facf6-46aa-4ddb-95de-a4e2a00eb2bb,7c86fa8e-ca28-3d00-9118-930ccd8dde1e,formula_not_evaluated,1000
2e8facf6-46aa-4ddb-95de-a4e2a00eb2bb,7c86fa8e-ca28-3d00-9118-930ccd8dde1e,formula_not_evaluated,1000.0
2e8facf6-46aa-4ddb-95de-a4e2a00eb2bb,7c86fa8e-ca28-3d00-9118-930ccd8dde1e,formula_not_evaluated,(0.428)
2e8facf6-46aa-4ddb-95de-a4e2a00eb2bb,bcc68f88-debb-3fc3-93ee-5ceadcef0b14,formula_not_evaluated,11.001/1000
2e8facf6-46aa-4ddb-95de-a4e2a00eb2bb,bcc68f88-debb-3fc3-93ee-5ceadcef0b14,formula_not_evaluated,460.71/1000
2e8facf6-46aa-4ddb-95de-a4e2a00eb2bb,bcc68f88-debb-3fc3-93ee-5ceadcef0b14,formula_not_evaluated,2.9884/1000
2e8facf6-46aa-4ddb-95de-a4e2a00eb2bb,bcc68f88-debb-3fc3-93ee-5ceadcef0b14,formula_not_evaluated,0.93669/1000
2e8facf6-46aa-4ddb-95de-a4e2a00eb2bb,bcc68f88-debb-3fc3-93ee-5ceadcef0b14,formula_not_evaluated,78060.0/1000
2e8facf6-46aa-4ddb-95de-a4e2a00eb2bb,bcc68f88-debb-3fc3-93ee-5ceadcef0b14,formula_not_evaluated,4.7791/1000
2e8facf6-46aa-4ddb-95de-a4e2a00eb2bb,bcc68f88-debb-3fc3-93ee-5ceadcef0b14,formula_not_evaluated,11.819/1000
2e8facf6-46aa-4ddb-95de-a4e2a00eb2bb,bcc68f88-debb-3fc3-93ee-5ceadcef0b14,formula_not_evaluated,5.5701E-4/1000
2e8facf6-46aa-4ddb-95de-a4e2a00eb2bb,bcc68f88-debb-3fc3-93ee-5ceadcef0b14,formula_not_evaluated,2.4446/1000
2e8facf6-46aa-4ddb-95de-a4e2a00eb2bb,bcc68f88-debb-3fc3-93ee-5ceadcef0b14,formula_not_evaluated,1.9923/1000
2e8facf6-46aa-4ddb-95de-a4e2a00eb2bb,bcc68f88-debb-3fc3-93ee-5ceadcef0b14,formula_not_evaluated,0.63277/1000
2e8facf6-46aa-4ddb-95de-a4e2a00eb2bb,bcc68f88-debb-3fc3-93ee-5ceadcef0b14,formula_not_evaluated,15098.0/1000
2e8facf6-46aa-4ddb-95de-a4e2a00eb2bb,bcc68f88-debb-3fc3-93ee-5ceadcef0b14,formula_not_evaluated,0.26266/1000
2e8facf6-46aa-4ddb-95de-a4e2a00eb2bb,bcc68f88-debb-3fc3-93ee-5ceadcef0b14,formula_not_evaluated,6.5496E-8/1000
2e8facf6-46aa-4ddb-95de-a4e2a00eb2bb,bcc68f88-debb-3fc3-93ee-5ceadcef0b14,formula_not_evaluated,227430.0/1000
2e8facf6-46aa-4ddb-95de-a4e2a00eb2bb,bcc68f88-debb-3fc3-93ee-5ceadcef0b14,formula_not_evaluated,13.105/1000
2e8facf6-46aa-4ddb-95de-a4e2a00eb2bb,bcc68f88-debb-3fc3-93ee-5ceadcef0b14,formula_not_evaluated,22167.0/1000
2e8facf6-46aa-4ddb-95de-a4e2a00eb2bb,bcc68f88-debb-3fc3-93ee-5ceadcef0b14,formula_not_evaluated,0.38815/1000
2e8facf6-46aa-4ddb-95de-a4e2a00eb2bb,bcc68f88-debb-3fc3-93ee-5ceadcef0b14,formula_not_evaluated,12.341/1000
2e8facf6-46aa-4ddb-95de-a4e2a00eb2bb,bcc68f88-debb-3fc3-93ee-5ceadcef0b14,formula_not_evaluated,64.322/1000
2e8facf6-46aa-4ddb-95de-a4e2a00eb2bb,bcc68f88-debb-3fc3-93ee-5ceadcef0b14,formula_not_evaluated,0.38815/1000
2e8facf6-46aa-4ddb-95de-a4e2a00eb2bb,bcc68f88-debb-3fc3-93ee-5ceadcef0b14,formula_not_evaluated,60.637/1000
2e8facf6-46aa-4ddb-95de-a4e2a00eb2bb,bcc68f88-debb-3fc3-93ee-5ceadcef0b14,formula_not_evaluated,27008.0/1000
2e8facf6-46aa-4ddb-95de-a4e2a00eb2bb,bcc68f88-debb-3fc3-93ee-5ceadcef0b14,formula_not_evaluated,6.6274/1000
2e8facf6-46aa-4ddb-95de-a4e2a00eb2bb,bcc68f88-debb-3fc3-93ee-5ceadcef0b14,formula_not_evaluated,19.378/1000
2e8facf6-46aa-4ddb-95de-a4e2a00eb2bb,bcc68f88-debb-3fc3-93ee-5ceadcef0b14,formula_not_evaluated,28728.0/1000
2e8facf6-46aa-4ddb-95de-a4e2a00eb2bb,bcc68f88-debb-3fc3-93ee-5ceadcef0b14,formula_not_evaluated,12.605/1000
2e8facf6-46aa-4ddb-95de-a4e2a00eb2bb,bcc68f88-debb-3fc3-93ee-5ceadcef0b14,formula_not_evaluated,0.0011086/1000
2e8facf6-46aa-4ddb-95de-a4e2a00eb2bb,bcc68f88-debb-3fc3-93ee-5ceadcef0b14,formula_not_evaluated,0.59426/1000
2e8facf6-46aa-4ddb-95de-a4e2a00eb2bb,bcc68f88-debb-3fc3-93ee-5ceadcef0b14,formula_not_evaluated,0.0016756/1000
2e8facf6-46aa-4ddb-95de-a4e2a00eb2bb,bcc68f88-debb-3fc3-93ee-5ceadcef0b14,formula_not_evaluated,21.866/1000
2e8facf6-46aa-4ddb-95de-a4e2a00eb2bb,bcc68f88-debb-3fc3-93ee-5ceadcef0b14,formula_not_evaluated,85716.0/1000
2e8facf6-46aa-4ddb-95de-a4e2a00eb2bb,bcc68f88-debb-3fc3-93ee-5ceadcef0b14,formula_not_evaluated,0.42025/1000
2e8facf6-46aa-4ddb-95de-a4e2a00eb2bb,bcc68f88-debb-3fc3-93ee-5ceadcef0b14,formula_not_evaluated,0.14292/1000
2e8facf6-46aa-4ddb-95de-a4e2a00eb2bb,bcc68f88-debb-3fc3-93ee-5ceadcef0b14,formula_not_evaluated,3.513/1000
2e8facf6-46aa-4ddb-95de-a4e2a00eb2bb,bcc68f88-debb-3fc3-93ee-5ceadcef0b14,formula_not_evaluated,5.6527E-12/1000
2e8facf6-46aa-4ddb-95de-a4e2a00eb2bb,bcc68f88-debb-3fc3-93ee-5ceadcef0b14,formula_not_evaluated,118220.0/1000
2e8facf6-46aa-4ddb-95de-a4e2a00eb2bb,bcc68f88-debb-3fc3-93ee-5ceadcef0b14,formula_not_evaluated,3.8413/1000
2e8facf6-46aa-4ddb-95de-a4e2a00eb2bb,bcc68f88-debb-3fc3-93ee-5ceadcef0b14,formula_not_evaluated,56219.0/1000
2e8facf6-46aa-4ddb-95de-a4e2a00eb2bb,bcc68f88-debb-3fc3-93ee-5ceadcef0b14,formula_not_evaluated,2.9884/1000
2e8facf6-46aa-4ddb-95de-a4e2a00eb2bb,bcc68f88-debb-3fc3-93ee-5ceadcef0b14,formula_not_evaluated,1.4132E-12/1000
2e8facf6-46aa-4ddb-95de-a4e2a00eb2bb,bcc68f88-debb-3fc3-93ee-5ceadcef0b14,formula_not_evaluated,174.13/1000
2e8facf6-46aa-4ddb-95de-a4e2a00eb2bb,bcc68f88-debb-3fc3-93ee-5ceadcef0b14,formula_not_evaluated,0.32425/1000
2e8facf6-46aa-4ddb-95de-a4e2a00eb2bb,bcc68f88-debb-3fc3-93ee-5ceadcef0b14,formula_not_evaluated,895410.0+970.75
2e8facf6-46aa-4ddb-95de-a4e2a00eb2bb,bcc68f88-debb-3fc3-93ee-5ceadcef0b14,formula_not_evaluated,0.063443/1000
2e8facf6-46aa-4ddb-95de-a4e2a00eb2bb,bcc68f88-debb-3fc3-93ee-5ceadcef0b14,formula_not_evaluated,0.066928/1000
2e8facf6-46aa-4ddb-95de-a4e2a00eb2bb,bcc68f88-debb-3fc3-93ee-5ceadcef0b14,formula_not_evaluated,974340.0/1000
2e8facf6-46aa-4ddb-95de-a4e2a00eb2bb,bcc68f88-debb-3fc3-93ee-5ceadcef0b14,formula_not_evaluated,4.2029E-4/1000
2e8facf6-46aa-4ddb-95de-a4e2a00eb2bb,bcc68f88-debb-3fc3-93ee-5ceadcef0b14,formula_not_evaluated,7.6619E-8/1000
2e8facf6-46aa-4ddb-95de-a4e2a00eb2bb,bcc68f88-debb-3fc3-93ee-5ceadcef0b14,formula_not_evaluated,1.5526E-21/1000
2e8facf6-46aa-4ddb-95de-a4e2a00eb2bb,bcc68f88-debb-3fc3-93ee-5ceadcef0b14,formula_not_evaluated,14.606/1000
2e8facf6-46aa-4ddb-95de-a4e2a00eb2bb,bcc68f88-debb-3fc3-93ee-5ceadcef0b14,formula_not_evaluated,2.8264E-12/1000
2e8facf6-46aa-4ddb-95de-a4e2a00eb2bb,bcc68f88-debb-3fc3-93ee-5ceadcef0b14,formula_not_evaluated,0.36546/1000
2e8facf6-46aa-4ddb-95de-a4e2a00eb2bb,bcc68f88-debb-3fc3-93ee-5ceadcef0b14,formula_not_evaluated,8.3064E-5/1000
2e8facf6-46aa-4ddb-95de-a4e2a00eb2bb,bcc68f88-debb-3fc3-93ee-5ceadcef0b14,formula_not_evaluated,17333.0/1000
2e8facf6-46aa-4ddb-95de-a4e2a00eb2bb,bcc68f88-debb-3fc3-93ee-5ceadcef0b14,formula_not_evaluated,11340.0/1000
2e8facf6-46aa-4ddb-95de-a4e2a00eb2bb,bcc68f88-debb-3fc3-93ee-5ceadcef0b14,formula_not_evaluated,719.25/1000
2e8facf6-46aa-4ddb-95de-a4e2a00eb2bb,bcc68f88-debb-3fc3-93ee-5ceadcef0b14,formula_not_evaluated,0.57957/1000
2e8facf6-46aa-4ddb-95de-a4e2a00eb2bb,bcc68f88-debb-3fc3-93ee-5ceadcef0b14,formula_not_evaluated,20379.0/1000
2e8facf6-46aa-4ddb-95de-a4e2a00eb2bb,bcc68f88-debb-3fc3-93ee-5ceadcef0b14,formula_not_evaluated,9.753E-5/1000
2e8facf6-46aa-4ddb-95de-a4e2a00eb2bb,bcc68f88-debb-3fc3-93ee-5ceadcef0b14,formula_not_evaluated,0.061807/1000
2e8facf6-46aa-4ddb-95de-a4e2a00eb2bb,bcc68f88-debb-3fc3-93ee-5ceadcef0b14,formula_not_evaluated,437760.0/1000
2e8facf6-46aa-4ddb-95de-a4e2a00eb2bb,bcc68f88-debb-3fc3-93ee-5ceadcef0b14,formula_not_evaluated,1088500.0/1000
2e8facf6-46aa-4ddb-95de-a4e2a00eb2bb,bcc68f88-debb-3fc3-93ee-5ceadcef0b14,formula_not_evaluated,0.034966/1000
2e8facf6-46aa-4ddb-95de-a4e2a00eb2bb,bcc68f88-debb-3fc3-93ee-5ceadcef0b14,formula_not_evaluated,27.511/1000
2e8facf6-46aa-4ddb-95de-a4e2a00eb2bb,bcc68f88-debb-3fc3-93ee-5ceadcef0b14,formula_not_evaluated,6.0437E-10/1000
2e8facf6-46aa-4ddb-95de-a4e2a00eb2bb,bcc68f88-debb-3fc3-93ee-5ceadcef0b14,formula_not_evaluated,23329.0/1000
2e8facf6-46aa-4ddb-95de-a4e2a00eb2bb,99963138-ddf9-3b32-9e93-69593d76cb08,formula_not_evaluated,0.011469/1000
2e8facf6-46aa-4ddb-95de-a4e2a00eb2bb,99963138-ddf9-3b32-9e93-69593d76cb08,formula_not_evaluated,0.0014106/1000
2e8facf6-46aa-4ddb-95de-a4e2a00eb2bb,99963138-ddf9-3b32-9e93-69593d76cb08,formula_not_evaluated,0.34571/1000
2e8facf6-46aa-4ddb-95de-a4e2a00eb2bb,99963138-ddf9-3b32-9e93-69593d76cb08,formula_not_evaluated,1.3898E-5/1000
2e8facf6-46aa-4ddb-95de-a4e2a00eb2bb,99963138-ddf9-3b32-9e93-69593d76cb08,formula_not_evaluated,321.46/1000
2e8facf6-46aa-4ddb-95de-a4e2a00eb2bb,99963138-ddf9-3b32-9e93-69593d76cb08,formula_not_evaluated,2.3116E-23/1000
2e8facf6-46aa-4ddb-95de-a4e2a00eb2bb,99963138-ddf9-3b32-9e93-69593d76cb08,formula_not_evaluated,0.093682/1000
2e8facf6-46aa-4ddb-95de-a4e2a00eb2bb,99963138-ddf9-3b32-9e93-69593d76cb08,formula_not_evaluated,0.22849/1000
2e8facf6-46aa-4ddb-95de-a4e2a00eb2bb,99963138-ddf9-3b32-9e93-69593d76cb08,formula_not_evaluated,3.1192E-5/1000
2e8facf6-46aa-4ddb-95de-a4e2a00eb2bb,99963138-ddf9-3b32-9e93-69593d76cb08,formula_not_evaluated,2.1435/1000
2e8facf6-46aa-4ddb-95de-a4e2a00eb2bb,99963138-ddf9-3b32-9e93-69593d76cb08,formula_not_evaluated,6.6632E-4/1000
2e8facf6-46aa-4ddb-95de-a4e2a00eb2bb,99963138-ddf9-3b32-9e93-69593d76cb08,formula_not_evaluated,0.011037/1000
2e8facf6-46aa-4ddb-95de-a4e2a00eb2bb,99963138-ddf9-3b32-9e93-69593d76cb08,formula_not_evaluated,0.029287/1000
2e8facf6-46aa-4ddb-95de-a4e2a00eb2bb,99963138-ddf9-3b32-9e93-69593d76cb08,formula_not_evaluated,9.9356E-12/1000
2e8facf6-46aa-4ddb-95de-a4e2a00eb2bb,99963138-ddf9-3b32-9e93-69593d76cb08,formula_not_evaluated,4.6464E-14/1000
2e8facf6-46aa-4ddb-95de-a4e2a00eb2bb,99963138-ddf9-3b32-9e93-69593d76cb08,formula_not_evaluated,840.27/1000
2e8facf6-46aa-4ddb-95de-a4e2a00eb2bb,99963138-ddf9-3b32-9e93-69593d76cb08,formula_not_evaluated,1.0767E-9/1000
2e8facf6-46aa-4ddb-95de-a4e2a00eb2bb,99963138-ddf9-3b32-9e93-69593d76cb08,formula_not_evaluated,80.056/1000
2e8facf6-46aa-4ddb-95de-a4e2a00eb2bb,99963138-ddf9-3b32-9e93-69593d76cb08,formula_not_evaluated,0.021965/1000
2e8facf6-46aa-4ddb-95de-a4e2a00eb2bb,99963138-ddf9-3b32-9e93-69593d76cb08,formula_not_evaluated,0.0010227/1000
2e8facf6-46aa-4ddb-95de-a4e2a00eb2bb,99963138-ddf9-3b32-9e93-69593d76cb08,formula_not_evaluated,0.0017846/1000
2e8facf6-46aa-4ddb-95de-a4e2a00eb2bb,99963138-ddf9-3b32-9e93-69593d76cb08,formula_not_evaluated,9.2929E-14/1000
2e8facf6-46aa-4ddb-95de-a4e2a00eb2bb,99963138-ddf9-3b32-9e93-69593d76cb08,formula_not_evaluated,96.17/1000
2e8facf6-46aa-4ddb-95de-a4e2a00eb2bb,99963138-ddf9-3b32-9e93-69593d76cb08,formula_not_evaluated,0.63956/1000
2e8facf6-46aa-4ddb-95de-a4e2a00eb2bb,99963138-ddf9-3b32-9e93-69593d76cb08,formula_not_evaluated,64.639/1000
2e8facf6-46aa-4ddb-95de-a4e2a00eb2bb,99963138-ddf9-3b32-9e93-69593d76cb08,formula_not_evaluated,0.068243/1000
2e8facf6-46aa-4ddb-95de-a4e2a00eb2bb,99963138-ddf9-3b32-9e93-69593d76cb08,formula_not_evaluated,0.012292/1000
2e8facf6-46aa-4ddb-95de-a4e2a00eb2bb,99963138-ddf9-3b32-9e93-69593d76cb08,formula_not_evaluated,1009.6/1000
2e8facf6-46aa-4ddb-95de-a4e2a00eb2bb,99963138-ddf9-3b32-9e93-69593d76cb08,formula_not_evaluated,0.11236/1000
2e8facf6-46aa-4ddb-95de-a4e2a00eb2bb,99963138-ddf9-3b32-9e93-69593d76cb08,formula_not_evaluated,0.05862/1000
2e8facf6-46aa-4ddb-95de-a4e2a00eb2bb,99963138-ddf9-3b32-9e93-69593d76cb08,formula_not_evaluated,0.052444/1000
2e8facf6-46aa-4ddb-95de-a4e2a00eb2bb,99963138-ddf9-3b32-9e93-69593d76cb08,formula_not_evaluated,2.9637/1000
2e8facf6-46aa-4ddb-95de-a4e2a00eb2bb,99963138-ddf9-3b32-9e93-69593d76cb08,formula_not_evaluated,0.0039175/1000
2e8facf6-46aa-4ddb-95de-a4e2a00eb2bb,99963138-ddf9-3b32-9e93-69593d76cb08,formula_not_evaluated,0.82632/1000
2e8facf6-46aa-4ddb-95de-a4e2a00eb2bb,99963138-ddf9-3b32-9e93-69593d76cb08,formula_not_evaluated,2.4544E-6/1000
2e8facf6-46aa-4ddb-95de-a4e2a00eb2bb,99963138-ddf9-3b32-9e93-69593d76cb08,formula_not_evaluated,0.0032907/1000
2e8facf6-46aa-4ddb-95de-a4e2a00eb2bb,99963138-ddf9-3b32-9e93-69593d76cb08,formula_not_evaluated,5.5268E-5/1000
2e8facf6-46aa-4ddb-95de-a4e2a00eb2bb,99963138-ddf9-3b32-9e93-69593d76cb08,formula_not_evaluated,0.059861/1000
2e8facf6-46aa-4ddb-95de-a4e2a00eb2bb,99963138-ddf9-3b32-9e93-69593d76cb08,formula_not_evaluated,0.29424/1000
2e8facf6-46aa-4ddb-95de-a4e2a00eb2bb,99963138-ddf9-3b32-9e93-69593d76cb08,formula_not_evaluated,2.3232E-14/1000
2e8facf6-46aa-4ddb-95de-a4e2a00eb2bb,99963138-ddf9-3b32-9e93-69593d76cb08,formula_not_evaluated,0.28687/1000
2e8facf6-46aa-4ddb-95de-a4e2a00eb2bb,99963138-ddf9-3b32-9e93-69593d76cb08,formula_not_evaluated,0.013985/1000
2e8facf6-46aa-4ddb-95de-a4e2a00eb2bb,99963138-ddf9-3b32-9e93-69593d76cb08,formula_not_evaluated,0.011469/1000
2e8facf6-46aa-4ddb-95de-a4e2a00eb2bb,99963138-ddf9-3b32-9e93-69593d76cb08,formula_not_evaluated,3.091E-4/1000
2e8facf6-46aa-4ddb-95de-a4e2a00eb2bb,99963138-ddf9-3b32-9e93-69593d76cb08,formula_not_evaluated,0.0076824/1000
2e8facf6-46aa-4ddb-95de-a4e2a00eb2bb,99963138-ddf9-3b32-9e93-69593d76cb08,formula_not_evaluated,1827.7/1000
2e8facf6-46aa-4ddb-95de-a4e2a00eb2bb,99963138-ddf9-3b32-9e93-69593d76cb08,formula_not_evaluated,4699.7/1000
2e8facf6-46aa-4ddb-95de-a4e2a00eb2bb,99963138-ddf9-3b32-9e93-69593d76cb08,formula_not_evaluated,0.0030981/1000
2e8facf6-46aa-4ddb-95de-a4e2a00eb2bb,99963138-ddf9-3b32-9e93-69593d76cb08,formula_not_evaluated,489.52/1000
2e8facf6-46aa-4ddb-95de-a4e2a00eb2bb,99963138-ddf9-3b32-9e93-69593d76cb08,formula_not_evaluated,0.0020235/1000
2e8facf6-46aa-4ddb-95de-a4e2a00eb2bb,99963138-ddf9-3b32-9e93-69593d76cb08,formula_not_evaluated,55750.0+16.564
2e8facf6-46aa-4ddb-95de-a4e2a00eb2bb,99963138-ddf9-3b32-9e93-69593d76cb08,formula_not_evaluated,2.5488E-6/1000
2e8facf6-46aa-4ddb-95de-a4e2a00eb2bb,99963138-ddf9-3b32-9e93-69593d76cb08,formula_not_evaluated,0.063349/1000
2e8facf6-46aa-4ddb-95de-a4e2a00eb2bb,99963138-ddf9-3b32-9e93-69593d76cb08,formula_not_evaluated,3.19E-4/1000
2e8facf6-46aa-4ddb-95de-a4e2a00eb2bb,99963138-ddf9-3b32-9e93-69593d76cb08,formula_not_evaluated,1.842E-5/1000
2e8facf6-46aa-4ddb-95de-a4e2a00eb2bb,99963138-ddf9-3b32-9e93-69593d76cb08,formula_not_evaluated,269.44/1000
2e8facf6-46aa-4ddb-95de-a4e2a00eb2bb,99963138-ddf9-3b32-9e93-69593d76cb08,formula_not_evaluated,5381.4/1000
2e8facf6-46aa-4ddb-95de-a4e2a00eb2bb,99963138-ddf9-3b32-9e93-69593d76cb08,formula_not_evaluated,94.557/1000
2e8facf6-46aa-4ddb-95de-a4e2a00eb2bb,99963138-ddf9-3b32-9e93-69593d76cb08,formula_not_evaluated,0.10275/1000
2e8facf6-46aa-4ddb-95de-a4e2a00eb2bb,99963138-ddf9-3b32-9e93-69593d76cb08,formula_not_evaluated,48.477/1000
2e8facf6-46aa-4ddb-95de-a4e2a00eb2bb,99963138-ddf9-3b32-9e93-69593d76cb08,formula_not_evaluated,0.017382/1000
2e8facf6-46aa-4ddb-95de-a4e2a00eb2bb,99963138-ddf9-3b32-9e93-69593d76cb08,formula_not_evaluated,0.0093229/1000
2e8facf6-46aa-4ddb-95de-a4e2a00eb2bb,99963138-ddf9-3b32-9e93-69593d76cb08,formula_not_evaluated,352.98/1000
2e8facf6-46aa-4ddb-95de-a4e2a00eb2bb,99963138-ddf9-3b32-9e93-69593d76cb08,formula_not_evaluated,0.013984/1000
2e8facf6-46aa-4ddb-95de-a4e2a00eb2bb,99963138-ddf9-3b32-9e93-69593d76cb08,formula_not_evaluated,571.94/1000
2e8facf6-46aa-4ddb-95de-a4e2a00eb2bb,99963138-ddf9-3b32-9e93-69593d76cb08,formula_not_evaluated,101.92/1000
2e8facf6-46aa-4ddb-95de-a4e2a00eb2bb,99963138-ddf9-3b32-9e93-69593d76cb08,formula_not_evaluated,4.6778E-10/1000
2e8facf6-46aa-4ddb-95de-a4e2a00eb2bb,99c32bb7-a42a-3565-afc0-e56e50bef309,formula_not_evaluated,1.0
2e8facf6-46aa-4ddb-95de-a4e2a00eb2bb,99c32bb7-a42a-3565-afc0-e56e50bef309,formula_not_evaluated,0.5
2e8facf6-46aa-4ddb-95de-a4e2a00eb2bb,15ec2675-6091-37da-9849-6e2229ab9d85,formula_not_evaluated,1000.0
2e8facf6-46aa-4ddb-95de-a4e2a00eb2bb,15ec2675-6091-37da-9849-6e2229ab9d85,formula_not_evaluated,1088.7
2e8facf6-46aa-4ddb-95de-a4e2a00eb2bb,15ec2675-6091-37da-9849-6e2229ab9d85,formula_not_evaluated,3.6 * (2.1861)
2e8facf6-46aa-4ddb-95de-a4e2a00eb2bb,15ec2675-6091-37da-9849-6e2229ab9d85,formula_not_evaluated,2337.4
2e8facf6-46aa-4ddb-95de-a4e2a00eb2bb,15ec2675-6091-37da-9849-6e2229ab9d85,formula_not_evaluated,(2.5036)
2e8facf6-46aa-4ddb-95de-a4e2a00eb2bb,15ec2675-6091-37da-9849-6e2229ab9d85,formula_not_evaluated,0.01
2e8facf6-46aa-4ddb-95de-a4e2a00eb2bb,64394243-614a-3ed3-93a7-1eecd7ac6608,formula_not_evaluated,2000.0
2e8facf6-46aa-4ddb-95de-a4e2a00eb2bb,64394243-614a-3ed3-93a7-1eecd7ac6608,formula_not_evaluated,(469.9)
2e8facf6-46aa-4ddb-95de-a4e2a00eb2bb,64394243-614a-3ed3-93a7-1eecd7ac6608,formula_not_evaluated,(0.38378)
2e8facf6-46aa-4ddb-95de-a4e2a00eb2bb,64394243-614a-3ed3-93a7-1eecd7ac6608,formula_not_evaluated,(0.92)
2e8facf6-46aa-4ddb-95de-a4e2a00eb2bb,64394243-614a-3ed3-93a7-1eecd7ac6608,formula_not_evaluated,3.6 * (162.37)
2e8facf6-46aa-4ddb-95de-a4e2a00eb2bb,64394243-614a-3ed3-93a7-1eecd7ac6608,formula_not_evaluated,(4.169)
2e8facf6-46aa-4ddb-95de-a4e2a00eb2bb,64394243-614a-3ed3-93a7-1eecd7ac6608,formula_not_evaluated,(221.8)
2e8facf6-46aa-4ddb-95de-a4e2a00eb2bb,64394243-614a-3ed3-93a7-1eecd7ac6608,formula_not_evaluated,(0.0047972)
2e8facf6-46aa-4ddb-95de-a4e2a00eb2bb,64394243-614a-3ed3-93a7-1eecd7ac6608,formula_not_evaluated,(0.22387)
2e8facf6-46aa-4ddb-95de-a4e2a00eb2bb,64394243-614a-3ed3-93a7-1eecd7ac6608,formula_not_evaluated,(1300)
2e8facf6-46aa-4ddb-95de-a4e2a00eb2bb,64394243-614a-3ed3-93a7-1eecd7ac6608,formula_not_evaluated,(2.8144)
2e8facf6-46aa-4ddb-95de-a4e2a00eb2bb,64394243-614a-3ed3-93a7-1eecd7ac6608,formula_not_evaluated,(0.063963)
2e8facf6-46aa-4ddb-95de-a4e2a00eb2bb,64394243-614a-3ed3-93a7-1eecd7ac6608,formula_not_evaluated,(2929.0)
2e8facf6-46aa-4ddb-95de-a4e2a00eb2bb,64394243-614a-3ed3-93a7-1eecd7ac6608,formula_not_evaluated,(0.031982)
2e8facf6-46aa-4ddb-95de-a4e2a00eb2bb,1b3e0fa2-3e38-3474-a5d6-6dd3e3452395,formula_not_evaluated,1000.0
2e8facf6-46aa-4ddb-95de-a4e2a00eb2bb,1b3e0fa2-3e38-3474-a5d6-6dd3e3452395,formula_not_evaluated,26.2
2e8facf6-46aa-4ddb-95de-a4e2a00eb2bb,1b3e0fa2-3e38-3474-a5d6-6dd3e3452395,formula_not_evaluated,(7.282)
2e8facf6-46aa-4ddb-95de-a4e2a00eb2bb,1b3e0fa2-3e38-3474-a5d6-6dd3e3452395,formula_not_evaluated,(0.047)
2e8facf6-46aa-4ddb-95de-a4e2a00eb2bb,1b3e0fa2-3e38-3474-a5d6-6dd3e3452395,formula_not_evaluated,611.1
2e8facf6-46aa-4ddb-95de-a4e2a00eb2bb,1b3e0fa2-3e38-3474-a5d6-6dd3e3452395,formula_not_evaluated,8.55
2e8facf6-46aa-4ddb-95de-a4e2a00eb2bb,1b3e0fa2-3e38-3474-a5d6-6dd3e3452395,formula_not_evaluated,5.278
2e8facf6-46aa-4ddb-95de-a4e2a00eb2bb,1b3e0fa2-3e38-3474-a5d6-6dd3e3452395,formula_not_evaluated,(0.1157)
2e8facf6-46aa-4ddb-95de-a4e2a00eb2bb,1b3e0fa2-3e38-3474-a5d6-6dd3e3452395,formula_not_evaluated,(23.362)
2e8facf6-46aa-4ddb-95de-a4e2a00eb2bb,1b3e0fa2-3e38-3474-a5d6-6dd3e3452395,formula_not_evaluated,214.7
2e8facf6-46aa-4ddb-95de-a4e2a00eb2bb,1b3e0fa2-3e38-3474-a5d6-6dd3e3452395,formula_not_evaluated,(0.304)
2e8facf6-46aa-4ddb-95de-a4e2a00eb2bb,34897ebd-aa3d-347c-91ee-876c3f835fdb,formula_not_evaluated,3.129169341799E-14/1000
2e8facf6-46aa-4ddb-95de-a4e2a00eb2bb,34897ebd-aa3d-347c-91ee-876c3f835fdb,formula_not_evaluated,0.494659384376042+0.0483385213709498
2e8facf6-46aa-4ddb-95de-a4e2a00eb2bb,34897ebd-aa3d-347c-91ee-876c3f835fdb,formula_not_evaluated,0.0654594527687582/1000
2e8facf6-46aa-4ddb-95de-a4e2a00eb2bb,34897ebd-aa3d-347c-91ee-876c3f835fdb,formula_not_evaluated,1.25167022609466E-13/1000
2e8facf6-46aa-4ddb-95de-a4e2a00eb2bb,34897ebd-aa3d-347c-91ee-876c3f835fdb,formula_not_evaluated,1.31482152597265/1000
2e8facf6-46aa-4ddb-95de-a4e2a00eb2bb,34897ebd-aa3d-347c-91ee-876c3f835fdb,formula_not_evaluated,10570.4156359801/1000
2e8facf6-46aa-4ddb-95de-a4e2a00eb2bb,34897ebd-aa3d-347c-91ee-876c3f835fdb,formula_not_evaluated,1.05607550004131E-7/1000
2e8facf6-46aa-4ddb-95de-a4e2a00eb2bb,34897ebd-aa3d-347c-91ee-876c3f835fdb,formula_not_evaluated,0.00742481783046044/1000
2e8facf6-46aa-4ddb-95de-a4e2a00eb2bb,34897ebd-aa3d-347c-91ee-876c3f835fdb,formula_not_evaluated,0.0812370118188477/1000
2e8facf6-46aa-4ddb-95de-a4e2a00eb2bb,34897ebd-aa3d-347c-91ee-876c3f835fdb,formula_not_evaluated,5.92213236012398/1000
2e8facf6-46aa-4ddb-95de-a4e2a00eb2bb,34897ebd-aa3d-347c-91ee-876c3f835fdb,formula_not_evaluated,0.00256983879787089/1000
2e8facf6-46aa-4ddb-95de-a4e2a00eb2bb,34897ebd-aa3d-347c-91ee-876c3f835fdb,formula_not_evaluated,0.976703731855902/1000
2e8facf6-46aa-4ddb-95de-a4e2a00eb2bb,34897ebd-aa3d-347c-91ee-876c3f835fdb,formula_not_evaluated,0.00138446778669399/1000
2e8facf6-46aa-4ddb-95de-a4e2a00eb2bb,34897ebd-aa3d-347c-91ee-876c3f835fdb,formula_not_evaluated,0.19995088964659/1000
2e8facf6-46aa-4ddb-95de-a4e2a00eb2bb,34897ebd-aa3d-347c-91ee-876c3f835fdb,formula_not_evaluated,0.539927278088579/1000
2e8facf6-46aa-4ddb-95de-a4e2a00eb2bb,34897ebd-aa3d-347c-91ee-876c3f835fdb,formula_not_evaluated,144.037662901165/1000
2e8facf6-46aa-4ddb-95de-a4e2a00eb2bb,34897ebd-aa3d-347c-91ee-876c3f835fdb,formula_not_evaluated,0.0110112466810317/1000
2e8facf6-46aa-4ddb-95de-a4e2a00eb2bb,34897ebd-aa3d-347c-91ee-876c3f835fdb,formula_not_evaluated,0.055527902716292/1000
2e8facf6-46aa-4ddb-95de-a4e2a00eb2bb,34897ebd-aa3d-347c-91ee-876c3f835fdb,formula_not_evaluated,1.33823824374054E-11/1000
2e8facf6-46aa-4ddb-95de-a4e2a00eb2bb,34897ebd-aa3d-347c-91ee-876c3f835fdb,formula_not_evaluated,0.0561587700618178/1000
2e8facf6-46aa-4ddb-95de-a4e2a00eb2bb,34897ebd-aa3d-347c-91ee-876c3f835fdb,formula_not_evaluated,0.00537404253424613/1000
2e8facf6-46aa-4ddb-95de-a4e2a00eb2bb,34897ebd-aa3d-347c-91ee-876c3f835fdb,formula_not_evaluated,1.16943109045863E-23/1000
2e8facf6-46aa-4ddb-95de-a4e2a00eb2bb,34897ebd-aa3d-347c-91ee-876c3f835fdb,formula_not_evaluated,7.86174063126717E-4/1000
2e8facf6-46aa-4ddb-95de-a4e2a00eb2bb,34897ebd-aa3d-347c-91ee-876c3f835fdb,formula_not_evaluated,4.60617282506636E-6/1000
2e8facf6-46aa-4ddb-95de-a4e2a00eb2bb,34897ebd-aa3d-347c-91ee-876c3f835fdb,formula_not_evaluated,0.00397828775895937/1000
2e8facf6-46aa-4ddb-95de-a4e2a00eb2bb,34897ebd-aa3d-347c-91ee-876c3f835fdb,formula_not_evaluated,100.902751482326/1000
2e8facf6-46aa-4ddb-95de-a4e2a00eb2bb,34897ebd-aa3d-347c-91ee-876c3f835fdb,formula_not_evaluated,2.02343855996597/1000
2e8facf6-46aa-4ddb-95de-a4e2a00eb2bb,34897ebd-aa3d-347c-91ee-876c3f835fdb,formula_not_evaluated,1.71403112186245/1000
2e8facf6-46aa-4ddb-95de-a4e2a00eb2bb,34897ebd-aa3d-347c-91ee-876c3f835fdb,formula_not_evaluated,191.663256109204/1000
2e8facf6-46aa-4ddb-95de-a4e2a00eb2bb,34897ebd-aa3d-347c-91ee-876c3f835fdb,formula_not_evaluated,0.00230719305273675/1000
2e8facf6-46aa-4ddb-95de-a4e2a00eb2bb,34897ebd-aa3d-347c-91ee-876c3f835fdb,formula_not_evaluated,0.0215241733874436/1000
2e8facf6-46aa-4ddb-95de-a4e2a00eb2bb,34897ebd-aa3d-347c-91ee-876c3f835fdb,formula_not_evaluated,0.0403683946234451/1000
2e8facf6-46aa-4ddb-95de-a4e2a00eb2bb,34897ebd-aa3d-347c-91ee-876c3f835fdb,formula_not_evaluated,1520.65722182987/1000
2e8facf6-46aa-4ddb-95de-a4e2a00eb2bb,34897ebd-aa3d-347c-91ee-876c3f835fdb,formula_not_evaluated,0.236297000482904/1000
2e8facf6-46aa-4ddb-95de-a4e2a00eb2bb,34897ebd-aa3d-347c-91ee-876c3f835fdb,formula_not_evaluated,151476.98725617/1000
2e8facf6-46aa-4ddb-95de-a4e2a00eb2bb,34897ebd-aa3d-347c-91ee-876c3f835fdb,formula_not_evaluated,4415.29316193931/1000
2e8facf6-46aa-4ddb-95de-a4e2a00eb2bb,34897ebd-aa3d-347c-91ee-876c3f835fdb,formula_not_evaluated,0.284527973204659/1000
2e8facf6-46aa-4ddb-95de-a4e2a00eb2bb,34897ebd-aa3d-347c-91ee-876c3f835fdb,formula_not_evaluated,0.0913334928355447/1000
2e8facf6-46aa-4ddb-95de-a4e2a00eb2bb,34897ebd-aa3d-347c-91ee-876c3f835fdb,formula_not_evaluated,0.00879460452878548/1000
2e8facf6-46aa-4ddb-95de-a4e2a00eb2bb,34897ebd-aa3d-347c-91ee-876c3f835fdb,formula_not_evaluated,0.0215241720797494/1000
2e8facf6-46aa-4ddb-95de-a4e2a00eb2bb,34897ebd-aa3d-347c-91ee-876c3f835fdb,formula_not_evaluated,1.81657775805503/1000
2e8facf6-46aa-4ddb-95de-a4e2a00eb2bb,34897ebd-aa3d-347c-91ee-876c3f835fdb,formula_not_evaluated,0.690620420590143/1000
2e8facf6-46aa-4ddb-95de-a4e2a00eb2bb,34897ebd-aa3d-347c-91ee-876c3f835fdb,formula_not_evaluated,6.25835113047322E-14/1000
2e8facf6-46aa-4ddb-95de-a4e2a00eb2bb,34897ebd-aa3d-347c-91ee-876c3f835fdb,formula_not_evaluated,0.00405395446587356/1000
2e8facf6-46aa-4ddb-95de-a4e2a00eb2bb,34897ebd-aa3d-347c-91ee-876c3f835fdb,formula_not_evaluated,0.0165168700215474/1000
2e8facf6-46aa-4ddb-95de-a4e2a00eb2bb,34897ebd-aa3d-347c-91ee-876c3f835fdb,formula_not_evaluated,0.0154529422597711/1000
2e8facf6-46aa-4ddb-95de-a4e2a00eb2bb,34897ebd-aa3d-347c-91ee-876c3f835fdb,formula_not_evaluated,84.8315505073261/1000
2e8facf6-46aa-4ddb-95de-a4e2a00eb2bb,34897ebd-aa3d-347c-91ee-876c3f835fdb,formula_not_evaluated,0.114540220413509/1000
2e8facf6-46aa-4ddb-95de-a4e2a00eb2bb,34897ebd-aa3d-347c-91ee-876c3f835fdb,formula_not_evaluated,1.45027256823094E-9/1000
2e8facf6-46aa-4ddb-95de-a4e2a00eb2bb,34897ebd-aa3d-347c-91ee-876c3f835fdb,formula_not_evaluated,0.016517817085119/1000
2e8facf6-46aa-4ddb-95de-a4e2a00eb2bb,34897ebd-aa3d-347c-91ee-876c3f835fdb,formula_not_evaluated,0.590387771367887/1000
2e8facf6-46aa-4ddb-95de-a4e2a00eb2bb,34897ebd-aa3d-347c-91ee-876c3f835fdb,formula_not_evaluated,0.0161186783645955/1000
2e8facf6-46aa-4ddb-95de-a4e2a00eb2bb,34897ebd-aa3d-347c-91ee-876c3f835fdb,formula_not_evaluated,0.586158471353953/1000
2e8facf6-46aa-4ddb-95de-a4e2a00eb2bb,34897ebd-aa3d-347c-91ee-876c3f835fdb,formula_not_evaluated,960.806389759516/1000
2e8facf6-46aa-4ddb-95de-a4e2a00eb2bb,34897ebd-aa3d-347c-91ee-876c3f835fdb,formula_not_evaluated,3485.24206912496/1000
2e8facf6-46aa-4ddb-95de-a4e2a00eb2bb,34897ebd-aa3d-347c-91ee-876c3f835fdb,formula_not_evaluated,0.207353822747524/1000
2e8facf6-46aa-4ddb-95de-a4e2a00eb2bb,34897ebd-aa3d-347c-91ee-876c3f835fdb,formula_not_evaluated,4.7683525525289E-6/1000
2e8facf6-46aa-4ddb-95de-a4e2a00eb2bb,34897ebd-aa3d-347c-91ee-876c3f835fdb,formula_not_evaluated,0.183585575785375/1000
2e8facf6-46aa-4ddb-95de-a4e2a00eb2bb,34897ebd-aa3d-347c-91ee-876c3f835fdb,formula_not_evaluated,0.0514164939620082/1000
2e8facf6-46aa-4ddb-95de-a4e2a00eb2bb,34897ebd-aa3d-347c-91ee-876c3f835fdb,formula_not_evaluated,5483.39607285166+6.1241167427779
2e8facf6-46aa-4ddb-95de-a4e2a00eb2bb,34897ebd-aa3d-347c-91ee-876c3f835fdb,formula_not_evaluated,0.00166107962009765/1000
2e8facf6-46aa-4ddb-95de-a4e2a00eb2bb,34897ebd-aa3d-347c-91ee-876c3f835fdb,formula_not_evaluated,332.807493920083/1000
2e8facf6-46aa-4ddb-95de-a4e2a00eb2bb,34897ebd-aa3d-347c-91ee-876c3f835fdb,formula_not_evaluated,3.3606688524018/1000
2e8facf6-46aa-4ddb-95de-a4e2a00eb2bb,34897ebd-aa3d-347c-91ee-876c3f835fdb,formula_not_evaluated,75.6177212638267/1000
2e8facf6-46aa-4ddb-95de-a4e2a00eb2bb,34897ebd-aa3d-347c-91ee-876c3f835fdb,formula_not_evaluated,642.922497402092/1000
2e8facf6-46aa-4ddb-95de-a4e2a00eb2bb,34897ebd-aa3d-347c-91ee-876c3f835fdb,formula_not_evaluated,4033.08570543984/1000
2e8facf6-46aa-4ddb-95de-a4e2a00eb2bb,34897ebd-aa3d-347c-91ee-876c3f835fdb,formula_not_evaluated,0.0645894313975123/1000
2e8facf6-46aa-4ddb-95de-a4e2a00eb2bb,34897ebd-aa3d-347c-91ee-876c3f835fdb,formula_not_evaluated,112.454624043604/1000
2e8facf6-46aa-4ddb-95de-a4e2a00eb2bb,34897ebd-aa3d-347c-91ee-876c3f835fdb,formula_not_evaluated,0.00537271075488013/1000
2e8facf6-46aa-4ddb-95de-a4e2a00eb2bb,34897ebd-aa3d-347c-91ee-876c3f835fdb,formula_not_evaluated,706.023143121494/1000
2e8facf6-46aa-4ddb-95de-a4e2a00eb2bb,25dc85c1-c37b-390a-9886-06e5cdc1d732,formula_not_evaluated,1.0
2e8facf6-46aa-4ddb-95de-a4e2a00eb2bb,25dc85c1-c37b-390a-9886-06e5cdc1d732,formula_not_evaluated,1.069E-7
2e8facf6-46aa-4ddb-95de-a4e2a00eb2bb,25dc85c1-c37b-390a-9886-06e5cdc1d732,formula_not_evaluated,1.9733E-8
2e8facf6-46aa-4ddb-95de-a4e2a00eb2bb,25dc85c1-c37b-390a-9886-06e5cdc1d732,formula_not_evaluated,5.2261E-6
2e8facf6-46aa-4ddb-95de-a4e2a00eb2bb,25dc85c1-c37b-390a-9886-06e5cdc1d732,formula_not_evaluated,7.9539E-5
2e8facf6-46aa-4ddb-95de-a4e2a00eb2bb,25dc85c1-c37b-390a-9886-06e5cdc1d732,formula_not_evaluated,9.2815E-7
2e8facf6-46aa-4ddb-95de-a4e2a00eb2bb,25dc85c1-c37b-390a-9886-06e5cdc1d732,formula_not_evaluated,1.1065E-9
2e8facf6-46aa-4ddb-95de-a4e2a00eb2bb,8fe359cb-24fb-307c-9eae-ca3be595e69f,formula_not_evaluated,1000.0
2e8facf6-46aa-4ddb-95de-a4e2a00eb2bb,8fe359cb-24fb-307c-9eae-ca3be595e69f,formula_not_evaluated,1000
2e8facf6-46aa-4ddb-95de-a4e2a00eb2bb,8fe359cb-24fb-307c-9eae-ca3be595e69f,formula_not_evaluated,(lime)
2e8facf6-46aa-4ddb-95de-a4e2a00eb2bb,8fe359cb-24fb-307c-9eae-ca3be595e69f,formula_not_evaluated,((5.52E-4 + 0.003492) / 2)
2e8facf6-46aa-4ddb-95de-a4e2a00eb2bb,8fe359cb-24fb-307c-9eae-ca3be595e69f,formula_not_evaluated,1000.0
2e8facf6-46aa-4ddb-95de-a4e2a00eb2bb,b06d1d47-4112-3dcd-8b09-014635f91500,formula_not_evaluated,2000.0
2e8facf6-46aa-4ddb-95de-a4e2a00eb2bb,b06d1d47-4112-3dcd-8b09-014635f91500,formula_not_evaluated,(0.19)
2e8facf6-46aa-4ddb-95de-a4e2a00eb2bb,b06d1d47-4112-3dcd-8b09-014635f91500,formula_not_evaluated,(0.0586)
2e8facf6-46aa-4ddb-95de-a4e2a00eb2bb,b06d1d47-4112-3dcd-8b09-014635f91500,formula_not_evaluated,3.6 * (2.41)
2e8facf6-46aa-4ddb-95de-a4e2a00eb2bb,b06d1d47-4112-3dcd-8b09-014635f91500,formula_not_evaluated,(1.33)
2e8facf6-46aa-4ddb-95de-a4e2a00eb2bb,ac0cdbf8-8d2e-30ac-b0b9-97d34bf95981,formula_not_evaluated,2000.0
2e8facf6-46aa-4ddb-95de-a4e2a00eb2bb,ac0cdbf8-8d2e-30ac-b0b9-97d34bf95981,formula_not_evaluated,(2.33E-4)
2e8facf6-46aa-4ddb-95de-a4e2a00eb2bb,ac0cdbf8-8d2e-30ac-b0b9-97d34bf95981,formula_not_evaluated,(0.0101)
2e8facf6-46aa-4ddb-95de-a4e2a00eb2bb,ac0cdbf8-8d2e-30ac-b0b9-97d34bf95981,formula_not_evaluated,(0.055)
2e8facf6-46aa-4ddb-95de-a4e2a00eb2bb,ac0cdbf8-8d2e-30ac-b0b9-97d34bf95981,formula_not_evaluated,(0.00939)
2e8facf6-46aa-4ddb-95de-a4e2a00eb2bb,ac0cdbf8-8d2e-30ac-b0b9-97d34bf95981,formula_not_evaluated,3.6 * (2.96)
2e8facf6-46aa-4ddb-95de-a4e2a00eb2bb,ac0cdbf8-8d2e-30ac-b0b9-97d34bf95981,formula_not_evaluated,(3.45)
2e8facf6-46aa-4ddb-95de-a4e2a00eb2bb,ac0cdbf8-8d2e-30ac-b0b9-97d34bf95981,formula_not_evaluated,(1.0E-4)
2e8facf6-46aa-4ddb-95de-a4e2a00eb2bb,ac0cdbf8-8d2e-30ac-b0b9-97d34bf95981,formula_not_evaluated,(0.0932)
2e8facf6-46aa-4ddb-95de-a4e2a00eb2bb,ac0cdbf8-8d2e-30ac-b0b9-97d34bf95981,formula_not_evaluated,(0.0145)
2e8facf6-46aa-4ddb-95de-a4e2a00eb2bb,d9917668-4941-35a0-a4b4-e920efd60946,formula_not_evaluated,1.0
2e8facf6-46aa-4ddb-95de-a4e2a00eb2bb,d9917668-4941-35a0-a4b4-e920efd60946,formula_not_evaluated,3.3194E-9
2e8facf6-46aa-4ddb-95de-a4e2a00eb2bb,d9917668-4941-35a0-a4b4-e920efd60946,formula_not_evaluated,1.4317E-5
2e8facf6-46aa-4ddb-95de-a4e2a00eb2bb,d9917668-4941-35a0-a4b4-e920efd60946,formula_not_evaluated,1.9241E-8
2e8facf6-46aa-4ddb-95de-a4e2a00eb2bb,d9917668-4941-35a0-a4b4-e920efd60946,formula_not_evaluated,7.7489E-6
2e8facf6-46aa-4ddb-95de-a4e2a00eb2bb,d9917668-4941-35a0-a4b4-e920efd60946,formula_not_evaluated,5.92E-08
2e8facf6-46aa-4ddb-95de-a4e2a00eb2bb,d9917668-4941-35a0-a4b4-e920efd60946,formula_not_evaluated,5.783E-7
2e8facf6-46aa-4ddb-95de-a4e2a00eb2bb,4542a69a-4c5f-3967-92da-830361967e0a,formula_not_evaluated,1000.0
2e8facf6-46aa-4ddb-95de-a4e2a00eb2bb,4542a69a-4c5f-3967-92da-830361967e0a,formula_not_evaluated,(0.059 + 0.087) / 2
2e8facf6-46aa-4ddb-95de-a4e2a00eb2bb,4542a69a-4c5f-3967-92da-830361967e0a,formula_not_evaluated,1000.0
2e8facf6-46aa-4ddb-95de-a4e2a00eb2bb,4542a69a-4c5f-3967-92da-830361967e0a,formula_not_evaluated,1000
2e8facf6-46aa-4ddb-95de-a4e2a00eb2bb,4542a69a-4c5f-3967-92da-830361967e0a,formula_not_evaluated,((0.011358 + 0.016748) / 2)
2e8facf6-46aa-4ddb-95de-a4e2a00eb2bb,4e590e0c-3773-3db7-9515-728fde75ab55,formula_not_evaluated,1.0
2e8facf6-46aa-4ddb-95de-a4e2a00eb2bb,4e590e0c-3773-3db7-9515-728fde75ab55,formula_not_evaluated,1064.0
2e8facf6-46aa-4ddb-95de-a4e2a00eb2bb,7394ff08-eec4-4f81-8b0f-8880cd071207,formula_not_evaluated,1
2e8facf6-46aa-4ddb-95de-a4e2a00eb2bb,7394ff08-eec4-4f81-8b0f-8880cd071207,formula_not_evaluated,24.71
2e8facf6-46aa-4ddb-95de-a4e2a00eb2bb,7394ff08-eec4-4f81-8b0f-8880cd071207,formula_not_evaluated,241.9
2e8facf6-46aa-4ddb-95de-a4e2a00eb2bb,7394ff08-eec4-4f81-8b0f-8880cd071207,formula_not_evaluated,346.4
2e8facf6-46aa-4ddb-95de-a4e2a00eb2bb,bd968b92-1d89-398e-8201-09bacff50694,formula_not_evaluated,1000.0
2e8facf6-46aa-4ddb-95de-a4e2a00eb2bb,bd968b92-1d89-398e-8201-09bacff50694,formula_not_evaluated,((0.062 + 0.161) / 2)
2e8facf6-46aa-4ddb-95de-a4e2a00eb2bb,bd968b92-1d89-398e-8201-09bacff50694,formula_not_evaluated,(alum )
2e8facf6-46aa-4ddb-95de-a4e2a00eb2bb,bd968b92-1d89-398e-8201-09bacff50694,formula_not_evaluated,((0.013299 + 0.026344) / 2)
2e8facf6-46aa-4ddb-95de-a4e2a00eb2bb,bd968b92-1d89-398e-8201-09bacff50694,formula_not_evaluated,((0.008928 + 0.023184) / 2)
2e8facf6-46aa-4ddb-95de-a4e2a00eb2bb,bd968b92-1d89-398e-8201-09bacff50694,formula_not_evaluated,1000
2e8facf6-46aa-4ddb-95de-a4e2a00eb2bb,f5558c59-7afd-3000-ae7a-68afc1d0513f,formula_not_evaluated,1.0
2e8facf6-46aa-4ddb-95de-a4e2a00eb2bb,f5558c59-7afd-3000-ae7a-68afc1d0513f,formula_not_evaluated,2.0746E-10
2e8facf6-46aa-4ddb-95de-a4e2a00eb2bb,f5558c59-7afd-3000-ae7a-68afc1d0513f,formula_not_evaluated,3.7E-9
2e8facf6-46aa-4ddb-95de-a4e2a00eb2bb,f5558c59-7afd-3000-ae7a-68afc1d0513f,formula_not_evaluated,6.5697E-9
2e8facf6-46aa-4ddb-95de-a4e2a00eb2bb,f5558c59-7afd-3000-ae7a-68afc1d0513f,formula_not_evaluated,1.6597E-9
2e8facf6-46aa-4ddb-95de-a4e2a00eb2bb,f5558c59-7afd-3000-ae7a-68afc1d0513f,formula_not_evaluated,2.96E-8
2e8facf6-46aa-4ddb-95de-a4e2a00eb2bb,f5558c59-7afd-3000-ae7a-68afc1d0513f,formula_not_evaluated,1.0235E-4
2e8facf6-46aa-4ddb-95de-a4e2a00eb2bb,f5558c59-7afd-3000-ae7a-68afc1d0513f,formula_not_evaluated,3.6991E-4
2e8facf6-46aa-4ddb-95de-a4e2a00eb2bb,f5558c59-7afd-3000-ae7a-68afc1d0513f,formula_not_evaluated,1.17E-07
2e8facf6-46aa-4ddb-95de-a4e2a00eb2bb,f5558c59-7afd-3000-ae7a-68afc1d0513f,formula_not_evaluated,2.4204E-10
2e8facf6-46aa-4ddb-95de-a4e2a00eb2bb,f5558c59-7afd-3000-ae7a-68afc1d0513f,formula_not_evaluated,4.3166E-9
2e8facf6-46aa-4ddb-95de-a4e2a00eb2bb,08f86327-b29d-3ffa-b863-a257c2d6c952,formula_not_evaluated,(9.1799E-7*666.022)
2e8facf6-46aa-4ddb-95de-a4e2a00eb2bb,08f86327-b29d-3ffa-b863-a257c2d6c952,formula_not_evaluated,(0.0020864*666.022)
2e8facf6-46aa-4ddb-95de-a4e2a00eb2bb,08f86327-b29d-3ffa-b863-a257c2d6c952,formula_not_evaluated,(1.0014E-4*666.022)
2e8facf6-46aa-4ddb-95de-a4e2a00eb2bb,08f86327-b29d-3ffa-b863-a257c2d6c952,formula_not_evaluated,(4.1727E-4*666.022)
2e8facf6-46aa-4ddb-95de-a4e2a00eb2bb,08f86327-b29d-3ffa-b863-a257c2d6c952,formula_not_evaluated,(0.0040892*666.022)
2e8facf6-46aa-4ddb-95de-a4e2a00eb2bb,cfc38536-f8a3-3511-b47a-5ae3b2d2de1e,formula_not_evaluated,1.0
2e8facf6-46aa-4ddb-95de-a4e2a00eb2bb,cfc38536-f8a3-3511-b47a-5ae3b2d2de1e,formula_not_evaluated,8.5751E-6
2e8facf6-46aa-4ddb-95de-a4e2a00eb2bb,cfc38536-f8a3-3511-b47a-5ae3b2d2de1e,formula_not_evaluated,1.5393E-7
2e8facf6-46aa-4ddb-95de-a4e2a00eb2bb,cfc38536-f8a3-3511-b47a-5ae3b2d2de1e,formula_not_evaluated,1.05E-08
2e8facf6-46aa-4ddb-95de-a4e2a00eb2bb,cfc38536-f8a3-3511-b47a-5ae3b2d2de1e,formula_not_evaluated,1.1454E-4
2e8facf6-46aa-4ddb-95de-a4e2a00eb2bb,cfc38536-f8a3-3511-b47a-5ae3b2d2de1e,formula_not_evaluated,6.6734E-9
2e8facf6-46aa-4ddb-95de-a4e2a00eb2bb,cfc38536-f8a3-3511-b47a-5ae3b2d2de1e,formula_not_evaluated,1.1902E-7
2e8facf6-46aa-4ddb-95de-a4e2a00eb2bb,cfc38536-f8a3-3511-b47a-5ae3b2d2de1e,formula_not_evaluated,1.3365E-6
2e8facf6-46aa-4ddb-95de-a4e2a00eb2bb,cfc38536-f8a3-3511-b47a-5ae3b2d2de1e,formula_not_evaluated,5.8781E-10
3dbccdda-2014-4239-ad1f-4e15c034942b,3dbccdda-2014-4239-ad1f-4e15c034942b,formula_not_evaluated,3.46E0+8.84E-03+2.67E0
3dbccdda-2014-4239-ad1f-4e15c034942b,3dbccdda-2014-4239-ad1f-4e15c034942b,formula_not_evaluated,2.48E-3+4.48E-4
3dbccdda-2014-4239-ad1f-4e15c034942b,3dbccdda-2014-4239-ad1f-4e15c034942b,formula_not_evaluated,5.3/1000
3dbccdda-2014-4239-ad1f-4e15c034942b,3dbccdda-2014-4239-ad1f-4e15c034942b,formula_not_evaluated,2.71E-2+5.39E-03
3dbccdda-2014-4239-ad1f-4e15c034942b,3dbccdda-2014-4239-ad1f-4e15c034942b,formula_not_evaluated,3.08E-3+1.32E-04
3dbccdda-2014-4239-ad1f-4e15c034942b,3dbccdda-2014-4239-ad1f-4e15c034942b,formula_not_evaluated,2.24E-3+1.48E-4
3dbccdda-2014-4239-ad1f-4e15c034942b,3eee3d64-460d-44bc-b58a-96aa76f86091,formula_not_evaluated,Diesel_energy_consumption_operation1
3dbccdda-2014-4239-ad1f-4e15c034942b,3eee3d64-460d-44bc-b58a-96aa76f86091,formula_not_evaluated,(percentage_energy_recovery1 * electricity_from_CH4 * CH4_recovered_for_energy * (1 - system_down_time1) * (final_yield_CH4 * (1 - moisture_content_mixed_msw1) / tonne_to_sh_tn1))
3dbccdda-2014-4239-ad1f-4e15c034942b,3eee3d64-460d-44bc-b58a-96aa76f86091,formula_not_evaluated,sh_tn_to_tonne *transport_distance_landfill 
3dbccdda-2014-4239-ad1f-4e15c034942b,3eee3d64-460d-44bc-b58a-96aa76f86091,formula_not_evaluated,(CH4_emitted_final * final_yield_CH4 * (1 - moisture_content_mixed_msw1) / tonne_to_sh_tn1)
3dbccdda-2014-4239-ad1f-4e15c034942b,3eee3d64-460d-44bc-b58a-96aa76f86091,formula_not_evaluated,(C_storage_final * (1 - moisture_content_mixed_msw1) / tonne_to_sh_tn1) * C_to_CO21
3dbccdda-2014-4239-ad1f-4e15c034942b,a3e150d0-770e-4e2a-9b19-f7daa8cda38b,coproduct_allocation_review,2
3dbccdda-2014-4239-ad1f-4e15c034942b,a3e150d0-770e-4e2a-9b19-f7daa8cda38b,formula_not_evaluated,18.4290167156447/1000
3dbccdda-2014-4239-ad1f-4e15c034942b,a3e150d0-770e-4e2a-9b19-f7daa8cda38b,formula_not_evaluated,0.0896568370477656/9.5
3dbccdda-2014-4239-ad1f-4e15c034942b,a3e150d0-770e-4e2a-9b19-f7daa8cda38b,formula_not_evaluated,0.000275088436300113*1000000
3dbccdda-2014-4239-ad1f-4e15c034942b,a3e150d0-770e-4e2a-9b19-f7daa8cda38b,formula_not_evaluated,0.387973315090374/9.65
3dbccdda-2014-4239-ad1f-4e15c034942b,53bb995e-2b64-4464-87f4-a3b79dcd1c32,formula_not_evaluated,0.104371585+3.92E-02
3dbccdda-2014-4239-ad1f-4e15c034942b,53bb995e-2b64-4464-87f4-a3b79dcd1c32,formula_not_evaluated,4.73E0+6.42E-02
3dbccdda-2014-4239-ad1f-4e15c034942b,53bb995e-2b64-4464-87f4-a3b79dcd1c32,formula_not_evaluated,4.91E-7+5.26E-4
3dbccdda-2014-4239-ad1f-4e15c034942b,53bb995e-2b64-4464-87f4-a3b79dcd1c32,formula_not_evaluated,1.91E0/1000
3dbccdda-2014-4239-ad1f-4e15c034942b,53bb995e-2b64-4464-87f4-a3b79dcd1c32,formula_not_evaluated,5.06E-01+1.48E-02
3dbccdda-2014-4239-ad1f-4e15c034942b,1b8709a5-5df4-4c52-85e4-dd6e7ed8deba,coproduct_allocation_review,2
3dbccdda-2014-4239-ad1f-4e15c034942b,7564cc52-b294-42c8-8320-7dd680296c81,formula_not_evaluated,0.0817*Energy_Recovered 
3dbccdda-2014-4239-ad1f-4e15c034942b,a176e34a-573a-44a9-b381-843a7d457df5,formula_not_evaluated,(sh_tn_to_tonne*mass_ash)*transport_distance_ash_landfill 
3dbccdda-2014-4239-ad1f-4e15c034942b,a176e34a-573a-44a9-b381-843a7d457df5,formula_not_evaluated,-steel_recovered
3dbccdda-2014-4239-ad1f-4e15c034942b,a176e34a-573a-44a9-b381-843a7d457df5,formula_not_evaluated,sh_tn_to_tonne *transport_distance_combustion 
3dbccdda-2014-4239-ad1f-4e15c034942b,a176e34a-573a-44a9-b381-843a7d457df5,formula_not_evaluated,1000.0 * (non_biomass_C_content * C_converted_to_CO2_in_combustion * C_to_CO21 / tonne_to_sh_tn1)
3dbccdda-2014-4239-ad1f-4e15c034942b,a176e34a-573a-44a9-b381-843a7d457df5,formula_not_evaluated,1000.0 * (N2O_emission)
3dbccdda-2014-4239-ad1f-4e15c034942b,a176e34a-573a-44a9-b381-843a7d457df5,formula_not_evaluated,3.6 * (energy_content * mass_burn_efficiency * MMBTU_to_kWh1)
3dbccdda-2014-4239-ad1f-4e15c034942b,9caaa37b-636d-41fa-8eb6-0b020ee4ebac,formula_not_evaluated,barge 
3dbccdda-2014-4239-ad1f-4e15c034942b,9caaa37b-636d-41fa-8eb6-0b020ee4ebac,formula_not_evaluated,truck 
3dbccdda-2014-4239-ad1f-4e15c034942b,9caaa37b-636d-41fa-8eb6-0b020ee4ebac,formula_not_evaluated,rail 
3dbccdda-2014-4239-ad1f-4e15c034942b,9caaa37b-636d-41fa-8eb6-0b020ee4ebac,formula_not_evaluated,pipeline 
3dbccdda-2014-4239-ad1f-4e15c034942b,9caaa37b-636d-41fa-8eb6-0b020ee4ebac,formula_not_evaluated,tanker
3dbccdda-2014-4239-ad1f-4e15c034942b,e0368d96-44a3-3628-8220-e6ae975b0931,formula_not_evaluated,1.5369/1000
3dbccdda-2014-4239-ad1f-4e15c034942b,e0368d96-44a3-3628-8220-e6ae975b0931,formula_not_evaluated,1010.7/1000
3dbccdda-2014-4239-ad1f-4e15c034942b,f9cf891e-fd8c-304c-9707-4a7e390b9e75,coproduct_allocation_review,3
3dbccdda-2014-4239-ad1f-4e15c034942b,0aaf1e13-5d80-37f9-b7bb-81a6b8965c71,coproduct_allocation_review,8
3dbccdda-2014-4239-ad1f-4e15c034942b,0aaf1e13-5d80-37f9-b7bb-81a6b8965c71,formula_not_evaluated,5.5E-9+5.5E-9
3dbccdda-2014-4239-ad1f-4e15c034942b,0aaf1e13-5d80-37f9-b7bb-81a6b8965c71,formula_not_evaluated,6.5E-10+9.3E-19
3dbccdda-2014-4239-ad1f-4e15c034942b,0aaf1e13-5d80-37f9-b7bb-81a6b8965c71,formula_not_evaluated,1.8E-13+3.8E-12
3dbccdda-2014-4239-ad1f-4e15c034942b,5bcf8b86-866d-45b6-8e00-e1ea39c03c53,formula_not_evaluated,Diesel_energy_consumption_operation1
3dbccdda-2014-4239-ad1f-4e15c034942b,5bcf8b86-866d-45b6-8e00-e1ea39c03c53,formula_not_evaluated,sh_tn_to_tonne * transport_distance_landfill 
3dbccdda-2014-4239-ad1f-4e15c034942b,520ecb54-7b55-42ca-97c3-4b8192189356,formula_not_evaluated,0.038+.014
3dbccdda-2014-4239-ad1f-4e15c034942b,a591c53f-ce67-41da-b0c1-65b6d91a1a43,coproduct_allocation_review,2
3dbccdda-2014-4239-ad1f-4e15c034942b,c245a252-0860-41d2-9789-802bab7984ab,coproduct_allocation_review,2
3dbccdda-2014-4239-ad1f-4e15c034942b,c245a252-0860-41d2-9789-802bab7984ab,formula_not_evaluated,1.359937463+0.046461804+0.263182311-0.071718049
3dbccdda-2014-4239-ad1f-4e15c034942b,906167b9-d822-5ed5-aed8-fe34c8588952,formula_not_evaluated,ng_combusted_total * gen_frac * gen_sib_share
3dbccdda-2014-4239-ad1f-4e15c034942b,906167b9-d822-5ed5-aed8-fe34c8588952,formula_not_evaluated,ch4_leakage_active
3dbccdda-2014-4239-ad1f-4e15c034942b,906167b9-d822-5ed5-aed8-fe34c8588952,formula_not_evaluated,ng_combusted_total * comp_frac * comp_re_share
3dbccdda-2014-4239-ad1f-4e15c034942b,906167b9-d822-5ed5-aed8-fe34c8588952,formula_not_evaluated,ng_combusted_total * gen_frac * gen_lgt_share
3dbccdda-2014-4239-ad1f-4e15c034942b,31dd79aa-94df-31b9-b81f-8b1d436581da,formula_not_evaluated,1000.0
3dbccdda-2014-4239-ad1f-4e15c034942b,31dd79aa-94df-31b9-b81f-8b1d436581da,formula_not_evaluated,1187.1
3dbccdda-2014-4239-ad1f-4e15c034942b,31dd79aa-94df-31b9-b81f-8b1d436581da,formula_not_evaluated,1187.1
3dbccdda-2014-4239-ad1f-4e15c034942b,31dd79aa-94df-31b9-b81f-8b1d436581da,formula_not_evaluated,1187.1
3dbccdda-2014-4239-ad1f-4e15c034942b,31dd79aa-94df-31b9-b81f-8b1d436581da,formula_not_evaluated,1187.1
3dbccdda-2014-4239-ad1f-4e15c034942b,ce587724-1be4-3da0-b7a2-988592c28b9a,coproduct_allocation_review,5
3dbccdda-2014-4239-ad1f-4e15c034942b,cbf4023b-71f7-36b7-8c45-ea43bc2f108c,coproduct_allocation_review,4
3dbccdda-2014-4239-ad1f-4e15c034942b,515c5359-a186-3394-b849-8676652228db,formula_not_evaluated,1.0*1000
3dbccdda-2014-4239-ad1f-4e15c034942b,515c5359-a186-3394-b849-8676652228db,formula_not_evaluated,0.056875*44.45
3dbccdda-2014-4239-ad1f-4e15c034942b,1e4fd434-9cd2-402a-8ebf-43891d0dd591,formula_not_evaluated,1.26E-4*3.78541
3dbccdda-2014-4239-ad1f-4e15c034942b,1e4fd434-9cd2-402a-8ebf-43891d0dd591,formula_not_evaluated,2.0E-4*0.028317
3dbccdda-2014-4239-ad1f-4e15c034942b,0e42a306-ee2d-362e-8bc3-580000096459,formula_not_evaluated,1.4E-4+0.0024
3dbccdda-2014-4239-ad1f-4e15c034942b,5deeead4-4080-41fd-bae0-04d8aea6a656,formula_not_evaluated,pipeline 
3dbccdda-2014-4239-ad1f-4e15c034942b,5deeead4-4080-41fd-bae0-04d8aea6a656,formula_not_evaluated,truck 
3dbccdda-2014-4239-ad1f-4e15c034942b,5deeead4-4080-41fd-bae0-04d8aea6a656,formula_not_evaluated,barge 
3dbccdda-2014-4239-ad1f-4e15c034942b,5deeead4-4080-41fd-bae0-04d8aea6a656,formula_not_evaluated,rail 
3dbccdda-2014-4239-ad1f-4e15c034942b,5deeead4-4080-41fd-bae0-04d8aea6a656,formula_not_evaluated,tanker
3dbccdda-2014-4239-ad1f-4e15c034942b,9cdbadf7-c219-51c7-9e22-f4b48c22c0a8,formula_not_evaluated,ng_flared_total
3dbccdda-2014-4239-ad1f-4e15c034942b,9cdbadf7-c219-51c7-9e22-f4b48c22c0a8,formula_not_evaluated,ng_combusted_total * comp_frac * comp_re_share
3dbccdda-2014-4239-ad1f-4e15c034942b,9cdbadf7-c219-51c7-9e22-f4b48c22c0a8,formula_not_evaluated,ch4_leakage_active
3dbccdda-2014-4239-ad1f-4e15c034942b,9d7c7f3e-7182-3444-9024-8915c71a803b,formula_not_evaluated,1000.0
3dbccdda-2014-4239-ad1f-4e15c034942b,9d7c7f3e-7182-3444-9024-8915c71a803b,formula_not_evaluated,1000.0
3dbccdda-2014-4239-ad1f-4e15c034942b,be9d17bb-1253-3a1a-b9dc-09c65751805f,formula_not_evaluated,1000.0
3dbccdda-2014-4239-ad1f-4e15c034942b,be9d17bb-1253-3a1a-b9dc-09c65751805f,formula_not_evaluated,(0.44153)
3dbccdda-2014-4239-ad1f-4e15c034942b,bb0f94e7-300d-342e-9d5e-3cc00121f850,formula_not_evaluated,1000.0
3dbccdda-2014-4239-ad1f-4e15c034942b,bb0f94e7-300d-342e-9d5e-3cc00121f850,formula_not_evaluated,((1.7E-4 + 7.14E-4) / 2)
3dbccdda-2014-4239-ad1f-4e15c034942b,bb0f94e7-300d-342e-9d5e-3cc00121f850,formula_not_evaluated,1000
3dbccdda-2014-4239-ad1f-4e15c034942b,bb0f94e7-300d-342e-9d5e-3cc00121f850,formula_not_evaluated,1000.0
3dbccdda-2014-4239-ad1f-4e15c034942b,bb0f94e7-300d-342e-9d5e-3cc00121f850,formula_not_evaluated,1000
3dbccdda-2014-4239-ad1f-4e15c034942b,bb0f94e7-300d-342e-9d5e-3cc00121f850,formula_not_evaluated,1000
3dbccdda-2014-4239-ad1f-4e15c034942b,bb0f94e7-300d-342e-9d5e-3cc00121f850,formula_not_evaluated,0.3424*1000/35.3
3dbccdda-2014-4239-ad1f-4e15c034942b,bb0f94e7-300d-342e-9d5e-3cc00121f850,formula_not_evaluated,1000
3dbccdda-2014-4239-ad1f-4e15c034942b,bb0f94e7-300d-342e-9d5e-3cc00121f850,formula_not_evaluated,nahypo 
3dbccdda-2014-4239-ad1f-4e15c034942b,bb0f94e7-300d-342e-9d5e-3cc00121f850,formula_not_evaluated,1000
3dbccdda-2014-4239-ad1f-4e15c034942b,a6d58af5-1d23-3200-8de2-2e23582f1551,formula_not_evaluated,1000.0
3dbccdda-2014-4239-ad1f-4e15c034942b,a6d58af5-1d23-3200-8de2-2e23582f1551,formula_not_evaluated,(chlorineinput)
3dbccdda-2014-4239-ad1f-4e15c034942b,a6d58af5-1d23-3200-8de2-2e23582f1551,formula_not_evaluated,1000
3dbccdda-2014-4239-ad1f-4e15c034942b,a6d58af5-1d23-3200-8de2-2e23582f1551,formula_not_evaluated,((0.00136 + 0.002737) / 2)
3dbccdda-2014-4239-ad1f-4e15c034942b,a6d58af5-1d23-3200-8de2-2e23582f1551,formula_not_evaluated,1.609344 * (((0.00792 + 0.015939) / 2))
3dbccdda-2014-4239-ad1f-4e15c034942b,4eb5b312-c3dd-3720-b8b6-814953d7c937,formula_not_evaluated,1000.0
3dbccdda-2014-4239-ad1f-4e15c034942b,4eb5b312-c3dd-3720-b8b6-814953d7c937,formula_not_evaluated,1000
3dbccdda-2014-4239-ad1f-4e15c034942b,a0bada1b-1891-46af-81af-90d0664bee40,formula_not_evaluated,5.38*10E-4
3dbccdda-2014-4239-ad1f-4e15c034942b,a0bada1b-1891-46af-81af-90d0664bee40,formula_not_evaluated,4.17*10E-7
3dbccdda-2014-4239-ad1f-4e15c034942b,4a42fda8-640a-3152-9741-f64c558be34d,coproduct_allocation_review,1
3dbccdda-2014-4239-ad1f-4e15c034942b,d85c6177-4580-35f0-afd6-52125ababf10,coproduct_allocation_review,1
3dbccdda-2014-4239-ad1f-4e15c034942b,6bf03929-c98a-32e8-b816-17c4908a069d,formula_not_evaluated,1000.0
3dbccdda-2014-4239-ad1f-4e15c034942b,6bf03929-c98a-32e8-b816-17c4908a069d,formula_not_evaluated,1000.0
3dbccdda-2014-4239-ad1f-4e15c034942b,6bf03929-c98a-32e8-b816-17c4908a069d,formula_not_evaluated,1000
3dbccdda-2014-4239-ad1f-4e15c034942b,6bf03929-c98a-32e8-b816-17c4908a069d,formula_not_evaluated,((1.7E-4 + 7.14E-4) / 2)
3dbccdda-2014-4239-ad1f-4e15c034942b,6bf03929-c98a-32e8-b816-17c4908a069d,formula_not_evaluated,((0.617 + 2.163) / 2)
3dbccdda-2014-4239-ad1f-4e15c034942b,6bf03929-c98a-32e8-b816-17c4908a069d,formula_not_evaluated,(0.082 + 0.173) / 2
3dbccdda-2014-4239-ad1f-4e15c034942b,6bf03929-c98a-32e8-b816-17c4908a069d,formula_not_evaluated,((0.004319 + 0.015141) / 2)
3dbccdda-2014-4239-ad1f-4e15c034942b,6bf03929-c98a-32e8-b816-17c4908a069d,formula_not_evaluated,((0.001394 + 0.002941) / 2)
3dbccdda-2014-4239-ad1f-4e15c034942b,0577d79b-9d3d-334f-a390-84d70c142d53,formula_not_evaluated,1.0
3dbccdda-2014-4239-ad1f-4e15c034942b,0577d79b-9d3d-334f-a390-84d70c142d53,formula_not_evaluated,0.0020923
3dbccdda-2014-4239-ad1f-4e15c034942b,f035c561-be3b-3958-adf6-a5d04ac8754a,formula_not_evaluated,1000.0
3dbccdda-2014-4239-ad1f-4e15c034942b,f035c561-be3b-3958-adf6-a5d04ac8754a,formula_not_evaluated,((0.001425 + 0.0025575) / 2)
3dbccdda-2014-4239-ad1f-4e15c034942b,f035c561-be3b-3958-adf6-a5d04ac8754a,formula_not_evaluated,((0.19 + 0.341) / 2)
3dbccdda-2014-4239-ad1f-4e15c034942b,f035c561-be3b-3958-adf6-a5d04ac8754a,formula_not_evaluated,1.609344 * (((0.08835 + 0.15856) / 2))
3dbccdda-2014-4239-ad1f-4e15c034942b,f035c561-be3b-3958-adf6-a5d04ac8754a,formula_not_evaluated,1000
3dbccdda-2014-4239-ad1f-4e15c034942b,89b282f3-cbda-3c5e-9521-61607e44d326,formula_not_evaluated,1.0
3dbccdda-2014-4239-ad1f-4e15c034942b,89b282f3-cbda-3c5e-9521-61607e44d326,formula_not_evaluated,7.0895E-6
3dbccdda-2014-4239-ad1f-4e15c034942b,89b282f3-cbda-3c5e-9521-61607e44d326,formula_not_evaluated,4.0554E-5
3dbccdda-2014-4239-ad1f-4e15c034942b,89b282f3-cbda-3c5e-9521-61607e44d326,formula_not_evaluated,3.9247E-5
3dbccdda-2014-4239-ad1f-4e15c034942b,89b282f3-cbda-3c5e-9521-61607e44d326,formula_not_evaluated,8.7889E-6
3dbccdda-2014-4239-ad1f-4e15c034942b,89b282f3-cbda-3c5e-9521-61607e44d326,formula_not_evaluated,2.3834E-6
3dbccdda-2014-4239-ad1f-4e15c034942b,68ca1e82-093d-3fa3-abe4-f7054f3a2a92,formula_not_evaluated,1.0
3dbccdda-2014-4239-ad1f-4e15c034942b,68ca1e82-093d-3fa3-abe4-f7054f3a2a92,formula_not_evaluated,3.2044E-8
3dbccdda-2014-4239-ad1f-4e15c034942b,68ca1e82-093d-3fa3-abe4-f7054f3a2a92,formula_not_evaluated,2.8795E-5
3dbccdda-2014-4239-ad1f-4e15c034942b,68ca1e82-093d-3fa3-abe4-f7054f3a2a92,formula_not_evaluated,6.4489E-5
3dbccdda-2014-4239-ad1f-4e15c034942b,6017be4d-8df3-31bf-9597-756852c8f18d,formula_not_evaluated,1.0
3dbccdda-2014-4239-ad1f-4e15c034942b,6017be4d-8df3-31bf-9597-756852c8f18d,formula_not_evaluated,5.4109E-5
3dbccdda-2014-4239-ad1f-4e15c034942b,6017be4d-8df3-31bf-9597-756852c8f18d,formula_not_evaluated,6.8249E-6
3dbccdda-2014-4239-ad1f-4e15c034942b,6017be4d-8df3-31bf-9597-756852c8f18d,formula_not_evaluated,8.769E-6
3dbccdda-2014-4239-ad1f-4e15c034942b,6017be4d-8df3-31bf-9597-756852c8f18d,formula_not_evaluated,7.6677E-6
3dbccdda-2014-4239-ad1f-4e15c034942b,6017be4d-8df3-31bf-9597-756852c8f18d,formula_not_evaluated,6.7006E-6
3dbccdda-2014-4239-ad1f-4e15c034942b,6017be4d-8df3-31bf-9597-756852c8f18d,formula_not_evaluated,1.2666E-4
3dbccdda-2014-4239-ad1f-4e15c034942b,6017be4d-8df3-31bf-9597-756852c8f18d,formula_not_evaluated,7.9314E-6
3dbccdda-2014-4239-ad1f-4e15c034942b,6017be4d-8df3-31bf-9597-756852c8f18d,formula_not_evaluated,1.5639E-4
3dbccdda-2014-4239-ad1f-4e15c034942b,6017be4d-8df3-31bf-9597-756852c8f18d,formula_not_evaluated,1.365E-5
3dbccdda-2014-4239-ad1f-4e15c034942b,6017be4d-8df3-31bf-9597-756852c8f18d,formula_not_evaluated,6.4922E-6
3dbccdda-2014-4239-ad1f-4e15c034942b,6017be4d-8df3-31bf-9597-756852c8f18d,formula_not_evaluated,7.1023E-6
3dbccdda-2014-4239-ad1f-4e15c034942b,6017be4d-8df3-31bf-9597-756852c8f18d,formula_not_evaluated,7.24E-04
3dbccdda-2014-4239-ad1f-4e15c034942b,6017be4d-8df3-31bf-9597-756852c8f18d,formula_not_evaluated,4.9742E-6
3dbccdda-2014-4239-ad1f-4e15c034942b,6017be4d-8df3-31bf-9597-756852c8f18d,formula_not_evaluated,3.034E-6
3dbccdda-2014-4239-ad1f-4e15c034942b,c4a05231-fcf5-38cd-ae11-3f0edfd40d82,formula_not_evaluated,1.0
3dbccdda-2014-4239-ad1f-4e15c034942b,c4a05231-fcf5-38cd-ae11-3f0edfd40d82,formula_not_evaluated,5.9849E-5
3dbccdda-2014-4239-ad1f-4e15c034942b,c4a05231-fcf5-38cd-ae11-3f0edfd40d82,formula_not_evaluated,4.4754E-6
3dbccdda-2014-4239-ad1f-4e15c034942b,403216d9-b675-389c-8c3b-e144201bb6e9,formula_not_evaluated,1.0
3dbccdda-2014-4239-ad1f-4e15c034942b,403216d9-b675-389c-8c3b-e144201bb6e9,formula_not_evaluated,4.7521E-8
3dbccdda-2014-4239-ad1f-4e15c034942b,403216d9-b675-389c-8c3b-e144201bb6e9,formula_not_evaluated,5.473E-9
3dbccdda-2014-4239-ad1f-4e15c034942b,403216d9-b675-389c-8c3b-e144201bb6e9,formula_not_evaluated,2.6401E-7
3dbccdda-2014-4239-ad1f-4e15c034942b,403216d9-b675-389c-8c3b-e144201bb6e9,formula_not_evaluated,4.0724E-6
3dbccdda-2014-4239-ad1f-4e15c034942b,fd7881e1-12fb-3888-b731-db05f8b0dde0,formula_not_evaluated,1.0
3dbccdda-2014-4239-ad1f-4e15c034942b,fd7881e1-12fb-3888-b731-db05f8b0dde0,formula_not_evaluated,9.7686E-8
3dbccdda-2014-4239-ad1f-4e15c034942b,fd7881e1-12fb-3888-b731-db05f8b0dde0,formula_not_evaluated,5.1175E-5
3dbccdda-2014-4239-ad1f-4e15c034942b,fd7881e1-12fb-3888-b731-db05f8b0dde0,formula_not_evaluated,1.0373E-10
3dbccdda-2014-4239-ad1f-4e15c034942b,fd7881e1-12fb-3888-b731-db05f8b0dde0,formula_not_evaluated,0.0048648
3dbccdda-2014-4239-ad1f-4e15c034942b,fd7881e1-12fb-3888-b731-db05f8b0dde0,formula_not_evaluated,1.7289E-10
3dbccdda-2014-4239-ad1f-4e15c034942b,fd7881e1-12fb-3888-b731-db05f8b0dde0,formula_not_evaluated,3.0833E-9
3dbccdda-2014-4239-ad1f-4e15c034942b,fd7881e1-12fb-3888-b731-db05f8b0dde0,formula_not_evaluated,5.9717E-7
3dbccdda-2014-4239-ad1f-4e15c034942b,fd7881e1-12fb-3888-b731-db05f8b0dde0,formula_not_evaluated,1.85E-9
3dbccdda-2014-4239-ad1f-4e15c034942b,fd7881e1-12fb-3888-b731-db05f8b0dde0,formula_not_evaluated,2.4204E-10
3dbccdda-2014-4239-ad1f-4e15c034942b,fd7881e1-12fb-3888-b731-db05f8b0dde0,formula_not_evaluated,4.3166E-9
3dbccdda-2014-4239-ad1f-4e15c034942b,fd7881e1-12fb-3888-b731-db05f8b0dde0,formula_not_evaluated,3.3886E-9
3dbccdda-2014-4239-ad1f-4e15c034942b,fd7881e1-12fb-3888-b731-db05f8b0dde0,formula_not_evaluated,6.8776E-8
3dbccdda-2014-4239-ad1f-4e15c034942b,fd7881e1-12fb-3888-b731-db05f8b0dde0,formula_not_evaluated,2.981E-5
3dbccdda-2014-4239-ad1f-4e15c034942b,fd7881e1-12fb-3888-b731-db05f8b0dde0,formula_not_evaluated,0.0018743
3dbccdda-2014-4239-ad1f-4e15c034942b,1bf86847-c8d5-49d6-b223-ac39940a53f9,coproduct_allocation_review,1
3dbccdda-2014-4239-ad1f-4e15c034942b,6baa9816-6151-3af1-b230-d28bebfb5227,coproduct_allocation_review,1
3dbccdda-2014-4239-ad1f-4e15c034942b,7aa8e2ff-0e2f-3e6c-b168-ec5168b4be6a,formula_not_evaluated,616000.0*0.0010550559
3dbccdda-2014-4239-ad1f-4e15c034942b,7aa8e2ff-0e2f-3e6c-b168-ec5168b4be6a,formula_not_evaluated,98.0*1000
3dbccdda-2014-4239-ad1f-4e15c034942b,8e3e47ea-ed49-329e-8931-29115917bc81,coproduct_allocation_review,1
3dbccdda-2014-4239-ad1f-4e15c034942b,8e3e47ea-ed49-329e-8931-29115917bc81,formula_not_evaluated,46.4*1000
3dbccdda-2014-4239-ad1f-4e15c034942b,8e3e47ea-ed49-329e-8931-29115917bc81,formula_not_evaluated,7.36*1000
3dbccdda-2014-4239-ad1f-4e15c034942b,d9cadd89-4203-375a-903a-63197cd29c6a,coproduct_allocation_review,2
3dbccdda-2014-4239-ad1f-4e15c034942b,d9cadd89-4203-375a-903a-63197cd29c6a,formula_not_evaluated,119290.0*1000
3dbccdda-2014-4239-ad1f-4e15c034942b,0898854c-e38f-3d23-880f-f8da7d65ca0c,formula_not_evaluated,98.0*1000
3dbccdda-2014-4239-ad1f-4e15c034942b,0879167f-989b-3e3b-b9c5-3c07ea0a3f8e,formula_not_evaluated,98.0*1000
3dbccdda-2014-4239-ad1f-4e15c034942b,de1c6afd-8438-52bc-8953-f33ff330c737,formula_not_evaluated,ng_flared_total
3dbccdda-2014-4239-ad1f-4e15c034942b,de1c6afd-8438-52bc-8953-f33ff330c737,formula_not_evaluated,ng_combusted_total * comp_frac * comp_re_share
3dbccdda-2014-4239-ad1f-4e15c034942b,de1c6afd-8438-52bc-8953-f33ff330c737,formula_not_evaluated,ch4_leakage_active
3dbccdda-2014-4239-ad1f-4e15c034942b,2dc0b1d4-9047-5854-82da-17a2392fb07a,formula_not_evaluated,ch4_leakage_active
3dbccdda-2014-4239-ad1f-4e15c034942b,2dc0b1d4-9047-5854-82da-17a2392fb07a,formula_not_evaluated,ng_combusted_total * comp_frac * comp_re_share
3dbccdda-2014-4239-ad1f-4e15c034942b,2dc0b1d4-9047-5854-82da-17a2392fb07a,formula_not_evaluated,ng_flared_total
3dbccdda-2014-4239-ad1f-4e15c034942b,bbe02aa9-9e42-5341-ba17-9d8ee613b0e3,formula_not_evaluated,ng_combusted_total * comp_frac * comp_re_share
3dbccdda-2014-4239-ad1f-4e15c034942b,bbe02aa9-9e42-5341-ba17-9d8ee613b0e3,formula_not_evaluated,ng_flared_total
3dbccdda-2014-4239-ad1f-4e15c034942b,bbe02aa9-9e42-5341-ba17-9d8ee613b0e3,formula_not_evaluated,ch4_leakage_active
3dbccdda-2014-4239-ad1f-4e15c034942b,c47e2008-cd77-39e4-90d8-eba2cf6d2d44,formula_not_evaluated,1000.0
3dbccdda-2014-4239-ad1f-4e15c034942b,c47e2008-cd77-39e4-90d8-eba2cf6d2d44,formula_not_evaluated,0.156
3dbccdda-2014-4239-ad1f-4e15c034942b,c47e2008-cd77-39e4-90d8-eba2cf6d2d44,formula_not_evaluated,(0.010608)
3dbccdda-2014-4239-ad1f-4e15c034942b,c47e2008-cd77-39e4-90d8-eba2cf6d2d44,formula_not_evaluated,1000
3dbccdda-2014-4239-ad1f-4e15c034942b,c47e2008-cd77-39e4-90d8-eba2cf6d2d44,formula_not_evaluated,1000.0
3dbccdda-2014-4239-ad1f-4e15c034942b,dccfe8ef-0d12-387f-bdf8-e8d54bc289ef,formula_not_evaluated,1.0
3dbccdda-2014-4239-ad1f-4e15c034942b,dccfe8ef-0d12-387f-bdf8-e8d54bc289ef,formula_not_evaluated,6.3631E-5
3dbccdda-2014-4239-ad1f-4e15c034942b,dccfe8ef-0d12-387f-bdf8-e8d54bc289ef,formula_not_evaluated,4.9333E-9
3dbccdda-2014-4239-ad1f-4e15c034942b,dccfe8ef-0d12-387f-bdf8-e8d54bc289ef,formula_not_evaluated,2.7662E-10
3dbccdda-2014-4239-ad1f-4e15c034942b,dccfe8ef-0d12-387f-bdf8-e8d54bc289ef,formula_not_evaluated,7.4252E-7
3dbccdda-2014-4239-ad1f-4e15c034942b,dccfe8ef-0d12-387f-bdf8-e8d54bc289ef,formula_not_evaluated,8.5516E-8
3dbccdda-2014-4239-ad1f-4e15c034942b,dccfe8ef-0d12-387f-bdf8-e8d54bc289ef,formula_not_evaluated,4.1457E-6
3dbccdda-2014-4239-ad1f-4e15c034942b,8a563fa5-f6ee-3523-9fe0-3e6fbf5ff258,formula_not_evaluated,1.0
3dbccdda-2014-4239-ad1f-4e15c034942b,8a563fa5-f6ee-3523-9fe0-3e6fbf5ff258,formula_not_evaluated,6.4705E-7
3dbccdda-2014-4239-ad1f-4e15c034942b,8a563fa5-f6ee-3523-9fe0-3e6fbf5ff258,formula_not_evaluated,1.2395E-5
3dbccdda-2014-4239-ad1f-4e15c034942b,8a563fa5-f6ee-3523-9fe0-3e6fbf5ff258,formula_not_evaluated,2.4666E-8
3dbccdda-2014-4239-ad1f-4e15c034942b,8a563fa5-f6ee-3523-9fe0-3e6fbf5ff258,formula_not_evaluated,1.3831E-9
3dbccdda-2014-4239-ad1f-4e15c034942b,e4d7b23f-d913-32ba-838d-b222d01b20ce,formula_not_evaluated,1.0
3dbccdda-2014-4239-ad1f-4e15c034942b,e4d7b23f-d913-32ba-838d-b222d01b20ce,formula_not_evaluated,2.57
3dbccdda-2014-4239-ad1f-4e15c034942b,e4d7b23f-d913-32ba-838d-b222d01b20ce,formula_not_evaluated,33.83
3dbccdda-2014-4239-ad1f-4e15c034942b,e4d7b23f-d913-32ba-838d-b222d01b20ce,formula_not_evaluated,36.4
3dbccdda-2014-4239-ad1f-4e15c034942b,b6838fda-8ab5-3d0b-9ce2-08d2346a07c5,formula_not_evaluated,1.0
3dbccdda-2014-4239-ad1f-4e15c034942b,b6838fda-8ab5-3d0b-9ce2-08d2346a07c5,formula_not_evaluated,26.25
3dbccdda-2014-4239-ad1f-4e15c034942b,b6838fda-8ab5-3d0b-9ce2-08d2346a07c5,formula_not_evaluated,28.4
3dbccdda-2014-4239-ad1f-4e15c034942b,b6838fda-8ab5-3d0b-9ce2-08d2346a07c5,formula_not_evaluated,2.15
3dbccdda-2014-4239-ad1f-4e15c034942b,75c2d103-d0c7-36ed-80c6-36c2a16f77fa,formula_not_evaluated,1.0
3dbccdda-2014-4239-ad1f-4e15c034942b,75c2d103-d0c7-36ed-80c6-36c2a16f77fa,formula_not_evaluated,31.0
3dbccdda-2014-4239-ad1f-4e15c034942b,d8e8d817-3d15-3d2b-8dd8-3f5b733cd2ad,formula_not_evaluated,1.0
3dbccdda-2014-4239-ad1f-4e15c034942b,d8e8d817-3d15-3d2b-8dd8-3f5b733cd2ad,formula_not_evaluated,15.31
3dbccdda-2014-4239-ad1f-4e15c034942b,d8e8d817-3d15-3d2b-8dd8-3f5b733cd2ad,formula_not_evaluated,149.2
3dbccdda-2014-4239-ad1f-4e15c034942b,d8e8d817-3d15-3d2b-8dd8-3f5b733cd2ad,formula_not_evaluated,133.9
3dbccdda-2014-4239-ad1f-4e15c034942b,e919c83f-525b-3058-ae29-a85362b1b20e,formula_not_evaluated,1.0
3dbccdda-2014-4239-ad1f-4e15c034942b,e919c83f-525b-3058-ae29-a85362b1b20e,formula_not_evaluated,133.9
3dbccdda-2014-4239-ad1f-4e15c034942b,e919c83f-525b-3058-ae29-a85362b1b20e,formula_not_evaluated,15.31
3dbccdda-2014-4239-ad1f-4e15c034942b,e919c83f-525b-3058-ae29-a85362b1b20e,formula_not_evaluated,149.2
3dbccdda-2014-4239-ad1f-4e15c034942b,5e71644e-6793-3cf3-bfcb-50eb45aa4620,formula_not_evaluated,1.0
3dbccdda-2014-4239-ad1f-4e15c034942b,5e71644e-6793-3cf3-bfcb-50eb45aa4620,formula_not_evaluated,1.3
3dbccdda-2014-4239-ad1f-4e15c034942b,5e71644e-6793-3cf3-bfcb-50eb45aa4620,formula_not_evaluated,16.7
3dbccdda-2014-4239-ad1f-4e15c034942b,5e71644e-6793-3cf3-bfcb-50eb45aa4620,formula_not_evaluated,13.2
3dbccdda-2014-4239-ad1f-4e15c034942b,0b27a86d-d4f0-374d-879b-1a1d608d45f3,formula_not_evaluated,1.0
3dbccdda-2014-4239-ad1f-4e15c034942b,0b27a86d-d4f0-374d-879b-1a1d608d45f3,formula_not_evaluated,77.92
3dbccdda-2014-4239-ad1f-4e15c034942b,0b27a86d-d4f0-374d-879b-1a1d608d45f3,formula_not_evaluated,85.6
3dbccdda-2014-4239-ad1f-4e15c034942b,0b27a86d-d4f0-374d-879b-1a1d608d45f3,formula_not_evaluated,7.68
3dbccdda-2014-4239-ad1f-4e15c034942b,59fb955e-b52d-3905-8458-82b162d53f28,formula_not_evaluated,1.0
3dbccdda-2014-4239-ad1f-4e15c034942b,59fb955e-b52d-3905-8458-82b162d53f28,formula_not_evaluated,20.36
3dbccdda-2014-4239-ad1f-4e15c034942b,59fb955e-b52d-3905-8458-82b162d53f28,formula_not_evaluated,1.74
3dbccdda-2014-4239-ad1f-4e15c034942b,59fb955e-b52d-3905-8458-82b162d53f28,formula_not_evaluated,22.1
3dbccdda-2014-4239-ad1f-4e15c034942b,94dc458b-76a8-3589-9557-221c7499e7de,formula_not_evaluated,1.0
3dbccdda-2014-4239-ad1f-4e15c034942b,94dc458b-76a8-3589-9557-221c7499e7de,formula_not_evaluated,65.1
3dbccdda-2014-4239-ad1f-4e15c034942b,94dc458b-76a8-3589-9557-221c7499e7de,formula_not_evaluated,6.4
3dbccdda-2014-4239-ad1f-4e15c034942b,94dc458b-76a8-3589-9557-221c7499e7de,formula_not_evaluated,71.5
3dbccdda-2014-4239-ad1f-4e15c034942b,133b6dfd-8bfe-3b6a-9d67-1ea4796bdecb,formula_not_evaluated,1.0
3dbccdda-2014-4239-ad1f-4e15c034942b,133b6dfd-8bfe-3b6a-9d67-1ea4796bdecb,formula_not_evaluated,47.37
3dbccdda-2014-4239-ad1f-4e15c034942b,133b6dfd-8bfe-3b6a-9d67-1ea4796bdecb,formula_not_evaluated,5.13
3dbccdda-2014-4239-ad1f-4e15c034942b,133b6dfd-8bfe-3b6a-9d67-1ea4796bdecb,formula_not_evaluated,52.5
3dbccdda-2014-4239-ad1f-4e15c034942b,c3aa19a5-68de-30df-8e6a-150e62f4e25f,formula_not_evaluated,1.0
3dbccdda-2014-4239-ad1f-4e15c034942b,c3aa19a5-68de-30df-8e6a-150e62f4e25f,formula_not_evaluated,20.0
3dbccdda-2014-4239-ad1f-4e15c034942b,ba17bfb9-b3b1-391f-8635-b9987fb6cabd,formula_not_evaluated,1.0
3dbccdda-2014-4239-ad1f-4e15c034942b,ba17bfb9-b3b1-391f-8635-b9987fb6cabd,formula_not_evaluated,168.6
3dbccdda-2014-4239-ad1f-4e15c034942b,ba17bfb9-b3b1-391f-8635-b9987fb6cabd,formula_not_evaluated,205.63
3dbccdda-2014-4239-ad1f-4e15c034942b,ba17bfb9-b3b1-391f-8635-b9987fb6cabd,formula_not_evaluated,18.663
3dbccdda-2014-4239-ad1f-4e15c034942b,43ad0362-1490-36bd-a23b-65a6bd1c82fd,formula_not_evaluated,1.0
3dbccdda-2014-4239-ad1f-4e15c034942b,43ad0362-1490-36bd-a23b-65a6bd1c82fd,formula_not_evaluated,79.0
3dbccdda-2014-4239-ad1f-4e15c034942b,49f5324b-fc33-36e9-b5af-3c80d73492bd,formula_not_evaluated,0.0927260138915408/1000
3dbccdda-2014-4239-ad1f-4e15c034942b,49f5324b-fc33-36e9-b5af-3c80d73492bd,formula_not_evaluated,0.568944794563613/1000
3dbccdda-2014-4239-ad1f-4e15c034942b,49f5324b-fc33-36e9-b5af-3c80d73492bd,formula_not_evaluated,8.66683145189528E-4/1000
3dbccdda-2014-4239-ad1f-4e15c034942b,49f5324b-fc33-36e9-b5af-3c80d73492bd,formula_not_evaluated,0.0637801850804929/1000
3dbccdda-2014-4239-ad1f-4e15c034942b,49f5324b-fc33-36e9-b5af-3c80d73492bd,formula_not_evaluated,8117.09607745942/1000
3dbccdda-2014-4239-ad1f-4e15c034942b,49f5324b-fc33-36e9-b5af-3c80d73492bd,formula_not_evaluated,84.1642798893327/1000
3dbccdda-2014-4239-ad1f-4e15c034942b,49f5324b-fc33-36e9-b5af-3c80d73492bd,formula_not_evaluated,73.6180688995816/1000
3dbccdda-2014-4239-ad1f-4e15c034942b,49f5324b-fc33-36e9-b5af-3c80d73492bd,formula_not_evaluated,5.29614097612442E-10/1000
3dbccdda-2014-4239-ad1f-4e15c034942b,49f5324b-fc33-36e9-b5af-3c80d73492bd,formula_not_evaluated,0.0152584922830993/1000
3dbccdda-2014-4239-ad1f-4e15c034942b,49f5324b-fc33-36e9-b5af-3c80d73492bd,formula_not_evaluated,0.0638081319607587/1000
3dbccdda-2014-4239-ad1f-4e15c034942b,49f5324b-fc33-36e9-b5af-3c80d73492bd,formula_not_evaluated,0.357173332085199/1000
3dbccdda-2014-4239-ad1f-4e15c034942b,49f5324b-fc33-36e9-b5af-3c80d73492bd,formula_not_evaluated,0.00164459502378888/1000
3dbccdda-2014-4239-ad1f-4e15c034942b,49f5324b-fc33-36e9-b5af-3c80d73492bd,formula_not_evaluated,0.00124092169545173/1000
3dbccdda-2014-4239-ad1f-4e15c034942b,49f5324b-fc33-36e9-b5af-3c80d73492bd,formula_not_evaluated,0.00269288610455168/1000
3dbccdda-2014-4239-ad1f-4e15c034942b,49f5324b-fc33-36e9-b5af-3c80d73492bd,formula_not_evaluated,0.0181410008094303/1000
3dbccdda-2014-4239-ad1f-4e15c034942b,49f5324b-fc33-36e9-b5af-3c80d73492bd,formula_not_evaluated,0.0126432176569692/1000
3dbccdda-2014-4239-ad1f-4e15c034942b,49f5324b-fc33-36e9-b5af-3c80d73492bd,formula_not_evaluated,4.25933851912192E-24/1000
3dbccdda-2014-4239-ad1f-4e15c034942b,49f5324b-fc33-36e9-b5af-3c80d73492bd,formula_not_evaluated,348.498687972212/1000
3dbccdda-2014-4239-ad1f-4e15c034942b,49f5324b-fc33-36e9-b5af-3c80d73492bd,formula_not_evaluated,0.0756119786458802/1000
3dbccdda-2014-4239-ad1f-4e15c034942b,49f5324b-fc33-36e9-b5af-3c80d73492bd,formula_not_evaluated,0.00207942946898787/1000
3dbccdda-2014-4239-ad1f-4e15c034942b,49f5324b-fc33-36e9-b5af-3c80d73492bd,formula_not_evaluated,1.80793551417205E-6/1000
3dbccdda-2014-4239-ad1f-4e15c034942b,49f5324b-fc33-36e9-b5af-3c80d73492bd,formula_not_evaluated,0.169103036161963/1000
3dbccdda-2014-4239-ad1f-4e15c034942b,49f5324b-fc33-36e9-b5af-3c80d73492bd,formula_not_evaluated,519.46407736732/1000
3dbccdda-2014-4239-ad1f-4e15c034942b,49f5324b-fc33-36e9-b5af-3c80d73492bd,formula_not_evaluated,7.01130058632015E-4/1000
3dbccdda-2014-4239-ad1f-4e15c034942b,49f5324b-fc33-36e9-b5af-3c80d73492bd,formula_not_evaluated,0.0286052799488928/1000
3dbccdda-2014-4239-ad1f-4e15c034942b,49f5324b-fc33-36e9-b5af-3c80d73492bd,formula_not_evaluated,0.00844829773348675/1000
3dbccdda-2014-4239-ad1f-4e15c034942b,49f5324b-fc33-36e9-b5af-3c80d73492bd,formula_not_evaluated,97.905772317125/1000
3dbccdda-2014-4239-ad1f-4e15c034942b,49f5324b-fc33-36e9-b5af-3c80d73492bd,formula_not_evaluated,0.0842233118381372/1000
3dbccdda-2014-4239-ad1f-4e15c034942b,49f5324b-fc33-36e9-b5af-3c80d73492bd,formula_not_evaluated,0.298965788858356/1000
3dbccdda-2014-4239-ad1f-4e15c034942b,49f5324b-fc33-36e9-b5af-3c80d73492bd,formula_not_evaluated,0.00168312835058402/1000
3dbccdda-2014-4239-ad1f-4e15c034942b,49f5324b-fc33-36e9-b5af-3c80d73492bd,formula_not_evaluated,0.00844829679519649/1000
3dbccdda-2014-4239-ad1f-4e15c034942b,49f5324b-fc33-36e9-b5af-3c80d73492bd,formula_not_evaluated,1.05254786994268/1000
3dbccdda-2014-4239-ad1f-4e15c034942b,49f5324b-fc33-36e9-b5af-3c80d73492bd,formula_not_evaluated,0.184907058233175/1000
3dbccdda-2014-4239-ad1f-4e15c034942b,49f5324b-fc33-36e9-b5af-3c80d73492bd,formula_not_evaluated,1382.851931231/1000
3dbccdda-2014-4239-ad1f-4e15c034942b,49f5324b-fc33-36e9-b5af-3c80d73492bd,formula_not_evaluated,106.320301923714/1000
3dbccdda-2014-4239-ad1f-4e15c034942b,49f5324b-fc33-36e9-b5af-3c80d73492bd,formula_not_evaluated,46416.8296288208/1000
3dbccdda-2014-4239-ad1f-4e15c034942b,49f5324b-fc33-36e9-b5af-3c80d73492bd,formula_not_evaluated,0.0887732775797303/1000
3dbccdda-2014-4239-ad1f-4e15c034942b,49f5324b-fc33-36e9-b5af-3c80d73492bd,formula_not_evaluated,139.698243847034/1000
3dbccdda-2014-4239-ad1f-4e15c034942b,49f5324b-fc33-36e9-b5af-3c80d73492bd,formula_not_evaluated,0.67641585540903/1000
3dbccdda-2014-4239-ad1f-4e15c034942b,49f5324b-fc33-36e9-b5af-3c80d73492bd,formula_not_evaluated,0.00376183985177636/1000
3dbccdda-2014-4239-ad1f-4e15c034942b,49f5324b-fc33-36e9-b5af-3c80d73492bd,formula_not_evaluated,0.0603838528519003/1000
3dbccdda-2014-4239-ad1f-4e15c034942b,49f5324b-fc33-36e9-b5af-3c80d73492bd,formula_not_evaluated,0.0181406290843713/1000
3dbccdda-2014-4239-ad1f-4e15c034942b,49f5324b-fc33-36e9-b5af-3c80d73492bd,formula_not_evaluated,570.423231545287/1000
3dbccdda-2014-4239-ad1f-4e15c034942b,49f5324b-fc33-36e9-b5af-3c80d73492bd,formula_not_evaluated,155.143456906054/1000
3dbccdda-2014-4239-ad1f-4e15c034942b,49f5324b-fc33-36e9-b5af-3c80d73492bd,formula_not_evaluated,0.00107839274491182/1000
3dbccdda-2014-4239-ad1f-4e15c034942b,49f5324b-fc33-36e9-b5af-3c80d73492bd,formula_not_evaluated,0.0202291482511507/1000
3dbccdda-2014-4239-ad1f-4e15c034942b,49f5324b-fc33-36e9-b5af-3c80d73492bd,formula_not_evaluated,0.179435448497907/1000
3dbccdda-2014-4239-ad1f-4e15c034942b,49f5324b-fc33-36e9-b5af-3c80d73492bd,formula_not_evaluated,0.771849320157163/1000
3dbccdda-2014-4239-ad1f-4e15c034942b,49f5324b-fc33-36e9-b5af-3c80d73492bd,formula_not_evaluated,1.9243019059219E-6/1000
3dbccdda-2014-4239-ad1f-4e15c034942b,49f5324b-fc33-36e9-b5af-3c80d73492bd,formula_not_evaluated,0.161142650491835/1000
3dbccdda-2014-4239-ad1f-4e15c034942b,49f5324b-fc33-36e9-b5af-3c80d73492bd,formula_not_evaluated,4.88701127894634E-12/1000
3dbccdda-2014-4239-ad1f-4e15c034942b,49f5324b-fc33-36e9-b5af-3c80d73492bd,formula_not_evaluated,4.57088006642848E-14/1000
3dbccdda-2014-4239-ad1f-4e15c034942b,49f5324b-fc33-36e9-b5af-3c80d73492bd,formula_not_evaluated,1.14271774391688E-14/1000
3dbccdda-2014-4239-ad1f-4e15c034942b,49f5324b-fc33-36e9-b5af-3c80d73492bd,formula_not_evaluated,3.25712369391409E-8/1000
3dbccdda-2014-4239-ad1f-4e15c034942b,49f5324b-fc33-36e9-b5af-3c80d73492bd,formula_not_evaluated,0.00214109376872357/1000
3dbccdda-2014-4239-ad1f-4e15c034942b,49f5324b-fc33-36e9-b5af-3c80d73492bd,formula_not_evaluated,0.0120937527229142/1000
3dbccdda-2014-4239-ad1f-4e15c034942b,49f5324b-fc33-36e9-b5af-3c80d73492bd,formula_not_evaluated,1437.44407588897/1000
3dbccdda-2014-4239-ad1f-4e15c034942b,49f5324b-fc33-36e9-b5af-3c80d73492bd,formula_not_evaluated,0.0657803470602252/1000
3dbccdda-2014-4239-ad1f-4e15c034942b,49f5324b-fc33-36e9-b5af-3c80d73492bd,formula_not_evaluated,0.00493396909531221/1000
3dbccdda-2014-4239-ad1f-4e15c034942b,49f5324b-fc33-36e9-b5af-3c80d73492bd,formula_not_evaluated,783.9517839998/1000
3dbccdda-2014-4239-ad1f-4e15c034942b,49f5324b-fc33-36e9-b5af-3c80d73492bd,formula_not_evaluated,0.702223223790261/1000
3dbccdda-2014-4239-ad1f-4e15c034942b,49f5324b-fc33-36e9-b5af-3c80d73492bd,formula_not_evaluated,1.91489219002566/1000
3dbccdda-2014-4239-ad1f-4e15c034942b,49f5324b-fc33-36e9-b5af-3c80d73492bd,formula_not_evaluated,4629.86092581615/1000
3dbccdda-2014-4239-ad1f-4e15c034942b,49f5324b-fc33-36e9-b5af-3c80d73492bd,formula_not_evaluated,0.00617082935210204/1000
3dbccdda-2014-4239-ad1f-4e15c034942b,49f5324b-fc33-36e9-b5af-3c80d73492bd,formula_not_evaluated,2887.21966941416/1000
3dbccdda-2014-4239-ad1f-4e15c034942b,49f5324b-fc33-36e9-b5af-3c80d73492bd,formula_not_evaluated,0.063840673666231/1000
3dbccdda-2014-4239-ad1f-4e15c034942b,49f5324b-fc33-36e9-b5af-3c80d73492bd,formula_not_evaluated,2.28544003321422E-14/1000
3dbccdda-2014-4239-ad1f-4e15c034942b,49f5324b-fc33-36e9-b5af-3c80d73492bd,formula_not_evaluated,4.78623396028017/1000
3dbccdda-2014-4239-ad1f-4e15c034942b,49f5324b-fc33-36e9-b5af-3c80d73492bd,formula_not_evaluated,14.3943863794415+0.0222308171490274
3dbccdda-2014-4239-ad1f-4e15c034942b,951c8e45-9267-36fc-873b-9af0718574e4,formula_not_evaluated,1.0
3dbccdda-2014-4239-ad1f-4e15c034942b,951c8e45-9267-36fc-873b-9af0718574e4,formula_not_evaluated,1797.0
3dbccdda-2014-4239-ad1f-4e15c034942b,c2bd01a2-0644-358b-8104-7812fb30ed8d,formula_not_evaluated,1.0
3dbccdda-2014-4239-ad1f-4e15c034942b,c2bd01a2-0644-358b-8104-7812fb30ed8d,formula_not_evaluated,2085.0
3dbccdda-2014-4239-ad1f-4e15c034942b,78315fca-7132-345f-bdd2-605420eddfeb,formula_not_evaluated,1.0
3dbccdda-2014-4239-ad1f-4e15c034942b,78315fca-7132-345f-bdd2-605420eddfeb,formula_not_evaluated,196.5
3dbccdda-2014-4239-ad1f-4e15c034942b,78315fca-7132-345f-bdd2-605420eddfeb,formula_not_evaluated,260.77
3dbccdda-2014-4239-ad1f-4e15c034942b,78315fca-7132-345f-bdd2-605420eddfeb,formula_not_evaluated,21.197
3dbccdda-2014-4239-ad1f-4e15c034942b,4435ce44-a5bc-331a-bd40-5c60994d8d85,formula_not_evaluated,1.0
3dbccdda-2014-4239-ad1f-4e15c034942b,4435ce44-a5bc-331a-bd40-5c60994d8d85,formula_not_evaluated,1532.0
3dbccdda-2014-4239-ad1f-4e15c034942b,c90c7691-78a0-3457-8bc5-122d05b49c38,formula_not_evaluated,1.0
3dbccdda-2014-4239-ad1f-4e15c034942b,c90c7691-78a0-3457-8bc5-122d05b49c38,formula_not_evaluated,864.0
3dbccdda-2014-4239-ad1f-4e15c034942b,18b8bc59-90da-35be-b01e-f2fefe29c995,formula_not_evaluated,1.0
3dbccdda-2014-4239-ad1f-4e15c034942b,18b8bc59-90da-35be-b01e-f2fefe29c995,formula_not_evaluated,214.65
3dbccdda-2014-4239-ad1f-4e15c034942b,18b8bc59-90da-35be-b01e-f2fefe29c995,formula_not_evaluated,301.7
3dbccdda-2014-4239-ad1f-4e15c034942b,18b8bc59-90da-35be-b01e-f2fefe29c995,formula_not_evaluated,22.89
3dbccdda-2014-4239-ad1f-4e15c034942b,1784b0f1-5494-3233-904f-8ed4315e029f,formula_not_evaluated,1.0
3dbccdda-2014-4239-ad1f-4e15c034942b,1784b0f1-5494-3233-904f-8ed4315e029f,formula_not_evaluated,28.98
3dbccdda-2014-4239-ad1f-4e15c034942b,1784b0f1-5494-3233-904f-8ed4315e029f,formula_not_evaluated,450.65
3dbccdda-2014-4239-ad1f-4e15c034942b,1784b0f1-5494-3233-904f-8ed4315e029f,formula_not_evaluated,296.44
3dbccdda-2014-4239-ad1f-4e15c034942b,2013d3cd-dd12-316f-aac9-4983529b083c,formula_not_evaluated,1.0
3dbccdda-2014-4239-ad1f-4e15c034942b,2013d3cd-dd12-316f-aac9-4983529b083c,formula_not_evaluated,383.0
3dbccdda-2014-4239-ad1f-4e15c034942b,3efbebec-e0c2-3136-855a-b278f31d3306,formula_not_evaluated,1.0
3dbccdda-2014-4239-ad1f-4e15c034942b,3efbebec-e0c2-3136-855a-b278f31d3306,formula_not_evaluated,743.33
3dbccdda-2014-4239-ad1f-4e15c034942b,35bd31d8-b0b1-3da8-a553-df33ccd9e452,coproduct_allocation_review,3
3dbccdda-2014-4239-ad1f-4e15c034942b,9ee66dd5-dcc9-3e94-9da3-3a7cc6cddeb3,formula_not_evaluated,7339.5/1000
3dbccdda-2014-4239-ad1f-4e15c034942b,9ee66dd5-dcc9-3e94-9da3-3a7cc6cddeb3,formula_not_evaluated,11.176/1000
3dbccdda-2014-4239-ad1f-4e15c034942b,f002e825-5cb6-3949-be51-863c7fe5d5da,formula_not_evaluated,1.0*1000
3dbccdda-2014-4239-ad1f-4e15c034942b,f002e825-5cb6-3949-be51-863c7fe5d5da,formula_not_evaluated,0.5*1000
3dbccdda-2014-4239-ad1f-4e15c034942b,f002e825-5cb6-3949-be51-863c7fe5d5da,formula_not_evaluated,0.5*1000
3dbccdda-2014-4239-ad1f-4e15c034942b,9109d57c-8234-3569-a2e6-0e4671b524d9,formula_not_evaluated,1.0*1000
3dbccdda-2014-4239-ad1f-4e15c034942b,88aee762-4aa0-301f-b579-cca5d636aa0d,coproduct_allocation_review,1
3dbccdda-2014-4239-ad1f-4e15c034942b,2753c5de-221b-369a-84de-689d354b8b2d,formula_not_evaluated,1.0*1000
3dbccdda-2014-4239-ad1f-4e15c034942b,2753c5de-221b-369a-84de-689d354b8b2d,formula_not_evaluated,1.0*1000
3dbccdda-2014-4239-ad1f-4e15c034942b,4c6f7612-c4b8-36d1-803a-8fb067b1b319,formula_not_evaluated,1.0*1000
3dbccdda-2014-4239-ad1f-4e15c034942b,4c6f7612-c4b8-36d1-803a-8fb067b1b319,formula_not_evaluated,1.0*1000
3dbccdda-2014-4239-ad1f-4e15c034942b,b7df275b-009c-591c-b3fc-8fe0ae2c2ce1,formula_not_evaluated,ch4_leakage_active
3dbccdda-2014-4239-ad1f-4e15c034942b,b7df275b-009c-591c-b3fc-8fe0ae2c2ce1,formula_not_evaluated,ng_flared_total
3dbccdda-2014-4239-ad1f-4e15c034942b,b7df275b-009c-591c-b3fc-8fe0ae2c2ce1,formula_not_evaluated,ng_combusted_total * comp_frac * comp_re_share
3dbccdda-2014-4239-ad1f-4e15c034942b,1e777c15-dde0-5b79-8a9d-08ea05f5bde2,formula_not_evaluated,ng_flared_total
3dbccdda-2014-4239-ad1f-4e15c034942b,1e777c15-dde0-5b79-8a9d-08ea05f5bde2,formula_not_evaluated,ng_combusted_total * comp_frac * comp_re_share
3dbccdda-2014-4239-ad1f-4e15c034942b,1e777c15-dde0-5b79-8a9d-08ea05f5bde2,formula_not_evaluated,ch4_leakage_active
3dbccdda-2014-4239-ad1f-4e15c034942b,6d77f96e-54ae-5c2b-944f-12a70226f20a,formula_not_evaluated,ng_flared_total
3dbccdda-2014-4239-ad1f-4e15c034942b,6d77f96e-54ae-5c2b-944f-12a70226f20a,formula_not_evaluated,ng_combusted_total * comp_frac * comp_re_share
3dbccdda-2014-4239-ad1f-4e15c034942b,6d77f96e-54ae-5c2b-944f-12a70226f20a,formula_not_evaluated,ch4_leakage_active
3dbccdda-2014-4239-ad1f-4e15c034942b,b0d4a167-e4f4-3ecd-8ce0-76caf610a6ff,formula_not_evaluated,1.0
3dbccdda-2014-4239-ad1f-4e15c034942b,b0d4a167-e4f4-3ecd-8ce0-76caf610a6ff,formula_not_evaluated,1.0
3dbccdda-2014-4239-ad1f-4e15c034942b,d82bfa88-f1d3-3bd8-a88d-837102bfe169,formula_not_evaluated,1.0
3dbccdda-2014-4239-ad1f-4e15c034942b,d82bfa88-f1d3-3bd8-a88d-837102bfe169,formula_not_evaluated,1.11E-8
3dbccdda-2014-4239-ad1f-4e15c034942b,d82bfa88-f1d3-3bd8-a88d-837102bfe169,formula_not_evaluated,2.506E-6
3dbccdda-2014-4239-ad1f-4e15c034942b,d82bfa88-f1d3-3bd8-a88d-837102bfe169,formula_not_evaluated,2.8862E-7
3dbccdda-2014-4239-ad1f-4e15c034942b,d82bfa88-f1d3-3bd8-a88d-837102bfe169,formula_not_evaluated,1.3969E-5
3dbccdda-2014-4239-ad1f-4e15c034942b,d82bfa88-f1d3-3bd8-a88d-837102bfe169,formula_not_evaluated,6.2239E-10
3dbccdda-2014-4239-ad1f-4e15c034942b,d82bfa88-f1d3-3bd8-a88d-837102bfe169,formula_not_evaluated,2.1475E-4
3dbccdda-2014-4239-ad1f-4e15c034942b,7c86fa8e-ca28-3d00-9118-930ccd8dde1e,formula_not_evaluated,1000.0
3dbccdda-2014-4239-ad1f-4e15c034942b,7c86fa8e-ca28-3d00-9118-930ccd8dde1e,formula_not_evaluated,1000
3dbccdda-2014-4239-ad1f-4e15c034942b,7c86fa8e-ca28-3d00-9118-930ccd8dde1e,formula_not_evaluated,1000.0
3dbccdda-2014-4239-ad1f-4e15c034942b,7c86fa8e-ca28-3d00-9118-930ccd8dde1e,formula_not_evaluated,(0.428)
3dbccdda-2014-4239-ad1f-4e15c034942b,bcc68f88-debb-3fc3-93ee-5ceadcef0b14,formula_not_evaluated,11.001/1000
3dbccdda-2014-4239-ad1f-4e15c034942b,bcc68f88-debb-3fc3-93ee-5ceadcef0b14,formula_not_evaluated,460.71/1000
3dbccdda-2014-4239-ad1f-4e15c034942b,bcc68f88-debb-3fc3-93ee-5ceadcef0b14,formula_not_evaluated,2.9884/1000
3dbccdda-2014-4239-ad1f-4e15c034942b,bcc68f88-debb-3fc3-93ee-5ceadcef0b14,formula_not_evaluated,0.93669/1000
3dbccdda-2014-4239-ad1f-4e15c034942b,bcc68f88-debb-3fc3-93ee-5ceadcef0b14,formula_not_evaluated,78060.0/1000
3dbccdda-2014-4239-ad1f-4e15c034942b,bcc68f88-debb-3fc3-93ee-5ceadcef0b14,formula_not_evaluated,4.7791/1000
3dbccdda-2014-4239-ad1f-4e15c034942b,bcc68f88-debb-3fc3-93ee-5ceadcef0b14,formula_not_evaluated,11.819/1000
3dbccdda-2014-4239-ad1f-4e15c034942b,bcc68f88-debb-3fc3-93ee-5ceadcef0b14,formula_not_evaluated,5.5701E-4/1000
3dbccdda-2014-4239-ad1f-4e15c034942b,bcc68f88-debb-3fc3-93ee-5ceadcef0b14,formula_not_evaluated,2.4446/1000
3dbccdda-2014-4239-ad1f-4e15c034942b,bcc68f88-debb-3fc3-93ee-5ceadcef0b14,formula_not_evaluated,1.9923/1000
3dbccdda-2014-4239-ad1f-4e15c034942b,bcc68f88-debb-3fc3-93ee-5ceadcef0b14,formula_not_evaluated,0.63277/1000
3dbccdda-2014-4239-ad1f-4e15c034942b,bcc68f88-debb-3fc3-93ee-5ceadcef0b14,formula_not_evaluated,15098.0/1000
3dbccdda-2014-4239-ad1f-4e15c034942b,bcc68f88-debb-3fc3-93ee-5ceadcef0b14,formula_not_evaluated,0.26266/1000
3dbccdda-2014-4239-ad1f-4e15c034942b,bcc68f88-debb-3fc3-93ee-5ceadcef0b14,formula_not_evaluated,6.5496E-8/1000
3dbccdda-2014-4239-ad1f-4e15c034942b,bcc68f88-debb-3fc3-93ee-5ceadcef0b14,formula_not_evaluated,227430.0/1000
3dbccdda-2014-4239-ad1f-4e15c034942b,bcc68f88-debb-3fc3-93ee-5ceadcef0b14,formula_not_evaluated,13.105/1000
3dbccdda-2014-4239-ad1f-4e15c034942b,bcc68f88-debb-3fc3-93ee-5ceadcef0b14,formula_not_evaluated,22167.0/1000
3dbccdda-2014-4239-ad1f-4e15c034942b,bcc68f88-debb-3fc3-93ee-5ceadcef0b14,formula_not_evaluated,0.38815/1000
3dbccdda-2014-4239-ad1f-4e15c034942b,bcc68f88-debb-3fc3-93ee-5ceadcef0b14,formula_not_evaluated,12.341/1000
3dbccdda-2014-4239-ad1f-4e15c034942b,bcc68f88-debb-3fc3-93ee-5ceadcef0b14,formula_not_evaluated,64.322/1000
3dbccdda-2014-4239-ad1f-4e15c034942b,bcc68f88-debb-3fc3-93ee-5ceadcef0b14,formula_not_evaluated,0.38815/1000
3dbccdda-2014-4239-ad1f-4e15c034942b,bcc68f88-debb-3fc3-93ee-5ceadcef0b14,formula_not_evaluated,60.637/1000
3dbccdda-2014-4239-ad1f-4e15c034942b,bcc68f88-debb-3fc3-93ee-5ceadcef0b14,formula_not_evaluated,27008.0/1000
3dbccdda-2014-4239-ad1f-4e15c034942b,bcc68f88-debb-3fc3-93ee-5ceadcef0b14,formula_not_evaluated,6.6274/1000
3dbccdda-2014-4239-ad1f-4e15c034942b,bcc68f88-debb-3fc3-93ee-5ceadcef0b14,formula_not_evaluated,19.378/1000
3dbccdda-2014-4239-ad1f-4e15c034942b,bcc68f88-debb-3fc3-93ee-5ceadcef0b14,formula_not_evaluated,28728.0/1000
3dbccdda-2014-4239-ad1f-4e15c034942b,bcc68f88-debb-3fc3-93ee-5ceadcef0b14,formula_not_evaluated,12.605/1000
3dbccdda-2014-4239-ad1f-4e15c034942b,bcc68f88-debb-3fc3-93ee-5ceadcef0b14,formula_not_evaluated,0.0011086/1000
3dbccdda-2014-4239-ad1f-4e15c034942b,bcc68f88-debb-3fc3-93ee-5ceadcef0b14,formula_not_evaluated,0.59426/1000
3dbccdda-2014-4239-ad1f-4e15c034942b,bcc68f88-debb-3fc3-93ee-5ceadcef0b14,formula_not_evaluated,0.0016756/1000
3dbccdda-2014-4239-ad1f-4e15c034942b,bcc68f88-debb-3fc3-93ee-5ceadcef0b14,formula_not_evaluated,21.866/1000
3dbccdda-2014-4239-ad1f-4e15c034942b,bcc68f88-debb-3fc3-93ee-5ceadcef0b14,formula_not_evaluated,85716.0/1000
3dbccdda-2014-4239-ad1f-4e15c034942b,bcc68f88-debb-3fc3-93ee-5ceadcef0b14,formula_not_evaluated,0.42025/1000
3dbccdda-2014-4239-ad1f-4e15c034942b,bcc68f88-debb-3fc3-93ee-5ceadcef0b14,formula_not_evaluated,0.14292/1000
3dbccdda-2014-4239-ad1f-4e15c034942b,bcc68f88-debb-3fc3-93ee-5ceadcef0b14,formula_not_evaluated,3.513/1000
3dbccdda-2014-4239-ad1f-4e15c034942b,bcc68f88-debb-3fc3-93ee-5ceadcef0b14,formula_not_evaluated,5.6527E-12/1000
3dbccdda-2014-4239-ad1f-4e15c034942b,bcc68f88-debb-3fc3-93ee-5ceadcef0b14,formula_not_evaluated,118220.0/1000
3dbccdda-2014-4239-ad1f-4e15c034942b,bcc68f88-debb-3fc3-93ee-5ceadcef0b14,formula_not_evaluated,3.8413/1000
3dbccdda-2014-4239-ad1f-4e15c034942b,bcc68f88-debb-3fc3-93ee-5ceadcef0b14,formula_not_evaluated,56219.0/1000
3dbccdda-2014-4239-ad1f-4e15c034942b,bcc68f88-debb-3fc3-93ee-5ceadcef0b14,formula_not_evaluated,2.9884/1000
3dbccdda-2014-4239-ad1f-4e15c034942b,bcc68f88-debb-3fc3-93ee-5ceadcef0b14,formula_not_evaluated,1.4132E-12/1000
3dbccdda-2014-4239-ad1f-4e15c034942b,bcc68f88-debb-3fc3-93ee-5ceadcef0b14,formula_not_evaluated,174.13/1000
3dbccdda-2014-4239-ad1f-4e15c034942b,bcc68f88-debb-3fc3-93ee-5ceadcef0b14,formula_not_evaluated,0.32425/1000
3dbccdda-2014-4239-ad1f-4e15c034942b,bcc68f88-debb-3fc3-93ee-5ceadcef0b14,formula_not_evaluated,895410.0+970.75
3dbccdda-2014-4239-ad1f-4e15c034942b,bcc68f88-debb-3fc3-93ee-5ceadcef0b14,formula_not_evaluated,0.063443/1000
3dbccdda-2014-4239-ad1f-4e15c034942b,bcc68f88-debb-3fc3-93ee-5ceadcef0b14,formula_not_evaluated,0.066928/1000
3dbccdda-2014-4239-ad1f-4e15c034942b,bcc68f88-debb-3fc3-93ee-5ceadcef0b14,formula_not_evaluated,974340.0/1000
3dbccdda-2014-4239-ad1f-4e15c034942b,bcc68f88-debb-3fc3-93ee-5ceadcef0b14,formula_not_evaluated,4.2029E-4/1000
3dbccdda-2014-4239-ad1f-4e15c034942b,bcc68f88-debb-3fc3-93ee-5ceadcef0b14,formula_not_evaluated,7.6619E-8/1000
3dbccdda-2014-4239-ad1f-4e15c034942b,bcc68f88-debb-3fc3-93ee-5ceadcef0b14,formula_not_evaluated,1.5526E-21/1000
3dbccdda-2014-4239-ad1f-4e15c034942b,bcc68f88-debb-3fc3-93ee-5ceadcef0b14,formula_not_evaluated,14.606/1000
3dbccdda-2014-4239-ad1f-4e15c034942b,bcc68f88-debb-3fc3-93ee-5ceadcef0b14,formula_not_evaluated,2.8264E-12/1000
3dbccdda-2014-4239-ad1f-4e15c034942b,bcc68f88-debb-3fc3-93ee-5ceadcef0b14,formula_not_evaluated,0.36546/1000
3dbccdda-2014-4239-ad1f-4e15c034942b,bcc68f88-debb-3fc3-93ee-5ceadcef0b14,formula_not_evaluated,8.3064E-5/1000
3dbccdda-2014-4239-ad1f-4e15c034942b,bcc68f88-debb-3fc3-93ee-5ceadcef0b14,formula_not_evaluated,17333.0/1000
3dbccdda-2014-4239-ad1f-4e15c034942b,bcc68f88-debb-3fc3-93ee-5ceadcef0b14,formula_not_evaluated,11340.0/1000
3dbccdda-2014-4239-ad1f-4e15c034942b,bcc68f88-debb-3fc3-93ee-5ceadcef0b14,formula_not_evaluated,719.25/1000
3dbccdda-2014-4239-ad1f-4e15c034942b,bcc68f88-debb-3fc3-93ee-5ceadcef0b14,formula_not_evaluated,0.57957/1000
3dbccdda-2014-4239-ad1f-4e15c034942b,bcc68f88-debb-3fc3-93ee-5ceadcef0b14,formula_not_evaluated,20379.0/1000
3dbccdda-2014-4239-ad1f-4e15c034942b,bcc68f88-debb-3fc3-93ee-5ceadcef0b14,formula_not_evaluated,9.753E-5/1000
3dbccdda-2014-4239-ad1f-4e15c034942b,bcc68f88-debb-3fc3-93ee-5ceadcef0b14,formula_not_evaluated,0.061807/1000
3dbccdda-2014-4239-ad1f-4e15c034942b,bcc68f88-debb-3fc3-93ee-5ceadcef0b14,formula_not_evaluated,437760.0/1000
3dbccdda-2014-4239-ad1f-4e15c034942b,bcc68f88-debb-3fc3-93ee-5ceadcef0b14,formula_not_evaluated,1088500.0/1000
3dbccdda-2014-4239-ad1f-4e15c034942b,bcc68f88-debb-3fc3-93ee-5ceadcef0b14,formula_not_evaluated,0.034966/1000
3dbccdda-2014-4239-ad1f-4e15c034942b,bcc68f88-debb-3fc3-93ee-5ceadcef0b14,formula_not_evaluated,27.511/1000
3dbccdda-2014-4239-ad1f-4e15c034942b,bcc68f88-debb-3fc3-93ee-5ceadcef0b14,formula_not_evaluated,6.0437E-10/1000
3dbccdda-2014-4239-ad1f-4e15c034942b,bcc68f88-debb-3fc3-93ee-5ceadcef0b14,formula_not_evaluated,23329.0/1000
3dbccdda-2014-4239-ad1f-4e15c034942b,99963138-ddf9-3b32-9e93-69593d76cb08,formula_not_evaluated,0.011469/1000
3dbccdda-2014-4239-ad1f-4e15c034942b,99963138-ddf9-3b32-9e93-69593d76cb08,formula_not_evaluated,0.0014106/1000
3dbccdda-2014-4239-ad1f-4e15c034942b,99963138-ddf9-3b32-9e93-69593d76cb08,formula_not_evaluated,0.34571/1000
3dbccdda-2014-4239-ad1f-4e15c034942b,99963138-ddf9-3b32-9e93-69593d76cb08,formula_not_evaluated,1.3898E-5/1000
3dbccdda-2014-4239-ad1f-4e15c034942b,99963138-ddf9-3b32-9e93-69593d76cb08,formula_not_evaluated,321.46/1000
3dbccdda-2014-4239-ad1f-4e15c034942b,99963138-ddf9-3b32-9e93-69593d76cb08,formula_not_evaluated,2.3116E-23/1000
3dbccdda-2014-4239-ad1f-4e15c034942b,99963138-ddf9-3b32-9e93-69593d76cb08,formula_not_evaluated,0.093682/1000
3dbccdda-2014-4239-ad1f-4e15c034942b,99963138-ddf9-3b32-9e93-69593d76cb08,formula_not_evaluated,0.22849/1000
3dbccdda-2014-4239-ad1f-4e15c034942b,99963138-ddf9-3b32-9e93-69593d76cb08,formula_not_evaluated,3.1192E-5/1000
3dbccdda-2014-4239-ad1f-4e15c034942b,99963138-ddf9-3b32-9e93-69593d76cb08,formula_not_evaluated,2.1435/1000
3dbccdda-2014-4239-ad1f-4e15c034942b,99963138-ddf9-3b32-9e93-69593d76cb08,formula_not_evaluated,6.6632E-4/1000
3dbccdda-2014-4239-ad1f-4e15c034942b,99963138-ddf9-3b32-9e93-69593d76cb08,formula_not_evaluated,0.011037/1000
3dbccdda-2014-4239-ad1f-4e15c034942b,99963138-ddf9-3b32-9e93-69593d76cb08,formula_not_evaluated,0.029287/1000
3dbccdda-2014-4239-ad1f-4e15c034942b,99963138-ddf9-3b32-9e93-69593d76cb08,formula_not_evaluated,9.9356E-12/1000
3dbccdda-2014-4239-ad1f-4e15c034942b,99963138-ddf9-3b32-9e93-69593d76cb08,formula_not_evaluated,4.6464E-14/1000
3dbccdda-2014-4239-ad1f-4e15c034942b,99963138-ddf9-3b32-9e93-69593d76cb08,formula_not_evaluated,840.27/1000
3dbccdda-2014-4239-ad1f-4e15c034942b,99963138-ddf9-3b32-9e93-69593d76cb08,formula_not_evaluated,1.0767E-9/1000
3dbccdda-2014-4239-ad1f-4e15c034942b,99963138-ddf9-3b32-9e93-69593d76cb08,formula_not_evaluated,80.056/1000
3dbccdda-2014-4239-ad1f-4e15c034942b,99963138-ddf9-3b32-9e93-69593d76cb08,formula_not_evaluated,0.021965/1000
3dbccdda-2014-4239-ad1f-4e15c034942b,99963138-ddf9-3b32-9e93-69593d76cb08,formula_not_evaluated,0.0010227/1000
3dbccdda-2014-4239-ad1f-4e15c034942b,99963138-ddf9-3b32-9e93-69593d76cb08,formula_not_evaluated,0.0017846/1000
3dbccdda-2014-4239-ad1f-4e15c034942b,99963138-ddf9-3b32-9e93-69593d76cb08,formula_not_evaluated,9.2929E-14/1000
3dbccdda-2014-4239-ad1f-4e15c034942b,99963138-ddf9-3b32-9e93-69593d76cb08,formula_not_evaluated,96.17/1000
3dbccdda-2014-4239-ad1f-4e15c034942b,99963138-ddf9-3b32-9e93-69593d76cb08,formula_not_evaluated,0.63956/1000
3dbccdda-2014-4239-ad1f-4e15c034942b,99963138-ddf9-3b32-9e93-69593d76cb08,formula_not_evaluated,64.639/1000
3dbccdda-2014-4239-ad1f-4e15c034942b,99963138-ddf9-3b32-9e93-69593d76cb08,formula_not_evaluated,0.068243/1000
3dbccdda-2014-4239-ad1f-4e15c034942b,99963138-ddf9-3b32-9e93-69593d76cb08,formula_not_evaluated,0.012292/1000
3dbccdda-2014-4239-ad1f-4e15c034942b,99963138-ddf9-3b32-9e93-69593d76cb08,formula_not_evaluated,1009.6/1000
3dbccdda-2014-4239-ad1f-4e15c034942b,99963138-ddf9-3b32-9e93-69593d76cb08,formula_not_evaluated,0.11236/1000
3dbccdda-2014-4239-ad1f-4e15c034942b,99963138-ddf9-3b32-9e93-69593d76cb08,formula_not_evaluated,0.05862/1000
3dbccdda-2014-4239-ad1f-4e15c034942b,99963138-ddf9-3b32-9e93-69593d76cb08,formula_not_evaluated,0.052444/1000
3dbccdda-2014-4239-ad1f-4e15c034942b,99963138-ddf9-3b32-9e93-69593d76cb08,formula_not_evaluated,2.9637/1000
3dbccdda-2014-4239-ad1f-4e15c034942b,99963138-ddf9-3b32-9e93-69593d76cb08,formula_not_evaluated,0.0039175/1000
3dbccdda-2014-4239-ad1f-4e15c034942b,99963138-ddf9-3b32-9e93-69593d76cb08,formula_not_evaluated,0.82632/1000
3dbccdda-2014-4239-ad1f-4e15c034942b,99963138-ddf9-3b32-9e93-69593d76cb08,formula_not_evaluated,2.4544E-6/1000
3dbccdda-2014-4239-ad1f-4e15c034942b,99963138-ddf9-3b32-9e93-69593d76cb08,formula_not_evaluated,0.0032907/1000
3dbccdda-2014-4239-ad1f-4e15c034942b,99963138-ddf9-3b32-9e93-69593d76cb08,formula_not_evaluated,5.5268E-5/1000
3dbccdda-2014-4239-ad1f-4e15c034942b,99963138-ddf9-3b32-9e93-69593d76cb08,formula_not_evaluated,0.059861/1000
3dbccdda-2014-4239-ad1f-4e15c034942b,99963138-ddf9-3b32-9e93-69593d76cb08,formula_not_evaluated,0.29424/1000
3dbccdda-2014-4239-ad1f-4e15c034942b,99963138-ddf9-3b32-9e93-69593d76cb08,formula_not_evaluated,2.3232E-14/1000
3dbccdda-2014-4239-ad1f-4e15c034942b,99963138-ddf9-3b32-9e93-69593d76cb08,formula_not_evaluated,0.28687/1000
3dbccdda-2014-4239-ad1f-4e15c034942b,99963138-ddf9-3b32-9e93-69593d76cb08,formula_not_evaluated,0.013985/1000
3dbccdda-2014-4239-ad1f-4e15c034942b,99963138-ddf9-3b32-9e93-69593d76cb08,formula_not_evaluated,0.011469/1000
3dbccdda-2014-4239-ad1f-4e15c034942b,99963138-ddf9-3b32-9e93-69593d76cb08,formula_not_evaluated,3.091E-4/1000
3dbccdda-2014-4239-ad1f-4e15c034942b,99963138-ddf9-3b32-9e93-69593d76cb08,formula_not_evaluated,0.0076824/1000
3dbccdda-2014-4239-ad1f-4e15c034942b,99963138-ddf9-3b32-9e93-69593d76cb08,formula_not_evaluated,1827.7/1000
3dbccdda-2014-4239-ad1f-4e15c034942b,99963138-ddf9-3b32-9e93-69593d76cb08,formula_not_evaluated,4699.7/1000
3dbccdda-2014-4239-ad1f-4e15c034942b,99963138-ddf9-3b32-9e93-69593d76cb08,formula_not_evaluated,0.0030981/1000
3dbccdda-2014-4239-ad1f-4e15c034942b,99963138-ddf9-3b32-9e93-69593d76cb08,formula_not_evaluated,489.52/1000
3dbccdda-2014-4239-ad1f-4e15c034942b,99963138-ddf9-3b32-9e93-69593d76cb08,formula_not_evaluated,0.0020235/1000
3dbccdda-2014-4239-ad1f-4e15c034942b,99963138-ddf9-3b32-9e93-69593d76cb08,formula_not_evaluated,55750.0+16.564
3dbccdda-2014-4239-ad1f-4e15c034942b,99963138-ddf9-3b32-9e93-69593d76cb08,formula_not_evaluated,2.5488E-6/1000
3dbccdda-2014-4239-ad1f-4e15c034942b,99963138-ddf9-3b32-9e93-69593d76cb08,formula_not_evaluated,0.063349/1000
3dbccdda-2014-4239-ad1f-4e15c034942b,99963138-ddf9-3b32-9e93-69593d76cb08,formula_not_evaluated,3.19E-4/1000
3dbccdda-2014-4239-ad1f-4e15c034942b,99963138-ddf9-3b32-9e93-69593d76cb08,formula_not_evaluated,1.842E-5/1000
3dbccdda-2014-4239-ad1f-4e15c034942b,99963138-ddf9-3b32-9e93-69593d76cb08,formula_not_evaluated,269.44/1000
3dbccdda-2014-4239-ad1f-4e15c034942b,99963138-ddf9-3b32-9e93-69593d76cb08,formula_not_evaluated,5381.4/1000
3dbccdda-2014-4239-ad1f-4e15c034942b,99963138-ddf9-3b32-9e93-69593d76cb08,formula_not_evaluated,94.557/1000
3dbccdda-2014-4239-ad1f-4e15c034942b,99963138-ddf9-3b32-9e93-69593d76cb08,formula_not_evaluated,0.10275/1000
3dbccdda-2014-4239-ad1f-4e15c034942b,99963138-ddf9-3b32-9e93-69593d76cb08,formula_not_evaluated,48.477/1000
3dbccdda-2014-4239-ad1f-4e15c034942b,99963138-ddf9-3b32-9e93-69593d76cb08,formula_not_evaluated,0.017382/1000
3dbccdda-2014-4239-ad1f-4e15c034942b,99963138-ddf9-3b32-9e93-69593d76cb08,formula_not_evaluated,0.0093229/1000
3dbccdda-2014-4239-ad1f-4e15c034942b,99963138-ddf9-3b32-9e93-69593d76cb08,formula_not_evaluated,352.98/1000
3dbccdda-2014-4239-ad1f-4e15c034942b,99963138-ddf9-3b32-9e93-69593d76cb08,formula_not_evaluated,0.013984/1000
3dbccdda-2014-4239-ad1f-4e15c034942b,99963138-ddf9-3b32-9e93-69593d76cb08,formula_not_evaluated,571.94/1000
3dbccdda-2014-4239-ad1f-4e15c034942b,99963138-ddf9-3b32-9e93-69593d76cb08,formula_not_evaluated,101.92/1000
3dbccdda-2014-4239-ad1f-4e15c034942b,99963138-ddf9-3b32-9e93-69593d76cb08,formula_not_evaluated,4.6778E-10/1000
3dbccdda-2014-4239-ad1f-4e15c034942b,99c32bb7-a42a-3565-afc0-e56e50bef309,formula_not_evaluated,1.0
3dbccdda-2014-4239-ad1f-4e15c034942b,99c32bb7-a42a-3565-afc0-e56e50bef309,formula_not_evaluated,0.5
3dbccdda-2014-4239-ad1f-4e15c034942b,15ec2675-6091-37da-9849-6e2229ab9d85,formula_not_evaluated,1000.0
3dbccdda-2014-4239-ad1f-4e15c034942b,15ec2675-6091-37da-9849-6e2229ab9d85,formula_not_evaluated,1088.7
3dbccdda-2014-4239-ad1f-4e15c034942b,15ec2675-6091-37da-9849-6e2229ab9d85,formula_not_evaluated,3.6 * (2.1861)
3dbccdda-2014-4239-ad1f-4e15c034942b,15ec2675-6091-37da-9849-6e2229ab9d85,formula_not_evaluated,2337.4
3dbccdda-2014-4239-ad1f-4e15c034942b,15ec2675-6091-37da-9849-6e2229ab9d85,formula_not_evaluated,(2.5036)
3dbccdda-2014-4239-ad1f-4e15c034942b,15ec2675-6091-37da-9849-6e2229ab9d85,formula_not_evaluated,0.01
3dbccdda-2014-4239-ad1f-4e15c034942b,64394243-614a-3ed3-93a7-1eecd7ac6608,formula_not_evaluated,2000.0
3dbccdda-2014-4239-ad1f-4e15c034942b,64394243-614a-3ed3-93a7-1eecd7ac6608,formula_not_evaluated,(469.9)
3dbccdda-2014-4239-ad1f-4e15c034942b,64394243-614a-3ed3-93a7-1eecd7ac6608,formula_not_evaluated,(0.38378)
3dbccdda-2014-4239-ad1f-4e15c034942b,64394243-614a-3ed3-93a7-1eecd7ac6608,formula_not_evaluated,(0.92)
3dbccdda-2014-4239-ad1f-4e15c034942b,64394243-614a-3ed3-93a7-1eecd7ac6608,formula_not_evaluated,3.6 * (162.37)
3dbccdda-2014-4239-ad1f-4e15c034942b,64394243-614a-3ed3-93a7-1eecd7ac6608,formula_not_evaluated,(4.169)
3dbccdda-2014-4239-ad1f-4e15c034942b,64394243-614a-3ed3-93a7-1eecd7ac6608,formula_not_evaluated,(221.8)
3dbccdda-2014-4239-ad1f-4e15c034942b,64394243-614a-3ed3-93a7-1eecd7ac6608,formula_not_evaluated,(0.0047972)
3dbccdda-2014-4239-ad1f-4e15c034942b,64394243-614a-3ed3-93a7-1eecd7ac6608,formula_not_evaluated,(0.22387)
3dbccdda-2014-4239-ad1f-4e15c034942b,64394243-614a-3ed3-93a7-1eecd7ac6608,formula_not_evaluated,(1300)
3dbccdda-2014-4239-ad1f-4e15c034942b,64394243-614a-3ed3-93a7-1eecd7ac6608,formula_not_evaluated,(2.8144)
3dbccdda-2014-4239-ad1f-4e15c034942b,64394243-614a-3ed3-93a7-1eecd7ac6608,formula_not_evaluated,(0.063963)
3dbccdda-2014-4239-ad1f-4e15c034942b,64394243-614a-3ed3-93a7-1eecd7ac6608,formula_not_evaluated,(2929.0)
3dbccdda-2014-4239-ad1f-4e15c034942b,64394243-614a-3ed3-93a7-1eecd7ac6608,formula_not_evaluated,(0.031982)
3dbccdda-2014-4239-ad1f-4e15c034942b,1b3e0fa2-3e38-3474-a5d6-6dd3e3452395,formula_not_evaluated,1000.0
3dbccdda-2014-4239-ad1f-4e15c034942b,1b3e0fa2-3e38-3474-a5d6-6dd3e3452395,formula_not_evaluated,26.2
3dbccdda-2014-4239-ad1f-4e15c034942b,1b3e0fa2-3e38-3474-a5d6-6dd3e3452395,formula_not_evaluated,(7.282)
3dbccdda-2014-4239-ad1f-4e15c034942b,1b3e0fa2-3e38-3474-a5d6-6dd3e3452395,formula_not_evaluated,(0.047)
3dbccdda-2014-4239-ad1f-4e15c034942b,1b3e0fa2-3e38-3474-a5d6-6dd3e3452395,formula_not_evaluated,611.1
3dbccdda-2014-4239-ad1f-4e15c034942b,1b3e0fa2-3e38-3474-a5d6-6dd3e3452395,formula_not_evaluated,8.55
3dbccdda-2014-4239-ad1f-4e15c034942b,1b3e0fa2-3e38-3474-a5d6-6dd3e3452395,formula_not_evaluated,5.278
3dbccdda-2014-4239-ad1f-4e15c034942b,1b3e0fa2-3e38-3474-a5d6-6dd3e3452395,formula_not_evaluated,(0.1157)
3dbccdda-2014-4239-ad1f-4e15c034942b,1b3e0fa2-3e38-3474-a5d6-6dd3e3452395,formula_not_evaluated,(23.362)
3dbccdda-2014-4239-ad1f-4e15c034942b,1b3e0fa2-3e38-3474-a5d6-6dd3e3452395,formula_not_evaluated,214.7
3dbccdda-2014-4239-ad1f-4e15c034942b,1b3e0fa2-3e38-3474-a5d6-6dd3e3452395,formula_not_evaluated,(0.304)
3dbccdda-2014-4239-ad1f-4e15c034942b,34897ebd-aa3d-347c-91ee-876c3f835fdb,formula_not_evaluated,3.129169341799E-14/1000
3dbccdda-2014-4239-ad1f-4e15c034942b,34897ebd-aa3d-347c-91ee-876c3f835fdb,formula_not_evaluated,0.494659384376042+0.0483385213709498
3dbccdda-2014-4239-ad1f-4e15c034942b,34897ebd-aa3d-347c-91ee-876c3f835fdb,formula_not_evaluated,0.0654594527687582/1000
3dbccdda-2014-4239-ad1f-4e15c034942b,34897ebd-aa3d-347c-91ee-876c3f835fdb,formula_not_evaluated,1.25167022609466E-13/1000
3dbccdda-2014-4239-ad1f-4e15c034942b,34897ebd-aa3d-347c-91ee-876c3f835fdb,formula_not_evaluated,1.31482152597265/1000
3dbccdda-2014-4239-ad1f-4e15c034942b,34897ebd-aa3d-347c-91ee-876c3f835fdb,formula_not_evaluated,10570.4156359801/1000
3dbccdda-2014-4239-ad1f-4e15c034942b,34897ebd-aa3d-347c-91ee-876c3f835fdb,formula_not_evaluated,1.05607550004131E-7/1000
3dbccdda-2014-4239-ad1f-4e15c034942b,34897ebd-aa3d-347c-91ee-876c3f835fdb,formula_not_evaluated,0.00742481783046044/1000
3dbccdda-2014-4239-ad1f-4e15c034942b,34897ebd-aa3d-347c-91ee-876c3f835fdb,formula_not_evaluated,0.0812370118188477/1000
3dbccdda-2014-4239-ad1f-4e15c034942b,34897ebd-aa3d-347c-91ee-876c3f835fdb,formula_not_evaluated,5.92213236012398/1000
3dbccdda-2014-4239-ad1f-4e15c034942b,34897ebd-aa3d-347c-91ee-876c3f835fdb,formula_not_evaluated,0.00256983879787089/1000
3dbccdda-2014-4239-ad1f-4e15c034942b,34897ebd-aa3d-347c-91ee-876c3f835fdb,formula_not_evaluated,0.976703731855902/1000
3dbccdda-2014-4239-ad1f-4e15c034942b,34897ebd-aa3d-347c-91ee-876c3f835fdb,formula_not_evaluated,0.00138446778669399/1000
3dbccdda-2014-4239-ad1f-4e15c034942b,34897ebd-aa3d-347c-91ee-876c3f835fdb,formula_not_evaluated,0.19995088964659/1000
3dbccdda-2014-4239-ad1f-4e15c034942b,34897ebd-aa3d-347c-91ee-876c3f835fdb,formula_not_evaluated,0.539927278088579/1000
3dbccdda-2014-4239-ad1f-4e15c034942b,34897ebd-aa3d-347c-91ee-876c3f835fdb,formula_not_evaluated,144.037662901165/1000
3dbccdda-2014-4239-ad1f-4e15c034942b,34897ebd-aa3d-347c-91ee-876c3f835fdb,formula_not_evaluated,0.0110112466810317/1000
3dbccdda-2014-4239-ad1f-4e15c034942b,34897ebd-aa3d-347c-91ee-876c3f835fdb,formula_not_evaluated,0.055527902716292/1000
3dbccdda-2014-4239-ad1f-4e15c034942b,34897ebd-aa3d-347c-91ee-876c3f835fdb,formula_not_evaluated,1.33823824374054E-11/1000
3dbccdda-2014-4239-ad1f-4e15c034942b,34897ebd-aa3d-347c-91ee-876c3f835fdb,formula_not_evaluated,0.0561587700618178/1000
3dbccdda-2014-4239-ad1f-4e15c034942b,34897ebd-aa3d-347c-91ee-876c3f835fdb,formula_not_evaluated,0.00537404253424613/1000
3dbccdda-2014-4239-ad1f-4e15c034942b,34897ebd-aa3d-347c-91ee-876c3f835fdb,formula_not_evaluated,1.16943109045863E-23/1000
3dbccdda-2014-4239-ad1f-4e15c034942b,34897ebd-aa3d-347c-91ee-876c3f835fdb,formula_not_evaluated,7.86174063126717E-4/1000
3dbccdda-2014-4239-ad1f-4e15c034942b,34897ebd-aa3d-347c-91ee-876c3f835fdb,formula_not_evaluated,4.60617282506636E-6/1000
3dbccdda-2014-4239-ad1f-4e15c034942b,34897ebd-aa3d-347c-91ee-876c3f835fdb,formula_not_evaluated,0.00397828775895937/1000
3dbccdda-2014-4239-ad1f-4e15c034942b,34897ebd-aa3d-347c-91ee-876c3f835fdb,formula_not_evaluated,100.902751482326/1000
3dbccdda-2014-4239-ad1f-4e15c034942b,34897ebd-aa3d-347c-91ee-876c3f835fdb,formula_not_evaluated,2.02343855996597/1000
3dbccdda-2014-4239-ad1f-4e15c034942b,34897ebd-aa3d-347c-91ee-876c3f835fdb,formula_not_evaluated,1.71403112186245/1000
3dbccdda-2014-4239-ad1f-4e15c034942b,34897ebd-aa3d-347c-91ee-876c3f835fdb,formula_not_evaluated,191.663256109204/1000
3dbccdda-2014-4239-ad1f-4e15c034942b,34897ebd-aa3d-347c-91ee-876c3f835fdb,formula_not_evaluated,0.00230719305273675/1000
3dbccdda-2014-4239-ad1f-4e15c034942b,34897ebd-aa3d-347c-91ee-876c3f835fdb,formula_not_evaluated,0.0215241733874436/1000
3dbccdda-2014-4239-ad1f-4e15c034942b,34897ebd-aa3d-347c-91ee-876c3f835fdb,formula_not_evaluated,0.0403683946234451/1000
3dbccdda-2014-4239-ad1f-4e15c034942b,34897ebd-aa3d-347c-91ee-876c3f835fdb,formula_not_evaluated,1520.65722182987/1000
3dbccdda-2014-4239-ad1f-4e15c034942b,34897ebd-aa3d-347c-91ee-876c3f835fdb,formula_not_evaluated,0.236297000482904/1000
3dbccdda-2014-4239-ad1f-4e15c034942b,34897ebd-aa3d-347c-91ee-876c3f835fdb,formula_not_evaluated,151476.98725617/1000
3dbccdda-2014-4239-ad1f-4e15c034942b,34897ebd-aa3d-347c-91ee-876c3f835fdb,formula_not_evaluated,4415.29316193931/1000
3dbccdda-2014-4239-ad1f-4e15c034942b,34897ebd-aa3d-347c-91ee-876c3f835fdb,formula_not_evaluated,0.284527973204659/1000
3dbccdda-2014-4239-ad1f-4e15c034942b,34897ebd-aa3d-347c-91ee-876c3f835fdb,formula_not_evaluated,0.0913334928355447/1000
3dbccdda-2014-4239-ad1f-4e15c034942b,34897ebd-aa3d-347c-91ee-876c3f835fdb,formula_not_evaluated,0.00879460452878548/1000
3dbccdda-2014-4239-ad1f-4e15c034942b,34897ebd-aa3d-347c-91ee-876c3f835fdb,formula_not_evaluated,0.0215241720797494/1000
3dbccdda-2014-4239-ad1f-4e15c034942b,34897ebd-aa3d-347c-91ee-876c3f835fdb,formula_not_evaluated,1.81657775805503/1000
3dbccdda-2014-4239-ad1f-4e15c034942b,34897ebd-aa3d-347c-91ee-876c3f835fdb,formula_not_evaluated,0.690620420590143/1000
3dbccdda-2014-4239-ad1f-4e15c034942b,34897ebd-aa3d-347c-91ee-876c3f835fdb,formula_not_evaluated,6.25835113047322E-14/1000
3dbccdda-2014-4239-ad1f-4e15c034942b,34897ebd-aa3d-347c-91ee-876c3f835fdb,formula_not_evaluated,0.00405395446587356/1000
3dbccdda-2014-4239-ad1f-4e15c034942b,34897ebd-aa3d-347c-91ee-876c3f835fdb,formula_not_evaluated,0.0165168700215474/1000
3dbccdda-2014-4239-ad1f-4e15c034942b,34897ebd-aa3d-347c-91ee-876c3f835fdb,formula_not_evaluated,0.0154529422597711/1000
3dbccdda-2014-4239-ad1f-4e15c034942b,34897ebd-aa3d-347c-91ee-876c3f835fdb,formula_not_evaluated,84.8315505073261/1000
3dbccdda-2014-4239-ad1f-4e15c034942b,34897ebd-aa3d-347c-91ee-876c3f835fdb,formula_not_evaluated,0.114540220413509/1000
3dbccdda-2014-4239-ad1f-4e15c034942b,34897ebd-aa3d-347c-91ee-876c3f835fdb,formula_not_evaluated,1.45027256823094E-9/1000
3dbccdda-2014-4239-ad1f-4e15c034942b,34897ebd-aa3d-347c-91ee-876c3f835fdb,formula_not_evaluated,0.016517817085119/1000
3dbccdda-2014-4239-ad1f-4e15c034942b,34897ebd-aa3d-347c-91ee-876c3f835fdb,formula_not_evaluated,0.590387771367887/1000
3dbccdda-2014-4239-ad1f-4e15c034942b,34897ebd-aa3d-347c-91ee-876c3f835fdb,formula_not_evaluated,0.0161186783645955/1000
3dbccdda-2014-4239-ad1f-4e15c034942b,34897ebd-aa3d-347c-91ee-876c3f835fdb,formula_not_evaluated,0.586158471353953/1000
3dbccdda-2014-4239-ad1f-4e15c034942b,34897ebd-aa3d-347c-91ee-876c3f835fdb,formula_not_evaluated,960.806389759516/1000
3dbccdda-2014-4239-ad1f-4e15c034942b,34897ebd-aa3d-347c-91ee-876c3f835fdb,formula_not_evaluated,3485.24206912496/1000
3dbccdda-2014-4239-ad1f-4e15c034942b,34897ebd-aa3d-347c-91ee-876c3f835fdb,formula_not_evaluated,0.207353822747524/1000
3dbccdda-2014-4239-ad1f-4e15c034942b,34897ebd-aa3d-347c-91ee-876c3f835fdb,formula_not_evaluated,4.7683525525289E-6/1000
3dbccdda-2014-4239-ad1f-4e15c034942b,34897ebd-aa3d-347c-91ee-876c3f835fdb,formula_not_evaluated,0.183585575785375/1000
3dbccdda-2014-4239-ad1f-4e15c034942b,34897ebd-aa3d-347c-91ee-876c3f835fdb,formula_not_evaluated,0.0514164939620082/1000
3dbccdda-2014-4239-ad1f-4e15c034942b,34897ebd-aa3d-347c-91ee-876c3f835fdb,formula_not_evaluated,5483.39607285166+6.1241167427779
3dbccdda-2014-4239-ad1f-4e15c034942b,34897ebd-aa3d-347c-91ee-876c3f835fdb,formula_not_evaluated,0.00166107962009765/1000
3dbccdda-2014-4239-ad1f-4e15c034942b,34897ebd-aa3d-347c-91ee-876c3f835fdb,formula_not_evaluated,332.807493920083/1000
3dbccdda-2014-4239-ad1f-4e15c034942b,34897ebd-aa3d-347c-91ee-876c3f835fdb,formula_not_evaluated,3.3606688524018/1000
3dbccdda-2014-4239-ad1f-4e15c034942b,34897ebd-aa3d-347c-91ee-876c3f835fdb,formula_not_evaluated,75.6177212638267/1000
3dbccdda-2014-4239-ad1f-4e15c034942b,34897ebd-aa3d-347c-91ee-876c3f835fdb,formula_not_evaluated,642.922497402092/1000
3dbccdda-2014-4239-ad1f-4e15c034942b,34897ebd-aa3d-347c-91ee-876c3f835fdb,formula_not_evaluated,4033.08570543984/1000
3dbccdda-2014-4239-ad1f-4e15c034942b,34897ebd-aa3d-347c-91ee-876c3f835fdb,formula_not_evaluated,0.0645894313975123/1000
3dbccdda-2014-4239-ad1f-4e15c034942b,34897ebd-aa3d-347c-91ee-876c3f835fdb,formula_not_evaluated,112.454624043604/1000
3dbccdda-2014-4239-ad1f-4e15c034942b,34897ebd-aa3d-347c-91ee-876c3f835fdb,formula_not_evaluated,0.00537271075488013/1000
3dbccdda-2014-4239-ad1f-4e15c034942b,34897ebd-aa3d-347c-91ee-876c3f835fdb,formula_not_evaluated,706.023143121494/1000
3dbccdda-2014-4239-ad1f-4e15c034942b,3cfa52ac-c3d6-3ce2-b8f4-211bf63d7088,formula_not_evaluated,1.0*1000
3dbccdda-2014-4239-ad1f-4e15c034942b,3cfa52ac-c3d6-3ce2-b8f4-211bf63d7088,formula_not_evaluated,0.97003389*1000
3dbccdda-2014-4239-ad1f-4e15c034942b,3cfa52ac-c3d6-3ce2-b8f4-211bf63d7088,formula_not_evaluated,1.33*1000
3dbccdda-2014-4239-ad1f-4e15c034942b,4e38a874-76e2-3c20-bc6a-eea62883ebaa,formula_not_evaluated,1.0*1000
3dbccdda-2014-4239-ad1f-4e15c034942b,4e38a874-76e2-3c20-bc6a-eea62883ebaa,formula_not_evaluated,1.33*1000
3dbccdda-2014-4239-ad1f-4e15c034942b,4e38a874-76e2-3c20-bc6a-eea62883ebaa,formula_not_evaluated,0.88*1000
3dbccdda-2014-4239-ad1f-4e15c034942b,1cbbcd09-ea17-3d9b-bc34-2cf42efe26ba,formula_not_evaluated,1.0*10000
3dbccdda-2014-4239-ad1f-4e15c034942b,1cbbcd09-ea17-3d9b-bc34-2cf42efe26ba,formula_not_evaluated,0.404*10000
3dbccdda-2014-4239-ad1f-4e15c034942b,1cbbcd09-ea17-3d9b-bc34-2cf42efe26ba,formula_not_evaluated,0.354*10000
3dbccdda-2014-4239-ad1f-4e15c034942b,1cbbcd09-ea17-3d9b-bc34-2cf42efe26ba,formula_not_evaluated,1.0*10000
3dbccdda-2014-4239-ad1f-4e15c034942b,1cbbcd09-ea17-3d9b-bc34-2cf42efe26ba,formula_not_evaluated,0.685*10000
3dbccdda-2014-4239-ad1f-4e15c034942b,1cbbcd09-ea17-3d9b-bc34-2cf42efe26ba,formula_not_evaluated,0.58*10000
3dbccdda-2014-4239-ad1f-4e15c034942b,1cbbcd09-ea17-3d9b-bc34-2cf42efe26ba,formula_not_evaluated,1.0*10000
3dbccdda-2014-4239-ad1f-4e15c034942b,1cbbcd09-ea17-3d9b-bc34-2cf42efe26ba,formula_not_evaluated,0.242*10000
3dbccdda-2014-4239-ad1f-4e15c034942b,1cbbcd09-ea17-3d9b-bc34-2cf42efe26ba,formula_not_evaluated,1.0*10000
3dbccdda-2014-4239-ad1f-4e15c034942b,1cbbcd09-ea17-3d9b-bc34-2cf42efe26ba,formula_not_evaluated,1.0*10000
3dbccdda-2014-4239-ad1f-4e15c034942b,956b53b9-dd05-35ae-a072-69f1f6906290,coproduct_allocation_review,1
3dbccdda-2014-4239-ad1f-4e15c034942b,96087256-d181-30c8-ae17-f25e1f0eab0c,formula_not_evaluated,0.772*1000
3dbccdda-2014-4239-ad1f-4e15c034942b,96087256-d181-30c8-ae17-f25e1f0eab0c,formula_not_evaluated,0.136*1000
3dbccdda-2014-4239-ad1f-4e15c034942b,96087256-d181-30c8-ae17-f25e1f0eab0c,formula_not_evaluated,0.908*1000
3dbccdda-2014-4239-ad1f-4e15c034942b,25b4ad17-ccd9-36ff-8ed5-4ad7b4814ae3,formula_not_evaluated,0.97003*1000
3dbccdda-2014-4239-ad1f-4e15c034942b,25b4ad17-ccd9-36ff-8ed5-4ad7b4814ae3,formula_not_evaluated,1.33*1000
3dbccdda-2014-4239-ad1f-4e15c034942b,4be84642-28cb-3508-9189-d8afcec42d92,formula_not_evaluated,1.0*1000
3dbccdda-2014-4239-ad1f-4e15c034942b,4be84642-28cb-3508-9189-d8afcec42d92,formula_not_evaluated,1.28*1000
3dbccdda-2014-4239-ad1f-4e15c034942b,4be84642-28cb-3508-9189-d8afcec42d92,formula_not_evaluated,0.93145*1000
3dbccdda-2014-4239-ad1f-4e15c034942b,4d4122ba-1573-5c75-803a-7ec4b3946e93,formula_not_evaluated,ng_combusted_total * gen_frac * gen_lgt_share
3dbccdda-2014-4239-ad1f-4e15c034942b,4d4122ba-1573-5c75-803a-7ec4b3946e93,formula_not_evaluated,ng_flared_total
3dbccdda-2014-4239-ad1f-4e15c034942b,4d4122ba-1573-5c75-803a-7ec4b3946e93,formula_not_evaluated,ch4_leakage_active
3dbccdda-2014-4239-ad1f-4e15c034942b,4d4122ba-1573-5c75-803a-7ec4b3946e93,formula_not_evaluated,ng_combusted_total * gen_frac * gen_sib_share
3dbccdda-2014-4239-ad1f-4e15c034942b,4d4122ba-1573-5c75-803a-7ec4b3946e93,formula_not_evaluated,ng_combusted_total * comp_frac * comp_re_share
3dbccdda-2014-4239-ad1f-4e15c034942b,eb6f9433-0dae-5a9b-b1b8-35cbdaed3444,formula_not_evaluated,ng_combusted_total * gen_frac * gen_sib_share
3dbccdda-2014-4239-ad1f-4e15c034942b,eb6f9433-0dae-5a9b-b1b8-35cbdaed3444,formula_not_evaluated,ng_flared_total
3dbccdda-2014-4239-ad1f-4e15c034942b,eb6f9433-0dae-5a9b-b1b8-35cbdaed3444,formula_not_evaluated,ng_combusted_total * comp_frac * comp_re_share
3dbccdda-2014-4239-ad1f-4e15c034942b,eb6f9433-0dae-5a9b-b1b8-35cbdaed3444,formula_not_evaluated,ng_combusted_total * gen_frac * gen_lgt_share
3dbccdda-2014-4239-ad1f-4e15c034942b,eb6f9433-0dae-5a9b-b1b8-35cbdaed3444,formula_not_evaluated,ch4_leakage_active
3dbccdda-2014-4239-ad1f-4e15c034942b,3d450571-a036-52fb-ab65-131bf8257822,formula_not_evaluated,ng_combusted_total * gen_frac * gen_lgt_share
3dbccdda-2014-4239-ad1f-4e15c034942b,3d450571-a036-52fb-ab65-131bf8257822,formula_not_evaluated,ng_combusted_total * comp_frac * comp_re_share
3dbccdda-2014-4239-ad1f-4e15c034942b,3d450571-a036-52fb-ab65-131bf8257822,formula_not_evaluated,ng_flared_total
3dbccdda-2014-4239-ad1f-4e15c034942b,3d450571-a036-52fb-ab65-131bf8257822,formula_not_evaluated,ch4_leakage_active
3dbccdda-2014-4239-ad1f-4e15c034942b,3d450571-a036-52fb-ab65-131bf8257822,formula_not_evaluated,ng_combusted_total * gen_frac * gen_sib_share
3dbccdda-2014-4239-ad1f-4e15c034942b,25dc85c1-c37b-390a-9886-06e5cdc1d732,formula_not_evaluated,1.0
3dbccdda-2014-4239-ad1f-4e15c034942b,25dc85c1-c37b-390a-9886-06e5cdc1d732,formula_not_evaluated,1.069E-7
3dbccdda-2014-4239-ad1f-4e15c034942b,25dc85c1-c37b-390a-9886-06e5cdc1d732,formula_not_evaluated,1.9733E-8
3dbccdda-2014-4239-ad1f-4e15c034942b,25dc85c1-c37b-390a-9886-06e5cdc1d732,formula_not_evaluated,5.2261E-6
3dbccdda-2014-4239-ad1f-4e15c034942b,25dc85c1-c37b-390a-9886-06e5cdc1d732,formula_not_evaluated,7.9539E-5
3dbccdda-2014-4239-ad1f-4e15c034942b,25dc85c1-c37b-390a-9886-06e5cdc1d732,formula_not_evaluated,9.2815E-7
3dbccdda-2014-4239-ad1f-4e15c034942b,25dc85c1-c37b-390a-9886-06e5cdc1d732,formula_not_evaluated,1.1065E-9
3dbccdda-2014-4239-ad1f-4e15c034942b,8fe359cb-24fb-307c-9eae-ca3be595e69f,formula_not_evaluated,1000.0
3dbccdda-2014-4239-ad1f-4e15c034942b,8fe359cb-24fb-307c-9eae-ca3be595e69f,formula_not_evaluated,1000
3dbccdda-2014-4239-ad1f-4e15c034942b,8fe359cb-24fb-307c-9eae-ca3be595e69f,formula_not_evaluated,(lime)
3dbccdda-2014-4239-ad1f-4e15c034942b,8fe359cb-24fb-307c-9eae-ca3be595e69f,formula_not_evaluated,((5.52E-4 + 0.003492) / 2)
3dbccdda-2014-4239-ad1f-4e15c034942b,8fe359cb-24fb-307c-9eae-ca3be595e69f,formula_not_evaluated,1000.0
3dbccdda-2014-4239-ad1f-4e15c034942b,b06d1d47-4112-3dcd-8b09-014635f91500,formula_not_evaluated,2000.0
3dbccdda-2014-4239-ad1f-4e15c034942b,b06d1d47-4112-3dcd-8b09-014635f91500,formula_not_evaluated,(0.19)
3dbccdda-2014-4239-ad1f-4e15c034942b,b06d1d47-4112-3dcd-8b09-014635f91500,formula_not_evaluated,(0.0586)
3dbccdda-2014-4239-ad1f-4e15c034942b,b06d1d47-4112-3dcd-8b09-014635f91500,formula_not_evaluated,3.6 * (2.41)
3dbccdda-2014-4239-ad1f-4e15c034942b,b06d1d47-4112-3dcd-8b09-014635f91500,formula_not_evaluated,(1.33)
3dbccdda-2014-4239-ad1f-4e15c034942b,ac0cdbf8-8d2e-30ac-b0b9-97d34bf95981,formula_not_evaluated,2000.0
3dbccdda-2014-4239-ad1f-4e15c034942b,ac0cdbf8-8d2e-30ac-b0b9-97d34bf95981,formula_not_evaluated,(2.33E-4)
3dbccdda-2014-4239-ad1f-4e15c034942b,ac0cdbf8-8d2e-30ac-b0b9-97d34bf95981,formula_not_evaluated,(0.0101)
3dbccdda-2014-4239-ad1f-4e15c034942b,ac0cdbf8-8d2e-30ac-b0b9-97d34bf95981,formula_not_evaluated,(0.055)
3dbccdda-2014-4239-ad1f-4e15c034942b,ac0cdbf8-8d2e-30ac-b0b9-97d34bf95981,formula_not_evaluated,(0.00939)
3dbccdda-2014-4239-ad1f-4e15c034942b,ac0cdbf8-8d2e-30ac-b0b9-97d34bf95981,formula_not_evaluated,3.6 * (2.96)
3dbccdda-2014-4239-ad1f-4e15c034942b,ac0cdbf8-8d2e-30ac-b0b9-97d34bf95981,formula_not_evaluated,(3.45)
3dbccdda-2014-4239-ad1f-4e15c034942b,ac0cdbf8-8d2e-30ac-b0b9-97d34bf95981,formula_not_evaluated,(1.0E-4)
3dbccdda-2014-4239-ad1f-4e15c034942b,ac0cdbf8-8d2e-30ac-b0b9-97d34bf95981,formula_not_evaluated,(0.0932)
3dbccdda-2014-4239-ad1f-4e15c034942b,ac0cdbf8-8d2e-30ac-b0b9-97d34bf95981,formula_not_evaluated,(0.0145)
3dbccdda-2014-4239-ad1f-4e15c034942b,99898750-1f41-3c25-8ee0-aaae4b6697d0,formula_not_evaluated,0.476*1000
3dbccdda-2014-4239-ad1f-4e15c034942b,99898750-1f41-3c25-8ee0-aaae4b6697d0,formula_not_evaluated,0.397*10000
3dbccdda-2014-4239-ad1f-4e15c034942b,3221bb51-ac5f-36b7-a5c4-d81a5c65ccf0,formula_not_evaluated,0.476*1000
3dbccdda-2014-4239-ad1f-4e15c034942b,3221bb51-ac5f-36b7-a5c4-d81a5c65ccf0,formula_not_evaluated,0.342*10000
3dbccdda-2014-4239-ad1f-4e15c034942b,d5b0f333-d1b3-3ba1-8111-b036b67589f8,formula_not_evaluated,1.0*10000
3dbccdda-2014-4239-ad1f-4e15c034942b,d5b0f333-d1b3-3ba1-8111-b036b67589f8,formula_not_evaluated,2.0*10000
3dbccdda-2014-4239-ad1f-4e15c034942b,24ccf5c5-25f5-35da-bead-5edf4e14cdc1,formula_not_evaluated,1.0*10000
3dbccdda-2014-4239-ad1f-4e15c034942b,24ccf5c5-25f5-35da-bead-5edf4e14cdc1,formula_not_evaluated,1.0*10000
3dbccdda-2014-4239-ad1f-4e15c034942b,2813d2f3-6813-34d8-b47b-b464f390bcaf,formula_not_evaluated,1.0*10000
3dbccdda-2014-4239-ad1f-4e15c034942b,2813d2f3-6813-34d8-b47b-b464f390bcaf,formula_not_evaluated,2.0*10000
3dbccdda-2014-4239-ad1f-4e15c034942b,727c4049-41db-3645-a4f9-af66fa92dee0,formula_not_evaluated,9.07*1000
3dbccdda-2014-4239-ad1f-4e15c034942b,727c4049-41db-3645-a4f9-af66fa92dee0,formula_not_evaluated,9.07*1000
3dbccdda-2014-4239-ad1f-4e15c034942b,c0138d7e-3eac-3b37-b27a-58c9d5a2d1cf,formula_not_evaluated,1.71*1000
3dbccdda-2014-4239-ad1f-4e15c034942b,c0138d7e-3eac-3b37-b27a-58c9d5a2d1cf,formula_not_evaluated,0.405*10000
3dbccdda-2014-4239-ad1f-4e15c034942b,313bc9b6-6559-5ba9-a2f4-b1796c4ce4d2,formula_not_evaluated,ng_combusted_total * gen_frac * gen_sib_share
3dbccdda-2014-4239-ad1f-4e15c034942b,313bc9b6-6559-5ba9-a2f4-b1796c4ce4d2,formula_not_evaluated,ng_combusted_total * gen_frac * gen_lgt_share
3dbccdda-2014-4239-ad1f-4e15c034942b,313bc9b6-6559-5ba9-a2f4-b1796c4ce4d2,formula_not_evaluated,ng_flared_total
3dbccdda-2014-4239-ad1f-4e15c034942b,313bc9b6-6559-5ba9-a2f4-b1796c4ce4d2,formula_not_evaluated,ng_combusted_total * comp_frac * comp_re_share
3dbccdda-2014-4239-ad1f-4e15c034942b,313bc9b6-6559-5ba9-a2f4-b1796c4ce4d2,formula_not_evaluated,ch4_leakage_active
3dbccdda-2014-4239-ad1f-4e15c034942b,32c6492e-98bf-50e0-a267-fffa2a9fd398,formula_not_evaluated,ng_combusted_total * gen_frac * gen_sib_share
3dbccdda-2014-4239-ad1f-4e15c034942b,32c6492e-98bf-50e0-a267-fffa2a9fd398,formula_not_evaluated,ng_combusted_total * comp_frac * comp_re_share
3dbccdda-2014-4239-ad1f-4e15c034942b,32c6492e-98bf-50e0-a267-fffa2a9fd398,formula_not_evaluated,ng_combusted_total * gen_frac * gen_lgt_share
3dbccdda-2014-4239-ad1f-4e15c034942b,32c6492e-98bf-50e0-a267-fffa2a9fd398,formula_not_evaluated,ch4_leakage_active
3dbccdda-2014-4239-ad1f-4e15c034942b,32c6492e-98bf-50e0-a267-fffa2a9fd398,formula_not_evaluated,ng_flared_total
3dbccdda-2014-4239-ad1f-4e15c034942b,4c427e2b-01a9-5be8-afa1-dc5d4a537213,formula_not_evaluated,ng_flared_total
3dbccdda-2014-4239-ad1f-4e15c034942b,4c427e2b-01a9-5be8-afa1-dc5d4a537213,formula_not_evaluated,ch4_leakage_active
3dbccdda-2014-4239-ad1f-4e15c034942b,d9917668-4941-35a0-a4b4-e920efd60946,formula_not_evaluated,1.0
3dbccdda-2014-4239-ad1f-4e15c034942b,d9917668-4941-35a0-a4b4-e920efd60946,formula_not_evaluated,3.3194E-9
3dbccdda-2014-4239-ad1f-4e15c034942b,d9917668-4941-35a0-a4b4-e920efd60946,formula_not_evaluated,1.4317E-5
3dbccdda-2014-4239-ad1f-4e15c034942b,d9917668-4941-35a0-a4b4-e920efd60946,formula_not_evaluated,1.9241E-8
3dbccdda-2014-4239-ad1f-4e15c034942b,d9917668-4941-35a0-a4b4-e920efd60946,formula_not_evaluated,7.7489E-6
3dbccdda-2014-4239-ad1f-4e15c034942b,d9917668-4941-35a0-a4b4-e920efd60946,formula_not_evaluated,5.92E-08
3dbccdda-2014-4239-ad1f-4e15c034942b,d9917668-4941-35a0-a4b4-e920efd60946,formula_not_evaluated,5.783E-7
3dbccdda-2014-4239-ad1f-4e15c034942b,4542a69a-4c5f-3967-92da-830361967e0a,formula_not_evaluated,1000.0
3dbccdda-2014-4239-ad1f-4e15c034942b,4542a69a-4c5f-3967-92da-830361967e0a,formula_not_evaluated,(0.059 + 0.087) / 2
3dbccdda-2014-4239-ad1f-4e15c034942b,4542a69a-4c5f-3967-92da-830361967e0a,formula_not_evaluated,1000.0
3dbccdda-2014-4239-ad1f-4e15c034942b,4542a69a-4c5f-3967-92da-830361967e0a,formula_not_evaluated,1000
3dbccdda-2014-4239-ad1f-4e15c034942b,4542a69a-4c5f-3967-92da-830361967e0a,formula_not_evaluated,((0.011358 + 0.016748) / 2)
3dbccdda-2014-4239-ad1f-4e15c034942b,a3b730ce-d657-383b-b485-e5d082d96424,formula_not_evaluated,1.0*10000
3dbccdda-2014-4239-ad1f-4e15c034942b,a3b730ce-d657-383b-b485-e5d082d96424,formula_not_evaluated,0.32*10000
3dbccdda-2014-4239-ad1f-4e15c034942b,55d8bf4f-025a-3927-bb96-235d37ba79fc,formula_not_evaluated,1.0*10000
3dbccdda-2014-4239-ad1f-4e15c034942b,55d8bf4f-025a-3927-bb96-235d37ba79fc,formula_not_evaluated,1.0*10000
3dbccdda-2014-4239-ad1f-4e15c034942b,f04300c5-ea44-3525-b6ab-c4b8b27b127e,formula_not_evaluated,9.33E-5*10000
3dbccdda-2014-4239-ad1f-4e15c034942b,f04300c5-ea44-3525-b6ab-c4b8b27b127e,formula_not_evaluated,9.33E-5*10000
3dbccdda-2014-4239-ad1f-4e15c034942b,4d09380a-6297-392c-b1bb-74534b4d3d8e,formula_not_evaluated,1.0*10000
3dbccdda-2014-4239-ad1f-4e15c034942b,4d09380a-6297-392c-b1bb-74534b4d3d8e,formula_not_evaluated,0.315*10000
3dbccdda-2014-4239-ad1f-4e15c034942b,4e590e0c-3773-3db7-9515-728fde75ab55,formula_not_evaluated,1.0
3dbccdda-2014-4239-ad1f-4e15c034942b,4e590e0c-3773-3db7-9515-728fde75ab55,formula_not_evaluated,1064.0
3dbccdda-2014-4239-ad1f-4e15c034942b,7394ff08-eec4-4f81-8b0f-8880cd071207,formula_not_evaluated,1
3dbccdda-2014-4239-ad1f-4e15c034942b,7394ff08-eec4-4f81-8b0f-8880cd071207,formula_not_evaluated,24.71
3dbccdda-2014-4239-ad1f-4e15c034942b,7394ff08-eec4-4f81-8b0f-8880cd071207,formula_not_evaluated,241.9
3dbccdda-2014-4239-ad1f-4e15c034942b,7394ff08-eec4-4f81-8b0f-8880cd071207,formula_not_evaluated,346.4
3dbccdda-2014-4239-ad1f-4e15c034942b,bd968b92-1d89-398e-8201-09bacff50694,formula_not_evaluated,1000.0
3dbccdda-2014-4239-ad1f-4e15c034942b,bd968b92-1d89-398e-8201-09bacff50694,formula_not_evaluated,((0.062 + 0.161) / 2)
3dbccdda-2014-4239-ad1f-4e15c034942b,bd968b92-1d89-398e-8201-09bacff50694,formula_not_evaluated,(alum )
3dbccdda-2014-4239-ad1f-4e15c034942b,bd968b92-1d89-398e-8201-09bacff50694,formula_not_evaluated,((0.013299 + 0.026344) / 2)
3dbccdda-2014-4239-ad1f-4e15c034942b,bd968b92-1d89-398e-8201-09bacff50694,formula_not_evaluated,((0.008928 + 0.023184) / 2)
3dbccdda-2014-4239-ad1f-4e15c034942b,bd968b92-1d89-398e-8201-09bacff50694,formula_not_evaluated,1000
3dbccdda-2014-4239-ad1f-4e15c034942b,f5558c59-7afd-3000-ae7a-68afc1d0513f,formula_not_evaluated,1.0
3dbccdda-2014-4239-ad1f-4e15c034942b,f5558c59-7afd-3000-ae7a-68afc1d0513f,formula_not_evaluated,2.0746E-10
3dbccdda-2014-4239-ad1f-4e15c034942b,f5558c59-7afd-3000-ae7a-68afc1d0513f,formula_not_evaluated,3.7E-9
3dbccdda-2014-4239-ad1f-4e15c034942b,f5558c59-7afd-3000-ae7a-68afc1d0513f,formula_not_evaluated,6.5697E-9
3dbccdda-2014-4239-ad1f-4e15c034942b,f5558c59-7afd-3000-ae7a-68afc1d0513f,formula_not_evaluated,1.6597E-9
3dbccdda-2014-4239-ad1f-4e15c034942b,f5558c59-7afd-3000-ae7a-68afc1d0513f,formula_not_evaluated,2.96E-8
3dbccdda-2014-4239-ad1f-4e15c034942b,f5558c59-7afd-3000-ae7a-68afc1d0513f,formula_not_evaluated,1.0235E-4
3dbccdda-2014-4239-ad1f-4e15c034942b,f5558c59-7afd-3000-ae7a-68afc1d0513f,formula_not_evaluated,3.6991E-4
3dbccdda-2014-4239-ad1f-4e15c034942b,f5558c59-7afd-3000-ae7a-68afc1d0513f,formula_not_evaluated,1.17E-07
3dbccdda-2014-4239-ad1f-4e15c034942b,f5558c59-7afd-3000-ae7a-68afc1d0513f,formula_not_evaluated,2.4204E-10
3dbccdda-2014-4239-ad1f-4e15c034942b,f5558c59-7afd-3000-ae7a-68afc1d0513f,formula_not_evaluated,4.3166E-9
3dbccdda-2014-4239-ad1f-4e15c034942b,08f86327-b29d-3ffa-b863-a257c2d6c952,formula_not_evaluated,(9.1799E-7*666.022)
3dbccdda-2014-4239-ad1f-4e15c034942b,08f86327-b29d-3ffa-b863-a257c2d6c952,formula_not_evaluated,(0.0020864*666.022)
3dbccdda-2014-4239-ad1f-4e15c034942b,08f86327-b29d-3ffa-b863-a257c2d6c952,formula_not_evaluated,(1.0014E-4*666.022)
3dbccdda-2014-4239-ad1f-4e15c034942b,08f86327-b29d-3ffa-b863-a257c2d6c952,formula_not_evaluated,(4.1727E-4*666.022)
3dbccdda-2014-4239-ad1f-4e15c034942b,08f86327-b29d-3ffa-b863-a257c2d6c952,formula_not_evaluated,(0.0040892*666.022)
3dbccdda-2014-4239-ad1f-4e15c034942b,14b0912f-fb6d-321d-8f42-0ea35918689f,formula_not_evaluated,1.0*10000
3dbccdda-2014-4239-ad1f-4e15c034942b,9c36427d-76de-314c-bfca-4d714b71c9a5,formula_not_evaluated,1.0*10000
3dbccdda-2014-4239-ad1f-4e15c034942b,9c36427d-76de-314c-bfca-4d714b71c9a5,formula_not_evaluated,1.0*10000
3dbccdda-2014-4239-ad1f-4e15c034942b,9c36427d-76de-314c-bfca-4d714b71c9a5,formula_not_evaluated,0.333*10000
3dbccdda-2014-4239-ad1f-4e15c034942b,9c36427d-76de-314c-bfca-4d714b71c9a5,formula_not_evaluated,0.333*10000
3dbccdda-2014-4239-ad1f-4e15c034942b,9c36427d-76de-314c-bfca-4d714b71c9a5,formula_not_evaluated,1.0*10000
3dbccdda-2014-4239-ad1f-4e15c034942b,9c36427d-76de-314c-bfca-4d714b71c9a5,formula_not_evaluated,0.1*10000
3dbccdda-2014-4239-ad1f-4e15c034942b,9c36427d-76de-314c-bfca-4d714b71c9a5,formula_not_evaluated,0.1*10000
3dbccdda-2014-4239-ad1f-4e15c034942b,9c36427d-76de-314c-bfca-4d714b71c9a5,formula_not_evaluated,0.333*10000
3dbccdda-2014-4239-ad1f-4e15c034942b,9c36427d-76de-314c-bfca-4d714b71c9a5,formula_not_evaluated,10.0*10000
3dbccdda-2014-4239-ad1f-4e15c034942b,238589f8-deaf-3218-84e9-703a9bd7f3e1,formula_not_evaluated,1.0*10000
3dbccdda-2014-4239-ad1f-4e15c034942b,cfc38536-f8a3-3511-b47a-5ae3b2d2de1e,formula_not_evaluated,1.0
3dbccdda-2014-4239-ad1f-4e15c034942b,cfc38536-f8a3-3511-b47a-5ae3b2d2de1e,formula_not_evaluated,8.5751E-6
3dbccdda-2014-4239-ad1f-4e15c034942b,cfc38536-f8a3-3511-b47a-5ae3b2d2de1e,formula_not_evaluated,1.5393E-7
3dbccdda-2014-4239-ad1f-4e15c034942b,cfc38536-f8a3-3511-b47a-5ae3b2d2de1e,formula_not_evaluated,1.05E-08
3dbccdda-2014-4239-ad1f-4e15c034942b,cfc38536-f8a3-3511-b47a-5ae3b2d2de1e,formula_not_evaluated,1.1454E-4
3dbccdda-2014-4239-ad1f-4e15c034942b,cfc38536-f8a3-3511-b47a-5ae3b2d2de1e,formula_not_evaluated,6.6734E-9
3dbccdda-2014-4239-ad1f-4e15c034942b,cfc38536-f8a3-3511-b47a-5ae3b2d2de1e,formula_not_evaluated,1.1902E-7
3dbccdda-2014-4239-ad1f-4e15c034942b,cfc38536-f8a3-3511-b47a-5ae3b2d2de1e,formula_not_evaluated,1.3365E-6
3dbccdda-2014-4239-ad1f-4e15c034942b,cfc38536-f8a3-3511-b47a-5ae3b2d2de1e,formula_not_evaluated,5.8781E-10
3dbccdda-2014-4239-ad1f-4e15c034942b,a941c19b-ed3f-34a9-a91b-ee31e2d6ac18,formula_not_evaluated,1.0*10000
3dbccdda-2014-4239-ad1f-4e15c034942b,a941c19b-ed3f-34a9-a91b-ee31e2d6ac18,formula_not_evaluated,1.0*10000
3dbccdda-2014-4239-ad1f-4e15c034942b,fef4bce7-747e-30a8-adea-c11de716b08b,formula_not_evaluated,1.0*10000
3dbccdda-2014-4239-ad1f-4e15c034942b,fef4bce7-747e-30a8-adea-c11de716b08b,formula_not_evaluated,2.0*10000
3dbccdda-2014-4239-ad1f-4e15c034942b,a40d4e00-67c2-3f4c-8c2b-1c67a28e6c5c,formula_not_evaluated,1.0*10000
3dbccdda-2014-4239-ad1f-4e15c034942b,a40d4e00-67c2-3f4c-8c2b-1c67a28e6c5c,formula_not_evaluated,1.0*10000
49f5324b-fc33-36e9-b5af-3c80d73492bd,49f5324b-fc33-36e9-b5af-3c80d73492bd,formula_not_evaluated,0.0927260138915408/1000
49f5324b-fc33-36e9-b5af-3c80d73492bd,49f5324b-fc33-36e9-b5af-3c80d73492bd,formula_not_evaluated,0.568944794563613/1000
49f5324b-fc33-36e9-b5af-3c80d73492bd,49f5324b-fc33-36e9-b5af-3c80d73492bd,formula_not_evaluated,8.66683145189528E-4/1000
49f5324b-fc33-36e9-b5af-3c80d73492bd,49f5324b-fc33-36e9-b5af-3c80d73492bd,formula_not_evaluated,0.0637801850804929/1000
49f5324b-fc33-36e9-b5af-3c80d73492bd,49f5324b-fc33-36e9-b5af-3c80d73492bd,formula_not_evaluated,8117.09607745942/1000
49f5324b-fc33-36e9-b5af-3c80d73492bd,49f5324b-fc33-36e9-b5af-3c80d73492bd,formula_not_evaluated,84.1642798893327/1000
49f5324b-fc33-36e9-b5af-3c80d73492bd,49f5324b-fc33-36e9-b5af-3c80d73492bd,formula_not_evaluated,73.6180688995816/1000
49f5324b-fc33-36e9-b5af-3c80d73492bd,49f5324b-fc33-36e9-b5af-3c80d73492bd,formula_not_evaluated,5.29614097612442E-10/1000
49f5324b-fc33-36e9-b5af-3c80d73492bd,49f5324b-fc33-36e9-b5af-3c80d73492bd,formula_not_evaluated,0.0152584922830993/1000
49f5324b-fc33-36e9-b5af-3c80d73492bd,49f5324b-fc33-36e9-b5af-3c80d73492bd,formula_not_evaluated,0.0638081319607587/1000
49f5324b-fc33-36e9-b5af-3c80d73492bd,49f5324b-fc33-36e9-b5af-3c80d73492bd,formula_not_evaluated,0.357173332085199/1000
49f5324b-fc33-36e9-b5af-3c80d73492bd,49f5324b-fc33-36e9-b5af-3c80d73492bd,formula_not_evaluated,0.00164459502378888/1000
49f5324b-fc33-36e9-b5af-3c80d73492bd,49f5324b-fc33-36e9-b5af-3c80d73492bd,formula_not_evaluated,0.00124092169545173/1000
49f5324b-fc33-36e9-b5af-3c80d73492bd,49f5324b-fc33-36e9-b5af-3c80d73492bd,formula_not_evaluated,0.00269288610455168/1000
49f5324b-fc33-36e9-b5af-3c80d73492bd,49f5324b-fc33-36e9-b5af-3c80d73492bd,formula_not_evaluated,0.0181410008094303/1000
49f5324b-fc33-36e9-b5af-3c80d73492bd,49f5324b-fc33-36e9-b5af-3c80d73492bd,formula_not_evaluated,0.0126432176569692/1000
49f5324b-fc33-36e9-b5af-3c80d73492bd,49f5324b-fc33-36e9-b5af-3c80d73492bd,formula_not_evaluated,4.25933851912192E-24/1000
49f5324b-fc33-36e9-b5af-3c80d73492bd,49f5324b-fc33-36e9-b5af-3c80d73492bd,formula_not_evaluated,348.498687972212/1000
49f5324b-fc33-36e9-b5af-3c80d73492bd,49f5324b-fc33-36e9-b5af-3c80d73492bd,formula_not_evaluated,0.0756119786458802/1000
49f5324b-fc33-36e9-b5af-3c80d73492bd,49f5324b-fc33-36e9-b5af-3c80d73492bd,formula_not_evaluated,0.00207942946898787/1000
49f5324b-fc33-36e9-b5af-3c80d73492bd,49f5324b-fc33-36e9-b5af-3c80d73492bd,formula_not_evaluated,1.80793551417205E-6/1000
49f5324b-fc33-36e9-b5af-3c80d73492bd,49f5324b-fc33-36e9-b5af-3c80d73492bd,formula_not_evaluated,0.169103036161963/1000
49f5324b-fc33-36e9-b5af-3c80d73492bd,49f5324b-fc33-36e9-b5af-3c80d73492bd,formula_not_evaluated,519.46407736732/1000
49f5324b-fc33-36e9-b5af-3c80d73492bd,49f5324b-fc33-36e9-b5af-3c80d73492bd,formula_not_evaluated,7.01130058632015E-4/1000
49f5324b-fc33-36e9-b5af-3c80d73492bd,49f5324b-fc33-36e9-b5af-3c80d73492bd,formula_not_evaluated,0.0286052799488928/1000
49f5324b-fc33-36e9-b5af-3c80d73492bd,49f5324b-fc33-36e9-b5af-3c80d73492bd,formula_not_evaluated,0.00844829773348675/1000
49f5324b-fc33-36e9-b5af-3c80d73492bd,49f5324b-fc33-36e9-b5af-3c80d73492bd,formula_not_evaluated,97.905772317125/1000
49f5324b-fc33-36e9-b5af-3c80d73492bd,49f5324b-fc33-36e9-b5af-3c80d73492bd,formula_not_evaluated,0.0842233118381372/1000
49f5324b-fc33-36e9-b5af-3c80d73492bd,49f5324b-fc33-36e9-b5af-3c80d73492bd,formula_not_evaluated,0.298965788858356/1000
49f5324b-fc33-36e9-b5af-3c80d73492bd,49f5324b-fc33-36e9-b5af-3c80d73492bd,formula_not_evaluated,0.00168312835058402/1000
49f5324b-fc33-36e9-b5af-3c80d73492bd,49f5324b-fc33-36e9-b5af-3c80d73492bd,formula_not_evaluated,0.00844829679519649/1000
49f5324b-fc33-36e9-b5af-3c80d73492bd,49f5324b-fc33-36e9-b5af-3c80d73492bd,formula_not_evaluated,1.05254786994268/1000
49f5324b-fc33-36e9-b5af-3c80d73492bd,49f5324b-fc33-36e9-b5af-3c80d73492bd,formula_not_evaluated,0.184907058233175/1000
49f5324b-fc33-36e9-b5af-3c80d73492bd,49f5324b-fc33-36e9-b5af-3c80d73492bd,formula_not_evaluated,1382.851931231/1000
49f5324b-fc33-36e9-b5af-3c80d73492bd,49f5324b-fc33-36e9-b5af-3c80d73492bd,formula_not_evaluated,106.320301923714/1000
49f5324b-fc33-36e9-b5af-3c80d73492bd,49f5324b-fc33-36e9-b5af-3c80d73492bd,formula_not_evaluated,46416.8296288208/1000
49f5324b-fc33-36e9-b5af-3c80d73492bd,49f5324b-fc33-36e9-b5af-3c80d73492bd,formula_not_evaluated,0.0887732775797303/1000
49f5324b-fc33-36e9-b5af-3c80d73492bd,49f5324b-fc33-36e9-b5af-3c80d73492bd,formula_not_evaluated,139.698243847034/1000
49f5324b-fc33-36e9-b5af-3c80d73492bd,49f5324b-fc33-36e9-b5af-3c80d73492bd,formula_not_evaluated,0.67641585540903/1000
49f5324b-fc33-36e9-b5af-3c80d73492bd,49f5324b-fc33-36e9-b5af-3c80d73492bd,formula_not_evaluated,0.00376183985177636/1000
49f5324b-fc33-36e9-b5af-3c80d73492bd,49f5324b-fc33-36e9-b5af-3c80d73492bd,formula_not_evaluated,0.0603838528519003/1000
49f5324b-fc33-36e9-b5af-3c80d73492bd,49f5324b-fc33-36e9-b5af-3c80d73492bd,formula_not_evaluated,0.0181406290843713/1000
49f5324b-fc33-36e9-b5af-3c80d73492bd,49f5324b-fc33-36e9-b5af-3c80d73492bd,formula_not_evaluated,570.423231545287/1000
49f5324b-fc33-36e9-b5af-3c80d73492bd,49f5324b-fc33-36e9-b5af-3c80d73492bd,formula_not_evaluated,155.143456906054/1000
49f5324b-fc33-36e9-b5af-3c80d73492bd,49f5324b-fc33-36e9-b5af-3c80d73492bd,formula_not_evaluated,0.00107839274491182/1000
49f5324b-fc33-36e9-b5af-3c80d73492bd,49f5324b-fc33-36e9-b5af-3c80d73492bd,formula_not_evaluated,0.0202291482511507/1000
49f5324b-fc33-36e9-b5af-3c80d73492bd,49f5324b-fc33-36e9-b5af-3c80d73492bd,formula_not_evaluated,0.179435448497907/1000
49f5324b-fc33-36e9-b5af-3c80d73492bd,49f5324b-fc33-36e9-b5af-3c80d73492bd,formula_not_evaluated,0.771849320157163/1000
49f5324b-fc33-36e9-b5af-3c80d73492bd,49f5324b-fc33-36e9-b5af-3c80d73492bd,formula_not_evaluated,1.9243019059219E-6/1000
49f5324b-fc33-36e9-b5af-3c80d73492bd,49f5324b-fc33-36e9-b5af-3c80d73492bd,formula_not_evaluated,0.161142650491835/1000
49f5324b-fc33-36e9-b5af-3c80d73492bd,49f5324b-fc33-36e9-b5af-3c80d73492bd,formula_not_evaluated,4.88701127894634E-12/1000
49f5324b-fc33-36e9-b5af-3c80d73492bd,49f5324b-fc33-36e9-b5af-3c80d73492bd,formula_not_evaluated,4.57088006642848E-14/1000
49f5324b-fc33-36e9-b5af-3c80d73492bd,49f5324b-fc33-36e9-b5af-3c80d73492bd,formula_not_evaluated,1.14271774391688E-14/1000
49f5324b-fc33-36e9-b5af-3c80d73492bd,49f5324b-fc33-36e9-b5af-3c80d73492bd,formula_not_evaluated,3.25712369391409E-8/1000
49f5324b-fc33-36e9-b5af-3c80d73492bd,49f5324b-fc33-36e9-b5af-3c80d73492bd,formula_not_evaluated,0.00214109376872357/1000
49f5324b-fc33-36e9-b5af-3c80d73492bd,49f5324b-fc33-36e9-b5af-3c80d73492bd,formula_not_evaluated,0.0120937527229142/1000
49f5324b-fc33-36e9-b5af-3c80d73492bd,49f5324b-fc33-36e9-b5af-3c80d73492bd,formula_not_evaluated,1437.44407588897/1000
49f5324b-fc33-36e9-b5af-3c80d73492bd,49f5324b-fc33-36e9-b5af-3c80d73492bd,formula_not_evaluated,0.0657803470602252/1000
49f5324b-fc33-36e9-b5af-3c80d73492bd,49f5324b-fc33-36e9-b5af-3c80d73492bd,formula_not_evaluated,0.00493396909531221/1000
49f5324b-fc33-36e9-b5af-3c80d73492bd,49f5324b-fc33-36e9-b5af-3c80d73492bd,formula_not_evaluated,783.9517839998/1000
49f5324b-fc33-36e9-b5af-3c80d73492bd,49f5324b-fc33-36e9-b5af-3c80d73492bd,formula_not_evaluated,0.702223223790261/1000
49f5324b-fc33-36e9-b5af-3c80d73492bd,49f5324b-fc33-36e9-b5af-3c80d73492bd,formula_not_evaluated,1.91489219002566/1000
49f5324b-fc33-36e9-b5af-3c80d73492bd,49f5324b-fc33-36e9-b5af-3c80d73492bd,formula_not_evaluated,4629.86092581615/1000
49f5324b-fc33-36e9-b5af-3c80d73492bd,49f5324b-fc33-36e9-b5af-3c80d73492bd,formula_not_evaluated,0.00617082935210204/1000
49f5324b-fc33-36e9-b5af-3c80d73492bd,49f5324b-fc33-36e9-b5af-3c80d73492bd,formula_not_evaluated,2887.21966941416/1000
49f5324b-fc33-36e9-b5af-3c80d73492bd,49f5324b-fc33-36e9-b5af-3c80d73492bd,formula_not_evaluated,0.063840673666231/1000
49f5324b-fc33-36e9-b5af-3c80d73492bd,49f5324b-fc33-36e9-b5af-3c80d73492bd,formula_not_evaluated,2.28544003321422E-14/1000
49f5324b-fc33-36e9-b5af-3c80d73492bd,49f5324b-fc33-36e9-b5af-3c80d73492bd,formula_not_evaluated,4.78623396028017/1000
49f5324b-fc33-36e9-b5af-3c80d73492bd,49f5324b-fc33-36e9-b5af-3c80d73492bd,formula_not_evaluated,14.3943863794415+0.0222308171490274
49f5324b-fc33-36e9-b5af-3c80d73492bd,34897ebd-aa3d-347c-91ee-876c3f835fdb,formula_not_evaluated,3.129169341799E-14/1000
49f5324b-fc33-36e9-b5af-3c80d73492bd,34897ebd-aa3d-347c-91ee-876c3f835fdb,formula_not_evaluated,0.494659384376042+0.0483385213709498
49f5324b-fc33-36e9-b5af-3c80d73492bd,34897ebd-aa3d-347c-91ee-876c3f835fdb,formula_not_evaluated,0.0654594527687582/1000
49f5324b-fc33-36e9-b5af-3c80d73492bd,34897ebd-aa3d-347c-91ee-876c3f835fdb,formula_not_evaluated,1.25167022609466E-13/1000
49f5324b-fc33-36e9-b5af-3c80d73492bd,34897ebd-aa3d-347c-91ee-876c3f835fdb,formula_not_evaluated,1.31482152597265/1000
49f5324b-fc33-36e9-b5af-3c80d73492bd,34897ebd-aa3d-347c-91ee-876c3f835fdb,formula_not_evaluated,10570.4156359801/1000
49f5324b-fc33-36e9-b5af-3c80d73492bd,34897ebd-aa3d-347c-91ee-876c3f835fdb,formula_not_evaluated,1.05607550004131E-7/1000
49f5324b-fc33-36e9-b5af-3c80d73492bd,34897ebd-aa3d-347c-91ee-876c3f835fdb,formula_not_evaluated,0.00742481783046044/1000
49f5324b-fc33-36e9-b5af-3c80d73492bd,34897ebd-aa3d-347c-91ee-876c3f835fdb,formula_not_evaluated,0.0812370118188477/1000
49f5324b-fc33-36e9-b5af-3c80d73492bd,34897ebd-aa3d-347c-91ee-876c3f835fdb,formula_not_evaluated,5.92213236012398/1000
49f5324b-fc33-36e9-b5af-3c80d73492bd,34897ebd-aa3d-347c-91ee-876c3f835fdb,formula_not_evaluated,0.00256983879787089/1000
49f5324b-fc33-36e9-b5af-3c80d73492bd,34897ebd-aa3d-347c-91ee-876c3f835fdb,formula_not_evaluated,0.976703731855902/1000
49f5324b-fc33-36e9-b5af-3c80d73492bd,34897ebd-aa3d-347c-91ee-876c3f835fdb,formula_not_evaluated,0.00138446778669399/1000
49f5324b-fc33-36e9-b5af-3c80d73492bd,34897ebd-aa3d-347c-91ee-876c3f835fdb,formula_not_evaluated,0.19995088964659/1000
49f5324b-fc33-36e9-b5af-3c80d73492bd,34897ebd-aa3d-347c-91ee-876c3f835fdb,formula_not_evaluated,0.539927278088579/1000
49f5324b-fc33-36e9-b5af-3c80d73492bd,34897ebd-aa3d-347c-91ee-876c3f835fdb,formula_not_evaluated,144.037662901165/1000
49f5324b-fc33-36e9-b5af-3c80d73492bd,34897ebd-aa3d-347c-91ee-876c3f835fdb,formula_not_evaluated,0.0110112466810317/1000
49f5324b-fc33-36e9-b5af-3c80d73492bd,34897ebd-aa3d-347c-91ee-876c3f835fdb,formula_not_evaluated,0.055527902716292/1000
49f5324b-fc33-36e9-b5af-3c80d73492bd,34897ebd-aa3d-347c-91ee-876c3f835fdb,formula_not_evaluated,1.33823824374054E-11/1000
49f5324b-fc33-36e9-b5af-3c80d73492bd,34897ebd-aa3d-347c-91ee-876c3f835fdb,formula_not_evaluated,0.0561587700618178/1000
49f5324b-fc33-36e9-b5af-3c80d73492bd,34897ebd-aa3d-347c-91ee-876c3f835fdb,formula_not_evaluated,0.00537404253424613/1000
49f5324b-fc33-36e9-b5af-3c80d73492bd,34897ebd-aa3d-347c-91ee-876c3f835fdb,formula_not_evaluated,1.16943109045863E-23/1000
49f5324b-fc33-36e9-b5af-3c80d73492bd,34897ebd-aa3d-347c-91ee-876c3f835fdb,formula_not_evaluated,7.86174063126717E-4/1000
49f5324b-fc33-36e9-b5af-3c80d73492bd,34897ebd-aa3d-347c-91ee-876c3f835fdb,formula_not_evaluated,4.60617282506636E-6/1000
49f5324b-fc33-36e9-b5af-3c80d73492bd,34897ebd-aa3d-347c-91ee-876c3f835fdb,formula_not_evaluated,0.00397828775895937/1000
49f5324b-fc33-36e9-b5af-3c80d73492bd,34897ebd-aa3d-347c-91ee-876c3f835fdb,formula_not_evaluated,100.902751482326/1000
49f5324b-fc33-36e9-b5af-3c80d73492bd,34897ebd-aa3d-347c-91ee-876c3f835fdb,formula_not_evaluated,2.02343855996597/1000
49f5324b-fc33-36e9-b5af-3c80d73492bd,34897ebd-aa3d-347c-91ee-876c3f835fdb,formula_not_evaluated,1.71403112186245/1000
49f5324b-fc33-36e9-b5af-3c80d73492bd,34897ebd-aa3d-347c-91ee-876c3f835fdb,formula_not_evaluated,191.663256109204/1000
49f5324b-fc33-36e9-b5af-3c80d73492bd,34897ebd-aa3d-347c-91ee-876c3f835fdb,formula_not_evaluated,0.00230719305273675/1000
49f5324b-fc33-36e9-b5af-3c80d73492bd,34897ebd-aa3d-347c-91ee-876c3f835fdb,formula_not_evaluated,0.0215241733874436/1000
49f5324b-fc33-36e9-b5af-3c80d73492bd,34897ebd-aa3d-347c-91ee-876c3f835fdb,formula_not_evaluated,0.0403683946234451/1000
49f5324b-fc33-36e9-b5af-3c80d73492bd,34897ebd-aa3d-347c-91ee-876c3f835fdb,formula_not_evaluated,1520.65722182987/1000
49f5324b-fc33-36e9-b5af-3c80d73492bd,34897ebd-aa3d-347c-91ee-876c3f835fdb,formula_not_evaluated,0.236297000482904/1000
49f5324b-fc33-36e9-b5af-3c80d73492bd,34897ebd-aa3d-347c-91ee-876c3f835fdb,formula_not_evaluated,151476.98725617/1000
49f5324b-fc33-36e9-b5af-3c80d73492bd,34897ebd-aa3d-347c-91ee-876c3f835fdb,formula_not_evaluated,4415.29316193931/1000
49f5324b-fc33-36e9-b5af-3c80d73492bd,34897ebd-aa3d-347c-91ee-876c3f835fdb,formula_not_evaluated,0.284527973204659/1000
49f5324b-fc33-36e9-b5af-3c80d73492bd,34897ebd-aa3d-347c-91ee-876c3f835fdb,formula_not_evaluated,0.0913334928355447/1000
49f5324b-fc33-36e9-b5af-3c80d73492bd,34897ebd-aa3d-347c-91ee-876c3f835fdb,formula_not_evaluated,0.00879460452878548/1000
49f5324b-fc33-36e9-b5af-3c80d73492bd,34897ebd-aa3d-347c-91ee-876c3f835fdb,formula_not_evaluated,0.0215241720797494/1000
49f5324b-fc33-36e9-b5af-3c80d73492bd,34897ebd-aa3d-347c-91ee-876c3f835fdb,formula_not_evaluated,1.81657775805503/1000
49f5324b-fc33-36e9-b5af-3c80d73492bd,34897ebd-aa3d-347c-91ee-876c3f835fdb,formula_not_evaluated,0.690620420590143/1000
49f5324b-fc33-36e9-b5af-3c80d73492bd,34897ebd-aa3d-347c-91ee-876c3f835fdb,formula_not_evaluated,6.25835113047322E-14/1000
49f5324b-fc33-36e9-b5af-3c80d73492bd,34897ebd-aa3d-347c-91ee-876c3f835fdb,formula_not_evaluated,0.00405395446587356/1000
49f5324b-fc33-36e9-b5af-3c80d73492bd,34897ebd-aa3d-347c-91ee-876c3f835fdb,formula_not_evaluated,0.0165168700215474/1000
49f5324b-fc33-36e9-b5af-3c80d73492bd,34897ebd-aa3d-347c-91ee-876c3f835fdb,formula_not_evaluated,0.0154529422597711/1000
49f5324b-fc33-36e9-b5af-3c80d73492bd,34897ebd-aa3d-347c-91ee-876c3f835fdb,formula_not_evaluated,84.8315505073261/1000
49f5324b-fc33-36e9-b5af-3c80d73492bd,34897ebd-aa3d-347c-91ee-876c3f835fdb,formula_not_evaluated,0.114540220413509/1000
49f5324b-fc33-36e9-b5af-3c80d73492bd,34897ebd-aa3d-347c-91ee-876c3f835fdb,formula_not_evaluated,1.45027256823094E-9/1000
49f5324b-fc33-36e9-b5af-3c80d73492bd,34897ebd-aa3d-347c-91ee-876c3f835fdb,formula_not_evaluated,0.016517817085119/1000
49f5324b-fc33-36e9-b5af-3c80d73492bd,34897ebd-aa3d-347c-91ee-876c3f835fdb,formula_not_evaluated,0.590387771367887/1000
49f5324b-fc33-36e9-b5af-3c80d73492bd,34897ebd-aa3d-347c-91ee-876c3f835fdb,formula_not_evaluated,0.0161186783645955/1000
49f5324b-fc33-36e9-b5af-3c80d73492bd,34897ebd-aa3d-347c-91ee-876c3f835fdb,formula_not_evaluated,0.586158471353953/1000
49f5324b-fc33-36e9-b5af-3c80d73492bd,34897ebd-aa3d-347c-91ee-876c3f835fdb,formula_not_evaluated,960.806389759516/1000
49f5324b-fc33-36e9-b5af-3c80d73492bd,34897ebd-aa3d-347c-91ee-876c3f835fdb,formula_not_evaluated,3485.24206912496/1000
49f5324b-fc33-36e9-b5af-3c80d73492bd,34897ebd-aa3d-347c-91ee-876c3f835fdb,formula_not_evaluated,0.207353822747524/1000
49f5324b-fc33-36e9-b5af-3c80d73492bd,34897ebd-aa3d-347c-91ee-876c3f835fdb,formula_not_evaluated,4.7683525525289E-6/1000
49f5324b-fc33-36e9-b5af-3c80d73492bd,34897ebd-aa3d-347c-91ee-876c3f835fdb,formula_not_evaluated,0.183585575785375/1000
49f5324b-fc33-36e9-b5af-3c80d73492bd,34897ebd-aa3d-347c-91ee-876c3f835fdb,formula_not_evaluated,0.0514164939620082/1000
49f5324b-fc33-36e9-b5af-3c80d73492bd,34897ebd-aa3d-347c-91ee-876c3f835fdb,formula_not_evaluated,5483.39607285166+6.1241167427779
49f5324b-fc33-36e9-b5af-3c80d73492bd,34897ebd-aa3d-347c-91ee-876c3f835fdb,formula_not_evaluated,0.00166107962009765/1000
49f5324b-fc33-36e9-b5af-3c80d73492bd,34897ebd-aa3d-347c-91ee-876c3f835fdb,formula_not_evaluated,332.807493920083/1000
49f5324b-fc33-36e9-b5af-3c80d73492bd,34897ebd-aa3d-347c-91ee-876c3f835fdb,formula_not_evaluated,3.3606688524018/1000
49f5324b-fc33-36e9-b5af-3c80d73492bd,34897ebd-aa3d-347c-91ee-876c3f835fdb,formula_not_evaluated,75.6177212638267/1000
49f5324b-fc33-36e9-b5af-3c80d73492bd,34897ebd-aa3d-347c-91ee-876c3f835fdb,formula_not_evaluated,642.922497402092/1000
49f5324b-fc33-36e9-b5af-3c80d73492bd,34897ebd-aa3d-347c-91ee-876c3f835fdb,formula_not_evaluated,4033.08570543984/1000
49f5324b-fc33-36e9-b5af-3c80d73492bd,34897ebd-aa3d-347c-91ee-876c3f835fdb,formula_not_evaluated,0.0645894313975123/1000
49f5324b-fc33-36e9-b5af-3c80d73492bd,34897ebd-aa3d-347c-91ee-876c3f835fdb,formula_not_evaluated,112.454624043604/1000
49f5324b-fc33-36e9-b5af-3c80d73492bd,34897ebd-aa3d-347c-91ee-876c3f835fdb,formula_not_evaluated,0.00537271075488013/1000
49f5324b-fc33-36e9-b5af-3c80d73492bd,34897ebd-aa3d-347c-91ee-876c3f835fdb,formula_not_evaluated,706.023143121494/1000
6a12cba1-889d-4515-90f8-89feb8d662f2,6a12cba1-889d-4515-90f8-89feb8d662f2,formula_not_evaluated,0.0075+.0061
6a12cba1-889d-4515-90f8-89feb8d662f2,6a12cba1-889d-4515-90f8-89feb8d662f2,formula_not_evaluated,0.996+0.007
6a12cba1-889d-4515-90f8-89feb8d662f2,3eee3d64-460d-44bc-b58a-96aa76f86091,formula_not_evaluated,Diesel_energy_consumption_operation1
6a12cba1-889d-4515-90f8-89feb8d662f2,3eee3d64-460d-44bc-b58a-96aa76f86091,formula_not_evaluated,(percentage_energy_recovery1 * electricity_from_CH4 * CH4_recovered_for_energy * (1 - system_down_time1) * (final_yield_CH4 * (1 - moisture_content_mixed_msw1) / tonne_to_sh_tn1))
6a12cba1-889d-4515-90f8-89feb8d662f2,3eee3d64-460d-44bc-b58a-96aa76f86091,formula_not_evaluated,sh_tn_to_tonne *transport_distance_landfill 
6a12cba1-889d-4515-90f8-89feb8d662f2,3eee3d64-460d-44bc-b58a-96aa76f86091,formula_not_evaluated,(CH4_emitted_final * final_yield_CH4 * (1 - moisture_content_mixed_msw1) / tonne_to_sh_tn1)
6a12cba1-889d-4515-90f8-89feb8d662f2,3eee3d64-460d-44bc-b58a-96aa76f86091,formula_not_evaluated,(C_storage_final * (1 - moisture_content_mixed_msw1) / tonne_to_sh_tn1) * C_to_CO21
6a12cba1-889d-4515-90f8-89feb8d662f2,520ecb54-7b55-42ca-97c3-4b8192189356,formula_not_evaluated,0.038+.014
6a12cba1-889d-4515-90f8-89feb8d662f2,9caaa37b-636d-41fa-8eb6-0b020ee4ebac,formula_not_evaluated,barge 
6a12cba1-889d-4515-90f8-89feb8d662f2,9caaa37b-636d-41fa-8eb6-0b020ee4ebac,formula_not_evaluated,truck 
6a12cba1-889d-4515-90f8-89feb8d662f2,9caaa37b-636d-41fa-8eb6-0b020ee4ebac,formula_not_evaluated,rail 
6a12cba1-889d-4515-90f8-89feb8d662f2,9caaa37b-636d-41fa-8eb6-0b020ee4ebac,formula_not_evaluated,pipeline 
6a12cba1-889d-4515-90f8-89feb8d662f2,9caaa37b-636d-41fa-8eb6-0b020ee4ebac,formula_not_evaluated,tanker
6a12cba1-889d-4515-90f8-89feb8d662f2,0aaf1e13-5d80-37f9-b7bb-81a6b8965c71,coproduct_allocation_review,8
6a12cba1-889d-4515-90f8-89feb8d662f2,0aaf1e13-5d80-37f9-b7bb-81a6b8965c71,formula_not_evaluated,5.5E-9+5.5E-9
6a12cba1-889d-4515-90f8-89feb8d662f2,0aaf1e13-5d80-37f9-b7bb-81a6b8965c71,formula_not_evaluated,6.5E-10+9.3E-19
6a12cba1-889d-4515-90f8-89feb8d662f2,0aaf1e13-5d80-37f9-b7bb-81a6b8965c71,formula_not_evaluated,1.8E-13+3.8E-12
6a12cba1-889d-4515-90f8-89feb8d662f2,a176e34a-573a-44a9-b381-843a7d457df5,formula_not_evaluated,(sh_tn_to_tonne*mass_ash)*transport_distance_ash_landfill 
6a12cba1-889d-4515-90f8-89feb8d662f2,a176e34a-573a-44a9-b381-843a7d457df5,formula_not_evaluated,-steel_recovered
6a12cba1-889d-4515-90f8-89feb8d662f2,a176e34a-573a-44a9-b381-843a7d457df5,formula_not_evaluated,sh_tn_to_tonne *transport_distance_combustion 
6a12cba1-889d-4515-90f8-89feb8d662f2,a176e34a-573a-44a9-b381-843a7d457df5,formula_not_evaluated,1000.0 * (non_biomass_C_content * C_converted_to_CO2_in_combustion * C_to_CO21 / tonne_to_sh_tn1)
6a12cba1-889d-4515-90f8-89feb8d662f2,a176e34a-573a-44a9-b381-843a7d457df5,formula_not_evaluated,1000.0 * (N2O_emission)
6a12cba1-889d-4515-90f8-89feb8d662f2,a176e34a-573a-44a9-b381-843a7d457df5,formula_not_evaluated,3.6 * (energy_content * mass_burn_efficiency * MMBTU_to_kWh1)
6a12cba1-889d-4515-90f8-89feb8d662f2,906167b9-d822-5ed5-aed8-fe34c8588952,formula_not_evaluated,ng_combusted_total * gen_frac * gen_sib_share
6a12cba1-889d-4515-90f8-89feb8d662f2,906167b9-d822-5ed5-aed8-fe34c8588952,formula_not_evaluated,ch4_leakage_active
6a12cba1-889d-4515-90f8-89feb8d662f2,906167b9-d822-5ed5-aed8-fe34c8588952,formula_not_evaluated,ng_combusted_total * comp_frac * comp_re_share
6a12cba1-889d-4515-90f8-89feb8d662f2,906167b9-d822-5ed5-aed8-fe34c8588952,formula_not_evaluated,ng_combusted_total * gen_frac * gen_lgt_share
6a12cba1-889d-4515-90f8-89feb8d662f2,9cdbadf7-c219-51c7-9e22-f4b48c22c0a8,formula_not_evaluated,ng_flared_total
6a12cba1-889d-4515-90f8-89feb8d662f2,9cdbadf7-c219-51c7-9e22-f4b48c22c0a8,formula_not_evaluated,ng_combusted_total * comp_frac * comp_re_share
6a12cba1-889d-4515-90f8-89feb8d662f2,9cdbadf7-c219-51c7-9e22-f4b48c22c0a8,formula_not_evaluated,ch4_leakage_active
6a12cba1-889d-4515-90f8-89feb8d662f2,7aa8e2ff-0e2f-3e6c-b168-ec5168b4be6a,formula_not_evaluated,616000.0*0.0010550559
6a12cba1-889d-4515-90f8-89feb8d662f2,7aa8e2ff-0e2f-3e6c-b168-ec5168b4be6a,formula_not_evaluated,98.0*1000
6a12cba1-889d-4515-90f8-89feb8d662f2,8e3e47ea-ed49-329e-8931-29115917bc81,coproduct_allocation_review,1
6a12cba1-889d-4515-90f8-89feb8d662f2,8e3e47ea-ed49-329e-8931-29115917bc81,formula_not_evaluated,46.4*1000
6a12cba1-889d-4515-90f8-89feb8d662f2,8e3e47ea-ed49-329e-8931-29115917bc81,formula_not_evaluated,7.36*1000
6a12cba1-889d-4515-90f8-89feb8d662f2,d9cadd89-4203-375a-903a-63197cd29c6a,coproduct_allocation_review,2
6a12cba1-889d-4515-90f8-89feb8d662f2,d9cadd89-4203-375a-903a-63197cd29c6a,formula_not_evaluated,119290.0*1000
6a12cba1-889d-4515-90f8-89feb8d662f2,0898854c-e38f-3d23-880f-f8da7d65ca0c,formula_not_evaluated,98.0*1000
6a12cba1-889d-4515-90f8-89feb8d662f2,0879167f-989b-3e3b-b9c5-3c07ea0a3f8e,formula_not_evaluated,98.0*1000
6a12cba1-889d-4515-90f8-89feb8d662f2,5deeead4-4080-41fd-bae0-04d8aea6a656,formula_not_evaluated,pipeline 
6a12cba1-889d-4515-90f8-89feb8d662f2,5deeead4-4080-41fd-bae0-04d8aea6a656,formula_not_evaluated,truck 
6a12cba1-889d-4515-90f8-89feb8d662f2,5deeead4-4080-41fd-bae0-04d8aea6a656,formula_not_evaluated,barge 
6a12cba1-889d-4515-90f8-89feb8d662f2,5deeead4-4080-41fd-bae0-04d8aea6a656,formula_not_evaluated,rail 
6a12cba1-889d-4515-90f8-89feb8d662f2,5deeead4-4080-41fd-bae0-04d8aea6a656,formula_not_evaluated,tanker
6a12cba1-889d-4515-90f8-89feb8d662f2,9ee66dd5-dcc9-3e94-9da3-3a7cc6cddeb3,formula_not_evaluated,7339.5/1000
6a12cba1-889d-4515-90f8-89feb8d662f2,9ee66dd5-dcc9-3e94-9da3-3a7cc6cddeb3,formula_not_evaluated,11.176/1000
6a12cba1-889d-4515-90f8-89feb8d662f2,a3e150d0-770e-4e2a-9b19-f7daa8cda38b,coproduct_allocation_review,2
6a12cba1-889d-4515-90f8-89feb8d662f2,a3e150d0-770e-4e2a-9b19-f7daa8cda38b,formula_not_evaluated,18.4290167156447/1000
6a12cba1-889d-4515-90f8-89feb8d662f2,a3e150d0-770e-4e2a-9b19-f7daa8cda38b,formula_not_evaluated,0.0896568370477656/9.5
6a12cba1-889d-4515-90f8-89feb8d662f2,a3e150d0-770e-4e2a-9b19-f7daa8cda38b,formula_not_evaluated,0.000275088436300113*1000000
6a12cba1-889d-4515-90f8-89feb8d662f2,a3e150d0-770e-4e2a-9b19-f7daa8cda38b,formula_not_evaluated,0.387973315090374/9.65
6a12cba1-889d-4515-90f8-89feb8d662f2,5bcf8b86-866d-45b6-8e00-e1ea39c03c53,formula_not_evaluated,Diesel_energy_consumption_operation1
6a12cba1-889d-4515-90f8-89feb8d662f2,5bcf8b86-866d-45b6-8e00-e1ea39c03c53,formula_not_evaluated,sh_tn_to_tonne * transport_distance_landfill 
6a12cba1-889d-4515-90f8-89feb8d662f2,f002e825-5cb6-3949-be51-863c7fe5d5da,formula_not_evaluated,1.0*1000
6a12cba1-889d-4515-90f8-89feb8d662f2,f002e825-5cb6-3949-be51-863c7fe5d5da,formula_not_evaluated,0.5*1000
6a12cba1-889d-4515-90f8-89feb8d662f2,f002e825-5cb6-3949-be51-863c7fe5d5da,formula_not_evaluated,0.5*1000
6a12cba1-889d-4515-90f8-89feb8d662f2,9109d57c-8234-3569-a2e6-0e4671b524d9,formula_not_evaluated,1.0*1000
6a12cba1-889d-4515-90f8-89feb8d662f2,88aee762-4aa0-301f-b579-cca5d636aa0d,coproduct_allocation_review,1
6a12cba1-889d-4515-90f8-89feb8d662f2,2753c5de-221b-369a-84de-689d354b8b2d,formula_not_evaluated,1.0*1000
6a12cba1-889d-4515-90f8-89feb8d662f2,2753c5de-221b-369a-84de-689d354b8b2d,formula_not_evaluated,1.0*1000
6a12cba1-889d-4515-90f8-89feb8d662f2,4c6f7612-c4b8-36d1-803a-8fb067b1b319,formula_not_evaluated,1.0*1000
6a12cba1-889d-4515-90f8-89feb8d662f2,4c6f7612-c4b8-36d1-803a-8fb067b1b319,formula_not_evaluated,1.0*1000
6a12cba1-889d-4515-90f8-89feb8d662f2,de1c6afd-8438-52bc-8953-f33ff330c737,formula_not_evaluated,ng_flared_total
6a12cba1-889d-4515-90f8-89feb8d662f2,de1c6afd-8438-52bc-8953-f33ff330c737,formula_not_evaluated,ng_combusted_total * comp_frac * comp_re_share
6a12cba1-889d-4515-90f8-89feb8d662f2,de1c6afd-8438-52bc-8953-f33ff330c737,formula_not_evaluated,ch4_leakage_active
6a12cba1-889d-4515-90f8-89feb8d662f2,2dc0b1d4-9047-5854-82da-17a2392fb07a,formula_not_evaluated,ch4_leakage_active
6a12cba1-889d-4515-90f8-89feb8d662f2,2dc0b1d4-9047-5854-82da-17a2392fb07a,formula_not_evaluated,ng_combusted_total * comp_frac * comp_re_share
6a12cba1-889d-4515-90f8-89feb8d662f2,2dc0b1d4-9047-5854-82da-17a2392fb07a,formula_not_evaluated,ng_flared_total
6a12cba1-889d-4515-90f8-89feb8d662f2,bbe02aa9-9e42-5341-ba17-9d8ee613b0e3,formula_not_evaluated,ng_combusted_total * comp_frac * comp_re_share
6a12cba1-889d-4515-90f8-89feb8d662f2,bbe02aa9-9e42-5341-ba17-9d8ee613b0e3,formula_not_evaluated,ng_flared_total
6a12cba1-889d-4515-90f8-89feb8d662f2,bbe02aa9-9e42-5341-ba17-9d8ee613b0e3,formula_not_evaluated,ch4_leakage_active
6a12cba1-889d-4515-90f8-89feb8d662f2,e0368d96-44a3-3628-8220-e6ae975b0931,formula_not_evaluated,1.5369/1000
6a12cba1-889d-4515-90f8-89feb8d662f2,e0368d96-44a3-3628-8220-e6ae975b0931,formula_not_evaluated,1010.7/1000
6a12cba1-889d-4515-90f8-89feb8d662f2,f9cf891e-fd8c-304c-9707-4a7e390b9e75,coproduct_allocation_review,3
6a12cba1-889d-4515-90f8-89feb8d662f2,3cfa52ac-c3d6-3ce2-b8f4-211bf63d7088,formula_not_evaluated,1.0*1000
6a12cba1-889d-4515-90f8-89feb8d662f2,3cfa52ac-c3d6-3ce2-b8f4-211bf63d7088,formula_not_evaluated,0.97003389*1000
6a12cba1-889d-4515-90f8-89feb8d662f2,3cfa52ac-c3d6-3ce2-b8f4-211bf63d7088,formula_not_evaluated,1.33*1000
6a12cba1-889d-4515-90f8-89feb8d662f2,4e38a874-76e2-3c20-bc6a-eea62883ebaa,formula_not_evaluated,1.0*1000
6a12cba1-889d-4515-90f8-89feb8d662f2,4e38a874-76e2-3c20-bc6a-eea62883ebaa,formula_not_evaluated,1.33*1000
6a12cba1-889d-4515-90f8-89feb8d662f2,4e38a874-76e2-3c20-bc6a-eea62883ebaa,formula_not_evaluated,0.88*1000
6a12cba1-889d-4515-90f8-89feb8d662f2,1cbbcd09-ea17-3d9b-bc34-2cf42efe26ba,formula_not_evaluated,1.0*10000
6a12cba1-889d-4515-90f8-89feb8d662f2,1cbbcd09-ea17-3d9b-bc34-2cf42efe26ba,formula_not_evaluated,0.404*10000
6a12cba1-889d-4515-90f8-89feb8d662f2,1cbbcd09-ea17-3d9b-bc34-2cf42efe26ba,formula_not_evaluated,0.354*10000
6a12cba1-889d-4515-90f8-89feb8d662f2,1cbbcd09-ea17-3d9b-bc34-2cf42efe26ba,formula_not_evaluated,1.0*10000
6a12cba1-889d-4515-90f8-89feb8d662f2,1cbbcd09-ea17-3d9b-bc34-2cf42efe26ba,formula_not_evaluated,0.685*10000
6a12cba1-889d-4515-90f8-89feb8d662f2,1cbbcd09-ea17-3d9b-bc34-2cf42efe26ba,formula_not_evaluated,0.58*10000
6a12cba1-889d-4515-90f8-89feb8d662f2,1cbbcd09-ea17-3d9b-bc34-2cf42efe26ba,formula_not_evaluated,1.0*10000
6a12cba1-889d-4515-90f8-89feb8d662f2,1cbbcd09-ea17-3d9b-bc34-2cf42efe26ba,formula_not_evaluated,0.242*10000
6a12cba1-889d-4515-90f8-89feb8d662f2,1cbbcd09-ea17-3d9b-bc34-2cf42efe26ba,formula_not_evaluated,1.0*10000
6a12cba1-889d-4515-90f8-89feb8d662f2,1cbbcd09-ea17-3d9b-bc34-2cf42efe26ba,formula_not_evaluated,1.0*10000
6a12cba1-889d-4515-90f8-89feb8d662f2,1b8709a5-5df4-4c52-85e4-dd6e7ed8deba,coproduct_allocation_review,2
6a12cba1-889d-4515-90f8-89feb8d662f2,7564cc52-b294-42c8-8320-7dd680296c81,formula_not_evaluated,0.0817*Energy_Recovered 
6a12cba1-889d-4515-90f8-89feb8d662f2,956b53b9-dd05-35ae-a072-69f1f6906290,coproduct_allocation_review,1
6a12cba1-889d-4515-90f8-89feb8d662f2,96087256-d181-30c8-ae17-f25e1f0eab0c,formula_not_evaluated,0.772*1000
6a12cba1-889d-4515-90f8-89feb8d662f2,96087256-d181-30c8-ae17-f25e1f0eab0c,formula_not_evaluated,0.136*1000
6a12cba1-889d-4515-90f8-89feb8d662f2,96087256-d181-30c8-ae17-f25e1f0eab0c,formula_not_evaluated,0.908*1000
6a12cba1-889d-4515-90f8-89feb8d662f2,25b4ad17-ccd9-36ff-8ed5-4ad7b4814ae3,formula_not_evaluated,0.97003*1000
6a12cba1-889d-4515-90f8-89feb8d662f2,25b4ad17-ccd9-36ff-8ed5-4ad7b4814ae3,formula_not_evaluated,1.33*1000
6a12cba1-889d-4515-90f8-89feb8d662f2,4be84642-28cb-3508-9189-d8afcec42d92,formula_not_evaluated,1.0*1000
6a12cba1-889d-4515-90f8-89feb8d662f2,4be84642-28cb-3508-9189-d8afcec42d92,formula_not_evaluated,1.28*1000
6a12cba1-889d-4515-90f8-89feb8d662f2,4be84642-28cb-3508-9189-d8afcec42d92,formula_not_evaluated,0.93145*1000
6a12cba1-889d-4515-90f8-89feb8d662f2,b7df275b-009c-591c-b3fc-8fe0ae2c2ce1,formula_not_evaluated,ch4_leakage_active
6a12cba1-889d-4515-90f8-89feb8d662f2,b7df275b-009c-591c-b3fc-8fe0ae2c2ce1,formula_not_evaluated,ng_flared_total
6a12cba1-889d-4515-90f8-89feb8d662f2,b7df275b-009c-591c-b3fc-8fe0ae2c2ce1,formula_not_evaluated,ng_combusted_total * comp_frac * comp_re_share
6a12cba1-889d-4515-90f8-89feb8d662f2,1e777c15-dde0-5b79-8a9d-08ea05f5bde2,formula_not_evaluated,ng_flared_total
6a12cba1-889d-4515-90f8-89feb8d662f2,1e777c15-dde0-5b79-8a9d-08ea05f5bde2,formula_not_evaluated,ng_combusted_total * comp_frac * comp_re_share
6a12cba1-889d-4515-90f8-89feb8d662f2,1e777c15-dde0-5b79-8a9d-08ea05f5bde2,formula_not_evaluated,ch4_leakage_active
6a12cba1-889d-4515-90f8-89feb8d662f2,6d77f96e-54ae-5c2b-944f-12a70226f20a,formula_not_evaluated,ng_flared_total
6a12cba1-889d-4515-90f8-89feb8d662f2,6d77f96e-54ae-5c2b-944f-12a70226f20a,formula_not_evaluated,ng_combusted_total * comp_frac * comp_re_share
6a12cba1-889d-4515-90f8-89feb8d662f2,6d77f96e-54ae-5c2b-944f-12a70226f20a,formula_not_evaluated,ch4_leakage_active
6a12cba1-889d-4515-90f8-89feb8d662f2,a591c53f-ce67-41da-b0c1-65b6d91a1a43,coproduct_allocation_review,2
6a12cba1-889d-4515-90f8-89feb8d662f2,c245a252-0860-41d2-9789-802bab7984ab,coproduct_allocation_review,2
6a12cba1-889d-4515-90f8-89feb8d662f2,c245a252-0860-41d2-9789-802bab7984ab,formula_not_evaluated,1.359937463+0.046461804+0.263182311-0.071718049
6a12cba1-889d-4515-90f8-89feb8d662f2,99898750-1f41-3c25-8ee0-aaae4b6697d0,formula_not_evaluated,0.476*1000
6a12cba1-889d-4515-90f8-89feb8d662f2,99898750-1f41-3c25-8ee0-aaae4b6697d0,formula_not_evaluated,0.397*10000
6a12cba1-889d-4515-90f8-89feb8d662f2,3221bb51-ac5f-36b7-a5c4-d81a5c65ccf0,formula_not_evaluated,0.476*1000
6a12cba1-889d-4515-90f8-89feb8d662f2,3221bb51-ac5f-36b7-a5c4-d81a5c65ccf0,formula_not_evaluated,0.342*10000
6a12cba1-889d-4515-90f8-89feb8d662f2,d5b0f333-d1b3-3ba1-8111-b036b67589f8,formula_not_evaluated,1.0*10000
6a12cba1-889d-4515-90f8-89feb8d662f2,d5b0f333-d1b3-3ba1-8111-b036b67589f8,formula_not_evaluated,2.0*10000
6a12cba1-889d-4515-90f8-89feb8d662f2,24ccf5c5-25f5-35da-bead-5edf4e14cdc1,formula_not_evaluated,1.0*10000
6a12cba1-889d-4515-90f8-89feb8d662f2,24ccf5c5-25f5-35da-bead-5edf4e14cdc1,formula_not_evaluated,1.0*10000
6a12cba1-889d-4515-90f8-89feb8d662f2,2813d2f3-6813-34d8-b47b-b464f390bcaf,formula_not_evaluated,1.0*10000
6a12cba1-889d-4515-90f8-89feb8d662f2,2813d2f3-6813-34d8-b47b-b464f390bcaf,formula_not_evaluated,2.0*10000
6a12cba1-889d-4515-90f8-89feb8d662f2,515c5359-a186-3394-b849-8676652228db,formula_not_evaluated,1.0*1000
6a12cba1-889d-4515-90f8-89feb8d662f2,515c5359-a186-3394-b849-8676652228db,formula_not_evaluated,0.056875*44.45
6a12cba1-889d-4515-90f8-89feb8d662f2,727c4049-41db-3645-a4f9-af66fa92dee0,formula_not_evaluated,9.07*1000
6a12cba1-889d-4515-90f8-89feb8d662f2,727c4049-41db-3645-a4f9-af66fa92dee0,formula_not_evaluated,9.07*1000
6a12cba1-889d-4515-90f8-89feb8d662f2,c0138d7e-3eac-3b37-b27a-58c9d5a2d1cf,formula_not_evaluated,1.71*1000
6a12cba1-889d-4515-90f8-89feb8d662f2,c0138d7e-3eac-3b37-b27a-58c9d5a2d1cf,formula_not_evaluated,0.405*10000
6a12cba1-889d-4515-90f8-89feb8d662f2,4d4122ba-1573-5c75-803a-7ec4b3946e93,formula_not_evaluated,ng_combusted_total * gen_frac * gen_lgt_share
6a12cba1-889d-4515-90f8-89feb8d662f2,4d4122ba-1573-5c75-803a-7ec4b3946e93,formula_not_evaluated,ng_flared_total
6a12cba1-889d-4515-90f8-89feb8d662f2,4d4122ba-1573-5c75-803a-7ec4b3946e93,formula_not_evaluated,ch4_leakage_active
6a12cba1-889d-4515-90f8-89feb8d662f2,4d4122ba-1573-5c75-803a-7ec4b3946e93,formula_not_evaluated,ng_combusted_total * gen_frac * gen_sib_share
6a12cba1-889d-4515-90f8-89feb8d662f2,4d4122ba-1573-5c75-803a-7ec4b3946e93,formula_not_evaluated,ng_combusted_total * comp_frac * comp_re_share
6a12cba1-889d-4515-90f8-89feb8d662f2,eb6f9433-0dae-5a9b-b1b8-35cbdaed3444,formula_not_evaluated,ng_combusted_total * gen_frac * gen_sib_share
6a12cba1-889d-4515-90f8-89feb8d662f2,eb6f9433-0dae-5a9b-b1b8-35cbdaed3444,formula_not_evaluated,ng_flared_total
6a12cba1-889d-4515-90f8-89feb8d662f2,eb6f9433-0dae-5a9b-b1b8-35cbdaed3444,formula_not_evaluated,ng_combusted_total * comp_frac * comp_re_share
6a12cba1-889d-4515-90f8-89feb8d662f2,eb6f9433-0dae-5a9b-b1b8-35cbdaed3444,formula_not_evaluated,ng_combusted_total * gen_frac * gen_lgt_share
6a12cba1-889d-4515-90f8-89feb8d662f2,eb6f9433-0dae-5a9b-b1b8-35cbdaed3444,formula_not_evaluated,ch4_leakage_active
6a12cba1-889d-4515-90f8-89feb8d662f2,3d450571-a036-52fb-ab65-131bf8257822,formula_not_evaluated,ng_combusted_total * gen_frac * gen_lgt_share
6a12cba1-889d-4515-90f8-89feb8d662f2,3d450571-a036-52fb-ab65-131bf8257822,formula_not_evaluated,ng_combusted_total * comp_frac * comp_re_share
6a12cba1-889d-4515-90f8-89feb8d662f2,3d450571-a036-52fb-ab65-131bf8257822,formula_not_evaluated,ng_flared_total
6a12cba1-889d-4515-90f8-89feb8d662f2,3d450571-a036-52fb-ab65-131bf8257822,formula_not_evaluated,ch4_leakage_active
6a12cba1-889d-4515-90f8-89feb8d662f2,3d450571-a036-52fb-ab65-131bf8257822,formula_not_evaluated,ng_combusted_total * gen_frac * gen_sib_share
6a12cba1-889d-4515-90f8-89feb8d662f2,31dd79aa-94df-31b9-b81f-8b1d436581da,formula_not_evaluated,1000.0
6a12cba1-889d-4515-90f8-89feb8d662f2,31dd79aa-94df-31b9-b81f-8b1d436581da,formula_not_evaluated,1187.1
6a12cba1-889d-4515-90f8-89feb8d662f2,31dd79aa-94df-31b9-b81f-8b1d436581da,formula_not_evaluated,1187.1
6a12cba1-889d-4515-90f8-89feb8d662f2,31dd79aa-94df-31b9-b81f-8b1d436581da,formula_not_evaluated,1187.1
6a12cba1-889d-4515-90f8-89feb8d662f2,31dd79aa-94df-31b9-b81f-8b1d436581da,formula_not_evaluated,1187.1
6a12cba1-889d-4515-90f8-89feb8d662f2,ce587724-1be4-3da0-b7a2-988592c28b9a,coproduct_allocation_review,5
6a12cba1-889d-4515-90f8-89feb8d662f2,cbf4023b-71f7-36b7-8c45-ea43bc2f108c,coproduct_allocation_review,4
6a12cba1-889d-4515-90f8-89feb8d662f2,1e4fd434-9cd2-402a-8ebf-43891d0dd591,formula_not_evaluated,1.26E-4*3.78541
6a12cba1-889d-4515-90f8-89feb8d662f2,1e4fd434-9cd2-402a-8ebf-43891d0dd591,formula_not_evaluated,2.0E-4*0.028317
6a12cba1-889d-4515-90f8-89feb8d662f2,3dbccdda-2014-4239-ad1f-4e15c034942b,formula_not_evaluated,3.46E0+8.84E-03+2.67E0
6a12cba1-889d-4515-90f8-89feb8d662f2,3dbccdda-2014-4239-ad1f-4e15c034942b,formula_not_evaluated,2.48E-3+4.48E-4
6a12cba1-889d-4515-90f8-89feb8d662f2,3dbccdda-2014-4239-ad1f-4e15c034942b,formula_not_evaluated,5.3/1000
6a12cba1-889d-4515-90f8-89feb8d662f2,3dbccdda-2014-4239-ad1f-4e15c034942b,formula_not_evaluated,2.71E-2+5.39E-03
6a12cba1-889d-4515-90f8-89feb8d662f2,3dbccdda-2014-4239-ad1f-4e15c034942b,formula_not_evaluated,3.08E-3+1.32E-04
6a12cba1-889d-4515-90f8-89feb8d662f2,3dbccdda-2014-4239-ad1f-4e15c034942b,formula_not_evaluated,2.24E-3+1.48E-4
6a12cba1-889d-4515-90f8-89feb8d662f2,0e42a306-ee2d-362e-8bc3-580000096459,formula_not_evaluated,1.4E-4+0.0024
6a12cba1-889d-4515-90f8-89feb8d662f2,a3b730ce-d657-383b-b485-e5d082d96424,formula_not_evaluated,1.0*10000
6a12cba1-889d-4515-90f8-89feb8d662f2,a3b730ce-d657-383b-b485-e5d082d96424,formula_not_evaluated,0.32*10000
6a12cba1-889d-4515-90f8-89feb8d662f2,55d8bf4f-025a-3927-bb96-235d37ba79fc,formula_not_evaluated,1.0*10000
6a12cba1-889d-4515-90f8-89feb8d662f2,55d8bf4f-025a-3927-bb96-235d37ba79fc,formula_not_evaluated,1.0*10000
6a12cba1-889d-4515-90f8-89feb8d662f2,f04300c5-ea44-3525-b6ab-c4b8b27b127e,formula_not_evaluated,9.33E-5*10000
6a12cba1-889d-4515-90f8-89feb8d662f2,f04300c5-ea44-3525-b6ab-c4b8b27b127e,formula_not_evaluated,9.33E-5*10000
6a12cba1-889d-4515-90f8-89feb8d662f2,4d09380a-6297-392c-b1bb-74534b4d3d8e,formula_not_evaluated,1.0*10000
6a12cba1-889d-4515-90f8-89feb8d662f2,4d09380a-6297-392c-b1bb-74534b4d3d8e,formula_not_evaluated,0.315*10000
6a12cba1-889d-4515-90f8-89feb8d662f2,313bc9b6-6559-5ba9-a2f4-b1796c4ce4d2,formula_not_evaluated,ng_combusted_total * gen_frac * gen_sib_share
6a12cba1-889d-4515-90f8-89feb8d662f2,313bc9b6-6559-5ba9-a2f4-b1796c4ce4d2,formula_not_evaluated,ng_combusted_total * gen_frac * gen_lgt_share
6a12cba1-889d-4515-90f8-89feb8d662f2,313bc9b6-6559-5ba9-a2f4-b1796c4ce4d2,formula_not_evaluated,ng_flared_total
6a12cba1-889d-4515-90f8-89feb8d662f2,313bc9b6-6559-5ba9-a2f4-b1796c4ce4d2,formula_not_evaluated,ng_combusted_total * comp_frac * comp_re_share
6a12cba1-889d-4515-90f8-89feb8d662f2,313bc9b6-6559-5ba9-a2f4-b1796c4ce4d2,formula_not_evaluated,ch4_leakage_active
6a12cba1-889d-4515-90f8-89feb8d662f2,32c6492e-98bf-50e0-a267-fffa2a9fd398,formula_not_evaluated,ng_combusted_total * gen_frac * gen_sib_share
6a12cba1-889d-4515-90f8-89feb8d662f2,32c6492e-98bf-50e0-a267-fffa2a9fd398,formula_not_evaluated,ng_combusted_total * comp_frac * comp_re_share
6a12cba1-889d-4515-90f8-89feb8d662f2,32c6492e-98bf-50e0-a267-fffa2a9fd398,formula_not_evaluated,ng_combusted_total * gen_frac * gen_lgt_share
6a12cba1-889d-4515-90f8-89feb8d662f2,32c6492e-98bf-50e0-a267-fffa2a9fd398,formula_not_evaluated,ch4_leakage_active
6a12cba1-889d-4515-90f8-89feb8d662f2,32c6492e-98bf-50e0-a267-fffa2a9fd398,formula_not_evaluated,ng_flared_total
6a12cba1-889d-4515-90f8-89feb8d662f2,4c427e2b-01a9-5be8-afa1-dc5d4a537213,formula_not_evaluated,ng_flared_total
6a12cba1-889d-4515-90f8-89feb8d662f2,4c427e2b-01a9-5be8-afa1-dc5d4a537213,formula_not_evaluated,ch4_leakage_active
6a12cba1-889d-4515-90f8-89feb8d662f2,9d7c7f3e-7182-3444-9024-8915c71a803b,formula_not_evaluated,1000.0
6a12cba1-889d-4515-90f8-89feb8d662f2,9d7c7f3e-7182-3444-9024-8915c71a803b,formula_not_evaluated,1000.0
6a12cba1-889d-4515-90f8-89feb8d662f2,be9d17bb-1253-3a1a-b9dc-09c65751805f,formula_not_evaluated,1000.0
6a12cba1-889d-4515-90f8-89feb8d662f2,be9d17bb-1253-3a1a-b9dc-09c65751805f,formula_not_evaluated,(0.44153)
6a12cba1-889d-4515-90f8-89feb8d662f2,bb0f94e7-300d-342e-9d5e-3cc00121f850,formula_not_evaluated,1000.0
6a12cba1-889d-4515-90f8-89feb8d662f2,bb0f94e7-300d-342e-9d5e-3cc00121f850,formula_not_evaluated,((1.7E-4 + 7.14E-4) / 2)
6a12cba1-889d-4515-90f8-89feb8d662f2,bb0f94e7-300d-342e-9d5e-3cc00121f850,formula_not_evaluated,1000
6a12cba1-889d-4515-90f8-89feb8d662f2,bb0f94e7-300d-342e-9d5e-3cc00121f850,formula_not_evaluated,1000.0
6a12cba1-889d-4515-90f8-89feb8d662f2,bb0f94e7-300d-342e-9d5e-3cc00121f850,formula_not_evaluated,1000
6a12cba1-889d-4515-90f8-89feb8d662f2,bb0f94e7-300d-342e-9d5e-3cc00121f850,formula_not_evaluated,1000
6a12cba1-889d-4515-90f8-89feb8d662f2,bb0f94e7-300d-342e-9d5e-3cc00121f850,formula_not_evaluated,0.3424*1000/35.3
6a12cba1-889d-4515-90f8-89feb8d662f2,bb0f94e7-300d-342e-9d5e-3cc00121f850,formula_not_evaluated,1000
6a12cba1-889d-4515-90f8-89feb8d662f2,bb0f94e7-300d-342e-9d5e-3cc00121f850,formula_not_evaluated,nahypo 
6a12cba1-889d-4515-90f8-89feb8d662f2,bb0f94e7-300d-342e-9d5e-3cc00121f850,formula_not_evaluated,1000
6a12cba1-889d-4515-90f8-89feb8d662f2,a6d58af5-1d23-3200-8de2-2e23582f1551,formula_not_evaluated,1000.0
6a12cba1-889d-4515-90f8-89feb8d662f2,a6d58af5-1d23-3200-8de2-2e23582f1551,formula_not_evaluated,(chlorineinput)
6a12cba1-889d-4515-90f8-89feb8d662f2,a6d58af5-1d23-3200-8de2-2e23582f1551,formula_not_evaluated,1000
6a12cba1-889d-4515-90f8-89feb8d662f2,a6d58af5-1d23-3200-8de2-2e23582f1551,formula_not_evaluated,((0.00136 + 0.002737) / 2)
6a12cba1-889d-4515-90f8-89feb8d662f2,a6d58af5-1d23-3200-8de2-2e23582f1551,formula_not_evaluated,1.609344 * (((0.00792 + 0.015939) / 2))
6a12cba1-889d-4515-90f8-89feb8d662f2,4eb5b312-c3dd-3720-b8b6-814953d7c937,formula_not_evaluated,1000.0
6a12cba1-889d-4515-90f8-89feb8d662f2,4eb5b312-c3dd-3720-b8b6-814953d7c937,formula_not_evaluated,1000
6a12cba1-889d-4515-90f8-89feb8d662f2,a0bada1b-1891-46af-81af-90d0664bee40,formula_not_evaluated,5.38*10E-4
6a12cba1-889d-4515-90f8-89feb8d662f2,a0bada1b-1891-46af-81af-90d0664bee40,formula_not_evaluated,4.17*10E-7
6a12cba1-889d-4515-90f8-89feb8d662f2,4a42fda8-640a-3152-9741-f64c558be34d,coproduct_allocation_review,1
6a12cba1-889d-4515-90f8-89feb8d662f2,d85c6177-4580-35f0-afd6-52125ababf10,coproduct_allocation_review,1
6a12cba1-889d-4515-90f8-89feb8d662f2,53bb995e-2b64-4464-87f4-a3b79dcd1c32,formula_not_evaluated,0.104371585+3.92E-02
6a12cba1-889d-4515-90f8-89feb8d662f2,53bb995e-2b64-4464-87f4-a3b79dcd1c32,formula_not_evaluated,4.73E0+6.42E-02
6a12cba1-889d-4515-90f8-89feb8d662f2,53bb995e-2b64-4464-87f4-a3b79dcd1c32,formula_not_evaluated,4.91E-7+5.26E-4
6a12cba1-889d-4515-90f8-89feb8d662f2,53bb995e-2b64-4464-87f4-a3b79dcd1c32,formula_not_evaluated,1.91E0/1000
6a12cba1-889d-4515-90f8-89feb8d662f2,53bb995e-2b64-4464-87f4-a3b79dcd1c32,formula_not_evaluated,5.06E-01+1.48E-02
6a12cba1-889d-4515-90f8-89feb8d662f2,14b0912f-fb6d-321d-8f42-0ea35918689f,formula_not_evaluated,1.0*10000
6a12cba1-889d-4515-90f8-89feb8d662f2,9c36427d-76de-314c-bfca-4d714b71c9a5,formula_not_evaluated,1.0*10000
6a12cba1-889d-4515-90f8-89feb8d662f2,9c36427d-76de-314c-bfca-4d714b71c9a5,formula_not_evaluated,1.0*10000
6a12cba1-889d-4515-90f8-89feb8d662f2,9c36427d-76de-314c-bfca-4d714b71c9a5,formula_not_evaluated,0.333*10000
6a12cba1-889d-4515-90f8-89feb8d662f2,9c36427d-76de-314c-bfca-4d714b71c9a5,formula_not_evaluated,0.333*10000
6a12cba1-889d-4515-90f8-89feb8d662f2,9c36427d-76de-314c-bfca-4d714b71c9a5,formula_not_evaluated,1.0*10000
6a12cba1-889d-4515-90f8-89feb8d662f2,9c36427d-76de-314c-bfca-4d714b71c9a5,formula_not_evaluated,0.1*10000
6a12cba1-889d-4515-90f8-89feb8d662f2,9c36427d-76de-314c-bfca-4d714b71c9a5,formula_not_evaluated,0.1*10000
6a12cba1-889d-4515-90f8-89feb8d662f2,9c36427d-76de-314c-bfca-4d714b71c9a5,formula_not_evaluated,0.333*10000
6a12cba1-889d-4515-90f8-89feb8d662f2,9c36427d-76de-314c-bfca-4d714b71c9a5,formula_not_evaluated,10.0*10000
6a12cba1-889d-4515-90f8-89feb8d662f2,238589f8-deaf-3218-84e9-703a9bd7f3e1,formula_not_evaluated,1.0*10000
6a12cba1-889d-4515-90f8-89feb8d662f2,6bf03929-c98a-32e8-b816-17c4908a069d,formula_not_evaluated,1000.0
6a12cba1-889d-4515-90f8-89feb8d662f2,6bf03929-c98a-32e8-b816-17c4908a069d,formula_not_evaluated,1000.0
6a12cba1-889d-4515-90f8-89feb8d662f2,6bf03929-c98a-32e8-b816-17c4908a069d,formula_not_evaluated,1000
6a12cba1-889d-4515-90f8-89feb8d662f2,6bf03929-c98a-32e8-b816-17c4908a069d,formula_not_evaluated,((1.7E-4 + 7.14E-4) / 2)
6a12cba1-889d-4515-90f8-89feb8d662f2,6bf03929-c98a-32e8-b816-17c4908a069d,formula_not_evaluated,((0.617 + 2.163) / 2)
6a12cba1-889d-4515-90f8-89feb8d662f2,6bf03929-c98a-32e8-b816-17c4908a069d,formula_not_evaluated,(0.082 + 0.173) / 2
6a12cba1-889d-4515-90f8-89feb8d662f2,6bf03929-c98a-32e8-b816-17c4908a069d,formula_not_evaluated,((0.004319 + 0.015141) / 2)
6a12cba1-889d-4515-90f8-89feb8d662f2,6bf03929-c98a-32e8-b816-17c4908a069d,formula_not_evaluated,((0.001394 + 0.002941) / 2)
6a12cba1-889d-4515-90f8-89feb8d662f2,0577d79b-9d3d-334f-a390-84d70c142d53,formula_not_evaluated,1.0
6a12cba1-889d-4515-90f8-89feb8d662f2,0577d79b-9d3d-334f-a390-84d70c142d53,formula_not_evaluated,0.0020923
6a12cba1-889d-4515-90f8-89feb8d662f2,f035c561-be3b-3958-adf6-a5d04ac8754a,formula_not_evaluated,1000.0
6a12cba1-889d-4515-90f8-89feb8d662f2,f035c561-be3b-3958-adf6-a5d04ac8754a,formula_not_evaluated,((0.001425 + 0.0025575) / 2)
6a12cba1-889d-4515-90f8-89feb8d662f2,f035c561-be3b-3958-adf6-a5d04ac8754a,formula_not_evaluated,((0.19 + 0.341) / 2)
6a12cba1-889d-4515-90f8-89feb8d662f2,f035c561-be3b-3958-adf6-a5d04ac8754a,formula_not_evaluated,1.609344 * (((0.08835 + 0.15856) / 2))
6a12cba1-889d-4515-90f8-89feb8d662f2,f035c561-be3b-3958-adf6-a5d04ac8754a,formula_not_evaluated,1000
6a12cba1-889d-4515-90f8-89feb8d662f2,89b282f3-cbda-3c5e-9521-61607e44d326,formula_not_evaluated,1.0
6a12cba1-889d-4515-90f8-89feb8d662f2,89b282f3-cbda-3c5e-9521-61607e44d326,formula_not_evaluated,7.0895E-6
6a12cba1-889d-4515-90f8-89feb8d662f2,89b282f3-cbda-3c5e-9521-61607e44d326,formula_not_evaluated,4.0554E-5
6a12cba1-889d-4515-90f8-89feb8d662f2,89b282f3-cbda-3c5e-9521-61607e44d326,formula_not_evaluated,3.9247E-5
6a12cba1-889d-4515-90f8-89feb8d662f2,89b282f3-cbda-3c5e-9521-61607e44d326,formula_not_evaluated,8.7889E-6
6a12cba1-889d-4515-90f8-89feb8d662f2,89b282f3-cbda-3c5e-9521-61607e44d326,formula_not_evaluated,2.3834E-6
6a12cba1-889d-4515-90f8-89feb8d662f2,68ca1e82-093d-3fa3-abe4-f7054f3a2a92,formula_not_evaluated,1.0
6a12cba1-889d-4515-90f8-89feb8d662f2,68ca1e82-093d-3fa3-abe4-f7054f3a2a92,formula_not_evaluated,3.2044E-8
6a12cba1-889d-4515-90f8-89feb8d662f2,68ca1e82-093d-3fa3-abe4-f7054f3a2a92,formula_not_evaluated,2.8795E-5
6a12cba1-889d-4515-90f8-89feb8d662f2,68ca1e82-093d-3fa3-abe4-f7054f3a2a92,formula_not_evaluated,6.4489E-5
6a12cba1-889d-4515-90f8-89feb8d662f2,6017be4d-8df3-31bf-9597-756852c8f18d,formula_not_evaluated,1.0
6a12cba1-889d-4515-90f8-89feb8d662f2,6017be4d-8df3-31bf-9597-756852c8f18d,formula_not_evaluated,5.4109E-5
6a12cba1-889d-4515-90f8-89feb8d662f2,6017be4d-8df3-31bf-9597-756852c8f18d,formula_not_evaluated,6.8249E-6
6a12cba1-889d-4515-90f8-89feb8d662f2,6017be4d-8df3-31bf-9597-756852c8f18d,formula_not_evaluated,8.769E-6
6a12cba1-889d-4515-90f8-89feb8d662f2,6017be4d-8df3-31bf-9597-756852c8f18d,formula_not_evaluated,7.6677E-6
6a12cba1-889d-4515-90f8-89feb8d662f2,6017be4d-8df3-31bf-9597-756852c8f18d,formula_not_evaluated,6.7006E-6
6a12cba1-889d-4515-90f8-89feb8d662f2,6017be4d-8df3-31bf-9597-756852c8f18d,formula_not_evaluated,1.2666E-4
6a12cba1-889d-4515-90f8-89feb8d662f2,6017be4d-8df3-31bf-9597-756852c8f18d,formula_not_evaluated,7.9314E-6
6a12cba1-889d-4515-90f8-89feb8d662f2,6017be4d-8df3-31bf-9597-756852c8f18d,formula_not_evaluated,1.5639E-4
6a12cba1-889d-4515-90f8-89feb8d662f2,6017be4d-8df3-31bf-9597-756852c8f18d,formula_not_evaluated,1.365E-5
6a12cba1-889d-4515-90f8-89feb8d662f2,6017be4d-8df3-31bf-9597-756852c8f18d,formula_not_evaluated,6.4922E-6
6a12cba1-889d-4515-90f8-89feb8d662f2,6017be4d-8df3-31bf-9597-756852c8f18d,formula_not_evaluated,7.1023E-6
6a12cba1-889d-4515-90f8-89feb8d662f2,6017be4d-8df3-31bf-9597-756852c8f18d,formula_not_evaluated,7.24E-04
6a12cba1-889d-4515-90f8-89feb8d662f2,6017be4d-8df3-31bf-9597-756852c8f18d,formula_not_evaluated,4.9742E-6
6a12cba1-889d-4515-90f8-89feb8d662f2,6017be4d-8df3-31bf-9597-756852c8f18d,formula_not_evaluated,3.034E-6
6a12cba1-889d-4515-90f8-89feb8d662f2,c4a05231-fcf5-38cd-ae11-3f0edfd40d82,formula_not_evaluated,1.0
6a12cba1-889d-4515-90f8-89feb8d662f2,c4a05231-fcf5-38cd-ae11-3f0edfd40d82,formula_not_evaluated,5.9849E-5
6a12cba1-889d-4515-90f8-89feb8d662f2,c4a05231-fcf5-38cd-ae11-3f0edfd40d82,formula_not_evaluated,4.4754E-6
6a12cba1-889d-4515-90f8-89feb8d662f2,403216d9-b675-389c-8c3b-e144201bb6e9,formula_not_evaluated,1.0
6a12cba1-889d-4515-90f8-89feb8d662f2,403216d9-b675-389c-8c3b-e144201bb6e9,formula_not_evaluated,4.7521E-8
6a12cba1-889d-4515-90f8-89feb8d662f2,403216d9-b675-389c-8c3b-e144201bb6e9,formula_not_evaluated,5.473E-9
6a12cba1-889d-4515-90f8-89feb8d662f2,403216d9-b675-389c-8c3b-e144201bb6e9,formula_not_evaluated,2.6401E-7
6a12cba1-889d-4515-90f8-89feb8d662f2,403216d9-b675-389c-8c3b-e144201bb6e9,formula_not_evaluated,4.0724E-6
6a12cba1-889d-4515-90f8-89feb8d662f2,fd7881e1-12fb-3888-b731-db05f8b0dde0,formula_not_evaluated,1.0
6a12cba1-889d-4515-90f8-89feb8d662f2,fd7881e1-12fb-3888-b731-db05f8b0dde0,formula_not_evaluated,9.7686E-8
6a12cba1-889d-4515-90f8-89feb8d662f2,fd7881e1-12fb-3888-b731-db05f8b0dde0,formula_not_evaluated,5.1175E-5
6a12cba1-889d-4515-90f8-89feb8d662f2,fd7881e1-12fb-3888-b731-db05f8b0dde0,formula_not_evaluated,1.0373E-10
6a12cba1-889d-4515-90f8-89feb8d662f2,fd7881e1-12fb-3888-b731-db05f8b0dde0,formula_not_evaluated,0.0048648
6a12cba1-889d-4515-90f8-89feb8d662f2,fd7881e1-12fb-3888-b731-db05f8b0dde0,formula_not_evaluated,1.7289E-10
6a12cba1-889d-4515-90f8-89feb8d662f2,fd7881e1-12fb-3888-b731-db05f8b0dde0,formula_not_evaluated,3.0833E-9
6a12cba1-889d-4515-90f8-89feb8d662f2,fd7881e1-12fb-3888-b731-db05f8b0dde0,formula_not_evaluated,5.9717E-7
6a12cba1-889d-4515-90f8-89feb8d662f2,fd7881e1-12fb-3888-b731-db05f8b0dde0,formula_not_evaluated,1.85E-9
6a12cba1-889d-4515-90f8-89feb8d662f2,fd7881e1-12fb-3888-b731-db05f8b0dde0,formula_not_evaluated,2.4204E-10
6a12cba1-889d-4515-90f8-89feb8d662f2,fd7881e1-12fb-3888-b731-db05f8b0dde0,formula_not_evaluated,4.3166E-9
6a12cba1-889d-4515-90f8-89feb8d662f2,fd7881e1-12fb-3888-b731-db05f8b0dde0,formula_not_evaluated,3.3886E-9
6a12cba1-889d-4515-90f8-89feb8d662f2,fd7881e1-12fb-3888-b731-db05f8b0dde0,formula_not_evaluated,6.8776E-8
6a12cba1-889d-4515-90f8-89feb8d662f2,fd7881e1-12fb-3888-b731-db05f8b0dde0,formula_not_evaluated,2.981E-5
6a12cba1-889d-4515-90f8-89feb8d662f2,fd7881e1-12fb-3888-b731-db05f8b0dde0,formula_not_evaluated,0.0018743
6a12cba1-889d-4515-90f8-89feb8d662f2,1bf86847-c8d5-49d6-b223-ac39940a53f9,coproduct_allocation_review,1
6a12cba1-889d-4515-90f8-89feb8d662f2,6baa9816-6151-3af1-b230-d28bebfb5227,coproduct_allocation_review,1
6a12cba1-889d-4515-90f8-89feb8d662f2,a941c19b-ed3f-34a9-a91b-ee31e2d6ac18,formula_not_evaluated,1.0*10000
6a12cba1-889d-4515-90f8-89feb8d662f2,a941c19b-ed3f-34a9-a91b-ee31e2d6ac18,formula_not_evaluated,1.0*10000
6a12cba1-889d-4515-90f8-89feb8d662f2,fef4bce7-747e-30a8-adea-c11de716b08b,formula_not_evaluated,1.0*10000
6a12cba1-889d-4515-90f8-89feb8d662f2,fef4bce7-747e-30a8-adea-c11de716b08b,formula_not_evaluated,2.0*10000
6a12cba1-889d-4515-90f8-89feb8d662f2,a40d4e00-67c2-3f4c-8c2b-1c67a28e6c5c,formula_not_evaluated,1.0*10000
6a12cba1-889d-4515-90f8-89feb8d662f2,a40d4e00-67c2-3f4c-8c2b-1c67a28e6c5c,formula_not_evaluated,1.0*10000
6a12cba1-889d-4515-90f8-89feb8d662f2,c47e2008-cd77-39e4-90d8-eba2cf6d2d44,formula_not_evaluated,1000.0
6a12cba1-889d-4515-90f8-89feb8d662f2,c47e2008-cd77-39e4-90d8-eba2cf6d2d44,formula_not_evaluated,0.156
6a12cba1-889d-4515-90f8-89feb8d662f2,c47e2008-cd77-39e4-90d8-eba2cf6d2d44,formula_not_evaluated,(0.010608)
6a12cba1-889d-4515-90f8-89feb8d662f2,c47e2008-cd77-39e4-90d8-eba2cf6d2d44,formula_not_evaluated,1000
6a12cba1-889d-4515-90f8-89feb8d662f2,c47e2008-cd77-39e4-90d8-eba2cf6d2d44,formula_not_evaluated,1000.0
6a12cba1-889d-4515-90f8-89feb8d662f2,dccfe8ef-0d12-387f-bdf8-e8d54bc289ef,formula_not_evaluated,1.0
6a12cba1-889d-4515-90f8-89feb8d662f2,dccfe8ef-0d12-387f-bdf8-e8d54bc289ef,formula_not_evaluated,6.3631E-5
6a12cba1-889d-4515-90f8-89feb8d662f2,dccfe8ef-0d12-387f-bdf8-e8d54bc289ef,formula_not_evaluated,4.9333E-9
6a12cba1-889d-4515-90f8-89feb8d662f2,dccfe8ef-0d12-387f-bdf8-e8d54bc289ef,formula_not_evaluated,2.7662E-10
6a12cba1-889d-4515-90f8-89feb8d662f2,dccfe8ef-0d12-387f-bdf8-e8d54bc289ef,formula_not_evaluated,7.4252E-7
6a12cba1-889d-4515-90f8-89feb8d662f2,dccfe8ef-0d12-387f-bdf8-e8d54bc289ef,formula_not_evaluated,8.5516E-8
6a12cba1-889d-4515-90f8-89feb8d662f2,dccfe8ef-0d12-387f-bdf8-e8d54bc289ef,formula_not_evaluated,4.1457E-6
6a12cba1-889d-4515-90f8-89feb8d662f2,8a563fa5-f6ee-3523-9fe0-3e6fbf5ff258,formula_not_evaluated,1.0
6a12cba1-889d-4515-90f8-89feb8d662f2,8a563fa5-f6ee-3523-9fe0-3e6fbf5ff258,formula_not_evaluated,6.4705E-7
6a12cba1-889d-4515-90f8-89feb8d662f2,8a563fa5-f6ee-3523-9fe0-3e6fbf5ff258,formula_not_evaluated,1.2395E-5
6a12cba1-889d-4515-90f8-89feb8d662f2,8a563fa5-f6ee-3523-9fe0-3e6fbf5ff258,formula_not_evaluated,2.4666E-8
6a12cba1-889d-4515-90f8-89feb8d662f2,8a563fa5-f6ee-3523-9fe0-3e6fbf5ff258,formula_not_evaluated,1.3831E-9
6a12cba1-889d-4515-90f8-89feb8d662f2,e4d7b23f-d913-32ba-838d-b222d01b20ce,formula_not_evaluated,1.0
6a12cba1-889d-4515-90f8-89feb8d662f2,e4d7b23f-d913-32ba-838d-b222d01b20ce,formula_not_evaluated,2.57
6a12cba1-889d-4515-90f8-89feb8d662f2,e4d7b23f-d913-32ba-838d-b222d01b20ce,formula_not_evaluated,33.83
6a12cba1-889d-4515-90f8-89feb8d662f2,e4d7b23f-d913-32ba-838d-b222d01b20ce,formula_not_evaluated,36.4
6a12cba1-889d-4515-90f8-89feb8d662f2,b6838fda-8ab5-3d0b-9ce2-08d2346a07c5,formula_not_evaluated,1.0
6a12cba1-889d-4515-90f8-89feb8d662f2,b6838fda-8ab5-3d0b-9ce2-08d2346a07c5,formula_not_evaluated,26.25
6a12cba1-889d-4515-90f8-89feb8d662f2,b6838fda-8ab5-3d0b-9ce2-08d2346a07c5,formula_not_evaluated,28.4
6a12cba1-889d-4515-90f8-89feb8d662f2,b6838fda-8ab5-3d0b-9ce2-08d2346a07c5,formula_not_evaluated,2.15
6a12cba1-889d-4515-90f8-89feb8d662f2,75c2d103-d0c7-36ed-80c6-36c2a16f77fa,formula_not_evaluated,1.0
6a12cba1-889d-4515-90f8-89feb8d662f2,75c2d103-d0c7-36ed-80c6-36c2a16f77fa,formula_not_evaluated,31.0
6a12cba1-889d-4515-90f8-89feb8d662f2,d8e8d817-3d15-3d2b-8dd8-3f5b733cd2ad,formula_not_evaluated,1.0
6a12cba1-889d-4515-90f8-89feb8d662f2,d8e8d817-3d15-3d2b-8dd8-3f5b733cd2ad,formula_not_evaluated,15.31
6a12cba1-889d-4515-90f8-89feb8d662f2,d8e8d817-3d15-3d2b-8dd8-3f5b733cd2ad,formula_not_evaluated,149.2
6a12cba1-889d-4515-90f8-89feb8d662f2,d8e8d817-3d15-3d2b-8dd8-3f5b733cd2ad,formula_not_evaluated,133.9
6a12cba1-889d-4515-90f8-89feb8d662f2,e919c83f-525b-3058-ae29-a85362b1b20e,formula_not_evaluated,1.0
6a12cba1-889d-4515-90f8-89feb8d662f2,e919c83f-525b-3058-ae29-a85362b1b20e,formula_not_evaluated,133.9
6a12cba1-889d-4515-90f8-89feb8d662f2,e919c83f-525b-3058-ae29-a85362b1b20e,formula_not_evaluated,15.31
6a12cba1-889d-4515-90f8-89feb8d662f2,e919c83f-525b-3058-ae29-a85362b1b20e,formula_not_evaluated,149.2
6a12cba1-889d-4515-90f8-89feb8d662f2,5e71644e-6793-3cf3-bfcb-50eb45aa4620,formula_not_evaluated,1.0
6a12cba1-889d-4515-90f8-89feb8d662f2,5e71644e-6793-3cf3-bfcb-50eb45aa4620,formula_not_evaluated,1.3
6a12cba1-889d-4515-90f8-89feb8d662f2,5e71644e-6793-3cf3-bfcb-50eb45aa4620,formula_not_evaluated,16.7
6a12cba1-889d-4515-90f8-89feb8d662f2,5e71644e-6793-3cf3-bfcb-50eb45aa4620,formula_not_evaluated,13.2
6a12cba1-889d-4515-90f8-89feb8d662f2,0b27a86d-d4f0-374d-879b-1a1d608d45f3,formula_not_evaluated,1.0
6a12cba1-889d-4515-90f8-89feb8d662f2,0b27a86d-d4f0-374d-879b-1a1d608d45f3,formula_not_evaluated,77.92
6a12cba1-889d-4515-90f8-89feb8d662f2,0b27a86d-d4f0-374d-879b-1a1d608d45f3,formula_not_evaluated,85.6
6a12cba1-889d-4515-90f8-89feb8d662f2,0b27a86d-d4f0-374d-879b-1a1d608d45f3,formula_not_evaluated,7.68
6a12cba1-889d-4515-90f8-89feb8d662f2,59fb955e-b52d-3905-8458-82b162d53f28,formula_not_evaluated,1.0
6a12cba1-889d-4515-90f8-89feb8d662f2,59fb955e-b52d-3905-8458-82b162d53f28,formula_not_evaluated,20.36
6a12cba1-889d-4515-90f8-89feb8d662f2,59fb955e-b52d-3905-8458-82b162d53f28,formula_not_evaluated,1.74
6a12cba1-889d-4515-90f8-89feb8d662f2,59fb955e-b52d-3905-8458-82b162d53f28,formula_not_evaluated,22.1
6a12cba1-889d-4515-90f8-89feb8d662f2,94dc458b-76a8-3589-9557-221c7499e7de,formula_not_evaluated,1.0
6a12cba1-889d-4515-90f8-89feb8d662f2,94dc458b-76a8-3589-9557-221c7499e7de,formula_not_evaluated,65.1
6a12cba1-889d-4515-90f8-89feb8d662f2,94dc458b-76a8-3589-9557-221c7499e7de,formula_not_evaluated,6.4
6a12cba1-889d-4515-90f8-89feb8d662f2,94dc458b-76a8-3589-9557-221c7499e7de,formula_not_evaluated,71.5
6a12cba1-889d-4515-90f8-89feb8d662f2,133b6dfd-8bfe-3b6a-9d67-1ea4796bdecb,formula_not_evaluated,1.0
6a12cba1-889d-4515-90f8-89feb8d662f2,133b6dfd-8bfe-3b6a-9d67-1ea4796bdecb,formula_not_evaluated,47.37
6a12cba1-889d-4515-90f8-89feb8d662f2,133b6dfd-8bfe-3b6a-9d67-1ea4796bdecb,formula_not_evaluated,5.13
6a12cba1-889d-4515-90f8-89feb8d662f2,133b6dfd-8bfe-3b6a-9d67-1ea4796bdecb,formula_not_evaluated,52.5
6a12cba1-889d-4515-90f8-89feb8d662f2,c3aa19a5-68de-30df-8e6a-150e62f4e25f,formula_not_evaluated,1.0
6a12cba1-889d-4515-90f8-89feb8d662f2,c3aa19a5-68de-30df-8e6a-150e62f4e25f,formula_not_evaluated,20.0
6a12cba1-889d-4515-90f8-89feb8d662f2,ba17bfb9-b3b1-391f-8635-b9987fb6cabd,formula_not_evaluated,1.0
6a12cba1-889d-4515-90f8-89feb8d662f2,ba17bfb9-b3b1-391f-8635-b9987fb6cabd,formula_not_evaluated,168.6
6a12cba1-889d-4515-90f8-89feb8d662f2,ba17bfb9-b3b1-391f-8635-b9987fb6cabd,formula_not_evaluated,205.63
6a12cba1-889d-4515-90f8-89feb8d662f2,ba17bfb9-b3b1-391f-8635-b9987fb6cabd,formula_not_evaluated,18.663
6a12cba1-889d-4515-90f8-89feb8d662f2,43ad0362-1490-36bd-a23b-65a6bd1c82fd,formula_not_evaluated,1.0
6a12cba1-889d-4515-90f8-89feb8d662f2,43ad0362-1490-36bd-a23b-65a6bd1c82fd,formula_not_evaluated,79.0
6a12cba1-889d-4515-90f8-89feb8d662f2,49f5324b-fc33-36e9-b5af-3c80d73492bd,formula_not_evaluated,0.0927260138915408/1000
6a12cba1-889d-4515-90f8-89feb8d662f2,49f5324b-fc33-36e9-b5af-3c80d73492bd,formula_not_evaluated,0.568944794563613/1000
6a12cba1-889d-4515-90f8-89feb8d662f2,49f5324b-fc33-36e9-b5af-3c80d73492bd,formula_not_evaluated,8.66683145189528E-4/1000
6a12cba1-889d-4515-90f8-89feb8d662f2,49f5324b-fc33-36e9-b5af-3c80d73492bd,formula_not_evaluated,0.0637801850804929/1000
6a12cba1-889d-4515-90f8-89feb8d662f2,49f5324b-fc33-36e9-b5af-3c80d73492bd,formula_not_evaluated,8117.09607745942/1000
6a12cba1-889d-4515-90f8-89feb8d662f2,49f5324b-fc33-36e9-b5af-3c80d73492bd,formula_not_evaluated,84.1642798893327/1000
6a12cba1-889d-4515-90f8-89feb8d662f2,49f5324b-fc33-36e9-b5af-3c80d73492bd,formula_not_evaluated,73.6180688995816/1000
6a12cba1-889d-4515-90f8-89feb8d662f2,49f5324b-fc33-36e9-b5af-3c80d73492bd,formula_not_evaluated,5.29614097612442E-10/1000
6a12cba1-889d-4515-90f8-89feb8d662f2,49f5324b-fc33-36e9-b5af-3c80d73492bd,formula_not_evaluated,0.0152584922830993/1000
6a12cba1-889d-4515-90f8-89feb8d662f2,49f5324b-fc33-36e9-b5af-3c80d73492bd,formula_not_evaluated,0.0638081319607587/1000
6a12cba1-889d-4515-90f8-89feb8d662f2,49f5324b-fc33-36e9-b5af-3c80d73492bd,formula_not_evaluated,0.357173332085199/1000
6a12cba1-889d-4515-90f8-89feb8d662f2,49f5324b-fc33-36e9-b5af-3c80d73492bd,formula_not_evaluated,0.00164459502378888/1000
6a12cba1-889d-4515-90f8-89feb8d662f2,49f5324b-fc33-36e9-b5af-3c80d73492bd,formula_not_evaluated,0.00124092169545173/1000
6a12cba1-889d-4515-90f8-89feb8d662f2,49f5324b-fc33-36e9-b5af-3c80d73492bd,formula_not_evaluated,0.00269288610455168/1000
6a12cba1-889d-4515-90f8-89feb8d662f2,49f5324b-fc33-36e9-b5af-3c80d73492bd,formula_not_evaluated,0.0181410008094303/1000
6a12cba1-889d-4515-90f8-89feb8d662f2,49f5324b-fc33-36e9-b5af-3c80d73492bd,formula_not_evaluated,0.0126432176569692/1000
6a12cba1-889d-4515-90f8-89feb8d662f2,49f5324b-fc33-36e9-b5af-3c80d73492bd,formula_not_evaluated,4.25933851912192E-24/1000
6a12cba1-889d-4515-90f8-89feb8d662f2,49f5324b-fc33-36e9-b5af-3c80d73492bd,formula_not_evaluated,348.498687972212/1000
6a12cba1-889d-4515-90f8-89feb8d662f2,49f5324b-fc33-36e9-b5af-3c80d73492bd,formula_not_evaluated,0.0756119786458802/1000
6a12cba1-889d-4515-90f8-89feb8d662f2,49f5324b-fc33-36e9-b5af-3c80d73492bd,formula_not_evaluated,0.00207942946898787/1000
6a12cba1-889d-4515-90f8-89feb8d662f2,49f5324b-fc33-36e9-b5af-3c80d73492bd,formula_not_evaluated,1.80793551417205E-6/1000
6a12cba1-889d-4515-90f8-89feb8d662f2,49f5324b-fc33-36e9-b5af-3c80d73492bd,formula_not_evaluated,0.169103036161963/1000
6a12cba1-889d-4515-90f8-89feb8d662f2,49f5324b-fc33-36e9-b5af-3c80d73492bd,formula_not_evaluated,519.46407736732/1000
6a12cba1-889d-4515-90f8-89feb8d662f2,49f5324b-fc33-36e9-b5af-3c80d73492bd,formula_not_evaluated,7.01130058632015E-4/1000
6a12cba1-889d-4515-90f8-89feb8d662f2,49f5324b-fc33-36e9-b5af-3c80d73492bd,formula_not_evaluated,0.0286052799488928/1000
6a12cba1-889d-4515-90f8-89feb8d662f2,49f5324b-fc33-36e9-b5af-3c80d73492bd,formula_not_evaluated,0.00844829773348675/1000
6a12cba1-889d-4515-90f8-89feb8d662f2,49f5324b-fc33-36e9-b5af-3c80d73492bd,formula_not_evaluated,97.905772317125/1000
6a12cba1-889d-4515-90f8-89feb8d662f2,49f5324b-fc33-36e9-b5af-3c80d73492bd,formula_not_evaluated,0.0842233118381372/1000
6a12cba1-889d-4515-90f8-89feb8d662f2,49f5324b-fc33-36e9-b5af-3c80d73492bd,formula_not_evaluated,0.298965788858356/1000
6a12cba1-889d-4515-90f8-89feb8d662f2,49f5324b-fc33-36e9-b5af-3c80d73492bd,formula_not_evaluated,0.00168312835058402/1000
6a12cba1-889d-4515-90f8-89feb8d662f2,49f5324b-fc33-36e9-b5af-3c80d73492bd,formula_not_evaluated,0.00844829679519649/1000
6a12cba1-889d-4515-90f8-89feb8d662f2,49f5324b-fc33-36e9-b5af-3c80d73492bd,formula_not_evaluated,1.05254786994268/1000
6a12cba1-889d-4515-90f8-89feb8d662f2,49f5324b-fc33-36e9-b5af-3c80d73492bd,formula_not_evaluated,0.184907058233175/1000
6a12cba1-889d-4515-90f8-89feb8d662f2,49f5324b-fc33-36e9-b5af-3c80d73492bd,formula_not_evaluated,1382.851931231/1000
6a12cba1-889d-4515-90f8-89feb8d662f2,49f5324b-fc33-36e9-b5af-3c80d73492bd,formula_not_evaluated,106.320301923714/1000
6a12cba1-889d-4515-90f8-89feb8d662f2,49f5324b-fc33-36e9-b5af-3c80d73492bd,formula_not_evaluated,46416.8296288208/1000
6a12cba1-889d-4515-90f8-89feb8d662f2,49f5324b-fc33-36e9-b5af-3c80d73492bd,formula_not_evaluated,0.0887732775797303/1000
6a12cba1-889d-4515-90f8-89feb8d662f2,49f5324b-fc33-36e9-b5af-3c80d73492bd,formula_not_evaluated,139.698243847034/1000
6a12cba1-889d-4515-90f8-89feb8d662f2,49f5324b-fc33-36e9-b5af-3c80d73492bd,formula_not_evaluated,0.67641585540903/1000
6a12cba1-889d-4515-90f8-89feb8d662f2,49f5324b-fc33-36e9-b5af-3c80d73492bd,formula_not_evaluated,0.00376183985177636/1000
6a12cba1-889d-4515-90f8-89feb8d662f2,49f5324b-fc33-36e9-b5af-3c80d73492bd,formula_not_evaluated,0.0603838528519003/1000
6a12cba1-889d-4515-90f8-89feb8d662f2,49f5324b-fc33-36e9-b5af-3c80d73492bd,formula_not_evaluated,0.0181406290843713/1000
6a12cba1-889d-4515-90f8-89feb8d662f2,49f5324b-fc33-36e9-b5af-3c80d73492bd,formula_not_evaluated,570.423231545287/1000
6a12cba1-889d-4515-90f8-89feb8d662f2,49f5324b-fc33-36e9-b5af-3c80d73492bd,formula_not_evaluated,155.143456906054/1000
6a12cba1-889d-4515-90f8-89feb8d662f2,49f5324b-fc33-36e9-b5af-3c80d73492bd,formula_not_evaluated,0.00107839274491182/1000
6a12cba1-889d-4515-90f8-89feb8d662f2,49f5324b-fc33-36e9-b5af-3c80d73492bd,formula_not_evaluated,0.0202291482511507/1000
6a12cba1-889d-4515-90f8-89feb8d662f2,49f5324b-fc33-36e9-b5af-3c80d73492bd,formula_not_evaluated,0.179435448497907/1000
6a12cba1-889d-4515-90f8-89feb8d662f2,49f5324b-fc33-36e9-b5af-3c80d73492bd,formula_not_evaluated,0.771849320157163/1000
6a12cba1-889d-4515-90f8-89feb8d662f2,49f5324b-fc33-36e9-b5af-3c80d73492bd,formula_not_evaluated,1.9243019059219E-6/1000
6a12cba1-889d-4515-90f8-89feb8d662f2,49f5324b-fc33-36e9-b5af-3c80d73492bd,formula_not_evaluated,0.161142650491835/1000
6a12cba1-889d-4515-90f8-89feb8d662f2,49f5324b-fc33-36e9-b5af-3c80d73492bd,formula_not_evaluated,4.88701127894634E-12/1000
6a12cba1-889d-4515-90f8-89feb8d662f2,49f5324b-fc33-36e9-b5af-3c80d73492bd,formula_not_evaluated,4.57088006642848E-14/1000
6a12cba1-889d-4515-90f8-89feb8d662f2,49f5324b-fc33-36e9-b5af-3c80d73492bd,formula_not_evaluated,1.14271774391688E-14/1000
6a12cba1-889d-4515-90f8-89feb8d662f2,49f5324b-fc33-36e9-b5af-3c80d73492bd,formula_not_evaluated,3.25712369391409E-8/1000
6a12cba1-889d-4515-90f8-89feb8d662f2,49f5324b-fc33-36e9-b5af-3c80d73492bd,formula_not_evaluated,0.00214109376872357/1000
6a12cba1-889d-4515-90f8-89feb8d662f2,49f5324b-fc33-36e9-b5af-3c80d73492bd,formula_not_evaluated,0.0120937527229142/1000
6a12cba1-889d-4515-90f8-89feb8d662f2,49f5324b-fc33-36e9-b5af-3c80d73492bd,formula_not_evaluated,1437.44407588897/1000
6a12cba1-889d-4515-90f8-89feb8d662f2,49f5324b-fc33-36e9-b5af-3c80d73492bd,formula_not_evaluated,0.0657803470602252/1000
6a12cba1-889d-4515-90f8-89feb8d662f2,49f5324b-fc33-36e9-b5af-3c80d73492bd,formula_not_evaluated,0.00493396909531221/1000
6a12cba1-889d-4515-90f8-89feb8d662f2,49f5324b-fc33-36e9-b5af-3c80d73492bd,formula_not_evaluated,783.9517839998/1000
6a12cba1-889d-4515-90f8-89feb8d662f2,49f5324b-fc33-36e9-b5af-3c80d73492bd,formula_not_evaluated,0.702223223790261/1000
6a12cba1-889d-4515-90f8-89feb8d662f2,49f5324b-fc33-36e9-b5af-3c80d73492bd,formula_not_evaluated,1.91489219002566/1000
6a12cba1-889d-4515-90f8-89feb8d662f2,49f5324b-fc33-36e9-b5af-3c80d73492bd,formula_not_evaluated,4629.86092581615/1000
6a12cba1-889d-4515-90f8-89feb8d662f2,49f5324b-fc33-36e9-b5af-3c80d73492bd,formula_not_evaluated,0.00617082935210204/1000
6a12cba1-889d-4515-90f8-89feb8d662f2,49f5324b-fc33-36e9-b5af-3c80d73492bd,formula_not_evaluated,2887.21966941416/1000
6a12cba1-889d-4515-90f8-89feb8d662f2,49f5324b-fc33-36e9-b5af-3c80d73492bd,formula_not_evaluated,0.063840673666231/1000
6a12cba1-889d-4515-90f8-89feb8d662f2,49f5324b-fc33-36e9-b5af-3c80d73492bd,formula_not_evaluated,2.28544003321422E-14/1000
6a12cba1-889d-4515-90f8-89feb8d662f2,49f5324b-fc33-36e9-b5af-3c80d73492bd,formula_not_evaluated,4.78623396028017/1000
6a12cba1-889d-4515-90f8-89feb8d662f2,49f5324b-fc33-36e9-b5af-3c80d73492bd,formula_not_evaluated,14.3943863794415+0.0222308171490274
6a12cba1-889d-4515-90f8-89feb8d662f2,951c8e45-9267-36fc-873b-9af0718574e4,formula_not_evaluated,1.0
6a12cba1-889d-4515-90f8-89feb8d662f2,951c8e45-9267-36fc-873b-9af0718574e4,formula_not_evaluated,1797.0
6a12cba1-889d-4515-90f8-89feb8d662f2,c2bd01a2-0644-358b-8104-7812fb30ed8d,formula_not_evaluated,1.0
6a12cba1-889d-4515-90f8-89feb8d662f2,c2bd01a2-0644-358b-8104-7812fb30ed8d,formula_not_evaluated,2085.0
6a12cba1-889d-4515-90f8-89feb8d662f2,78315fca-7132-345f-bdd2-605420eddfeb,formula_not_evaluated,1.0
6a12cba1-889d-4515-90f8-89feb8d662f2,78315fca-7132-345f-bdd2-605420eddfeb,formula_not_evaluated,196.5
6a12cba1-889d-4515-90f8-89feb8d662f2,78315fca-7132-345f-bdd2-605420eddfeb,formula_not_evaluated,260.77
6a12cba1-889d-4515-90f8-89feb8d662f2,78315fca-7132-345f-bdd2-605420eddfeb,formula_not_evaluated,21.197
6a12cba1-889d-4515-90f8-89feb8d662f2,4435ce44-a5bc-331a-bd40-5c60994d8d85,formula_not_evaluated,1.0
6a12cba1-889d-4515-90f8-89feb8d662f2,4435ce44-a5bc-331a-bd40-5c60994d8d85,formula_not_evaluated,1532.0
6a12cba1-889d-4515-90f8-89feb8d662f2,c90c7691-78a0-3457-8bc5-122d05b49c38,formula_not_evaluated,1.0
6a12cba1-889d-4515-90f8-89feb8d662f2,c90c7691-78a0-3457-8bc5-122d05b49c38,formula_not_evaluated,864.0
6a12cba1-889d-4515-90f8-89feb8d662f2,18b8bc59-90da-35be-b01e-f2fefe29c995,formula_not_evaluated,1.0
6a12cba1-889d-4515-90f8-89feb8d662f2,18b8bc59-90da-35be-b01e-f2fefe29c995,formula_not_evaluated,214.65
6a12cba1-889d-4515-90f8-89feb8d662f2,18b8bc59-90da-35be-b01e-f2fefe29c995,formula_not_evaluated,301.7
6a12cba1-889d-4515-90f8-89feb8d662f2,18b8bc59-90da-35be-b01e-f2fefe29c995,formula_not_evaluated,22.89
6a12cba1-889d-4515-90f8-89feb8d662f2,1784b0f1-5494-3233-904f-8ed4315e029f,formula_not_evaluated,1.0
6a12cba1-889d-4515-90f8-89feb8d662f2,1784b0f1-5494-3233-904f-8ed4315e029f,formula_not_evaluated,28.98
6a12cba1-889d-4515-90f8-89feb8d662f2,1784b0f1-5494-3233-904f-8ed4315e029f,formula_not_evaluated,450.65
6a12cba1-889d-4515-90f8-89feb8d662f2,1784b0f1-5494-3233-904f-8ed4315e029f,formula_not_evaluated,296.44
6a12cba1-889d-4515-90f8-89feb8d662f2,2013d3cd-dd12-316f-aac9-4983529b083c,formula_not_evaluated,1.0
6a12cba1-889d-4515-90f8-89feb8d662f2,2013d3cd-dd12-316f-aac9-4983529b083c,formula_not_evaluated,383.0
6a12cba1-889d-4515-90f8-89feb8d662f2,3efbebec-e0c2-3136-855a-b278f31d3306,formula_not_evaluated,1.0
6a12cba1-889d-4515-90f8-89feb8d662f2,3efbebec-e0c2-3136-855a-b278f31d3306,formula_not_evaluated,743.33
6a12cba1-889d-4515-90f8-89feb8d662f2,35bd31d8-b0b1-3da8-a553-df33ccd9e452,coproduct_allocation_review,3
6a12cba1-889d-4515-90f8-89feb8d662f2,b0d4a167-e4f4-3ecd-8ce0-76caf610a6ff,formula_not_evaluated,1.0
6a12cba1-889d-4515-90f8-89feb8d662f2,b0d4a167-e4f4-3ecd-8ce0-76caf610a6ff,formula_not_evaluated,1.0
6a12cba1-889d-4515-90f8-89feb8d662f2,d82bfa88-f1d3-3bd8-a88d-837102bfe169,formula_not_evaluated,1.0
6a12cba1-889d-4515-90f8-89feb8d662f2,d82bfa88-f1d3-3bd8-a88d-837102bfe169,formula_not_evaluated,1.11E-8
6a12cba1-889d-4515-90f8-89feb8d662f2,d82bfa88-f1d3-3bd8-a88d-837102bfe169,formula_not_evaluated,2.506E-6
6a12cba1-889d-4515-90f8-89feb8d662f2,d82bfa88-f1d3-3bd8-a88d-837102bfe169,formula_not_evaluated,2.8862E-7
6a12cba1-889d-4515-90f8-89feb8d662f2,d82bfa88-f1d3-3bd8-a88d-837102bfe169,formula_not_evaluated,1.3969E-5
6a12cba1-889d-4515-90f8-89feb8d662f2,d82bfa88-f1d3-3bd8-a88d-837102bfe169,formula_not_evaluated,6.2239E-10
6a12cba1-889d-4515-90f8-89feb8d662f2,d82bfa88-f1d3-3bd8-a88d-837102bfe169,formula_not_evaluated,2.1475E-4
6a12cba1-889d-4515-90f8-89feb8d662f2,7c86fa8e-ca28-3d00-9118-930ccd8dde1e,formula_not_evaluated,1000.0
6a12cba1-889d-4515-90f8-89feb8d662f2,7c86fa8e-ca28-3d00-9118-930ccd8dde1e,formula_not_evaluated,1000
6a12cba1-889d-4515-90f8-89feb8d662f2,7c86fa8e-ca28-3d00-9118-930ccd8dde1e,formula_not_evaluated,1000.0
6a12cba1-889d-4515-90f8-89feb8d662f2,7c86fa8e-ca28-3d00-9118-930ccd8dde1e,formula_not_evaluated,(0.428)
6a12cba1-889d-4515-90f8-89feb8d662f2,bcc68f88-debb-3fc3-93ee-5ceadcef0b14,formula_not_evaluated,11.001/1000
6a12cba1-889d-4515-90f8-89feb8d662f2,bcc68f88-debb-3fc3-93ee-5ceadcef0b14,formula_not_evaluated,460.71/1000
6a12cba1-889d-4515-90f8-89feb8d662f2,bcc68f88-debb-3fc3-93ee-5ceadcef0b14,formula_not_evaluated,2.9884/1000
6a12cba1-889d-4515-90f8-89feb8d662f2,bcc68f88-debb-3fc3-93ee-5ceadcef0b14,formula_not_evaluated,0.93669/1000
6a12cba1-889d-4515-90f8-89feb8d662f2,bcc68f88-debb-3fc3-93ee-5ceadcef0b14,formula_not_evaluated,78060.0/1000
6a12cba1-889d-4515-90f8-89feb8d662f2,bcc68f88-debb-3fc3-93ee-5ceadcef0b14,formula_not_evaluated,4.7791/1000
6a12cba1-889d-4515-90f8-89feb8d662f2,bcc68f88-debb-3fc3-93ee-5ceadcef0b14,formula_not_evaluated,11.819/1000
6a12cba1-889d-4515-90f8-89feb8d662f2,bcc68f88-debb-3fc3-93ee-5ceadcef0b14,formula_not_evaluated,5.5701E-4/1000
6a12cba1-889d-4515-90f8-89feb8d662f2,bcc68f88-debb-3fc3-93ee-5ceadcef0b14,formula_not_evaluated,2.4446/1000
6a12cba1-889d-4515-90f8-89feb8d662f2,bcc68f88-debb-3fc3-93ee-5ceadcef0b14,formula_not_evaluated,1.9923/1000
6a12cba1-889d-4515-90f8-89feb8d662f2,bcc68f88-debb-3fc3-93ee-5ceadcef0b14,formula_not_evaluated,0.63277/1000
6a12cba1-889d-4515-90f8-89feb8d662f2,bcc68f88-debb-3fc3-93ee-5ceadcef0b14,formula_not_evaluated,15098.0/1000
6a12cba1-889d-4515-90f8-89feb8d662f2,bcc68f88-debb-3fc3-93ee-5ceadcef0b14,formula_not_evaluated,0.26266/1000
6a12cba1-889d-4515-90f8-89feb8d662f2,bcc68f88-debb-3fc3-93ee-5ceadcef0b14,formula_not_evaluated,6.5496E-8/1000
6a12cba1-889d-4515-90f8-89feb8d662f2,bcc68f88-debb-3fc3-93ee-5ceadcef0b14,formula_not_evaluated,227430.0/1000
6a12cba1-889d-4515-90f8-89feb8d662f2,bcc68f88-debb-3fc3-93ee-5ceadcef0b14,formula_not_evaluated,13.105/1000
6a12cba1-889d-4515-90f8-89feb8d662f2,bcc68f88-debb-3fc3-93ee-5ceadcef0b14,formula_not_evaluated,22167.0/1000
6a12cba1-889d-4515-90f8-89feb8d662f2,bcc68f88-debb-3fc3-93ee-5ceadcef0b14,formula_not_evaluated,0.38815/1000
6a12cba1-889d-4515-90f8-89feb8d662f2,bcc68f88-debb-3fc3-93ee-5ceadcef0b14,formula_not_evaluated,12.341/1000
6a12cba1-889d-4515-90f8-89feb8d662f2,bcc68f88-debb-3fc3-93ee-5ceadcef0b14,formula_not_evaluated,64.322/1000
6a12cba1-889d-4515-90f8-89feb8d662f2,bcc68f88-debb-3fc3-93ee-5ceadcef0b14,formula_not_evaluated,0.38815/1000
6a12cba1-889d-4515-90f8-89feb8d662f2,bcc68f88-debb-3fc3-93ee-5ceadcef0b14,formula_not_evaluated,60.637/1000
6a12cba1-889d-4515-90f8-89feb8d662f2,bcc68f88-debb-3fc3-93ee-5ceadcef0b14,formula_not_evaluated,27008.0/1000
6a12cba1-889d-4515-90f8-89feb8d662f2,bcc68f88-debb-3fc3-93ee-5ceadcef0b14,formula_not_evaluated,6.6274/1000
6a12cba1-889d-4515-90f8-89feb8d662f2,bcc68f88-debb-3fc3-93ee-5ceadcef0b14,formula_not_evaluated,19.378/1000
6a12cba1-889d-4515-90f8-89feb8d662f2,bcc68f88-debb-3fc3-93ee-5ceadcef0b14,formula_not_evaluated,28728.0/1000
6a12cba1-889d-4515-90f8-89feb8d662f2,bcc68f88-debb-3fc3-93ee-5ceadcef0b14,formula_not_evaluated,12.605/1000
6a12cba1-889d-4515-90f8-89feb8d662f2,bcc68f88-debb-3fc3-93ee-5ceadcef0b14,formula_not_evaluated,0.0011086/1000
6a12cba1-889d-4515-90f8-89feb8d662f2,bcc68f88-debb-3fc3-93ee-5ceadcef0b14,formula_not_evaluated,0.59426/1000
6a12cba1-889d-4515-90f8-89feb8d662f2,bcc68f88-debb-3fc3-93ee-5ceadcef0b14,formula_not_evaluated,0.0016756/1000
6a12cba1-889d-4515-90f8-89feb8d662f2,bcc68f88-debb-3fc3-93ee-5ceadcef0b14,formula_not_evaluated,21.866/1000
6a12cba1-889d-4515-90f8-89feb8d662f2,bcc68f88-debb-3fc3-93ee-5ceadcef0b14,formula_not_evaluated,85716.0/1000
6a12cba1-889d-4515-90f8-89feb8d662f2,bcc68f88-debb-3fc3-93ee-5ceadcef0b14,formula_not_evaluated,0.42025/1000
6a12cba1-889d-4515-90f8-89feb8d662f2,bcc68f88-debb-3fc3-93ee-5ceadcef0b14,formula_not_evaluated,0.14292/1000
6a12cba1-889d-4515-90f8-89feb8d662f2,bcc68f88-debb-3fc3-93ee-5ceadcef0b14,formula_not_evaluated,3.513/1000
6a12cba1-889d-4515-90f8-89feb8d662f2,bcc68f88-debb-3fc3-93ee-5ceadcef0b14,formula_not_evaluated,5.6527E-12/1000
6a12cba1-889d-4515-90f8-89feb8d662f2,bcc68f88-debb-3fc3-93ee-5ceadcef0b14,formula_not_evaluated,118220.0/1000
6a12cba1-889d-4515-90f8-89feb8d662f2,bcc68f88-debb-3fc3-93ee-5ceadcef0b14,formula_not_evaluated,3.8413/1000
6a12cba1-889d-4515-90f8-89feb8d662f2,bcc68f88-debb-3fc3-93ee-5ceadcef0b14,formula_not_evaluated,56219.0/1000
6a12cba1-889d-4515-90f8-89feb8d662f2,bcc68f88-debb-3fc3-93ee-5ceadcef0b14,formula_not_evaluated,2.9884/1000
6a12cba1-889d-4515-90f8-89feb8d662f2,bcc68f88-debb-3fc3-93ee-5ceadcef0b14,formula_not_evaluated,1.4132E-12/1000
6a12cba1-889d-4515-90f8-89feb8d662f2,bcc68f88-debb-3fc3-93ee-5ceadcef0b14,formula_not_evaluated,174.13/1000
6a12cba1-889d-4515-90f8-89feb8d662f2,bcc68f88-debb-3fc3-93ee-5ceadcef0b14,formula_not_evaluated,0.32425/1000
6a12cba1-889d-4515-90f8-89feb8d662f2,bcc68f88-debb-3fc3-93ee-5ceadcef0b14,formula_not_evaluated,895410.0+970.75
6a12cba1-889d-4515-90f8-89feb8d662f2,bcc68f88-debb-3fc3-93ee-5ceadcef0b14,formula_not_evaluated,0.063443/1000
6a12cba1-889d-4515-90f8-89feb8d662f2,bcc68f88-debb-3fc3-93ee-5ceadcef0b14,formula_not_evaluated,0.066928/1000
6a12cba1-889d-4515-90f8-89feb8d662f2,bcc68f88-debb-3fc3-93ee-5ceadcef0b14,formula_not_evaluated,974340.0/1000
6a12cba1-889d-4515-90f8-89feb8d662f2,bcc68f88-debb-3fc3-93ee-5ceadcef0b14,formula_not_evaluated,4.2029E-4/1000
6a12cba1-889d-4515-90f8-89feb8d662f2,bcc68f88-debb-3fc3-93ee-5ceadcef0b14,formula_not_evaluated,7.6619E-8/1000
6a12cba1-889d-4515-90f8-89feb8d662f2,bcc68f88-debb-3fc3-93ee-5ceadcef0b14,formula_not_evaluated,1.5526E-21/1000
6a12cba1-889d-4515-90f8-89feb8d662f2,bcc68f88-debb-3fc3-93ee-5ceadcef0b14,formula_not_evaluated,14.606/1000
6a12cba1-889d-4515-90f8-89feb8d662f2,bcc68f88-debb-3fc3-93ee-5ceadcef0b14,formula_not_evaluated,2.8264E-12/1000
6a12cba1-889d-4515-90f8-89feb8d662f2,bcc68f88-debb-3fc3-93ee-5ceadcef0b14,formula_not_evaluated,0.36546/1000
6a12cba1-889d-4515-90f8-89feb8d662f2,bcc68f88-debb-3fc3-93ee-5ceadcef0b14,formula_not_evaluated,8.3064E-5/1000
6a12cba1-889d-4515-90f8-89feb8d662f2,bcc68f88-debb-3fc3-93ee-5ceadcef0b14,formula_not_evaluated,17333.0/1000
6a12cba1-889d-4515-90f8-89feb8d662f2,bcc68f88-debb-3fc3-93ee-5ceadcef0b14,formula_not_evaluated,11340.0/1000
6a12cba1-889d-4515-90f8-89feb8d662f2,bcc68f88-debb-3fc3-93ee-5ceadcef0b14,formula_not_evaluated,719.25/1000
6a12cba1-889d-4515-90f8-89feb8d662f2,bcc68f88-debb-3fc3-93ee-5ceadcef0b14,formula_not_evaluated,0.57957/1000
6a12cba1-889d-4515-90f8-89feb8d662f2,bcc68f88-debb-3fc3-93ee-5ceadcef0b14,formula_not_evaluated,20379.0/1000
6a12cba1-889d-4515-90f8-89feb8d662f2,bcc68f88-debb-3fc3-93ee-5ceadcef0b14,formula_not_evaluated,9.753E-5/1000
6a12cba1-889d-4515-90f8-89feb8d662f2,bcc68f88-debb-3fc3-93ee-5ceadcef0b14,formula_not_evaluated,0.061807/1000
6a12cba1-889d-4515-90f8-89feb8d662f2,bcc68f88-debb-3fc3-93ee-5ceadcef0b14,formula_not_evaluated,437760.0/1000
6a12cba1-889d-4515-90f8-89feb8d662f2,bcc68f88-debb-3fc3-93ee-5ceadcef0b14,formula_not_evaluated,1088500.0/1000
6a12cba1-889d-4515-90f8-89feb8d662f2,bcc68f88-debb-3fc3-93ee-5ceadcef0b14,formula_not_evaluated,0.034966/1000
6a12cba1-889d-4515-90f8-89feb8d662f2,bcc68f88-debb-3fc3-93ee-5ceadcef0b14,formula_not_evaluated,27.511/1000
6a12cba1-889d-4515-90f8-89feb8d662f2,bcc68f88-debb-3fc3-93ee-5ceadcef0b14,formula_not_evaluated,6.0437E-10/1000
6a12cba1-889d-4515-90f8-89feb8d662f2,bcc68f88-debb-3fc3-93ee-5ceadcef0b14,formula_not_evaluated,23329.0/1000
6a12cba1-889d-4515-90f8-89feb8d662f2,99963138-ddf9-3b32-9e93-69593d76cb08,formula_not_evaluated,0.011469/1000
6a12cba1-889d-4515-90f8-89feb8d662f2,99963138-ddf9-3b32-9e93-69593d76cb08,formula_not_evaluated,0.0014106/1000
6a12cba1-889d-4515-90f8-89feb8d662f2,99963138-ddf9-3b32-9e93-69593d76cb08,formula_not_evaluated,0.34571/1000
6a12cba1-889d-4515-90f8-89feb8d662f2,99963138-ddf9-3b32-9e93-69593d76cb08,formula_not_evaluated,1.3898E-5/1000
6a12cba1-889d-4515-90f8-89feb8d662f2,99963138-ddf9-3b32-9e93-69593d76cb08,formula_not_evaluated,321.46/1000
6a12cba1-889d-4515-90f8-89feb8d662f2,99963138-ddf9-3b32-9e93-69593d76cb08,formula_not_evaluated,2.3116E-23/1000
6a12cba1-889d-4515-90f8-89feb8d662f2,99963138-ddf9-3b32-9e93-69593d76cb08,formula_not_evaluated,0.093682/1000
6a12cba1-889d-4515-90f8-89feb8d662f2,99963138-ddf9-3b32-9e93-69593d76cb08,formula_not_evaluated,0.22849/1000
6a12cba1-889d-4515-90f8-89feb8d662f2,99963138-ddf9-3b32-9e93-69593d76cb08,formula_not_evaluated,3.1192E-5/1000
6a12cba1-889d-4515-90f8-89feb8d662f2,99963138-ddf9-3b32-9e93-69593d76cb08,formula_not_evaluated,2.1435/1000
6a12cba1-889d-4515-90f8-89feb8d662f2,99963138-ddf9-3b32-9e93-69593d76cb08,formula_not_evaluated,6.6632E-4/1000
6a12cba1-889d-4515-90f8-89feb8d662f2,99963138-ddf9-3b32-9e93-69593d76cb08,formula_not_evaluated,0.011037/1000
6a12cba1-889d-4515-90f8-89feb8d662f2,99963138-ddf9-3b32-9e93-69593d76cb08,formula_not_evaluated,0.029287/1000
6a12cba1-889d-4515-90f8-89feb8d662f2,99963138-ddf9-3b32-9e93-69593d76cb08,formula_not_evaluated,9.9356E-12/1000
6a12cba1-889d-4515-90f8-89feb8d662f2,99963138-ddf9-3b32-9e93-69593d76cb08,formula_not_evaluated,4.6464E-14/1000
6a12cba1-889d-4515-90f8-89feb8d662f2,99963138-ddf9-3b32-9e93-69593d76cb08,formula_not_evaluated,840.27/1000
6a12cba1-889d-4515-90f8-89feb8d662f2,99963138-ddf9-3b32-9e93-69593d76cb08,formula_not_evaluated,1.0767E-9/1000
6a12cba1-889d-4515-90f8-89feb8d662f2,99963138-ddf9-3b32-9e93-69593d76cb08,formula_not_evaluated,80.056/1000
6a12cba1-889d-4515-90f8-89feb8d662f2,99963138-ddf9-3b32-9e93-69593d76cb08,formula_not_evaluated,0.021965/1000
6a12cba1-889d-4515-90f8-89feb8d662f2,99963138-ddf9-3b32-9e93-69593d76cb08,formula_not_evaluated,0.0010227/1000
6a12cba1-889d-4515-90f8-89feb8d662f2,99963138-ddf9-3b32-9e93-69593d76cb08,formula_not_evaluated,0.0017846/1000
6a12cba1-889d-4515-90f8-89feb8d662f2,99963138-ddf9-3b32-9e93-69593d76cb08,formula_not_evaluated,9.2929E-14/1000
6a12cba1-889d-4515-90f8-89feb8d662f2,99963138-ddf9-3b32-9e93-69593d76cb08,formula_not_evaluated,96.17/1000
6a12cba1-889d-4515-90f8-89feb8d662f2,99963138-ddf9-3b32-9e93-69593d76cb08,formula_not_evaluated,0.63956/1000
6a12cba1-889d-4515-90f8-89feb8d662f2,99963138-ddf9-3b32-9e93-69593d76cb08,formula_not_evaluated,64.639/1000
6a12cba1-889d-4515-90f8-89feb8d662f2,99963138-ddf9-3b32-9e93-69593d76cb08,formula_not_evaluated,0.068243/1000
6a12cba1-889d-4515-90f8-89feb8d662f2,99963138-ddf9-3b32-9e93-69593d76cb08,formula_not_evaluated,0.012292/1000
6a12cba1-889d-4515-90f8-89feb8d662f2,99963138-ddf9-3b32-9e93-69593d76cb08,formula_not_evaluated,1009.6/1000
6a12cba1-889d-4515-90f8-89feb8d662f2,99963138-ddf9-3b32-9e93-69593d76cb08,formula_not_evaluated,0.11236/1000
6a12cba1-889d-4515-90f8-89feb8d662f2,99963138-ddf9-3b32-9e93-69593d76cb08,formula_not_evaluated,0.05862/1000
6a12cba1-889d-4515-90f8-89feb8d662f2,99963138-ddf9-3b32-9e93-69593d76cb08,formula_not_evaluated,0.052444/1000
6a12cba1-889d-4515-90f8-89feb8d662f2,99963138-ddf9-3b32-9e93-69593d76cb08,formula_not_evaluated,2.9637/1000
6a12cba1-889d-4515-90f8-89feb8d662f2,99963138-ddf9-3b32-9e93-69593d76cb08,formula_not_evaluated,0.0039175/1000
6a12cba1-889d-4515-90f8-89feb8d662f2,99963138-ddf9-3b32-9e93-69593d76cb08,formula_not_evaluated,0.82632/1000
6a12cba1-889d-4515-90f8-89feb8d662f2,99963138-ddf9-3b32-9e93-69593d76cb08,formula_not_evaluated,2.4544E-6/1000
6a12cba1-889d-4515-90f8-89feb8d662f2,99963138-ddf9-3b32-9e93-69593d76cb08,formula_not_evaluated,0.0032907/1000
6a12cba1-889d-4515-90f8-89feb8d662f2,99963138-ddf9-3b32-9e93-69593d76cb08,formula_not_evaluated,5.5268E-5/1000
6a12cba1-889d-4515-90f8-89feb8d662f2,99963138-ddf9-3b32-9e93-69593d76cb08,formula_not_evaluated,0.059861/1000
6a12cba1-889d-4515-90f8-89feb8d662f2,99963138-ddf9-3b32-9e93-69593d76cb08,formula_not_evaluated,0.29424/1000
6a12cba1-889d-4515-90f8-89feb8d662f2,99963138-ddf9-3b32-9e93-69593d76cb08,formula_not_evaluated,2.3232E-14/1000
6a12cba1-889d-4515-90f8-89feb8d662f2,99963138-ddf9-3b32-9e93-69593d76cb08,formula_not_evaluated,0.28687/1000
6a12cba1-889d-4515-90f8-89feb8d662f2,99963138-ddf9-3b32-9e93-69593d76cb08,formula_not_evaluated,0.013985/1000
6a12cba1-889d-4515-90f8-89feb8d662f2,99963138-ddf9-3b32-9e93-69593d76cb08,formula_not_evaluated,0.011469/1000
6a12cba1-889d-4515-90f8-89feb8d662f2,99963138-ddf9-3b32-9e93-69593d76cb08,formula_not_evaluated,3.091E-4/1000
6a12cba1-889d-4515-90f8-89feb8d662f2,99963138-ddf9-3b32-9e93-69593d76cb08,formula_not_evaluated,0.0076824/1000
6a12cba1-889d-4515-90f8-89feb8d662f2,99963138-ddf9-3b32-9e93-69593d76cb08,formula_not_evaluated,1827.7/1000
6a12cba1-889d-4515-90f8-89feb8d662f2,99963138-ddf9-3b32-9e93-69593d76cb08,formula_not_evaluated,4699.7/1000
6a12cba1-889d-4515-90f8-89feb8d662f2,99963138-ddf9-3b32-9e93-69593d76cb08,formula_not_evaluated,0.0030981/1000
6a12cba1-889d-4515-90f8-89feb8d662f2,99963138-ddf9-3b32-9e93-69593d76cb08,formula_not_evaluated,489.52/1000
6a12cba1-889d-4515-90f8-89feb8d662f2,99963138-ddf9-3b32-9e93-69593d76cb08,formula_not_evaluated,0.0020235/1000
6a12cba1-889d-4515-90f8-89feb8d662f2,99963138-ddf9-3b32-9e93-69593d76cb08,formula_not_evaluated,55750.0+16.564
6a12cba1-889d-4515-90f8-89feb8d662f2,99963138-ddf9-3b32-9e93-69593d76cb08,formula_not_evaluated,2.5488E-6/1000
6a12cba1-889d-4515-90f8-89feb8d662f2,99963138-ddf9-3b32-9e93-69593d76cb08,formula_not_evaluated,0.063349/1000
6a12cba1-889d-4515-90f8-89feb8d662f2,99963138-ddf9-3b32-9e93-69593d76cb08,formula_not_evaluated,3.19E-4/1000
6a12cba1-889d-4515-90f8-89feb8d662f2,99963138-ddf9-3b32-9e93-69593d76cb08,formula_not_evaluated,1.842E-5/1000
6a12cba1-889d-4515-90f8-89feb8d662f2,99963138-ddf9-3b32-9e93-69593d76cb08,formula_not_evaluated,269.44/1000
6a12cba1-889d-4515-90f8-89feb8d662f2,99963138-ddf9-3b32-9e93-69593d76cb08,formula_not_evaluated,5381.4/1000
6a12cba1-889d-4515-90f8-89feb8d662f2,99963138-ddf9-3b32-9e93-69593d76cb08,formula_not_evaluated,94.557/1000
6a12cba1-889d-4515-90f8-89feb8d662f2,99963138-ddf9-3b32-9e93-69593d76cb08,formula_not_evaluated,0.10275/1000
6a12cba1-889d-4515-90f8-89feb8d662f2,99963138-ddf9-3b32-9e93-69593d76cb08,formula_not_evaluated,48.477/1000
6a12cba1-889d-4515-90f8-89feb8d662f2,99963138-ddf9-3b32-9e93-69593d76cb08,formula_not_evaluated,0.017382/1000
6a12cba1-889d-4515-90f8-89feb8d662f2,99963138-ddf9-3b32-9e93-69593d76cb08,formula_not_evaluated,0.0093229/1000
6a12cba1-889d-4515-90f8-89feb8d662f2,99963138-ddf9-3b32-9e93-69593d76cb08,formula_not_evaluated,352.98/1000
6a12cba1-889d-4515-90f8-89feb8d662f2,99963138-ddf9-3b32-9e93-69593d76cb08,formula_not_evaluated,0.013984/1000
6a12cba1-889d-4515-90f8-89feb8d662f2,99963138-ddf9-3b32-9e93-69593d76cb08,formula_not_evaluated,571.94/1000
6a12cba1-889d-4515-90f8-89feb8d662f2,99963138-ddf9-3b32-9e93-69593d76cb08,formula_not_evaluated,101.92/1000
6a12cba1-889d-4515-90f8-89feb8d662f2,99963138-ddf9-3b32-9e93-69593d76cb08,formula_not_evaluated,4.6778E-10/1000
6a12cba1-889d-4515-90f8-89feb8d662f2,99c32bb7-a42a-3565-afc0-e56e50bef309,formula_not_evaluated,1.0
6a12cba1-889d-4515-90f8-89feb8d662f2,99c32bb7-a42a-3565-afc0-e56e50bef309,formula_not_evaluated,0.5
6a12cba1-889d-4515-90f8-89feb8d662f2,15ec2675-6091-37da-9849-6e2229ab9d85,formula_not_evaluated,1000.0
6a12cba1-889d-4515-90f8-89feb8d662f2,15ec2675-6091-37da-9849-6e2229ab9d85,formula_not_evaluated,1088.7
6a12cba1-889d-4515-90f8-89feb8d662f2,15ec2675-6091-37da-9849-6e2229ab9d85,formula_not_evaluated,3.6 * (2.1861)
6a12cba1-889d-4515-90f8-89feb8d662f2,15ec2675-6091-37da-9849-6e2229ab9d85,formula_not_evaluated,2337.4
6a12cba1-889d-4515-90f8-89feb8d662f2,15ec2675-6091-37da-9849-6e2229ab9d85,formula_not_evaluated,(2.5036)
6a12cba1-889d-4515-90f8-89feb8d662f2,15ec2675-6091-37da-9849-6e2229ab9d85,formula_not_evaluated,0.01
6a12cba1-889d-4515-90f8-89feb8d662f2,64394243-614a-3ed3-93a7-1eecd7ac6608,formula_not_evaluated,2000.0
6a12cba1-889d-4515-90f8-89feb8d662f2,64394243-614a-3ed3-93a7-1eecd7ac6608,formula_not_evaluated,(469.9)
6a12cba1-889d-4515-90f8-89feb8d662f2,64394243-614a-3ed3-93a7-1eecd7ac6608,formula_not_evaluated,(0.38378)
6a12cba1-889d-4515-90f8-89feb8d662f2,64394243-614a-3ed3-93a7-1eecd7ac6608,formula_not_evaluated,(0.92)
6a12cba1-889d-4515-90f8-89feb8d662f2,64394243-614a-3ed3-93a7-1eecd7ac6608,formula_not_evaluated,3.6 * (162.37)
6a12cba1-889d-4515-90f8-89feb8d662f2,64394243-614a-3ed3-93a7-1eecd7ac6608,formula_not_evaluated,(4.169)
6a12cba1-889d-4515-90f8-89feb8d662f2,64394243-614a-3ed3-93a7-1eecd7ac6608,formula_not_evaluated,(221.8)
6a12cba1-889d-4515-90f8-89feb8d662f2,64394243-614a-3ed3-93a7-1eecd7ac6608,formula_not_evaluated,(0.0047972)
6a12cba1-889d-4515-90f8-89feb8d662f2,64394243-614a-3ed3-93a7-1eecd7ac6608,formula_not_evaluated,(0.22387)
6a12cba1-889d-4515-90f8-89feb8d662f2,64394243-614a-3ed3-93a7-1eecd7ac6608,formula_not_evaluated,(1300)
6a12cba1-889d-4515-90f8-89feb8d662f2,64394243-614a-3ed3-93a7-1eecd7ac6608,formula_not_evaluated,(2.8144)
6a12cba1-889d-4515-90f8-89feb8d662f2,64394243-614a-3ed3-93a7-1eecd7ac6608,formula_not_evaluated,(0.063963)
6a12cba1-889d-4515-90f8-89feb8d662f2,64394243-614a-3ed3-93a7-1eecd7ac6608,formula_not_evaluated,(2929.0)
6a12cba1-889d-4515-90f8-89feb8d662f2,64394243-614a-3ed3-93a7-1eecd7ac6608,formula_not_evaluated,(0.031982)
6a12cba1-889d-4515-90f8-89feb8d662f2,1b3e0fa2-3e38-3474-a5d6-6dd3e3452395,formula_not_evaluated,1000.0
6a12cba1-889d-4515-90f8-89feb8d662f2,1b3e0fa2-3e38-3474-a5d6-6dd3e3452395,formula_not_evaluated,26.2
6a12cba1-889d-4515-90f8-89feb8d662f2,1b3e0fa2-3e38-3474-a5d6-6dd3e3452395,formula_not_evaluated,(7.282)
6a12cba1-889d-4515-90f8-89feb8d662f2,1b3e0fa2-3e38-3474-a5d6-6dd3e3452395,formula_not_evaluated,(0.047)
6a12cba1-889d-4515-90f8-89feb8d662f2,1b3e0fa2-3e38-3474-a5d6-6dd3e3452395,formula_not_evaluated,611.1
6a12cba1-889d-4515-90f8-89feb8d662f2,1b3e0fa2-3e38-3474-a5d6-6dd3e3452395,formula_not_evaluated,8.55
6a12cba1-889d-4515-90f8-89feb8d662f2,1b3e0fa2-3e38-3474-a5d6-6dd3e3452395,formula_not_evaluated,5.278
6a12cba1-889d-4515-90f8-89feb8d662f2,1b3e0fa2-3e38-3474-a5d6-6dd3e3452395,formula_not_evaluated,(0.1157)
6a12cba1-889d-4515-90f8-89feb8d662f2,1b3e0fa2-3e38-3474-a5d6-6dd3e3452395,formula_not_evaluated,(23.362)
6a12cba1-889d-4515-90f8-89feb8d662f2,1b3e0fa2-3e38-3474-a5d6-6dd3e3452395,formula_not_evaluated,214.7
6a12cba1-889d-4515-90f8-89feb8d662f2,1b3e0fa2-3e38-3474-a5d6-6dd3e3452395,formula_not_evaluated,(0.304)
6a12cba1-889d-4515-90f8-89feb8d662f2,34897ebd-aa3d-347c-91ee-876c3f835fdb,formula_not_evaluated,3.129169341799E-14/1000
6a12cba1-889d-4515-90f8-89feb8d662f2,34897ebd-aa3d-347c-91ee-876c3f835fdb,formula_not_evaluated,0.494659384376042+0.0483385213709498
6a12cba1-889d-4515-90f8-89feb8d662f2,34897ebd-aa3d-347c-91ee-876c3f835fdb,formula_not_evaluated,0.0654594527687582/1000
6a12cba1-889d-4515-90f8-89feb8d662f2,34897ebd-aa3d-347c-91ee-876c3f835fdb,formula_not_evaluated,1.25167022609466E-13/1000
6a12cba1-889d-4515-90f8-89feb8d662f2,34897ebd-aa3d-347c-91ee-876c3f835fdb,formula_not_evaluated,1.31482152597265/1000
6a12cba1-889d-4515-90f8-89feb8d662f2,34897ebd-aa3d-347c-91ee-876c3f835fdb,formula_not_evaluated,10570.4156359801/1000
6a12cba1-889d-4515-90f8-89feb8d662f2,34897ebd-aa3d-347c-91ee-876c3f835fdb,formula_not_evaluated,1.05607550004131E-7/1000
6a12cba1-889d-4515-90f8-89feb8d662f2,34897ebd-aa3d-347c-91ee-876c3f835fdb,formula_not_evaluated,0.00742481783046044/1000
6a12cba1-889d-4515-90f8-89feb8d662f2,34897ebd-aa3d-347c-91ee-876c3f835fdb,formula_not_evaluated,0.0812370118188477/1000
6a12cba1-889d-4515-90f8-89feb8d662f2,34897ebd-aa3d-347c-91ee-876c3f835fdb,formula_not_evaluated,5.92213236012398/1000
6a12cba1-889d-4515-90f8-89feb8d662f2,34897ebd-aa3d-347c-91ee-876c3f835fdb,formula_not_evaluated,0.00256983879787089/1000
6a12cba1-889d-4515-90f8-89feb8d662f2,34897ebd-aa3d-347c-91ee-876c3f835fdb,formula_not_evaluated,0.976703731855902/1000
6a12cba1-889d-4515-90f8-89feb8d662f2,34897ebd-aa3d-347c-91ee-876c3f835fdb,formula_not_evaluated,0.00138446778669399/1000
6a12cba1-889d-4515-90f8-89feb8d662f2,34897ebd-aa3d-347c-91ee-876c3f835fdb,formula_not_evaluated,0.19995088964659/1000
6a12cba1-889d-4515-90f8-89feb8d662f2,34897ebd-aa3d-347c-91ee-876c3f835fdb,formula_not_evaluated,0.539927278088579/1000
6a12cba1-889d-4515-90f8-89feb8d662f2,34897ebd-aa3d-347c-91ee-876c3f835fdb,formula_not_evaluated,144.037662901165/1000
6a12cba1-889d-4515-90f8-89feb8d662f2,34897ebd-aa3d-347c-91ee-876c3f835fdb,formula_not_evaluated,0.0110112466810317/1000
6a12cba1-889d-4515-90f8-89feb8d662f2,34897ebd-aa3d-347c-91ee-876c3f835fdb,formula_not_evaluated,0.055527902716292/1000
6a12cba1-889d-4515-90f8-89feb8d662f2,34897ebd-aa3d-347c-91ee-876c3f835fdb,formula_not_evaluated,1.33823824374054E-11/1000
6a12cba1-889d-4515-90f8-89feb8d662f2,34897ebd-aa3d-347c-91ee-876c3f835fdb,formula_not_evaluated,0.0561587700618178/1000
6a12cba1-889d-4515-90f8-89feb8d662f2,34897ebd-aa3d-347c-91ee-876c3f835fdb,formula_not_evaluated,0.00537404253424613/1000
6a12cba1-889d-4515-90f8-89feb8d662f2,34897ebd-aa3d-347c-91ee-876c3f835fdb,formula_not_evaluated,1.16943109045863E-23/1000
6a12cba1-889d-4515-90f8-89feb8d662f2,34897ebd-aa3d-347c-91ee-876c3f835fdb,formula_not_evaluated,7.86174063126717E-4/1000
6a12cba1-889d-4515-90f8-89feb8d662f2,34897ebd-aa3d-347c-91ee-876c3f835fdb,formula_not_evaluated,4.60617282506636E-6/1000
6a12cba1-889d-4515-90f8-89feb8d662f2,34897ebd-aa3d-347c-91ee-876c3f835fdb,formula_not_evaluated,0.00397828775895937/1000
6a12cba1-889d-4515-90f8-89feb8d662f2,34897ebd-aa3d-347c-91ee-876c3f835fdb,formula_not_evaluated,100.902751482326/1000
6a12cba1-889d-4515-90f8-89feb8d662f2,34897ebd-aa3d-347c-91ee-876c3f835fdb,formula_not_evaluated,2.02343855996597/1000
6a12cba1-889d-4515-90f8-89feb8d662f2,34897ebd-aa3d-347c-91ee-876c3f835fdb,formula_not_evaluated,1.71403112186245/1000
6a12cba1-889d-4515-90f8-89feb8d662f2,34897ebd-aa3d-347c-91ee-876c3f835fdb,formula_not_evaluated,191.663256109204/1000
6a12cba1-889d-4515-90f8-89feb8d662f2,34897ebd-aa3d-347c-91ee-876c3f835fdb,formula_not_evaluated,0.00230719305273675/1000
6a12cba1-889d-4515-90f8-89feb8d662f2,34897ebd-aa3d-347c-91ee-876c3f835fdb,formula_not_evaluated,0.0215241733874436/1000
6a12cba1-889d-4515-90f8-89feb8d662f2,34897ebd-aa3d-347c-91ee-876c3f835fdb,formula_not_evaluated,0.0403683946234451/1000
6a12cba1-889d-4515-90f8-89feb8d662f2,34897ebd-aa3d-347c-91ee-876c3f835fdb,formula_not_evaluated,1520.65722182987/1000
6a12cba1-889d-4515-90f8-89feb8d662f2,34897ebd-aa3d-347c-91ee-876c3f835fdb,formula_not_evaluated,0.236297000482904/1000
6a12cba1-889d-4515-90f8-89feb8d662f2,34897ebd-aa3d-347c-91ee-876c3f835fdb,formula_not_evaluated,151476.98725617/1000
6a12cba1-889d-4515-90f8-89feb8d662f2,34897ebd-aa3d-347c-91ee-876c3f835fdb,formula_not_evaluated,4415.29316193931/1000
6a12cba1-889d-4515-90f8-89feb8d662f2,34897ebd-aa3d-347c-91ee-876c3f835fdb,formula_not_evaluated,0.284527973204659/1000
6a12cba1-889d-4515-90f8-89feb8d662f2,34897ebd-aa3d-347c-91ee-876c3f835fdb,formula_not_evaluated,0.0913334928355447/1000
6a12cba1-889d-4515-90f8-89feb8d662f2,34897ebd-aa3d-347c-91ee-876c3f835fdb,formula_not_evaluated,0.00879460452878548/1000
6a12cba1-889d-4515-90f8-89feb8d662f2,34897ebd-aa3d-347c-91ee-876c3f835fdb,formula_not_evaluated,0.0215241720797494/1000
6a12cba1-889d-4515-90f8-89feb8d662f2,34897ebd-aa3d-347c-91ee-876c3f835fdb,formula_not_evaluated,1.81657775805503/1000
6a12cba1-889d-4515-90f8-89feb8d662f2,34897ebd-aa3d-347c-91ee-876c3f835fdb,formula_not_evaluated,0.690620420590143/1000
6a12cba1-889d-4515-90f8-89feb8d662f2,34897ebd-aa3d-347c-91ee-876c3f835fdb,formula_not_evaluated,6.25835113047322E-14/1000
6a12cba1-889d-4515-90f8-89feb8d662f2,34897ebd-aa3d-347c-91ee-876c3f835fdb,formula_not_evaluated,0.00405395446587356/1000
6a12cba1-889d-4515-90f8-89feb8d662f2,34897ebd-aa3d-347c-91ee-876c3f835fdb,formula_not_evaluated,0.0165168700215474/1000
6a12cba1-889d-4515-90f8-89feb8d662f2,34897ebd-aa3d-347c-91ee-876c3f835fdb,formula_not_evaluated,0.0154529422597711/1000
6a12cba1-889d-4515-90f8-89feb8d662f2,34897ebd-aa3d-347c-91ee-876c3f835fdb,formula_not_evaluated,84.8315505073261/1000
6a12cba1-889d-4515-90f8-89feb8d662f2,34897ebd-aa3d-347c-91ee-876c3f835fdb,formula_not_evaluated,0.114540220413509/1000
6a12cba1-889d-4515-90f8-89feb8d662f2,34897ebd-aa3d-347c-91ee-876c3f835fdb,formula_not_evaluated,1.45027256823094E-9/1000
6a12cba1-889d-4515-90f8-89feb8d662f2,34897ebd-aa3d-347c-91ee-876c3f835fdb,formula_not_evaluated,0.016517817085119/1000
6a12cba1-889d-4515-90f8-89feb8d662f2,34897ebd-aa3d-347c-91ee-876c3f835fdb,formula_not_evaluated,0.590387771367887/1000
6a12cba1-889d-4515-90f8-89feb8d662f2,34897ebd-aa3d-347c-91ee-876c3f835fdb,formula_not_evaluated,0.0161186783645955/1000
6a12cba1-889d-4515-90f8-89feb8d662f2,34897ebd-aa3d-347c-91ee-876c3f835fdb,formula_not_evaluated,0.586158471353953/1000
6a12cba1-889d-4515-90f8-89feb8d662f2,34897ebd-aa3d-347c-91ee-876c3f835fdb,formula_not_evaluated,960.806389759516/1000
6a12cba1-889d-4515-90f8-89feb8d662f2,34897ebd-aa3d-347c-91ee-876c3f835fdb,formula_not_evaluated,3485.24206912496/1000
6a12cba1-889d-4515-90f8-89feb8d662f2,34897ebd-aa3d-347c-91ee-876c3f835fdb,formula_not_evaluated,0.207353822747524/1000
6a12cba1-889d-4515-90f8-89feb8d662f2,34897ebd-aa3d-347c-91ee-876c3f835fdb,formula_not_evaluated,4.7683525525289E-6/1000
6a12cba1-889d-4515-90f8-89feb8d662f2,34897ebd-aa3d-347c-91ee-876c3f835fdb,formula_not_evaluated,0.183585575785375/1000
6a12cba1-889d-4515-90f8-89feb8d662f2,34897ebd-aa3d-347c-91ee-876c3f835fdb,formula_not_evaluated,0.0514164939620082/1000
6a12cba1-889d-4515-90f8-89feb8d662f2,34897ebd-aa3d-347c-91ee-876c3f835fdb,formula_not_evaluated,5483.39607285166+6.1241167427779
6a12cba1-889d-4515-90f8-89feb8d662f2,34897ebd-aa3d-347c-91ee-876c3f835fdb,formula_not_evaluated,0.00166107962009765/1000
6a12cba1-889d-4515-90f8-89feb8d662f2,34897ebd-aa3d-347c-91ee-876c3f835fdb,formula_not_evaluated,332.807493920083/1000
6a12cba1-889d-4515-90f8-89feb8d662f2,34897ebd-aa3d-347c-91ee-876c3f835fdb,formula_not_evaluated,3.3606688524018/1000
6a12cba1-889d-4515-90f8-89feb8d662f2,34897ebd-aa3d-347c-91ee-876c3f835fdb,formula_not_evaluated,75.6177212638267/1000
6a12cba1-889d-4515-90f8-89feb8d662f2,34897ebd-aa3d-347c-91ee-876c3f835fdb,formula_not_evaluated,642.922497402092/1000
6a12cba1-889d-4515-90f8-89feb8d662f2,34897ebd-aa3d-347c-91ee-876c3f835fdb,formula_not_evaluated,4033.08570543984/1000
6a12cba1-889d-4515-90f8-89feb8d662f2,34897ebd-aa3d-347c-91ee-876c3f835fdb,formula_not_evaluated,0.0645894313975123/1000
6a12cba1-889d-4515-90f8-89feb8d662f2,34897ebd-aa3d-347c-91ee-876c3f835fdb,formula_not_evaluated,112.454624043604/1000
6a12cba1-889d-4515-90f8-89feb8d662f2,34897ebd-aa3d-347c-91ee-876c3f835fdb,formula_not_evaluated,0.00537271075488013/1000
6a12cba1-889d-4515-90f8-89feb8d662f2,34897ebd-aa3d-347c-91ee-876c3f835fdb,formula_not_evaluated,706.023143121494/1000
6a12cba1-889d-4515-90f8-89feb8d662f2,25dc85c1-c37b-390a-9886-06e5cdc1d732,formula_not_evaluated,1.0
6a12cba1-889d-4515-90f8-89feb8d662f2,25dc85c1-c37b-390a-9886-06e5cdc1d732,formula_not_evaluated,1.069E-7
6a12cba1-889d-4515-90f8-89feb8d662f2,25dc85c1-c37b-390a-9886-06e5cdc1d732,formula_not_evaluated,1.9733E-8
6a12cba1-889d-4515-90f8-89feb8d662f2,25dc85c1-c37b-390a-9886-06e5cdc1d732,formula_not_evaluated,5.2261E-6
6a12cba1-889d-4515-90f8-89feb8d662f2,25dc85c1-c37b-390a-9886-06e5cdc1d732,formula_not_evaluated,7.9539E-5
6a12cba1-889d-4515-90f8-89feb8d662f2,25dc85c1-c37b-390a-9886-06e5cdc1d732,formula_not_evaluated,9.2815E-7
6a12cba1-889d-4515-90f8-89feb8d662f2,25dc85c1-c37b-390a-9886-06e5cdc1d732,formula_not_evaluated,1.1065E-9
6a12cba1-889d-4515-90f8-89feb8d662f2,8fe359cb-24fb-307c-9eae-ca3be595e69f,formula_not_evaluated,1000.0
6a12cba1-889d-4515-90f8-89feb8d662f2,8fe359cb-24fb-307c-9eae-ca3be595e69f,formula_not_evaluated,1000
6a12cba1-889d-4515-90f8-89feb8d662f2,8fe359cb-24fb-307c-9eae-ca3be595e69f,formula_not_evaluated,(lime)
6a12cba1-889d-4515-90f8-89feb8d662f2,8fe359cb-24fb-307c-9eae-ca3be595e69f,formula_not_evaluated,((5.52E-4 + 0.003492) / 2)
6a12cba1-889d-4515-90f8-89feb8d662f2,8fe359cb-24fb-307c-9eae-ca3be595e69f,formula_not_evaluated,1000.0
6a12cba1-889d-4515-90f8-89feb8d662f2,b06d1d47-4112-3dcd-8b09-014635f91500,formula_not_evaluated,2000.0
6a12cba1-889d-4515-90f8-89feb8d662f2,b06d1d47-4112-3dcd-8b09-014635f91500,formula_not_evaluated,(0.19)
6a12cba1-889d-4515-90f8-89feb8d662f2,b06d1d47-4112-3dcd-8b09-014635f91500,formula_not_evaluated,(0.0586)
6a12cba1-889d-4515-90f8-89feb8d662f2,b06d1d47-4112-3dcd-8b09-014635f91500,formula_not_evaluated,3.6 * (2.41)
6a12cba1-889d-4515-90f8-89feb8d662f2,b06d1d47-4112-3dcd-8b09-014635f91500,formula_not_evaluated,(1.33)
6a12cba1-889d-4515-90f8-89feb8d662f2,ac0cdbf8-8d2e-30ac-b0b9-97d34bf95981,formula_not_evaluated,2000.0
6a12cba1-889d-4515-90f8-89feb8d662f2,ac0cdbf8-8d2e-30ac-b0b9-97d34bf95981,formula_not_evaluated,(2.33E-4)
6a12cba1-889d-4515-90f8-89feb8d662f2,ac0cdbf8-8d2e-30ac-b0b9-97d34bf95981,formula_not_evaluated,(0.0101)
6a12cba1-889d-4515-90f8-89feb8d662f2,ac0cdbf8-8d2e-30ac-b0b9-97d34bf95981,formula_not_evaluated,(0.055)
6a12cba1-889d-4515-90f8-89feb8d662f2,ac0cdbf8-8d2e-30ac-b0b9-97d34bf95981,formula_not_evaluated,(0.00939)
6a12cba1-889d-4515-90f8-89feb8d662f2,ac0cdbf8-8d2e-30ac-b0b9-97d34bf95981,formula_not_evaluated,3.6 * (2.96)
6a12cba1-889d-4515-90f8-89feb8d662f2,ac0cdbf8-8d2e-30ac-b0b9-97d34bf95981,formula_not_evaluated,(3.45)
6a12cba1-889d-4515-90f8-89feb8d662f2,ac0cdbf8-8d2e-30ac-b0b9-97d34bf95981,formula_not_evaluated,(1.0E-4)
6a12cba1-889d-4515-90f8-89feb8d662f2,ac0cdbf8-8d2e-30ac-b0b9-97d34bf95981,formula_not_evaluated,(0.0932)
6a12cba1-889d-4515-90f8-89feb8d662f2,ac0cdbf8-8d2e-30ac-b0b9-97d34bf95981,formula_not_evaluated,(0.0145)
6a12cba1-889d-4515-90f8-89feb8d662f2,d9917668-4941-35a0-a4b4-e920efd60946,formula_not_evaluated,1.0
6a12cba1-889d-4515-90f8-89feb8d662f2,d9917668-4941-35a0-a4b4-e920efd60946,formula_not_evaluated,3.3194E-9
6a12cba1-889d-4515-90f8-89feb8d662f2,d9917668-4941-35a0-a4b4-e920efd60946,formula_not_evaluated,1.4317E-5
6a12cba1-889d-4515-90f8-89feb8d662f2,d9917668-4941-35a0-a4b4-e920efd60946,formula_not_evaluated,1.9241E-8
6a12cba1-889d-4515-90f8-89feb8d662f2,d9917668-4941-35a0-a4b4-e920efd60946,formula_not_evaluated,7.7489E-6
6a12cba1-889d-4515-90f8-89feb8d662f2,d9917668-4941-35a0-a4b4-e920efd60946,formula_not_evaluated,5.92E-08
6a12cba1-889d-4515-90f8-89feb8d662f2,d9917668-4941-35a0-a4b4-e920efd60946,formula_not_evaluated,5.783E-7
6a12cba1-889d-4515-90f8-89feb8d662f2,4542a69a-4c5f-3967-92da-830361967e0a,formula_not_evaluated,1000.0
6a12cba1-889d-4515-90f8-89feb8d662f2,4542a69a-4c5f-3967-92da-830361967e0a,formula_not_evaluated,(0.059 + 0.087) / 2
6a12cba1-889d-4515-90f8-89feb8d662f2,4542a69a-4c5f-3967-92da-830361967e0a,formula_not_evaluated,1000.0
6a12cba1-889d-4515-90f8-89feb8d662f2,4542a69a-4c5f-3967-92da-830361967e0a,formula_not_evaluated,1000
6a12cba1-889d-4515-90f8-89feb8d662f2,4542a69a-4c5f-3967-92da-830361967e0a,formula_not_evaluated,((0.011358 + 0.016748) / 2)
6a12cba1-889d-4515-90f8-89feb8d662f2,4e590e0c-3773-3db7-9515-728fde75ab55,formula_not_evaluated,1.0
6a12cba1-889d-4515-90f8-89feb8d662f2,4e590e0c-3773-3db7-9515-728fde75ab55,formula_not_evaluated,1064.0
6a12cba1-889d-4515-90f8-89feb8d662f2,7394ff08-eec4-4f81-8b0f-8880cd071207,formula_not_evaluated,1
6a12cba1-889d-4515-90f8-89feb8d662f2,7394ff08-eec4-4f81-8b0f-8880cd071207,formula_not_evaluated,24.71
6a12cba1-889d-4515-90f8-89feb8d662f2,7394ff08-eec4-4f81-8b0f-8880cd071207,formula_not_evaluated,241.9
6a12cba1-889d-4515-90f8-89feb8d662f2,7394ff08-eec4-4f81-8b0f-8880cd071207,formula_not_evaluated,346.4
6a12cba1-889d-4515-90f8-89feb8d662f2,bd968b92-1d89-398e-8201-09bacff50694,formula_not_evaluated,1000.0
6a12cba1-889d-4515-90f8-89feb8d662f2,bd968b92-1d89-398e-8201-09bacff50694,formula_not_evaluated,((0.062 + 0.161) / 2)
6a12cba1-889d-4515-90f8-89feb8d662f2,bd968b92-1d89-398e-8201-09bacff50694,formula_not_evaluated,(alum )
6a12cba1-889d-4515-90f8-89feb8d662f2,bd968b92-1d89-398e-8201-09bacff50694,formula_not_evaluated,((0.013299 + 0.026344) / 2)
6a12cba1-889d-4515-90f8-89feb8d662f2,bd968b92-1d89-398e-8201-09bacff50694,formula_not_evaluated,((0.008928 + 0.023184) / 2)
6a12cba1-889d-4515-90f8-89feb8d662f2,bd968b92-1d89-398e-8201-09bacff50694,formula_not_evaluated,1000
6a12cba1-889d-4515-90f8-89feb8d662f2,f5558c59-7afd-3000-ae7a-68afc1d0513f,formula_not_evaluated,1.0
6a12cba1-889d-4515-90f8-89feb8d662f2,f5558c59-7afd-3000-ae7a-68afc1d0513f,formula_not_evaluated,2.0746E-10
6a12cba1-889d-4515-90f8-89feb8d662f2,f5558c59-7afd-3000-ae7a-68afc1d0513f,formula_not_evaluated,3.7E-9
6a12cba1-889d-4515-90f8-89feb8d662f2,f5558c59-7afd-3000-ae7a-68afc1d0513f,formula_not_evaluated,6.5697E-9
6a12cba1-889d-4515-90f8-89feb8d662f2,f5558c59-7afd-3000-ae7a-68afc1d0513f,formula_not_evaluated,1.6597E-9
6a12cba1-889d-4515-90f8-89feb8d662f2,f5558c59-7afd-3000-ae7a-68afc1d0513f,formula_not_evaluated,2.96E-8
6a12cba1-889d-4515-90f8-89feb8d662f2,f5558c59-7afd-3000-ae7a-68afc1d0513f,formula_not_evaluated,1.0235E-4
6a12cba1-889d-4515-90f8-89feb8d662f2,f5558c59-7afd-3000-ae7a-68afc1d0513f,formula_not_evaluated,3.6991E-4
6a12cba1-889d-4515-90f8-89feb8d662f2,f5558c59-7afd-3000-ae7a-68afc1d0513f,formula_not_evaluated,1.17E-07
6a12cba1-889d-4515-90f8-89feb8d662f2,f5558c59-7afd-3000-ae7a-68afc1d0513f,formula_not_evaluated,2.4204E-10
6a12cba1-889d-4515-90f8-89feb8d662f2,f5558c59-7afd-3000-ae7a-68afc1d0513f,formula_not_evaluated,4.3166E-9
6a12cba1-889d-4515-90f8-89feb8d662f2,08f86327-b29d-3ffa-b863-a257c2d6c952,formula_not_evaluated,(9.1799E-7*666.022)
6a12cba1-889d-4515-90f8-89feb8d662f2,08f86327-b29d-3ffa-b863-a257c2d6c952,formula_not_evaluated,(0.0020864*666.022)
6a12cba1-889d-4515-90f8-89feb8d662f2,08f86327-b29d-3ffa-b863-a257c2d6c952,formula_not_evaluated,(1.0014E-4*666.022)
6a12cba1-889d-4515-90f8-89feb8d662f2,08f86327-b29d-3ffa-b863-a257c2d6c952,formula_not_evaluated,(4.1727E-4*666.022)
6a12cba1-889d-4515-90f8-89feb8d662f2,08f86327-b29d-3ffa-b863-a257c2d6c952,formula_not_evaluated,(0.0040892*666.022)
6a12cba1-889d-4515-90f8-89feb8d662f2,cfc38536-f8a3-3511-b47a-5ae3b2d2de1e,formula_not_evaluated,1.0
6a12cba1-889d-4515-90f8-89feb8d662f2,cfc38536-f8a3-3511-b47a-5ae3b2d2de1e,formula_not_evaluated,8.5751E-6
6a12cba1-889d-4515-90f8-89feb8d662f2,cfc38536-f8a3-3511-b47a-5ae3b2d2de1e,formula_not_evaluated,1.5393E-7
6a12cba1-889d-4515-90f8-89feb8d662f2,cfc38536-f8a3-3511-b47a-5ae3b2d2de1e,formula_not_evaluated,1.05E-08
6a12cba1-889d-4515-90f8-89feb8d662f2,cfc38536-f8a3-3511-b47a-5ae3b2d2de1e,formula_not_evaluated,1.1454E-4
6a12cba1-889d-4515-90f8-89feb8d662f2,cfc38536-f8a3-3511-b47a-5ae3b2d2de1e,formula_not_evaluated,6.6734E-9
6a12cba1-889d-4515-90f8-89feb8d662f2,cfc38536-f8a3-3511-b47a-5ae3b2d2de1e,formula_not_evaluated,1.1902E-7
6a12cba1-889d-4515-90f8-89feb8d662f2,cfc38536-f8a3-3511-b47a-5ae3b2d2de1e,formula_not_evaluated,1.3365E-6
6a12cba1-889d-4515-90f8-89feb8d662f2,cfc38536-f8a3-3511-b47a-5ae3b2d2de1e,formula_not_evaluated,5.8781E-10
