dataset_name,uuid,version,process_type,database,database_release,geography,valid_from,valid_until,reference_flow_name,reference_flow_uuid,reference_amount,reference_unit,reference_is_input,reference_count,allocation_method,source_url,retrieval_date,archive_member,sha256
Drinking water treatment; valves for distribution system; at plant,0577d79b-9d3d-334f-a390-84d70c142d53,00.01.012,UNIT_PROCESS,USLCI,1.2026-09.0,United States of America (the),2011-01-01,2011-12-31,Drinking water treatment; valves for distribution system,f7b5958e-9116-39b2-8693-5ca991953c5e,1.0,m3,False,1,unknown,https://api.nal.usda.gov/FederalLCACommonsapi/browse/National_Renewable_Energy_Laboratory/USLCI_Database_Public/PROCESS/0577d79b-9d3d-334f-a390-84d70c142d53,2026-10-08,processes/0577d79b-9d3d-334f-a390-84d70c142d53.json,44fd5e89332e367b876bd67f9224db7f3fd9a3b408dea4e24e2ff35e1c50da20
Iron; sand casted,076898a5-e1ce-3c50-9df4-6445fc0bb6aa,00.00.022,UNIT_PROCESS,USLCI,1.2026-09.0,United States of America (the),2003-12-31,2003-12-31,Iron; sand casted,7f83f353-12a6-31fa-9d49-23c6c0ae7863,1.0,kg,False,1,NO_ALLOCATION,https://api.nal.usda.gov/FederalLCACommonsapi/browse/National_Renewable_Energy_Laboratory/USLCI_Database_Public/PROCESS/076898a5-e1ce-3c50-9df4-6445fc0bb6aa,2026-10-08,processes/076898a5-e1ce-3c50-9df4-6445fc0bb6aa.json,3802de0e3cf335bf89d0aa2c50a90aaf2fc225923599027c230fa664431f7951
"Heat; indirect, heated zones, softwood, plywood veneer drying",0853441e-0b11-30f6-87c5-00ca7df78e21,00.00.006,UNIT_PROCESS,USLCI,1.2026-09.0,Northern America,1994-12-31,1994-12-31,Heat; indirect; heated zones; softwood; plywood veneer drying,4b5cad63-18f1-30c7-ae7c-79f60094c8f0,1993.2,kg,False,1,NO_ALLOCATION,https://api.nal.usda.gov/FederalLCACommonsapi/browse/National_Renewable_Energy_Laboratory/USLCI_Database_Public/PROCESS/0853441e-0b11-30f6-87c5-00ca7df78e21,2026-10-08,processes/0853441e-0b11-30f6-87c5-00ca7df78e21.json,400927230927fbed9885ab5c2439869f452a11e2858bf91dbe443851a5c4d9fa
"Transport, pipeline; unspecified petroleum products",0855376f-1ec5-3f3e-bead-959c932539b7,00.00.011,UNIT_PROCESS,USLCI,1.2026-09.0,Northern America,2002-12-31,2002-12-31,Transport; pipeline; unspecified petroleum products,acbe5bc4-6afd-31aa-bf3f-4a3fdc491945,1.0,t*km,False,1,NO_ALLOCATION,https://api.nal.usda.gov/FederalLCACommonsapi/browse/National_Renewable_Energy_Laboratory/USLCI_Database_Public/PROCESS/0855376f-1ec5-3f3e-bead-959c932539b7,2026-10-08,processes/0855376f-1ec5-3f3e-bead-959c932539b7.json,80cdddd1c9dc95f4201b89d20e2ca55a3664db8ac2baf0637c753006dd18a940
"Ethanol; denatured, corn stover, biochemical",0879167f-989b-3e3b-b9c5-3c07ea0a3f8e,00.00.020,UNIT_PROCESS,USLCI,1.2026-09.0,Northern America,2008-12-31,2008-12-31,"Ethanol; denatured, corn stover, biochemical",7f49cac3-84a7-345a-abaa-c3671a78c38f,26100.0,kg,False,1,NO_ALLOCATION,https://api.nal.usda.gov/FederalLCACommonsapi/browse/National_Renewable_Energy_Laboratory/USLCI_Database_Public/PROCESS/0879167f-989b-3e3b-b9c5-3c07ea0a3f8e,2026-10-08,processes/0879167f-989b-3e3b-b9c5-3c07ea0a3f8e.json,3897fafa9578988740f76a79c74eb5a67843d1bc3b6fab0ee5af5a4aa566d103
"Ethanol; denatured; switchgrass, biochemical",0898854c-e38f-3d23-880f-f8da7d65ca0c,00.00.019,UNIT_PROCESS,USLCI,1.2026-09.0,Northern America,2008-12-31,2008-12-31,"Ethanol; denatured, switchgrass, biochemical",005db14f-6fc8-32d3-95a6-c7b8b8d30fb1,26100.0,kg,False,1,NO_ALLOCATION,https://api.nal.usda.gov/FederalLCACommonsapi/browse/National_Renewable_Energy_Laboratory/USLCI_Database_Public/PROCESS/0898854c-e38f-3d23-880f-f8da7d65ca0c,2026-10-08,processes/0898854c-e38f-3d23-880f-f8da7d65ca0c.json,275b7d15873d02765c4039bde2c5ff24b9df8197e101503123cdda5a8903a01d
Drinking water treatment; disposal; sedimentation waste to water; at plant,08f86327-b29d-3ffa-b863-a257c2d6c952,00.01.016,UNIT_PROCESS,USLCI,1.2026-09.0,United States of America (the),2011-01-01,2011-12-31,Drinking water treatment; sedimentation waste,6d22d920-fc46-49b0-801d-e4caa4d88628,1.0,gal (US liq),True,1,unknown,https://api.nal.usda.gov/FederalLCACommonsapi/browse/National_Renewable_Energy_Laboratory/USLCI_Database_Public/PROCESS/08f86327-b29d-3ffa-b863-a257c2d6c952,2026-10-08,processes/08f86327-b29d-3ffa-b863-a257c2d6c952.json,c1d4f1f5105a3a315d7f23d5a6f1b361559a9faf5beab8af016d025af34ef41a
Diesel; combusted in industrial boiler; at pulp and paper mill,0924e625-e201-374c-8628-0c44df929cdd,00.01.005,UNIT_PROCESS,USLCI,1.2026-09.0,United States of America (the),1997-12-31,2000-12-31,Diesel; combusted in industrial boiler; at pulp and paper mill,e184833d-06cf-3cac-9fd8-df1dc06bb137,1.0,l,False,1,NO_ALLOCATION,https://api.nal.usda.gov/FederalLCACommonsapi/browse/National_Renewable_Energy_Laboratory/USLCI_Database_Public/PROCESS/0924e625-e201-374c-8628-0c44df929cdd,2026-10-08,processes/0924e625-e201-374c-8628-0c44df929cdd.json,ca7c0d482c62b1ec9d735453166925f2f665a65ab0a5d19ad9ba5a2a35eadf2a
Corn wet mill; gluten drying,097d2f2c-d006-3b27-84de-98e6a364e411,00.00.006,UNIT_PROCESS,USLCI,1.2026-09.0,Northern America,1993-12-31,1993-12-31,Corn wet mill; gluten drying,28b025c1-5897-3e01-8aa2-166cd2c9f86d,2000.0,kg,False,1,NO_ALLOCATION,https://api.nal.usda.gov/FederalLCACommonsapi/browse/National_Renewable_Energy_Laboratory/USLCI_Database_Public/PROCESS/097d2f2c-d006-3b27-84de-98e6a364e411,2026-10-08,processes/097d2f2c-d006-3b27-84de-98e6a364e411.json,55b2ee38910aca2cb42fb8385b5e939f6fa0c7e185d8eb8fd275f2c0d9e52033
"Transport, barge; average fuel mix",099c3d09-08a3-3cac-9ffd-0558c12033b9,00.00.009,UNIT_PROCESS,USLCI,1.2026-09.0,United States of America (the),2019-01-01,2019-12-31,Transport; barge; average fuel mix,4069483a-8d94-3b6b-81be-5f0a249b74f4,1.0,t*km,False,1,NO_ALLOCATION,https://api.nal.usda.gov/FederalLCACommonsapi/browse/National_Renewable_Energy_Laboratory/USLCI_Database_Public/PROCESS/099c3d09-08a3-3cac-9ffd-0558c12033b9,2026-10-08,processes/099c3d09-08a3-3cac-9ffd-0558c12033b9.json,f815c8413140891de9a9771ea09e3c1fcc8b0c8a0b10b60f74a10c1b07201930
Petroleum refining; at refinery,0aaf1e13-5d80-37f9-b7bb-81a6b8965c71,00.01.016,UNIT_PROCESS,USLCI,1.2026-09.0,United States of America (the),2009-01-01,2023-12-31,Diesel; at refinery,d939590b-a0d7-310c-8952-9921ed64a078,0.252345277453289,l,False,1,PHYSICAL_ALLOCATION,https://api.nal.usda.gov/FederalLCACommonsapi/browse/National_Renewable_Energy_Laboratory/USLCI_Database_Public/PROCESS/0aaf1e13-5d80-37f9-b7bb-81a6b8965c71,2026-10-08,processes/0aaf1e13-5d80-37f9-b7bb-81a6b8965c71.json,7e94f71a8b346ff7e6e09748ab78f91fe56ded9e9303339c9e1c35a8c3e55ec1
"Ductile iron pipe; 24"" inch diameter; at plant",0b27a86d-d4f0-374d-879b-1a1d608d45f3,00.01.007,UNIT_PROCESS,USLCI,1.2026-09.0,United States of America (the),2014-01-01,2025-12-31,"Ductile iron pipe; 24""",974dcb99-8027-3a4b-bfe5-ef37e379be49,1.0,ft,False,1,unknown,https://api.nal.usda.gov/FederalLCACommonsapi/browse/National_Renewable_Energy_Laboratory/USLCI_Database_Public/PROCESS/0b27a86d-d4f0-374d-879b-1a1d608d45f3,2026-10-08,processes/0b27a86d-d4f0-374d-879b-1a1d608d45f3.json,c6299fd5278cd0a708b8ce88464fefa4dd51917a1a3f14f9948bc8ff0ceffb05
Bark; hardwood; average; at forest road;  NE-NC,0b5a14e7-bf8f-380e-87de-af92dd61e21b,00.00.010,UNIT_PROCESS,USLCI,1.2026-09.0,United States of America (the),2002-12-31,2002-12-31,Bark; hardwood; average; at forest road,b397fd68-58b2-3d2c-98ff-982509e10105,1.0,kg,False,1,NO_ALLOCATION,https://api.nal.usda.gov/FederalLCACommonsapi/browse/National_Renewable_Energy_Laboratory/USLCI_Database_Public/PROCESS/0b5a14e7-bf8f-380e-87de-af92dd61e21b,2026-10-08,processes/0b5a14e7-bf8f-380e-87de-af92dd61e21b.json,4998116f0306c32168ac19a6bce3886999d529d71f88eb5d465eba5c80833917
"Hydrochloric acid, HCl; MDI coproduct; at plant; 100% HCl",0d4adbb3-81bb-45c5-bf26-734c76ff3108,02.01.012,UNIT_PROCESS,USLCI,1.2026-09.0,Northern America,2015-01-01,2017-12-31,Hydrochloric acid; at plant,c3019f2c-8e84-4f0d-9529-093d2d0ae5e1,1.0,kg,False,1,CAUSAL_ALLOCATION,https://api.nal.usda.gov/FederalLCACommonsapi/browse/National_Renewable_Energy_Laboratory/USLCI_Database_Public/PROCESS/0d4adbb3-81bb-45c5-bf26-734c76ff3108,2026-10-08,processes/0d4adbb3-81bb-45c5-bf26-734c76ff3108.json,76a18592b1aa859b69caa68481860a2ee644333e5379006a7acfb17a4036aec7
"Natural soda ash, sodium carbonate; at plant",0d95cc8b-a9a0-3630-a760-1ab4d88257d8,00.02.001,UNIT_PROCESS,USLCI,1.2026-09.0,United States of America (the),2012-12-30,2012-12-30,"Natural soda ash, sodium carbonate; at plant",c0af8d39-2a03-3e1d-8548-67989e0fda5a,1000.0,kg,False,1,NO_ALLOCATION,https://api.nal.usda.gov/FederalLCACommonsapi/browse/National_Renewable_Energy_Laboratory/USLCI_Database_Public/PROCESS/0d95cc8b-a9a0-3630-a760-1ab4d88257d8,2026-10-08,processes/0d95cc8b-a9a0-3630-a760-1ab4d88257d8.json,5a6028e83ba4780908756f39d9ead7d273efecbd542c3298ad4115dbe9307b6f
"Acrylonitrile-butadiene-styrene, ABS; copolymer resin; at plant",0e42a306-ee2d-362e-8bc3-580000096459,00.01.010,UNIT_PROCESS,USLCI,1.2026-09.0,Northern America,2015-01-01,2016-12-31,"Acrylonitrile-butadiene-styrene, ABS; copolymer resin; at plant",c32cdfef-1136-4af8-945b-32dd954c7278,1.0,kg,False,1,NO_ALLOCATION,https://api.nal.usda.gov/FederalLCACommonsapi/browse/National_Renewable_Energy_Laboratory/USLCI_Database_Public/PROCESS/0e42a306-ee2d-362e-8bc3-580000096459,2026-10-08,processes/0e42a306-ee2d-362e-8bc3-580000096459.json,4d03c86f0be042e7230ef81fe867fbfce31d85b742f1d651466dacdedf8b9273
"Transport, chemical tanker; residual fuel oil powered; Europe to US East Coast",0e788d76-d70b-34aa-bef4-5a3f1ca49ab5,01.00.001,UNIT_PROCESS,USLCI,1.2026-09.0,Global,2023-01-01,2023-12-31,"Transport, chemical tanker; residual fuel oil powered",8c3474d2-9fc0-3940-a631-ec4229207e82,1.0,t*km,False,1,PHYSICAL_ALLOCATION,https://api.nal.usda.gov/FederalLCACommonsapi/browse/National_Renewable_Energy_Laboratory/USLCI_Database_Public/PROCESS/0e788d76-d70b-34aa-bef4-5a3f1ca49ab5,2026-10-08,processes/0e788d76-d70b-34aa-bef4-5a3f1ca49ab5.json,1ed67076aab791ca9f2e8ce93d31ca60bf4bf6a053eefee5e5007224b8da8e86
Pulpwood; softwood; average; state or private dry forest; at forest road; INW,10a86db5-7f96-35cb-83c3-4912877b7eb7,00.00.009,UNIT_PROCESS,USLCI,1.2026-09.0,United States of America (the),1988-12-31,1995-12-31,Pulpwood; softwood; average; state or private dry forest; at forest road,aa01031a-49f3-329a-a00c-7bc67580c774,1.0,m3,False,1,NO_ALLOCATION,https://api.nal.usda.gov/FederalLCACommonsapi/browse/National_Renewable_Energy_Laboratory/USLCI_Database_Public/PROCESS/10a86db5-7f96-35cb-83c3-4912877b7eb7,2026-10-08,processes/10a86db5-7f96-35cb-83c3-4912877b7eb7.json,7ceed4cc60bcf32744b77134a339aac462f80b61952a20c47a1cba33ac8e535d
"Ductile iron pipe; 16"" inch diameter; at plant",133b6dfd-8bfe-3b6a-9d67-1ea4796bdecb,00.01.007,UNIT_PROCESS,USLCI,1.2026-09.0,United States of America (the),2014-01-01,2025-12-31,"Ductile iron pipe; 16""",ab52737a-38b9-3c14-bb01-893bc8308225,1.0,ft,False,1,unknown,https://api.nal.usda.gov/FederalLCACommonsapi/browse/National_Renewable_Energy_Laboratory/USLCI_Database_Public/PROCESS/133b6dfd-8bfe-3b6a-9d67-1ea4796bdecb,2026-10-08,processes/133b6dfd-8bfe-3b6a-9d67-1ea4796bdecb.json,952542d444cddea283df8f7bf9711d47abb790dc1d5a1cbe4c6cd431db21b916
"General purpose polystyrene, GPPS; resin; at plant",13821cca-f344-37b9-a367-0467be778061,02.01.008,UNIT_PROCESS,USLCI,1.2026-09.0,Northern America,2015-01-01,2016-12-31,"General purpose polystyrene, GPPS; at plant",67b50031-6239-3514-a37f-2b17de803c88,1.0,kg,False,1,PHYSICAL_ALLOCATION,https://api.nal.usda.gov/FederalLCACommonsapi/browse/National_Renewable_Energy_Laboratory/USLCI_Database_Public/PROCESS/13821cca-f344-37b9-a367-0467be778061,2026-10-08,processes/13821cca-f344-37b9-a367-0467be778061.json,8a83b833ec76491974254d2e0548a8398146815fb1d8a1c102ce6860555ec596
Acrylonitrile; at plant,13abc978-777f-4929-9990-4f53976d032f,00.01.007,UNIT_PROCESS,USLCI,1.2026-09.0,United States of America (the),2019-01-01,2019-12-31,Acrylonitrile; at plant,73d4a4b3-24a9-40ee-833c-435fae6a1150,1.0,kg,False,1,NO_ALLOCATION,https://api.nal.usda.gov/FederalLCACommonsapi/browse/National_Renewable_Energy_Laboratory/USLCI_Database_Public/PROCESS/13abc978-777f-4929-9990-4f53976d032f,2026-10-08,processes/13abc978-777f-4929-9990-4f53976d032f.json,4184b34d0eade4316ce6f75d93693f142c7ac2271aa1a34f65025928147bf13b
Winter wheat straw fertilizer mix; at field,14b0912f-fb6d-321d-8f42-0ea35918689f,00.00.010,UNIT_PROCESS,USLCI,1.2026-09.0,Northern America,2009-12-31,2100-12-30,Fertilizer; winter wheat straw,718f9c20-b5b5-35d8-93cd-1310aeffa8e4,10000.0,m2,False,1,NO_ALLOCATION,https://api.nal.usda.gov/FederalLCACommonsapi/browse/National_Renewable_Energy_Laboratory/USLCI_Database_Public/PROCESS/14b0912f-fb6d-321d-8f42-0ea35918689f,2026-10-08,processes/14b0912f-fb6d-321d-8f42-0ea35918689f.json,ae05c4b5b9fabcf1d86366f40867de12e2b22461767801b762ec76158e08daec
Steel scrap recovery,15ec2675-6091-37da-9849-6e2229ab9d85,00.01.019,UNIT_PROCESS,USLCI,1.2026-09.0,United States of America (the),2000-01-01,2000-01-01,Steel scrap recovery,c61aa1e2-671c-3ee0-9e85-7f275714f037,1000.0,kg,False,1,unknown,https://api.nal.usda.gov/FederalLCACommonsapi/browse/National_Renewable_Energy_Laboratory/USLCI_Database_Public/PROCESS/15ec2675-6091-37da-9849-6e2229ab9d85,2026-10-08,processes/15ec2675-6091-37da-9849-6e2229ab9d85.json,9c750f227cd461b82c5ab8d7fe669f01432faf9ea5d532c494ce40b10d257fc2
Phosphorous fertilizer; production mix; at plant,1654c887-0b9c-3434-b9c1-371e3adb3dde,00.00.012,UNIT_PROCESS,USLCI,1.2026-09.0,United States of America (the),9998-12-31,9998-12-31,Phosphorous fertilizer; production mix; at plant,91feb044-e771-35a3-a81f-ac076c5f9b83,1.0,kg,False,1,NO_ALLOCATION,https://api.nal.usda.gov/FederalLCACommonsapi/browse/National_Renewable_Energy_Laboratory/USLCI_Database_Public/PROCESS/1654c887-0b9c-3434-b9c1-371e3adb3dde,2026-10-08,processes/1654c887-0b9c-3434-b9c1-371e3adb3dde.json,9a8f490c3f9d773efd3c1553929a2569a9a41559bb0d53421f46df4d1954b16d
"Transport, container ship; residual fuel oil powered; Asia to US Gulf",17683655-390f-3dd3-86e7-880bf49515ad,01.00.001,UNIT_PROCESS,USLCI,1.2026-09.0,Global,2023-01-01,2023-12-31,"Transport, container ship; residual fuel oil powered",0d1b359b-72a1-3c00-aa2c-2102e8c81a17,1.0,t*km,False,1,PHYSICAL_ALLOCATION,https://api.nal.usda.gov/FederalLCACommonsapi/browse/National_Renewable_Energy_Laboratory/USLCI_Database_Public/PROCESS/17683655-390f-3dd3-86e7-880bf49515ad,2026-10-08,processes/17683655-390f-3dd3-86e7-880bf49515ad.json,205a9643580b2976908775ad30b26e717c7868df843027d33a8d947a41230d07
"Ductile iron pipe; 72"" inch diameter; at plant",1784b0f1-5494-3233-904f-8ed4315e029f,00.01.007,UNIT_PROCESS,USLCI,1.2026-09.0,United States of America (the),2014-01-01,2025-12-31,"Ductile iron pipe; 72""",a463ae80-01cc-37b1-b578-d6b37570a900,1.0,ft,False,1,unknown,https://api.nal.usda.gov/FederalLCACommonsapi/browse/National_Renewable_Energy_Laboratory/USLCI_Database_Public/PROCESS/1784b0f1-5494-3233-904f-8ed4315e029f,2026-10-08,processes/1784b0f1-5494-3233-904f-8ed4315e029f.json,5c3ecceab73ea4b7ace14ca136f9323551c97dbafed6fad9339098ea00663ce2
Electricity Bridge; COAL - US average; USLCI to US Electricity Baseline,18b11170-b8a5-360f-a648-79c97516d33c,00.00.001,UNIT_PROCESS,USLCI,1.2026-09.0,unknown,unknown,unknown,"Electricity, AC, 2300-7650 V",fc406690-160c-37d5-bf36-added9542164,1.0,MJ,False,1,unknown,https://api.nal.usda.gov/FederalLCACommonsapi/browse/National_Renewable_Energy_Laboratory/USLCI_Database_Public/PROCESS/18b11170-b8a5-360f-a648-79c97516d33c,2026-10-08,processes/18b11170-b8a5-360f-a648-79c97516d33c.json,0950b80e83fc3bf31fce6545dc24fdb6ed1553c3053592e712038f6fe93156b9
"Ductile iron pipe; 54"" inch diameter; at plant",18b8bc59-90da-35be-b01e-f2fefe29c995,00.01.008,UNIT_PROCESS,USLCI,1.2026-09.0,United States of America (the),2014-01-01,2025-12-31,"Ductile iron pipe; 54""",5dd01225-d6ea-3f7d-89a7-0e169537ab83,1.0,ft,False,1,unknown,https://api.nal.usda.gov/FederalLCACommonsapi/browse/National_Renewable_Energy_Laboratory/USLCI_Database_Public/PROCESS/18b8bc59-90da-35be-b01e-f2fefe29c995,2026-10-08,processes/18b8bc59-90da-35be-b01e-f2fefe29c995.json,53367400f73659b00795df819d37d743be0b5c2bf88282297401a4aa092d0298
Ethanol; denatured; mixed feedstocks; at conversion facility,1975f735-687a-39ea-96e7-e890e5a5bb51,00.00.010,UNIT_PROCESS,USLCI,1.2026-09.0,Northern America,2008-12-31,2008-12-31,"Ethanol; denatured, mixed feedstocks; at conversion facility",12710c09-7d00-3d32-b909-43b096657c03,1.0,kg,False,1,NO_ALLOCATION,https://api.nal.usda.gov/FederalLCACommonsapi/browse/National_Renewable_Energy_Laboratory/USLCI_Database_Public/PROCESS/1975f735-687a-39ea-96e7-e890e5a5bb51,2026-10-08,processes/1975f735-687a-39ea-96e7-e890e5a5bb51.json,ff9a4229976134e9c6dd47580c36b576e19ecd9020e374397ab0d7691855f73f
Pyrolysis gasoline; at plant,19b638bc-033c-3812-a020-18eb2ff8e8eb,00.00.022,UNIT_PROCESS,USLCI,1.2026-09.0,Northern America,2002-12-31,2002-12-31,Pyrolysis gasoline; at plant,f3d6e4c6-0323-3d9f-a843-b741d2a9b982,1.0,kg,False,1,NO_ALLOCATION,https://api.nal.usda.gov/FederalLCACommonsapi/browse/National_Renewable_Energy_Laboratory/USLCI_Database_Public/PROCESS/19b638bc-033c-3812-a020-18eb2ff8e8eb,2026-10-08,processes/19b638bc-033c-3812-a020-18eb2ff8e8eb.json,ee3b0eac441a051ff4af5dd856988231193be578b3690613443af4ab1c5eb424
Lignite coal; combusted in industrial boiler,1b0f75b8-e749-3eb2-8727-de6a22f60646,00.01.009,UNIT_PROCESS,USLCI,1.2026-09.0,United States of America (the),1996-12-31,2002-12-31,Lignite coal; combusted in industrial boiler,eb6394c1-0d19-3be3-99ab-ec572dec9926,1.0,kg,False,1,NO_ALLOCATION,https://api.nal.usda.gov/FederalLCACommonsapi/browse/National_Renewable_Energy_Laboratory/USLCI_Database_Public/PROCESS/1b0f75b8-e749-3eb2-8727-de6a22f60646,2026-10-08,processes/1b0f75b8-e749-3eb2-8727-de6a22f60646.json,c63bc76328ca14607249159e2ebcec192cc0b04366b72174a7ec49313c2bbb05
Concrete pipe production; at plant,1b3e0fa2-3e38-3474-a5d6-6dd3e3452395,00.01.019,UNIT_PROCESS,USLCI,1.2026-09.0,United States of America (the),1999-01-01,2006-01-01,Concrete pipe production; at plant,ca384d88-ed32-374b-bc19-cf12d609a88d,1000.0,lb av,False,1,unknown,https://api.nal.usda.gov/FederalLCACommonsapi/browse/National_Renewable_Energy_Laboratory/USLCI_Database_Public/PROCESS/1b3e0fa2-3e38-3474-a5d6-6dd3e3452395,2026-10-08,processes/1b3e0fa2-3e38-3474-a5d6-6dd3e3452395.json,14a87f774c995e35bfc5924ddd16d77ad2b8291ecd72b7ba0e8911ede060c39b
Sulfuric acid; at plant,1b6afe73-a064-33a3-87b0-265ae10851e9,00.00.019,UNIT_PROCESS,USLCI,1.2026-09.0,Northern America,1991-12-31,2007-12-31,Sulfuric acid; at plant,f867896e-830f-31f9-975d-465b212262ef,1.0,kg,False,1,NO_ALLOCATION,https://api.nal.usda.gov/FederalLCACommonsapi/browse/National_Renewable_Energy_Laboratory/USLCI_Database_Public/PROCESS/1b6afe73-a064-33a3-87b0-265ae10851e9,2026-10-08,processes/1b6afe73-a064-33a3-87b0-265ae10851e9.json,370fc30be1d62efb9d1d11594d1e1f70ad8faeabd169e2eb67935e86ed29182d
Steel; sections; at plant,1b8709a5-5df4-4c52-85e4-dd6e7ed8deba,00.01.012,LCI_RESULT,USLCI,1.2026-09.0,Northern America,2014-01-01,2018-12-31,Steel; sections; at plant,24e6bc97-3d11-4a73-8598-8965c7dd9927,1.0,kg,False,1,ECONOMIC_ALLOCATION,https://api.nal.usda.gov/FederalLCACommonsapi/browse/National_Renewable_Energy_Laboratory/USLCI_Database_Public/PROCESS/1b8709a5-5df4-4c52-85e4-dd6e7ed8deba,2026-10-08,processes/1b8709a5-5df4-4c52-85e4-dd6e7ed8deba.json,76cd0525cde1a22571b35ee299217c822ddc683434bf827d383f4166e88d2011
Sodium bicarbonate; solvay process; at plant - PROXY,1bf86847-c8d5-49d6-b223-ac39940a53f9,00.00.012,UNIT_PROCESS,USLCI,1.2026-09.0,United States of America (the),unknown,unknown,Sodium bicarbonate; at plant,2dd9826c-1241-46df-ba80-f6be1ae01c8b,1.0,kg,False,1,PHYSICAL_ALLOCATION,https://api.nal.usda.gov/FederalLCACommonsapi/browse/National_Renewable_Energy_Laboratory/USLCI_Database_Public/PROCESS/1bf86847-c8d5-49d6-b223-ac39940a53f9,2026-10-08,processes/1bf86847-c8d5-49d6-b223-ac39940a53f9.json,2d1bcaf8736d5f765adf9f4ee0e3f9a0a8cf9693b9bc28a1172c65e7a664a962
Corn; at field,1cbbcd09-ea17-3d9b-bc34-2cf42efe26ba,00.00.014,UNIT_PROCESS,USLCI,1.2026-09.0,Northern America,2009-12-31,2100-12-30,Corn; production,5c3261bf-f870-3ba9-91e0-402b95a94a51,11000.0,kg,False,1,NO_ALLOCATION,https://api.nal.usda.gov/FederalLCACommonsapi/browse/National_Renewable_Energy_Laboratory/USLCI_Database_Public/PROCESS/1cbbcd09-ea17-3d9b-bc34-2cf42efe26ba,2026-10-08,processes/1cbbcd09-ea17-3d9b-bc34-2cf42efe26ba.json,15b34782629d99ecd045b20368c19a334458fde273355cf68d947573610e461a
Polyol ether; for rigid foam polyurethane production; at plant,1d7ac207-310f-3366-8f9c-e951b61d31ce,00.01.008,LCI_RESULT,USLCI,1.2026-09.0,Northern America,2015-01-01,2017-12-31,Polyol ether; for rigid foam polyurethane production; at plant,e788cf0b-9dbd-341c-9ab2-5a80db504bc0,1.0,kg,False,1,PHYSICAL_ALLOCATION,https://api.nal.usda.gov/FederalLCACommonsapi/browse/National_Renewable_Energy_Laboratory/USLCI_Database_Public/PROCESS/1d7ac207-310f-3366-8f9c-e951b61d31ce,2026-10-08,processes/1d7ac207-310f-3366-8f9c-e951b61d31ce.json,38cd9fc647fb6c647d64837a5ef8731c4fbb379819cd12530d90f3edf540a690
"Linear low-density polyethylene, LLDPE; virgin resin; at plant",1dbafde2-2bc3-405c-9726-4d92fe7d29f9,00.01.012,UNIT_PROCESS,USLCI,1.2026-09.0,Northern America,2014-12-30,2016-12-29,"Linear low-density polyethylene, LLDPE; virgin resin; at plant",1ca3b8d5-a002-41c1-bdce-8db63ea6291e,1.0,kg,False,1,NO_ALLOCATION,https://api.nal.usda.gov/FederalLCACommonsapi/browse/National_Renewable_Energy_Laboratory/USLCI_Database_Public/PROCESS/1dbafde2-2bc3-405c-9726-4d92fe7d29f9,2026-10-08,processes/1dbafde2-2bc3-405c-9726-4d92fe7d29f9.json,7ec063cd08052ded73e15814b505e2bd1878dc27d7ce6363aa3bbfdd87dd47cb
"Transport, container ship; average fuel mix",1e2429d8-8d91-328f-85c3-18d39bdebfa7,00.00.013,UNIT_PROCESS,USLCI,1.2026-09.0,Global,2023-01-01,2023-12-31,"Transport, container ship; average fuel mix",0e63d1db-e383-3c9a-b02a-b5eebafe87d1,1.0,t*km,False,1,NO_ALLOCATION,https://api.nal.usda.gov/FederalLCACommonsapi/browse/National_Renewable_Energy_Laboratory/USLCI_Database_Public/PROCESS/1e2429d8-8d91-328f-85c3-18d39bdebfa7,2026-10-08,processes/1e2429d8-8d91-328f-85c3-18d39bdebfa7.json,80842a98f8290adccd5c42114882a4d335e5ad1ef0a5f5f5d853c8a620bc18b1
"Wood fuel; hardwood, purchased; combusted in industrial boiler; NE-NC",1e4fd434-9cd2-402a-8ebf-43891d0dd591,00.01.006,UNIT_PROCESS,USLCI,1.2026-09.0,United States of America (the),2008-12-31,2009-12-30,Steam; purchased by containerboard mills,caca451d-e5df-4bf4-91f8-2c4be75af6dc,1.0,MJ,False,1,NO_ALLOCATION,https://api.nal.usda.gov/FederalLCACommonsapi/browse/National_Renewable_Energy_Laboratory/USLCI_Database_Public/PROCESS/1e4fd434-9cd2-402a-8ebf-43891d0dd591,2026-10-08,processes/1e4fd434-9cd2-402a-8ebf-43891d0dd591.json,edce7a62356fa791079a50248c0a6ca955450db35d84765ed3105e70babf9ed8
"Natural gas; onshore, conventional; at processing",1e777c15-dde0-5b79-8a9d-08ea05f5bde2,00.02.001,UNIT_PROCESS,USLCI,1.2026-09.0,United States of America (the),unknown,unknown,Natural gas; at processing,dc3c7f24-fbeb-5dd2-b771-c0a6760e9264,1.0,m3,False,1,unknown,https://api.nal.usda.gov/FederalLCACommonsapi/browse/National_Renewable_Energy_Laboratory/USLCI_Database_Public/PROCESS/1e777c15-dde0-5b79-8a9d-08ea05f5bde2,2026-10-08,processes/1e777c15-dde0-5b79-8a9d-08ea05f5bde2.json,3d5b03f54d166f36dd17d13f91a09bf68cb0d640b5438b0fb3b4cd8f8d6f6b54
"Concrete pipe; 36"" inch diameter; at plant",2013d3cd-dd12-316f-aac9-4983529b083c,00.01.006,UNIT_PROCESS,USLCI,1.2026-09.0,United States of America (the),2014-01-01,2025-12-31,"Concrete pipe; 36""",54f0ebc7-6b9a-3627-ad73-a798371d7ebd,1.0,ft,False,1,unknown,https://api.nal.usda.gov/FederalLCACommonsapi/browse/National_Renewable_Energy_Laboratory/USLCI_Database_Public/PROCESS/2013d3cd-dd12-316f-aac9-4983529b083c,2026-10-08,processes/2013d3cd-dd12-316f-aac9-4983529b083c.json,709c21f8234534a7b47f2a85c02f59c133095912b8a6ef4898c57f23bf524a8e
Electricity Bridge; NUCLEAR - US average; USLCI to US Electricity Baseline,207d81c4-6986-3c22-a68b-b4f4f317ed95,00.00.001,UNIT_PROCESS,USLCI,1.2026-09.0,unknown,unknown,unknown,"Electricity, AC, 2300-7650 V",fc406690-160c-37d5-bf36-added9542164,1.0,MJ,False,1,unknown,https://api.nal.usda.gov/FederalLCACommonsapi/browse/National_Renewable_Energy_Laboratory/USLCI_Database_Public/PROCESS/207d81c4-6986-3c22-a68b-b4f4f317ed95,2026-10-08,processes/207d81c4-6986-3c22-a68b-b4f4f317ed95.json,7baa70287653eb5f1a484a3242f48f1eda924933e2fdc957bc0261bca8db5fb4
Pulpwood; softwood; national forest; average; at forest road; INW,20b49008-b007-3407-95b0-92b796e5e2c0,00.00.009,UNIT_PROCESS,USLCI,1.2026-09.0,United States of America (the),1988-12-31,1995-12-31,Pulpwood; softwood; national forest; average; at forest road,bb9e4792-1974-331c-b2d3-0812ccbc67dd,1.0,m3,False,1,NO_ALLOCATION,https://api.nal.usda.gov/FederalLCACommonsapi/browse/National_Renewable_Energy_Laboratory/USLCI_Database_Public/PROCESS/20b49008-b007-3407-95b0-92b796e5e2c0,2026-10-08,processes/20b49008-b007-3407-95b0-92b796e5e2c0.json,03bc2ee673f22a9e30e07131458c53fe855c711a70bcc35b565c7691dec2d5fd
Corrugated product; average production; at mill,226ed3c2-e020-4c95-b1fc-4559fc2d18ac,00.01.008,UNIT_PROCESS,USLCI,1.2026-09.0,United States of America (the),2013-12-31,2014-12-30,Corrugated product; at mill,f806b9df-b77c-3369-a00f-feda82b0778c,1.0,kg,False,1,NO_ALLOCATION,https://api.nal.usda.gov/FederalLCACommonsapi/browse/National_Renewable_Energy_Laboratory/USLCI_Database_Public/PROCESS/226ed3c2-e020-4c95-b1fc-4559fc2d18ac,2026-10-08,processes/226ed3c2-e020-4c95-b1fc-4559fc2d18ac.json,1d3517abaddcc44577e45612eadfbf104cfeec6798f995f42b68132a891dd37d
Fertilizer; stover,238589f8-deaf-3218-84e9-703a9bd7f3e1,00.00.010,UNIT_PROCESS,USLCI,1.2026-09.0,Northern America,2009-12-31,2100-12-30,Fertilizer; stover,7047feb8-1c54-3bef-b0ed-e48b2d052bac,10000.0,m2,False,1,NO_ALLOCATION,https://api.nal.usda.gov/FederalLCACommonsapi/browse/National_Renewable_Energy_Laboratory/USLCI_Database_Public/PROCESS/238589f8-deaf-3218-84e9-703a9bd7f3e1,2026-10-08,processes/238589f8-deaf-3218-84e9-703a9bd7f3e1.json,35286089c5acbdceec875d4f845560fe6b14b1bf9869c8f0e31f4c82fcc4874d
Corn fertilizer mix; at field,24ccf5c5-25f5-35da-bead-5edf4e14cdc1,00.00.010,UNIT_PROCESS,USLCI,1.2026-09.0,Northern America,2004-12-31,2009-12-30,Fertilizer; corn,0bd049bd-ec69-31ed-80ef-257682ec0253,10000.0,m2,False,1,NO_ALLOCATION,https://api.nal.usda.gov/FederalLCACommonsapi/browse/National_Renewable_Energy_Laboratory/USLCI_Database_Public/PROCESS/24ccf5c5-25f5-35da-bead-5edf4e14cdc1,2026-10-08,processes/24ccf5c5-25f5-35da-bead-5edf4e14cdc1.json,df2914070764870aa81729d0f62690c0c21278242af7c657201f1460f1d1be26
Switchgrass; ground; at storage,25b4ad17-ccd9-36ff-8ed5-4ad7b4814ae3,00.00.017,UNIT_PROCESS,USLCI,1.2026-09.0,Northern America,2009-12-31,2099-12-31,Switchgrass; ground; at storage,db2c1447-2d40-3fa4-83b2-fe2753bbbf6a,1000.0,kg,False,1,NO_ALLOCATION,https://api.nal.usda.gov/FederalLCACommonsapi/browse/National_Renewable_Energy_Laboratory/USLCI_Database_Public/PROCESS/25b4ad17-ccd9-36ff-8ed5-4ad7b4814ae3,2026-10-08,processes/25b4ad17-ccd9-36ff-8ed5-4ad7b4814ae3.json,fb3ecc4426e933594af9b3fb3f6dc7eec38efa70cb51b3d5f4278038831ecc17
Drinking water treatment; sand filtration infrastructure; at plant,25dc85c1-c37b-390a-9886-06e5cdc1d732,00.01.016,UNIT_PROCESS,USLCI,1.2026-09.0,United States of America (the),2011-01-01,2011-12-31,Drinking water treatment; sand filtration infrastructure,963c96e9-caa6-3af2-9b16-880bb0317e3e,1.0,m3,False,1,unknown,https://api.nal.usda.gov/FederalLCACommonsapi/browse/National_Renewable_Energy_Laboratory/USLCI_Database_Public/PROCESS/25dc85c1-c37b-390a-9886-06e5cdc1d732,2026-10-08,processes/25dc85c1-c37b-390a-9886-06e5cdc1d732.json,1626b8096feba57168f342b97d994557af89413860e5ca4456b3af0cebb9f5d4
Bituminous coal; combusted in industrial boiler,26465530-69ff-3c68-834f-c67ccb6ee1b2,00.01.011,UNIT_PROCESS,USLCI,1.2026-09.0,United States of America (the),1996-12-31,2002-12-31,Bituminous coal; combusted in industrial boiler,73cd1596-214d-3403-87f1-f69fc3818886,1.0,kg,False,1,NO_ALLOCATION,https://api.nal.usda.gov/FederalLCACommonsapi/browse/National_Renewable_Energy_Laboratory/USLCI_Database_Public/PROCESS/26465530-69ff-3c68-834f-c67ccb6ee1b2,2026-10-08,processes/26465530-69ff-3c68-834f-c67ccb6ee1b2.json,66e22dcc1da5e15b843a59825ca2690687e4f3d89015ad223eb0451c0d1437ba
"High density polyethylene, HDPE; virgin resin; at plant",2712f03a-80fe-4a2b-9005-ca9ba99f7eb3,00.01.013,UNIT_PROCESS,USLCI,1.2026-09.0,Northern America,2014-12-30,2016-12-29,"High density polyethylene, HDPE; virgin resin; at plant",0def374e-dc34-4f2a-81d6-1a8f4eb7faa6,1.0,kg,False,1,NO_ALLOCATION,https://api.nal.usda.gov/FederalLCACommonsapi/browse/National_Renewable_Energy_Laboratory/USLCI_Database_Public/PROCESS/2712f03a-80fe-4a2b-9005-ca9ba99f7eb3,2026-10-08,processes/2712f03a-80fe-4a2b-9005-ca9ba99f7eb3.json,a56de5cc07fe4a312c078c8c0680bf2c2c97a65be87538aca887a4dc633eef8b
Forest residue; preprocessed; at conversion facility,2753c5de-221b-369a-84de-689d354b8b2d,00.00.007,UNIT_PROCESS,USLCI,1.2026-09.0,Northern America,2007-12-31,2007-12-31,Forest residue; preprocessed; at conversion facility,658f8e12-f566-3e01-930c-e95cf9fa2c2b,1000.0,kg,False,1,NO_ALLOCATION,https://api.nal.usda.gov/FederalLCACommonsapi/browse/National_Renewable_Energy_Laboratory/USLCI_Database_Public/PROCESS/2753c5de-221b-369a-84de-689d354b8b2d,2026-10-08,processes/2753c5de-221b-369a-84de-689d354b8b2d.json,3f7e66baa9962f47a1b02ed124149e57816a542bcb10713bef583cf687534ce6
Pesticide; corn,2813d2f3-6813-34d8-b47b-b464f390bcaf,00.00.006,UNIT_PROCESS,USLCI,1.2026-09.0,Northern America,2009-12-31,2100-12-30,Pesticide; corn,e49582c6-c84a-3a22-a0b1-50afa207ace3,10000.0,m2,False,1,NO_ALLOCATION,https://api.nal.usda.gov/FederalLCACommonsapi/browse/National_Renewable_Energy_Laboratory/USLCI_Database_Public/PROCESS/2813d2f3-6813-34d8-b47b-b464f390bcaf,2026-10-08,processes/2813d2f3-6813-34d8-b47b-b464f390bcaf.json,ffc858d65481ccda8513d0a47fa0bf388e3e466f2584a2b0c0f3577cafd1ce50
Natural gas; for ethylene combusted in industrial boiler; at hydrocracker,29d771d7-71ec-3a22-bbd0-8709d5a328e2,00.00.016,UNIT_PROCESS,USLCI,1.2026-09.0,Northern America,1997-12-31,2002-12-31,"Natural gas; combusted in industrial boiler, for ethylene; at hydrocracker",f179160d-d402-3e37-8d65-93d09f309b99,1.0,m3,False,1,NO_ALLOCATION,https://api.nal.usda.gov/FederalLCACommonsapi/browse/National_Renewable_Energy_Laboratory/USLCI_Database_Public/PROCESS/29d771d7-71ec-3a22-bbd0-8709d5a328e2,2026-10-08,processes/29d771d7-71ec-3a22-bbd0-8709d5a328e2.json,769fcd1496d65015c848995c139c8fddbc02a331f89834454b9fa9967e9efed9
Ethylene glycol; at plant,2a78de43-fdf2-4c5f-b527-89db6568ace8,00.01.013,UNIT_PROCESS,USLCI,1.2026-09.0,United States of America (the),2014-12-31,2015-12-30,Ethylene glycol; at plant,a5c7d642-4e3a-40af-a919-a2f7601340b0,1.0,kg,False,1,NO_ALLOCATION,https://api.nal.usda.gov/FederalLCACommonsapi/browse/National_Renewable_Energy_Laboratory/USLCI_Database_Public/PROCESS/2a78de43-fdf2-4c5f-b527-89db6568ace8,2026-10-08,processes/2a78de43-fdf2-4c5f-b527-89db6568ace8.json,10b209a0c5ad8b2733db25316d2cb69795e05ea8593dd0f3942de00d72615f08
"Natural gas; onshore, conventional; at transmission",2dc0b1d4-9047-5854-82da-17a2392fb07a,00.02.002,UNIT_PROCESS,USLCI,1.2026-09.0,United States of America (the),unknown,unknown,Natural gas; at transmission,b5c66a61-cf8c-54eb-97eb-af5f75cd2c99,1.0,m3,False,1,unknown,https://api.nal.usda.gov/FederalLCACommonsapi/browse/National_Renewable_Energy_Laboratory/USLCI_Database_Public/PROCESS/2dc0b1d4-9047-5854-82da-17a2392fb07a,2026-10-08,processes/2dc0b1d4-9047-5854-82da-17a2392fb07a.json,058763279102c9cb2ce0232e4b19366377cd67baf366b193440a3cacc7a71ff5
"Polypropylene, PP; virgin resin; at plant",2e8facf6-46aa-4ddb-95de-a4e2a00eb2bb,00.01.012,UNIT_PROCESS,USLCI,1.2026-09.0,Northern America,2014-12-31,2016-12-30,"Polypropylene, PP; virgin resin; at plant",d0477b6a-115f-350d-bbb4-7f62243e3476,1.0,kg,False,1,NO_ALLOCATION,https://api.nal.usda.gov/FederalLCACommonsapi/browse/National_Renewable_Energy_Laboratory/USLCI_Database_Public/PROCESS/2e8facf6-46aa-4ddb-95de-a4e2a00eb2bb,2026-10-08,processes/2e8facf6-46aa-4ddb-95de-a4e2a00eb2bb.json,11314704c3635895e0dfc100a90053a2ff637684760519813489f59f8154f609
"Transport, chemical tanker; average fuel mix",2ef4a1c7-a08a-4fd5-8127-93554e6a7389,00.00.007,UNIT_PROCESS,USLCI,1.2026-09.0,Global,2023-01-01,2023-12-31,"Transport, chemical tanker; average fuel mix",2df3d759-3668-4470-9c94-589dcda724b5,1.0,t*km,False,1,unknown,https://api.nal.usda.gov/FederalLCACommonsapi/browse/National_Renewable_Energy_Laboratory/USLCI_Database_Public/PROCESS/2ef4a1c7-a08a-4fd5-8127-93554e6a7389,2026-10-08,processes/2ef4a1c7-a08a-4fd5-8127-93554e6a7389.json,7fe1834a75cce2da1400a0299c0b8d3eaf9e1752bfe1b9563c19031f2ab3e77c
Silica sand Bridge; USLCI to USEEIO,309485bd-a13b-4539-a23c-036c0b23b4f5,00.00.007,UNIT_PROCESS,USLCI,1.2026-09.0,unknown,unknown,unknown,Silica sand; at plant,0cc6f1f6-5ff4-36c7-ba84-472348971d75,1.0,kg,False,1,unknown,https://api.nal.usda.gov/FederalLCACommonsapi/browse/National_Renewable_Energy_Laboratory/USLCI_Database_Public/PROCESS/309485bd-a13b-4539-a23c-036c0b23b4f5,2026-10-08,processes/309485bd-a13b-4539-a23c-036c0b23b4f5.json,0c20ab516874693ffc32e99a3346aac7253ee183c73d479c0f89a639c6cccfe0
"Electricity Bridge; at user; consumption mix - Midcontinent Independent System Operator, Inc. - BA; USLCI to US Electricity Baseline",30b5406d-53fe-3790-bff8-a926d07d3fdf,00.00.001,UNIT_PROCESS,USLCI,1.2026-09.0,unknown,unknown,unknown,"Electricity, AC, 120 V",3bca3bc6-2443-3184-8976-72dc98d258f6,1.0,MJ,False,1,unknown,https://api.nal.usda.gov/FederalLCACommonsapi/browse/National_Renewable_Energy_Laboratory/USLCI_Database_Public/PROCESS/30b5406d-53fe-3790-bff8-a926d07d3fdf,2026-10-08,processes/30b5406d-53fe-3790-bff8-a926d07d3fdf.json,548159caf7b25c28d63a2b676864d708ee03847c958657ae774dcfe53f1e4810
"Natural gas; onshore, unconventional; at well",313bc9b6-6559-5ba9-a2f4-b1796c4ce4d2,00.02.001,UNIT_PROCESS,USLCI,1.2026-09.0,United States of America (the),unknown,unknown,Natural gas; at well,801a51fc-10c3-597e-ab73-70814c89e5d0,1.0,m3,False,1,unknown,https://api.nal.usda.gov/FederalLCACommonsapi/browse/National_Renewable_Energy_Laboratory/USLCI_Database_Public/PROCESS/313bc9b6-6559-5ba9-a2f4-b1796c4ce4d2,2026-10-08,processes/313bc9b6-6559-5ba9-a2f4-b1796c4ce4d2.json,b4794a174eaac9b1c80b8c80ca77369263adc0e25cb3e58fdf4aa347941e2a2b
Bituminous coal; at mine,317adcbc-b3e3-3ec3-80c3-82b18d0f3207,00.01.009,UNIT_PROCESS,USLCI,1.2026-09.0,United States of America (the),1993-01-01,2002-12-31,Bituminous coal; at mine,55b4aeab-0576-3a9b-b476-b561197ec3f2,1.0,kg,False,1,NO_ALLOCATION,https://api.nal.usda.gov/FederalLCACommonsapi/browse/National_Renewable_Energy_Laboratory/USLCI_Database_Public/PROCESS/317adcbc-b3e3-3ec3-80c3-82b18d0f3207,2026-10-08,processes/317adcbc-b3e3-3ec3-80c3-82b18d0f3207.json,f8b13fb350c3d966dcfabfecdd5cd4e714e30459e12dbd6c30f0e3ad5388c33a
Drinking water; with chlorine disinfection; at consumer,31dd79aa-94df-31b9-b81f-8b1d436581da,00.01.012,UNIT_PROCESS,USLCI,1.2026-09.0,United States of America (the),2011-01-01,2011-12-31,Drinking water; with chlorine disinfection; at consumer,0b3e01cb-e0a2-35b4-a442-69ec84fd7fda,1000.0,cu ft,False,1,unknown,https://api.nal.usda.gov/FederalLCACommonsapi/browse/National_Renewable_Energy_Laboratory/USLCI_Database_Public/PROCESS/31dd79aa-94df-31b9-b81f-8b1d436581da,2026-10-08,processes/31dd79aa-94df-31b9-b81f-8b1d436581da.json,ab1df2b77749c2b9cb5e3a38b27df54077e4f003060864a52b06667f21d5d0ad
Winter wheat straw; carted,3221bb51-ac5f-36b7-a5c4-d81a5c65ccf0,00.00.007,UNIT_PROCESS,USLCI,1.2026-09.0,Northern America,2007-12-31,2099-12-31,Winter wheat straw; carted,5cc2de60-56a9-31c7-92a7-95eb6bd5c90a,476.0,kg,False,1,NO_ALLOCATION,https://api.nal.usda.gov/FederalLCACommonsapi/browse/National_Renewable_Energy_Laboratory/USLCI_Database_Public/PROCESS/3221bb51-ac5f-36b7-a5c4-d81a5c65ccf0,2026-10-08,processes/3221bb51-ac5f-36b7-a5c4-d81a5c65ccf0.json,65bab02424be7333a83cc38b055d9709cd3a2985773187e445cc59b7909f696f
Electricity Bridge; ALL - New Brunswick System Operator; USLCI to US Electricity Baseline,322d8b35-9d73-3a91-b708-3230b863908f,00.00.001,UNIT_PROCESS,USLCI,1.2026-09.0,unknown,unknown,unknown,"Electricity, AC, 2300-7650 V",fc406690-160c-37d5-bf36-added9542164,1.0,MJ,False,1,unknown,https://api.nal.usda.gov/FederalLCACommonsapi/browse/National_Renewable_Energy_Laboratory/USLCI_Database_Public/PROCESS/322d8b35-9d73-3a91-b708-3230b863908f,2026-10-08,processes/322d8b35-9d73-3a91-b708-3230b863908f.json,5953fb08706097482f46515be9fe70b063b7617fabd0e30635c44c0eabbef591
Gasoline; combusted in equipment; at pulp and paper mill,32a3732b-30c8-3605-8306-ca12599f8e91,00.01.006,UNIT_PROCESS,USLCI,1.2026-09.0,United States of America (the),1995-12-31,2002-12-31,Gasoline; combusted in equipment; at pulp and paper mill,a9f20cd5-506f-3e75-b62e-c39872598439,1.0,l,False,1,NO_ALLOCATION,https://api.nal.usda.gov/FederalLCACommonsapi/browse/National_Renewable_Energy_Laboratory/USLCI_Database_Public/PROCESS/32a3732b-30c8-3605-8306-ca12599f8e91,2026-10-08,processes/32a3732b-30c8-3605-8306-ca12599f8e91.json,3ffd4d31b8bfbde22e2366f97f81bc2d406ea943623b0686d7bf003ea37e4931
"Natural gas; onshore, conventional; at well",32c6492e-98bf-50e0-a267-fffa2a9fd398,00.02.001,UNIT_PROCESS,USLCI,1.2026-09.0,United States of America (the),unknown,unknown,Natural gas; at well,801a51fc-10c3-597e-ab73-70814c89e5d0,1.0,m3,False,1,unknown,https://api.nal.usda.gov/FederalLCACommonsapi/browse/National_Renewable_Energy_Laboratory/USLCI_Database_Public/PROCESS/32c6492e-98bf-50e0-a267-fffa2a9fd398,2026-10-08,processes/32c6492e-98bf-50e0-a267-fffa2a9fd398.json,cfbe7663c8a493e2296ffd10e0cbd34e1ce0a98239bfef808c3f4796c960b242
"Ammonia; steam reforming, liquid; at plant",33f08f48-349e-31f1-b600-aa7e9713ca50,00.00.021,UNIT_PROCESS,USLCI,1.2026-09.0,United States of America (the),1972-12-31,2002-12-31,"Ammonia; steam reforming, liquid; at plant",072a4586-44d6-3428-a15c-8e1e8a0031cc,1.0,kg,False,1,NO_ALLOCATION,https://api.nal.usda.gov/FederalLCACommonsapi/browse/National_Renewable_Energy_Laboratory/USLCI_Database_Public/PROCESS/33f08f48-349e-31f1-b600-aa7e9713ca50,2026-10-08,processes/33f08f48-349e-31f1-b600-aa7e9713ca50.json,2d91142461d405598bad40c2ef64023cd526f11e3ed7a66f399a124370a89f57
"Transport, combination truck; diesel powered",34156f3c-28ef-33db-9ad0-6293a2aa0d52,01.00.003,UNIT_PROCESS,USLCI,1.2026-09.0,United States of America (the),2024-01-01,2024-12-31,Transport; combination truck; diesel powered,628c07ec-0802-39c1-ab88-1c62848ef436,1.0,t*km,False,1,PHYSICAL_ALLOCATION,https://api.nal.usda.gov/FederalLCACommonsapi/browse/National_Renewable_Energy_Laboratory/USLCI_Database_Public/PROCESS/34156f3c-28ef-33db-9ad0-6293a2aa0d52,2026-10-08,processes/34156f3c-28ef-33db-9ad0-6293a2aa0d52.json,280a651e5ff20864b3bec19010fe16edff8b316b26ddc8cd672361ef46010b27
"Wood fuel; hardwood, purchased; combusted in industrial boiler; E",3455f918-4a43-3b09-b06e-7402c12b8d45,00.01.011,UNIT_PROCESS,USLCI,1.2026-09.0,United States of America (the),9998-12-31,9998-12-31,Wood waste; unspecified; combusted in industrial boiler,1a76ed77-b97d-3070-85b7-b1f41906cece,1.0,kg,False,1,NO_ALLOCATION,https://api.nal.usda.gov/FederalLCACommonsapi/browse/National_Renewable_Energy_Laboratory/USLCI_Database_Public/PROCESS/3455f918-4a43-3b09-b06e-7402c12b8d45,2026-10-08,processes/3455f918-4a43-3b09-b06e-7402c12b8d45.json,5e49bb4b5e0024f9f1bdb5d8164e56e3d92a7fd54a6d0f36fbbc478849b88569
Steel; stainless 304; scrap,34897ebd-aa3d-347c-91ee-876c3f835fdb,00.01.014,UNIT_PROCESS,USLCI,1.2026-09.0,Global,2009-12-31,2011-12-31,Steel; stainless 304; scrap,0178afd7-c74a-3a8f-8f15-d57904d3c377,1.0,kg,False,1,NO_ALLOCATION,https://api.nal.usda.gov/FederalLCACommonsapi/browse/National_Renewable_Energy_Laboratory/USLCI_Database_Public/PROCESS/34897ebd-aa3d-347c-91ee-876c3f835fdb,2026-10-08,processes/34897ebd-aa3d-347c-91ee-876c3f835fdb.json,0430adf21054d81b2e94745792c6aed89b35f1aa075464008f233debdd4b8c53
"Natural gas combustion; small boiler, oil and gas field, uncontrolled; at boiler",34d708df-75c3-5f37-97e9-ec54123e4436,00.02.001,UNIT_PROCESS,USLCI,1.2026-09.0,United States of America (the),unknown,unknown,"Natural gas combustion; small boiler, oil and gas field, uncontrolled",3b974f53-6421-5f9e-b04d-07934c356694,1.0,m3,False,1,unknown,https://api.nal.usda.gov/FederalLCACommonsapi/browse/National_Renewable_Energy_Laboratory/USLCI_Database_Public/PROCESS/34d708df-75c3-5f37-97e9-ec54123e4436,2026-10-08,processes/34d708df-75c3-5f37-97e9-ec54123e4436.json,5bab05193f119b60fc72024bf583a3c35da0a72fa71c219b4fd276280eff95ae
Sawn lumber; hardwood; rough; kiln dried; at kiln; SE,35bd31d8-b0b1-3da8-a553-df33ccd9e452,00.00.027,UNIT_PROCESS,USLCI,1.2026-09.0,United States of America (the),2004-12-31,2005-12-31,Sawn lumber; hardwood; planed; kiln dried; at planer mill,dc74c71d-c791-3d74-bc0e-8d7519f5d344,1.0,m3,False,1,PHYSICAL_ALLOCATION,https://api.nal.usda.gov/FederalLCACommonsapi/browse/National_Renewable_Energy_Laboratory/USLCI_Database_Public/PROCESS/35bd31d8-b0b1-3da8-a553-df33ccd9e452,2026-10-08,processes/35bd31d8-b0b1-3da8-a553-df33ccd9e452.json,5f1d839edac16f16d2b8b3ba64be8315e8ec67f8658b3b5c3d9f0a5a88f83b0a
Aniline; at plant,363e9105-a6ea-356e-a537-06c9facf5b14,02.01.011,UNIT_PROCESS,USLCI,1.2026-09.0,United States of America (the),2015-01-01,2016-12-31,Aniline; at plant,2293e639-39a3-3cbf-99cc-8cf01797aa99,1.0,kg,False,1,PHYSICAL_ALLOCATION,https://api.nal.usda.gov/FederalLCACommonsapi/browse/National_Renewable_Energy_Laboratory/USLCI_Database_Public/PROCESS/363e9105-a6ea-356e-a537-06c9facf5b14,2026-10-08,processes/363e9105-a6ea-356e-a537-06c9facf5b14.json,3c6b8cee69ab8e565656249085b2e959b517508984fb3cafc7611ad926ef2dac
"Transport, chemical tanker; residual fuel oil powered; Caribbean to US Gulf",363ef80f-7278-3803-832e-c1c9238c5de4,01.00.001,UNIT_PROCESS,USLCI,1.2026-09.0,Global,2023-01-01,2023-12-31,"Transport, chemical tanker; residual fuel oil powered",8c3474d2-9fc0-3940-a631-ec4229207e82,1.0,t*km,False,1,PHYSICAL_ALLOCATION,https://api.nal.usda.gov/FederalLCACommonsapi/browse/National_Renewable_Energy_Laboratory/USLCI_Database_Public/PROCESS/363ef80f-7278-3803-832e-c1c9238c5de4,2026-10-08,processes/363ef80f-7278-3803-832e-c1c9238c5de4.json,ef0f3b3f05151891516c514b6f0de84721ce492344667a2e76b77855dc793421
Electricity Bridge; ALL - Hydro-Quebec TransEnergie; USLCI to US Electricity Baseline,3701e191-79b3-3f5c-b555-2becb2881c66,00.00.001,UNIT_PROCESS,USLCI,1.2026-09.0,unknown,unknown,unknown,"Electricity, AC, 2300-7650 V",fc406690-160c-37d5-bf36-added9542164,1.0,MJ,False,1,unknown,https://api.nal.usda.gov/FederalLCACommonsapi/browse/National_Renewable_Energy_Laboratory/USLCI_Database_Public/PROCESS/3701e191-79b3-3f5c-b555-2becb2881c66,2026-10-08,processes/3701e191-79b3-3f5c-b555-2becb2881c66.json,d342822166fe540c44ee733a0c9e88a81cdd8d6f39ea82ae599482a6cfb86a46
"Transport, container ship; residual fuel oil powered; Caribbean to US East Coast",3840157a-4929-3a89-b9d0-1edb6bdef779,01.00.001,UNIT_PROCESS,USLCI,1.2026-09.0,Global,2023-01-01,2023-12-31,"Transport, container ship; residual fuel oil powered",0d1b359b-72a1-3c00-aa2c-2102e8c81a17,1.0,t*km,False,1,PHYSICAL_ALLOCATION,https://api.nal.usda.gov/FederalLCACommonsapi/browse/National_Renewable_Energy_Laboratory/USLCI_Database_Public/PROCESS/3840157a-4929-3a89-b9d0-1edb6bdef779,2026-10-08,processes/3840157a-4929-3a89-b9d0-1edb6bdef779.json,f0d24c8c5e611cc235ff1938b8bb76781e1dccece94336c84eb2d1c70f21117c
"Natural gas combustion; reciprocating engine, oil and gas field, uncontrolled; at reciprocating engine",38d33d42-3be3-552f-b7f8-601532ed87f5,00.02.001,UNIT_PROCESS,USLCI,1.2026-09.0,United States of America (the),unknown,unknown,"Natural gas combustion; reciprocating engine, oil and gas field, uncontrolled",73bd1b6f-8d2c-5b92-8df8-df853cafc6a5,1.0,m3,False,1,unknown,https://api.nal.usda.gov/FederalLCACommonsapi/browse/National_Renewable_Energy_Laboratory/USLCI_Database_Public/PROCESS/38d33d42-3be3-552f-b7f8-601532ed87f5,2026-10-08,processes/38d33d42-3be3-552f-b7f8-601532ed87f5.json,dc63a9053f3b1eab63dc80a6f302e337a0ef609114e579817f55539696d0e7f9
"Enzyme; alpha-amylase, novozyme liquozyme",391ccf45-4b61-37e9-a2f2-3e19afc0d4ef,00.00.008,UNIT_PROCESS,USLCI,1.2026-09.0,Europe,2003-12-31,2003-12-31,"Enzyme; alpha-amylase, novozyme liquozyme",00b5c8b4-682d-3000-a2df-246e333f6344,1.0,kg,False,1,NO_ALLOCATION,https://api.nal.usda.gov/FederalLCACommonsapi/browse/National_Renewable_Energy_Laboratory/USLCI_Database_Public/PROCESS/391ccf45-4b61-37e9-a2f2-3e19afc0d4ef,2026-10-08,processes/391ccf45-4b61-37e9-a2f2-3e19afc0d4ef.json,31073896a4f36501ddb69b4cb6795df50d75c6f6baeb203146bddf25072ad3a7
Natural gas; for butadiene combusted in industrial boiler; at hydrocracker,39abf743-0b9e-33e3-8752-b418609504f1,00.00.013,UNIT_PROCESS,USLCI,1.2026-09.0,Northern America,1997-12-31,2002-12-31,"Natural gas; combusted in industrial boiler, for butadiene; at hydrocracker",61eecbb0-064b-314d-ac7a-2a2d374ccf25,1.0,m3,False,1,NO_ALLOCATION,https://api.nal.usda.gov/FederalLCACommonsapi/browse/National_Renewable_Energy_Laboratory/USLCI_Database_Public/PROCESS/39abf743-0b9e-33e3-8752-b418609504f1,2026-10-08,processes/39abf743-0b9e-33e3-8752-b418609504f1.json,f682de0951580e3cb1e5cd5b91009ac49d27a71dad4d1c550a901be4024345cb
Electricity Bridge; SOLAR - US average; USLCI to US Electricity Baseline,3a234482-0514-30ff-977a-c663732c60d0,00.00.001,UNIT_PROCESS,USLCI,1.2026-09.0,unknown,unknown,unknown,"Electricity, AC, 2300-7650 V",fc406690-160c-37d5-bf36-added9542164,1.0,MJ,False,1,unknown,https://api.nal.usda.gov/FederalLCACommonsapi/browse/National_Renewable_Energy_Laboratory/USLCI_Database_Public/PROCESS/3a234482-0514-30ff-977a-c663732c60d0,2026-10-08,processes/3a234482-0514-30ff-977a-c663732c60d0.json,6f404ca89a935c125142b0c788e49ee29487f11a981dae4c4432d2f3a7c2232d
"Melamine urea formaldehyde, MF; hardener; at plant",3a287ab1-de41-3e89-bf5a-be7f3b97281b,00.00.013,LCI_RESULT,USLCI,1.2026-09.0,United States of America (the),9998-12-31,9998-12-31,"Melamine urea formaldehyde, MF; hardener; at plant",1161a48b-0650-3b74-9c13-09e121281ed8,1.0,kg,False,1,NO_ALLOCATION,https://api.nal.usda.gov/FederalLCACommonsapi/browse/National_Renewable_Energy_Laboratory/USLCI_Database_Public/PROCESS/3a287ab1-de41-3e89-bf5a-be7f3b97281b,2026-10-08,processes/3a287ab1-de41-3e89-bf5a-be7f3b97281b.json,6b806c2c4d6c2ce7a0347a761344aaf8269fd632077cfecd4494e30ee543da7a
"Transport, container ship; distillate powered; Asia to US Gulf",3c0cea00-8a34-3bb7-8668-cf0d0880e1cf,01.00.001,UNIT_PROCESS,USLCI,1.2026-09.0,Global,2023-01-01,2023-12-31,"Transport, container ship; distillate powered",e46da55e-5561-37d0-8e99-71fade967cf3,1.0,t*km,False,1,PHYSICAL_ALLOCATION,https://api.nal.usda.gov/FederalLCACommonsapi/browse/National_Renewable_Energy_Laboratory/USLCI_Database_Public/PROCESS/3c0cea00-8a34-3bb7-8668-cf0d0880e1cf,2026-10-08,processes/3c0cea00-8a34-3bb7-8668-cf0d0880e1cf.json,0fc1d89a76cbdac0688675a0112a8e6f493702d1ddcba66edf057bc640bc38cf
"Natural gas combustion; large gas turbine, oil and gas field, uncontrolled; at turbine",3c419d0f-aa32-52ad-a800-2e581b5b6aeb,00.02.001,UNIT_PROCESS,USLCI,1.2026-09.0,United States of America (the),unknown,unknown,"Natural gas combustion; large gas turbine, oil and gas field, uncontrolled",d123f7a2-bc8a-5a5b-abcc-f26480dd6b36,1.0,m3,False,1,unknown,https://api.nal.usda.gov/FederalLCACommonsapi/browse/National_Renewable_Energy_Laboratory/USLCI_Database_Public/PROCESS/3c419d0f-aa32-52ad-a800-2e581b5b6aeb,2026-10-08,processes/3c419d0f-aa32-52ad-a800-2e581b5b6aeb.json,4604605ed978d83ac51ee8b0d030db528600b2debd6ffd18e69ab9bad034c91d
Petroleum refined; for energy use; at plant,3ca7a144-e2f3-4963-8c63-768cf0853cee,00.00.013,UNIT_PROCESS,USLCI,1.2026-09.0,United States of America (the),unknown,unknown,Petroleum refined; to energy use; at refinery,b022d34e-2838-4494-8a84-9b6aa57e575a,1.0,kg,False,1,NO_ALLOCATION,https://api.nal.usda.gov/FederalLCACommonsapi/browse/National_Renewable_Energy_Laboratory/USLCI_Database_Public/PROCESS/3ca7a144-e2f3-4963-8c63-768cf0853cee,2026-10-08,processes/3ca7a144-e2f3-4963-8c63-768cf0853cee.json,f0e711f096fa50d52f2c60ebc0e4af7ad43b3a17a619df9f60ea6a9dcb8a6b90
Spring wheat straw; ground; at storage,3cfa52ac-c3d6-3ce2-b8f4-211bf63d7088,00.00.015,UNIT_PROCESS,USLCI,1.2026-09.0,Northern America,2007-12-31,2021-12-31,Spring wheat straw; ground; at storage,c2974ad6-41e4-3222-990a-2fe51d5ba682,1000.0,kg,False,1,NO_ALLOCATION,https://api.nal.usda.gov/FederalLCACommonsapi/browse/National_Renewable_Energy_Laboratory/USLCI_Database_Public/PROCESS/3cfa52ac-c3d6-3ce2-b8f4-211bf63d7088,2026-10-08,processes/3cfa52ac-c3d6-3ce2-b8f4-211bf63d7088.json,013abafdf5712405e4053f31ebd96060237fa584a798fb4084087cf75cb5a76a
Natural gas; offshore; at gathering and boosting,3d450571-a036-52fb-ab65-131bf8257822,00.02.001,UNIT_PROCESS,USLCI,1.2026-09.0,United States of America (the),unknown,unknown,Natural gas; at gathering and boosting,6a2ad075-7deb-5858-8c24-aa1f48e1722c,1.0,m3,False,1,unknown,https://api.nal.usda.gov/FederalLCACommonsapi/browse/National_Renewable_Energy_Laboratory/USLCI_Database_Public/PROCESS/3d450571-a036-52fb-ab65-131bf8257822,2026-10-08,processes/3d450571-a036-52fb-ab65-131bf8257822.json,8d29825145cb1cc35b9c674624b565e52b66efd6854215c743c84d9f5ffda65a
"Polyvinyl chloride resin, PVC; suspension grade; at plant",3dbccdda-2014-4239-ad1f-4e15c034942b,00.01.015,UNIT_PROCESS,USLCI,1.2026-09.0,United States of America (the),2022-01-01,2022-12-31,Polyvinyl chloride resin; suspension grade PVC; at plant,2bb0cd6b-941b-38da-856c-1b7bd0cc5f49,1.0,kg,False,1,NO_ALLOCATION,https://api.nal.usda.gov/FederalLCACommonsapi/browse/National_Renewable_Energy_Laboratory/USLCI_Database_Public/PROCESS/3dbccdda-2014-4239-ad1f-4e15c034942b,2026-10-08,processes/3dbccdda-2014-4239-ad1f-4e15c034942b.json,8d1eb0c76777d4f288c28ac72ef3426672a090f7afe4d032085c2dc6cea49ec6
Crude oil; on-shore domestic; at extraction,3dd5638d-cb25-4e78-90c7-8dd98188f733,00.01.009,UNIT_PROCESS,USLCI,1.2026-09.0,United States of America (the),2006-01-01,2013-12-31,Crude oil; at extraction,43b6c51f-f1a9-4a6d-8070-fa84adf27d23,1.0,kg,False,1,NO_ALLOCATION,https://api.nal.usda.gov/FederalLCACommonsapi/browse/National_Renewable_Energy_Laboratory/USLCI_Database_Public/PROCESS/3dd5638d-cb25-4e78-90c7-8dd98188f733,2026-10-08,processes/3dd5638d-cb25-4e78-90c7-8dd98188f733.json,0f664f526b9341081d10a1b71c107514ef79833edce1924420fece29e71d11fa
"Enzyme; cellulase, novozyme celluclast",3dd59224-ecba-3fb1-a2c9-9c01947b08b1,00.00.008,UNIT_PROCESS,USLCI,1.2026-09.0,Europe,2003-12-31,2003-12-31,"Enzyme; cellulase, novozyme celluclast",644ee222-fe19-3f61-a4ed-5258d34ff2eb,1.0,kg,False,1,NO_ALLOCATION,https://api.nal.usda.gov/FederalLCACommonsapi/browse/National_Renewable_Energy_Laboratory/USLCI_Database_Public/PROCESS/3dd59224-ecba-3fb1-a2c9-9c01947b08b1,2026-10-08,processes/3dd59224-ecba-3fb1-a2c9-9c01947b08b1.json,871f58f6f28e99aa10c5996fcd27e982e381fd15335bccf593ffd55029c2aed2
Electricity Bridge; ALL - Ontario IESO; USLCI to US Electricity Baseline,3ee5247c-1db7-30e6-912b-4c3a1b6f8592,00.00.001,UNIT_PROCESS,USLCI,1.2026-09.0,unknown,unknown,unknown,"Electricity, AC, 2300-7650 V",fc406690-160c-37d5-bf36-added9542164,1.0,MJ,False,1,unknown,https://api.nal.usda.gov/FederalLCACommonsapi/browse/National_Renewable_Energy_Laboratory/USLCI_Database_Public/PROCESS/3ee5247c-1db7-30e6-912b-4c3a1b6f8592,2026-10-08,processes/3ee5247c-1db7-30e6-912b-4c3a1b6f8592.json,d0d9a1032cd10427813f0a686cc7066bf94c5a4867ea6d5cceb48df4fbe4ab86
"Municipal solid waste, MSW, landfilling of mixed MSW",3eee3d64-460d-44bc-b58a-96aa76f86091,00.00.062,UNIT_PROCESS,USLCI,1.2026-09.0,United States of America (the),1996-01-01,2018-01-01,"Mixed municipal solid waste, landfilled",5879ea97-e285-46cb-a5bf-0cd6593b0162,1.0,sh tn,True,1,NO_ALLOCATION,https://api.nal.usda.gov/FederalLCACommonsapi/browse/National_Renewable_Energy_Laboratory/USLCI_Database_Public/PROCESS/3eee3d64-460d-44bc-b58a-96aa76f86091,2026-10-08,processes/3eee3d64-460d-44bc-b58a-96aa76f86091.json,25bc57a1d225a3f71e340e62d4d8fe8382652883bda7de65a8d96bdb8ea4c592
"Concrete pipe; 50"" inch diameter; at plant",3efbebec-e0c2-3136-855a-b278f31d3306,00.01.006,UNIT_PROCESS,USLCI,1.2026-09.0,United States of America (the),2014-01-01,2025-12-31,"Concrete pipe; 50""",339cbb8b-db3c-3571-915c-63f8c8fe8e89,1.0,ft,False,1,unknown,https://api.nal.usda.gov/FederalLCACommonsapi/browse/National_Renewable_Energy_Laboratory/USLCI_Database_Public/PROCESS/3efbebec-e0c2-3136-855a-b278f31d3306,2026-10-08,processes/3efbebec-e0c2-3136-855a-b278f31d3306.json,8d36112959c1cec0cd56a1c78b618a8103b2b39bec45d2a616ee248c2346b278
Drinking water treatment; primary chlorine disinfection infrastructure; at plant,403216d9-b675-389c-8c3b-e144201bb6e9,00.01.014,UNIT_PROCESS,USLCI,1.2026-09.0,United States of America (the),2011-01-01,2011-12-31,Drinking water treatment; primary chlorine disinfection infrastructure,44adf189-6765-3eb9-ab8f-51c6f9b11248,1.0,m3,False,1,unknown,https://api.nal.usda.gov/FederalLCACommonsapi/browse/National_Renewable_Energy_Laboratory/USLCI_Database_Public/PROCESS/403216d9-b675-389c-8c3b-e144201bb6e9,2026-10-08,processes/403216d9-b675-389c-8c3b-e144201bb6e9.json,dc1ea5b03fa0a4d425b636a1e88697f139a7d91e45f183ac01a5d46f028884ae
"Transport, chemical tanker; distillate powered; Atlantic of Central/South America to US Gulf",40a55cec-0605-3747-b181-52dcb8287d6a,01.00.001,UNIT_PROCESS,USLCI,1.2026-09.0,Global,2023-01-01,2023-12-31,"Transport, chemical tanker; distillate powered",ce06ec4d-91ab-387e-8dd0-4358c1ea3633,1.0,t*km,False,1,PHYSICAL_ALLOCATION,https://api.nal.usda.gov/FederalLCACommonsapi/browse/National_Renewable_Energy_Laboratory/USLCI_Database_Public/PROCESS/40a55cec-0605-3747-b181-52dcb8287d6a,2026-10-08,processes/40a55cec-0605-3747-b181-52dcb8287d6a.json,a1c2d7cae6beae68a3d29ea0b03b8762a6e60ed60f19c5455ddbcf899f95c96d
Electricity Bridge; ALL - Manitoba Hydro; USLCI to US Electricity Baseline,41029a2e-3e3f-3218-b2db-150628226421,00.00.001,UNIT_PROCESS,USLCI,1.2026-09.0,unknown,unknown,unknown,"Electricity, AC, 2300-7650 V",fc406690-160c-37d5-bf36-added9542164,1.0,MJ,False,1,unknown,https://api.nal.usda.gov/FederalLCACommonsapi/browse/National_Renewable_Energy_Laboratory/USLCI_Database_Public/PROCESS/41029a2e-3e3f-3218-b2db-150628226421,2026-10-08,processes/41029a2e-3e3f-3218-b2db-150628226421.json,5e3146eac870f6f50358ddfd5dfa85da8594f88bccd241c9847825669fc00c4a
Fuels; burned at bleached kraft market pulp mill; at mill,41c595b2-230b-3303-ac12-e059acd6312f,00.01.004,UNIT_PROCESS,USLCI,1.2026-09.0,Northern America,2005-12-31,2005-12-31,Fuels; burned at bleached kraft market pulp mill; at mill,0890c0a7-d074-3730-822f-d7895d64b8c7,10867.0,MJ,False,1,NO_ALLOCATION,https://api.nal.usda.gov/FederalLCACommonsapi/browse/National_Renewable_Energy_Laboratory/USLCI_Database_Public/PROCESS/41c595b2-230b-3303-ac12-e059acd6312f,2026-10-08,processes/41c595b2-230b-3303-ac12-e059acd6312f.json,375001023d2fa4f7e4400b46f20e4b885ccf3f0ee1c46c24ac74025e6e5438be
"Concrete pipe; 12"" inch diameter; at plant",43ad0362-1490-36bd-a23b-65a6bd1c82fd,00.01.006,UNIT_PROCESS,USLCI,1.2026-09.0,United States of America (the),2011-01-01,2025-12-31,"Concrete pipe; 12""",aa5f3a69-0f6b-376d-b18c-4ac895914950,1.0,ft,False,1,unknown,https://api.nal.usda.gov/FederalLCACommonsapi/browse/National_Renewable_Energy_Laboratory/USLCI_Database_Public/PROCESS/43ad0362-1490-36bd-a23b-65a6bd1c82fd,2026-10-08,processes/43ad0362-1490-36bd-a23b-65a6bd1c82fd.json,640947e659d3797852dedd8d21953f7baac2837b88dccf157bb6e4ee97209dbc
"Transport, container ship; residual fuel oil powered; Caribbean to US Gulf",43c11d13-448c-3590-8ab8-2329cfab6500,01.00.001,UNIT_PROCESS,USLCI,1.2026-09.0,Global,2023-01-01,2023-12-31,"Transport, container ship; residual fuel oil powered",0d1b359b-72a1-3c00-aa2c-2102e8c81a17,1.0,t*km,False,1,PHYSICAL_ALLOCATION,https://api.nal.usda.gov/FederalLCACommonsapi/browse/National_Renewable_Energy_Laboratory/USLCI_Database_Public/PROCESS/43c11d13-448c-3590-8ab8-2329cfab6500,2026-10-08,processes/43c11d13-448c-3590-8ab8-2329cfab6500.json,6df861860b30ae92d4b30f09c98f7fe48ff5eb01eda1471d75ad2240c451cd3f
Chemicals organic; at plant Bridge; USLCI to USEEIO,442ab5b5-32f4-4de0-9aa7-fa989b0579af,00.00.004,UNIT_PROCESS,USLCI,1.2026-09.0,unknown,unknown,unknown,Chemicals organic; at plant,400b2d60-d2b9-3e36-a89f-53a7f1349f86,1.0,kg,False,1,unknown,https://api.nal.usda.gov/FederalLCACommonsapi/browse/National_Renewable_Energy_Laboratory/USLCI_Database_Public/PROCESS/442ab5b5-32f4-4de0-9aa7-fa989b0579af,2026-10-08,processes/442ab5b5-32f4-4de0-9aa7-fa989b0579af.json,288171d842c52c4f2eadf9a34714c48dfc699bcba6b5cfc9a333fda579abdb72
"Concrete pipe; 72"" inch diameter; at plant",4435ce44-a5bc-331a-bd40-5c60994d8d85,00.01.007,UNIT_PROCESS,USLCI,1.2026-09.0,United States of America (the),2014-01-01,2025-12-31,"Concrete pipe; 72""",ba7d952b-9b3b-3ff6-a5fd-488fa0f37c68,1.0,ft,False,1,unknown,https://api.nal.usda.gov/FederalLCACommonsapi/browse/National_Renewable_Energy_Laboratory/USLCI_Database_Public/PROCESS/4435ce44-a5bc-331a-bd40-5c60994d8d85,2026-10-08,processes/4435ce44-a5bc-331a-bd40-5c60994d8d85.json,15ca1ec73e60988f8aa73bb7473aad6dfb4628b283b84bf31932e93707466c78
Electricity Bridge; at user; consumption mix - US - US; USLCI to US Electricity Baseline,44a867b1-63dd-35bd-97bf-ce341f0ff616,00.00.001,UNIT_PROCESS,USLCI,1.2026-09.0,unknown,unknown,unknown,"Electricity, AC, 120 V",3bca3bc6-2443-3184-8976-72dc98d258f6,1.0,MJ,False,1,unknown,https://api.nal.usda.gov/FederalLCACommonsapi/browse/National_Renewable_Energy_Laboratory/USLCI_Database_Public/PROCESS/44a867b1-63dd-35bd-97bf-ce341f0ff616,2026-10-08,processes/44a867b1-63dd-35bd-97bf-ce341f0ff616.json,ecb936a3b40bb434ce97753606802fbdd34e5bdaacd1ae689472d851c0e2cb34
"Transport, chemical tanker; residual fuel oil powered; Atlantic of Central/South America to US Gulf",44aa266e-5d59-3244-aa30-bdfe07b7f51d,01.00.001,UNIT_PROCESS,USLCI,1.2026-09.0,Global,2023-01-01,2023-12-31,"Transport, chemical tanker; residual fuel oil powered",8c3474d2-9fc0-3940-a631-ec4229207e82,1.0,t*km,False,1,PHYSICAL_ALLOCATION,https://api.nal.usda.gov/FederalLCACommonsapi/browse/National_Renewable_Energy_Laboratory/USLCI_Database_Public/PROCESS/44aa266e-5d59-3244-aa30-bdfe07b7f51d,2026-10-08,processes/44aa266e-5d59-3244-aa30-bdfe07b7f51d.json,74841da2a14c2c689a0e0c90228626f52d74e46918222f85500c1e2cc299e3b3
Drinking water treatment; sedimentation; at plant,4542a69a-4c5f-3967-92da-830361967e0a,00.01.015,UNIT_PROCESS,USLCI,1.2026-09.0,United States of America (the),2011-01-01,2011-12-31,Drinking water treatment; sedimentation,2004c515-ded5-34c9-be46-3ef4fa43e634,1000.0,cu ft,False,1,unknown,https://api.nal.usda.gov/FederalLCACommonsapi/browse/National_Renewable_Energy_Laboratory/USLCI_Database_Public/PROCESS/4542a69a-4c5f-3967-92da-830361967e0a,2026-10-08,processes/4542a69a-4c5f-3967-92da-830361967e0a.json,666250344245fe01d1c0291672f85b4e1754a6ae2cc489a0f69aa1bb25ef9e42
"Transport, single unit truck; diesel powered",45b70b50-20a0-341b-8e2f-c196974d1541,01.00.003,UNIT_PROCESS,USLCI,1.2026-09.0,United States of America (the),2024-01-01,2024-12-31,Transport; single unit truck; diesel powered,bbcd8095-e1d5-3762-aa08-3efc8d1d2ec4,1.0,t*km,False,1,PHYSICAL_ALLOCATION,https://api.nal.usda.gov/FederalLCACommonsapi/browse/National_Renewable_Energy_Laboratory/USLCI_Database_Public/PROCESS/45b70b50-20a0-341b-8e2f-c196974d1541,2026-10-08,processes/45b70b50-20a0-341b-8e2f-c196974d1541.json,725d1d8b53d620561e096b518152018104759d2ccb7ae64a1b75c8b09efc0738
"Nitrogen, liquid Bridge; USLCI to USEEIO",484c6178-9620-412d-98df-3341150bfeff,00.00.013,UNIT_PROCESS,USLCI,1.2026-09.0,unknown,unknown,unknown,Nitrogen; liquid; at plant,bc8e6793-7071-3c12-bac4-bb5adcb44f79,1.0,kg,False,1,unknown,https://api.nal.usda.gov/FederalLCACommonsapi/browse/National_Renewable_Energy_Laboratory/USLCI_Database_Public/PROCESS/484c6178-9620-412d-98df-3341150bfeff,2026-10-08,processes/484c6178-9620-412d-98df-3341150bfeff.json,dcd04d21eaf92b0c9115622fdd56d431f757c8d97066f401fb47b7d189e0ae2d
Propylene; at plant,49d309a8-0c93-4eeb-a342-2fe2254a0bec,00.01.010,UNIT_PROCESS,USLCI,1.2026-09.0,United States of America (the),2014-12-30,2015-11-29,Propylene; at plant,e86e8b04-8e64-3a17-95c3-04c07229f0ac,1.0,kg,False,1,NO_ALLOCATION,https://api.nal.usda.gov/FederalLCACommonsapi/browse/National_Renewable_Energy_Laboratory/USLCI_Database_Public/PROCESS/49d309a8-0c93-4eeb-a342-2fe2254a0bec,2026-10-08,processes/49d309a8-0c93-4eeb-a342-2fe2254a0bec.json,c5fe71809a5af5f2e4698a5adece472c530ec04887d1523af7f4a1e9050cca50
Limestone; at mine,49e563d8-0cea-3f97-96b8-15787be48b91,00.00.013,UNIT_PROCESS,USLCI,1.2026-09.0,United States of America (the),1991-12-31,2001-12-31,Limestone; at mine,8fe57bef-7504-3270-8dbd-13c0df6ddaac,1.0,kg,False,1,NO_ALLOCATION,https://api.nal.usda.gov/FederalLCACommonsapi/browse/National_Renewable_Energy_Laboratory/USLCI_Database_Public/PROCESS/49e563d8-0cea-3f97-96b8-15787be48b91,2026-10-08,processes/49e563d8-0cea-3f97-96b8-15787be48b91.json,0a875be9e043c58fe21ebbe38eadcdfe129abea4ca16b2297eff1ce543dd02b3
Steel; stainless 304; flat rolled coil,49f5324b-fc33-36e9-b5af-3c80d73492bd,00.01.014,UNIT_PROCESS,USLCI,1.2026-09.0,Northern America,2007-12-31,2011-12-31,Steel; stainless 304; flat rolled coil,3f2fed05-f530-32e9-b0f9-0dcb5280aa9d,1.0,kg,False,1,NO_ALLOCATION,https://api.nal.usda.gov/FederalLCACommonsapi/browse/National_Renewable_Energy_Laboratory/USLCI_Database_Public/PROCESS/49f5324b-fc33-36e9-b5af-3c80d73492bd,2026-10-08,processes/49f5324b-fc33-36e9-b5af-3c80d73492bd.json,7114d0f3c8404b8fee8b7a07fdbc5c34ce8e03be11b697da332a58ecfdee456e
Roundwood; hardwood; green; at logyard; SE,4a42fda8-640a-3152-9741-f64c558be34d,00.00.027,UNIT_PROCESS,USLCI,1.2026-09.0,United States of America (the),2004-12-31,2005-12-31,Roundwood; hardwood; green; at logyard,86313deb-8b04-3f3e-b983-2b9896a410a6,1.0,m3,False,1,PHYSICAL_ALLOCATION,https://api.nal.usda.gov/FederalLCACommonsapi/browse/National_Renewable_Energy_Laboratory/USLCI_Database_Public/PROCESS/4a42fda8-640a-3152-9741-f64c558be34d,2026-10-08,processes/4a42fda8-640a-3152-9741-f64c558be34d.json,a0897da20a3e100550106734d69ae75556ad6a219490115a6a32cc6152888bc0
Pulpwood; softwood; average; at forest road; INW,4a8e5076-be9b-37a6-8cc1-70ef1c80fce3,00.00.009,UNIT_PROCESS,USLCI,1.2026-09.0,United States of America (the),1988-12-31,1995-12-31,Pulpwood; softwood; average; at forest road,a75c0045-05c6-3d81-8894-607c5e9d2f74,1.0,m3,False,1,NO_ALLOCATION,https://api.nal.usda.gov/FederalLCACommonsapi/browse/National_Renewable_Energy_Laboratory/USLCI_Database_Public/PROCESS/4a8e5076-be9b-37a6-8cc1-70ef1c80fce3,2026-10-08,processes/4a8e5076-be9b-37a6-8cc1-70ef1c80fce3.json,532e2fdf4060999dfb40b0923730ebf8081a8e00244232a0632ae1e0da06dbc4
"Transport, chemical tanker; residual fuel oil powered; Eastern Canada to US East Coast",4b6c79ca-41e5-342e-a0de-597edfa9c781,01.00.001,UNIT_PROCESS,USLCI,1.2026-09.0,Global,2023-01-01,2023-12-31,"Transport, chemical tanker; residual fuel oil powered",8c3474d2-9fc0-3940-a631-ec4229207e82,1.0,t*km,False,1,PHYSICAL_ALLOCATION,https://api.nal.usda.gov/FederalLCACommonsapi/browse/National_Renewable_Energy_Laboratory/USLCI_Database_Public/PROCESS/4b6c79ca-41e5-342e-a0de-597edfa9c781,2026-10-08,processes/4b6c79ca-41e5-342e-a0de-597edfa9c781.json,92c10b37223b7db35085cbe7ecfd8883414b4e79591d47d4b19570d025f7937f
Corn stover; ground; at storage,4be84642-28cb-3508-9189-d8afcec42d92,00.00.016,UNIT_PROCESS,USLCI,1.2026-09.0,Northern America,2009-12-31,2021-12-31,Corn stover; ground; at storage,765bab27-83e7-3751-a489-085ad54393c6,1000.0,kg,False,1,NO_ALLOCATION,https://api.nal.usda.gov/FederalLCACommonsapi/browse/National_Renewable_Energy_Laboratory/USLCI_Database_Public/PROCESS/4be84642-28cb-3508-9189-d8afcec42d92,2026-10-08,processes/4be84642-28cb-3508-9189-d8afcec42d92.json,b55254fa96d8b858adb2993c420a6257109d91872f8205f0586c48d91d3a7198
"Natural gas combustion; reciprocating engine, oil and gas field, uncontrolled, pre-processing gas; at reciprocating engine",4c3decc8-827f-5743-9c76-d62a95f96042,00.02.001,UNIT_PROCESS,USLCI,1.2026-09.0,United States of America (the),unknown,unknown,"Natural gas combustion; reciprocating engine, oil and gas field, uncontrolled, pre-processing gas",dabae33d-33cf-5641-b516-f3472623739c,1.0,m3,False,1,unknown,https://api.nal.usda.gov/FederalLCACommonsapi/browse/National_Renewable_Energy_Laboratory/USLCI_Database_Public/PROCESS/4c3decc8-827f-5743-9c76-d62a95f96042,2026-10-08,processes/4c3decc8-827f-5743-9c76-d62a95f96042.json,b2f3432c31e30f3557cee1f220f1e0aab94213a0603839151013885e92eaf952
Natural gas; offshore; at well,4c427e2b-01a9-5be8-afa1-dc5d4a537213,00.02.001,UNIT_PROCESS,USLCI,1.2026-09.0,United States of America (the),unknown,unknown,Natural gas; at well,801a51fc-10c3-597e-ab73-70814c89e5d0,1.0,m3,False,1,unknown,https://api.nal.usda.gov/FederalLCACommonsapi/browse/National_Renewable_Energy_Laboratory/USLCI_Database_Public/PROCESS/4c427e2b-01a9-5be8-afa1-dc5d4a537213,2026-10-08,processes/4c427e2b-01a9-5be8-afa1-dc5d4a537213.json,889a1db6ce72f98ac99516f6bf7dcb21294da3b1ff891c556f07f0eeb3c8a532
Switchgrass; at conversion plant,4c6f7612-c4b8-36d1-803a-8fb067b1b319,00.00.010,UNIT_PROCESS,USLCI,1.2026-09.0,Northern America,2007-12-31,2099-12-31,Switchgrass; at conversion plant,fcca6571-d78a-36ad-812a-9b55de1565d8,1000.0,kg,False,1,NO_ALLOCATION,https://api.nal.usda.gov/FederalLCACommonsapi/browse/National_Renewable_Energy_Laboratory/USLCI_Database_Public/PROCESS/4c6f7612-c4b8-36d1-803a-8fb067b1b319,2026-10-08,processes/4c6f7612-c4b8-36d1-803a-8fb067b1b319.json,b0ee2052e721bcd71e6d6c38473b6d792b6129b63321dce59a8fb09303b15fd7
Soda powder; at plant,4cb0c558-b0ac-3656-bc1f-95b477c14921,00.00.013,UNIT_PROCESS,USLCI,1.2026-09.0,Northern America,2002-12-31,2002-12-31,Soda powder; at plant,0f797f27-2207-3571-84cc-0835a943be09,1.0,kg,False,1,NO_ALLOCATION,https://api.nal.usda.gov/FederalLCACommonsapi/browse/National_Renewable_Energy_Laboratory/USLCI_Database_Public/PROCESS/4cb0c558-b0ac-3656-bc1f-95b477c14921,2026-10-08,processes/4cb0c558-b0ac-3656-bc1f-95b477c14921.json,b24dfbd4adb28eb1262110b04111c97475115b7331a9f5407e32b561a01d76c2
Corn stover; at field,4d09380a-6297-392c-b1bb-74534b4d3d8e,00.00.013,UNIT_PROCESS,USLCI,1.2026-09.0,Northern America,2009-12-31,2100-12-30,Corn stover; production,6dd94277-87e0-32e8-bfe7-628e6db871a0,3290.0,kg,False,1,NO_ALLOCATION,https://api.nal.usda.gov/FederalLCACommonsapi/browse/National_Renewable_Energy_Laboratory/USLCI_Database_Public/PROCESS/4d09380a-6297-392c-b1bb-74534b4d3d8e,2026-10-08,processes/4d09380a-6297-392c-b1bb-74534b4d3d8e.json,c95561e268f5d2a6805baf1bb5432c1570236ac0b9f2cef769781f7449b3b102
"Natural gas; onshore, unconventional; at gathering and boosting",4d4122ba-1573-5c75-803a-7ec4b3946e93,00.02.001,UNIT_PROCESS,USLCI,1.2026-09.0,United States of America (the),unknown,unknown,Natural gas; at gathering and boosting,6a2ad075-7deb-5858-8c24-aa1f48e1722c,1.0,m3,False,1,unknown,https://api.nal.usda.gov/FederalLCACommonsapi/browse/National_Renewable_Energy_Laboratory/USLCI_Database_Public/PROCESS/4d4122ba-1573-5c75-803a-7ec4b3946e93,2026-10-08,processes/4d4122ba-1573-5c75-803a-7ec4b3946e93.json,5e35a5021b808f2ca86cc89a6bb42be798be0ab1488c5d46f2a0560d9c4506b7
Natural gas; combusted in industrial boiler; at pulp and paper mill,4d7e8233-af87-31fc-b497-592383d4008a,00.01.005,UNIT_PROCESS,USLCI,1.2026-09.0,United States of America (the),1997-12-31,2000-12-31,Natural gas; combusted in industrial boiler; at pulp and paper mill,feb604a9-e1d0-45b0-9ce5-f323d7b3a798,1.0,m3,False,1,NO_ALLOCATION,https://api.nal.usda.gov/FederalLCACommonsapi/browse/National_Renewable_Energy_Laboratory/USLCI_Database_Public/PROCESS/4d7e8233-af87-31fc-b497-592383d4008a,2026-10-08,processes/4d7e8233-af87-31fc-b497-592383d4008a.json,4588d5ef19345bb8d36f176f0cb6d2d461fd5bd5a0b09514f98831eca5d19078
Winter wheat straw; ground; at storage,4e38a874-76e2-3c20-bc6a-eea62883ebaa,00.00.013,UNIT_PROCESS,USLCI,1.2026-09.0,Northern America,2009-12-31,2010-12-31,Winter wheat straw; ground; at storage,c5d010a0-82a0-3e65-81bb-4e46e73dd5e3,1000.0,kg,False,1,NO_ALLOCATION,https://api.nal.usda.gov/FederalLCACommonsapi/browse/National_Renewable_Energy_Laboratory/USLCI_Database_Public/PROCESS/4e38a874-76e2-3c20-bc6a-eea62883ebaa,2026-10-08,processes/4e38a874-76e2-3c20-bc6a-eea62883ebaa.json,b2455400b1159f830fa9184d8fbe140ee5f03a8622c0284d727c4eb337fa5270
"Concrete pipe; 60"" inch diameter; at plant",4e590e0c-3773-3db7-9515-728fde75ab55,00.01.007,UNIT_PROCESS,USLCI,1.2026-09.0,United States of America (the),2014-01-01,2025-12-31,"Concrete pipe; 60""",08a57d71-1a18-3fe0-8184-550348ada2c6,1.0,ft,False,1,unknown,https://api.nal.usda.gov/FederalLCACommonsapi/browse/National_Renewable_Energy_Laboratory/USLCI_Database_Public/PROCESS/4e590e0c-3773-3db7-9515-728fde75ab55,2026-10-08,processes/4e590e0c-3773-3db7-9515-728fde75ab55.json,e067b82267b09e85075dfab0d6ed10854390caf1531dee82df7e8cbbe94f4660
"Hydrogen; liquid, synthesis gas; at plant",4eaec911-05e8-304e-b7a6-98ce06fc9820,00.00.017,UNIT_PROCESS,USLCI,1.2026-09.0,Northern America,1992-12-31,2002-12-31,Hydrogen; at plant,f842f7d2-426a-44e0-ae4c-d1c96a977f84,1.0,kg,False,1,NO_ALLOCATION,https://api.nal.usda.gov/FederalLCACommonsapi/browse/National_Renewable_Energy_Laboratory/USLCI_Database_Public/PROCESS/4eaec911-05e8-304e-b7a6-98ce06fc9820,2026-10-08,processes/4eaec911-05e8-304e-b7a6-98ce06fc9820.json,e8c682ec3032ffe065be7a87a53e3de59761cd92ddfd0cdb321c0bbeb12d56d5
Drinking water treatment; source water acquisition; at plant,4eb5b312-c3dd-3720-b8b6-814953d7c937,00.01.013,UNIT_PROCESS,USLCI,1.2026-09.0,United States of America (the),2011-01-01,2011-12-31,Drinking water treatment; source water acquisition,4b90664a-57c7-3fe1-be38-2ed8d4e0812b,1000.0,cu ft,False,1,unknown,https://api.nal.usda.gov/FederalLCACommonsapi/browse/National_Renewable_Energy_Laboratory/USLCI_Database_Public/PROCESS/4eb5b312-c3dd-3720-b8b6-814953d7c937,2026-10-08,processes/4eb5b312-c3dd-3720-b8b6-814953d7c937.json,c1f3dafc8901012a8658223e44456a91e414b7d9a5c6c808c8a1f3cfcb63dfd1
Liquefied petroleum gas; combusted in industrial boiler,4eec7a31-b920-3f91-b7c3-924f2aa92ecc,00.00.011,UNIT_PROCESS,USLCI,1.2026-09.0,United States of America (the),2000-12-31,2000-12-31,Liquefied petroleum gas; combusted in industrial boiler,f77da622-e84d-3639-8917-fcf792aaee13,1.0,l,False,1,NO_ALLOCATION,https://api.nal.usda.gov/FederalLCACommonsapi/browse/National_Renewable_Energy_Laboratory/USLCI_Database_Public/PROCESS/4eec7a31-b920-3f91-b7c3-924f2aa92ecc,2026-10-08,processes/4eec7a31-b920-3f91-b7c3-924f2aa92ecc.json,d8d4f4958c7023a5596cfcc92255902edd0208524c547341bb1d02cf22ca97d7
"Natural gas combustion; large gas turbine, oil and gas field, uncontrolled, pre-processing gas; at turbine",4fa7e71f-a9e2-5289-8489-8e31a6bbbad3,01.00.001,UNIT_PROCESS,USLCI,1.2026-09.0,United States of America (the),unknown,unknown,"Natural gas combustion; large gas turbine, oil and gas field, uncontrolled, pre-processing gas",b9bbae66-bb06-5744-8127-10a0d9f57c54,1.0,m3,False,1,unknown,https://api.nal.usda.gov/FederalLCACommonsapi/browse/National_Renewable_Energy_Laboratory/USLCI_Database_Public/PROCESS/4fa7e71f-a9e2-5289-8489-8e31a6bbbad3,2026-10-08,processes/4fa7e71f-a9e2-5289-8489-8e31a6bbbad3.json,02850dc957b4ed4295ed6e1ed6449b3f01e1d3669ff363914a92f0c6c7aec3b6
Electricity Bridge; OIL - US average; USLCI to US Electricity Baseline,50511fff-b84e-31a7-b431-47ee62b2aee4,00.00.001,UNIT_PROCESS,USLCI,1.2026-09.0,unknown,unknown,unknown,"Electricity, AC, 2300-7650 V",fc406690-160c-37d5-bf36-added9542164,1.0,MJ,False,1,unknown,https://api.nal.usda.gov/FederalLCACommonsapi/browse/National_Renewable_Energy_Laboratory/USLCI_Database_Public/PROCESS/50511fff-b84e-31a7-b431-47ee62b2aee4,2026-10-08,processes/50511fff-b84e-31a7-b431-47ee62b2aee4.json,2e8043f208486d66432ac289ececaeebe0906413663a4a26ee17a4e60369d20a
Refractory material Bridge; USLCI to USEEIO,50e0d53c-26fe-4574-8b64-6f4f4d019e94,00.00.009,UNIT_PROCESS,USLCI,1.2026-09.0,unknown,unknown,unknown,Refractory material; unspecified; at plant,afa880a0-c577-3a98-a745-0073b51f5969,1.0,kg,False,1,unknown,https://api.nal.usda.gov/FederalLCACommonsapi/browse/National_Renewable_Energy_Laboratory/USLCI_Database_Public/PROCESS/50e0d53c-26fe-4574-8b64-6f4f4d019e94,2026-10-08,processes/50e0d53c-26fe-4574-8b64-6f4f4d019e94.json,1fc6223ad6e955478068030697a168a318830041d11093c3809ef9f3ff418780
Forest residue; processed and loaded; at landing system,515c5359-a186-3394-b849-8676652228db,00.03.036,LCI_RESULT,USLCI,1.2026-09.0,Northern America,2009-12-31,2100-12-30,Forest residue; processed and loaded; at landing system,28a1f858-bf65-35b1-ae67-2acb9d16698d,1000.0,kg,False,1,NO_ALLOCATION,https://api.nal.usda.gov/FederalLCACommonsapi/browse/National_Renewable_Energy_Laboratory/USLCI_Database_Public/PROCESS/515c5359-a186-3394-b849-8676652228db,2026-10-08,processes/515c5359-a186-3394-b849-8676652228db.json,af53bc768c87b55c2e85e31ccc95a5f3851bfd59385df94af1336d1c4602da44
Combustion; wet wood residue,5198d618-7bc8-3639-b4a1-de71d6d5f49a,00.00.007,UNIT_PROCESS,USLCI,1.2026-09.0,Northern America,1994-12-31,1994-12-31,Combustion; wet wood residue,e76b9e39-7437-3612-98bc-6940592ebf2a,1055.87,MJ,False,1,NO_ALLOCATION,https://api.nal.usda.gov/FederalLCACommonsapi/browse/National_Renewable_Energy_Laboratory/USLCI_Database_Public/PROCESS/5198d618-7bc8-3639-b4a1-de71d6d5f49a,2026-10-08,processes/5198d618-7bc8-3639-b4a1-de71d6d5f49a.json,715ca05fac1dc04d81bbc87179c8ee6ff339206060eb19dfc6cc0b24fc4b4a7c
Ethylene; at plant,520ecb54-7b55-42ca-97c3-4b8192189356,00.01.010,UNIT_PROCESS,USLCI,1.2026-09.0,United States of America (the),2014-12-31,2015-11-30,Ethylene; at plant,ec1bf0d1-ff71-4960-aa0f-9fc87c14f972,1.0,kg,False,1,NO_ALLOCATION,https://api.nal.usda.gov/FederalLCACommonsapi/browse/National_Renewable_Energy_Laboratory/USLCI_Database_Public/PROCESS/520ecb54-7b55-42ca-97c3-4b8192189356,2026-10-08,processes/520ecb54-7b55-42ca-97c3-4b8192189356.json,a4b141eb03009d0723c77dad536eafa0879041f4fa6caee606f78027f0449d43
Polycarbonate Bridge; USLCI to USEEIO,531f7547-3175-4114-842a-cf358fb4a10b,00.00.012,UNIT_PROCESS,USLCI,1.2026-09.0,unknown,unknown,unknown,Polycarbonate; at plant,59e4639e-ee0a-34ce-8c0f-d21078680506,1.0,kg,False,1,unknown,https://api.nal.usda.gov/FederalLCACommonsapi/browse/National_Renewable_Energy_Laboratory/USLCI_Database_Public/PROCESS/531f7547-3175-4114-842a-cf358fb4a10b,2026-10-08,processes/531f7547-3175-4114-842a-cf358fb4a10b.json,d09d6b88a1c46958a14cde06dcb2601d1734a028f105d8a0777352047219fe5e
Diesel; combusted in industrial boiler,53804132-4bd6-3b18-bfbd-14ac762431ef,00.00.016,UNIT_PROCESS,USLCI,1.2026-09.0,United States of America (the),2017-01-01,2017-12-31,Diesel; combusted in industrial boiler,e04995fa-935b-316c-b112-5b436c8ea3d6,1.0,l,False,1,NO_ALLOCATION,https://api.nal.usda.gov/FederalLCACommonsapi/browse/National_Renewable_Energy_Laboratory/USLCI_Database_Public/PROCESS/53804132-4bd6-3b18-bfbd-14ac762431ef,2026-10-08,processes/53804132-4bd6-3b18-bfbd-14ac762431ef.json,d2f6e979976e96136fdffc7afa11d7e008c88d67fd314ab447a101235be9682f
"Ethylene dichloride-vinyl chloride monomer, EDC-VCM; at plant",53bb995e-2b64-4464-87f4-a3b79dcd1c32,00.01.014,UNIT_PROCESS,USLCI,1.2026-09.0,United States of America (the),2022-01-01,2022-12-31,"Ethylene dichloride-vinyl chloride, EDC-VCM, monomer; at plant",d9aa7527-5ab6-3052-9b26-07e930d95ec6,1.0,kg,False,1,NO_ALLOCATION,https://api.nal.usda.gov/FederalLCACommonsapi/browse/National_Renewable_Energy_Laboratory/USLCI_Database_Public/PROCESS/53bb995e-2b64-4464-87f4-a3b79dcd1c32,2026-10-08,processes/53bb995e-2b64-4464-87f4-a3b79dcd1c32.json,7528a76e006be4307915a69f1e3ca93717882f591120225abb735dcebf744412
Electricity Bridge; at user; consumption mix - New York Independent System Operator - BA; USLCI to US Electricity Baseline,54f973da-227b-3ebe-aa0b-5e28a11690a9,00.00.001,UNIT_PROCESS,USLCI,1.2026-09.0,unknown,unknown,unknown,"Electricity, AC, 120 V",3bca3bc6-2443-3184-8976-72dc98d258f6,1.0,MJ,False,1,unknown,https://api.nal.usda.gov/FederalLCACommonsapi/browse/National_Renewable_Energy_Laboratory/USLCI_Database_Public/PROCESS/54f973da-227b-3ebe-aa0b-5e28a11690a9,2026-10-08,processes/54f973da-227b-3ebe-aa0b-5e28a11690a9.json,4438bc1c9443682f2f1676694e6111351548272025e5a3874484bb8bd524e368
Lime application for corn production; at field,55d8bf4f-025a-3927-bb96-235d37ba79fc,00.00.007,UNIT_PROCESS,USLCI,1.2026-09.0,Northern America,2004-12-31,2009-12-30,"Lime, agricultural; corn production",3e769f61-d317-3070-9801-9ea491b2edc5,10000.0,m2,False,1,NO_ALLOCATION,https://api.nal.usda.gov/FederalLCACommonsapi/browse/National_Renewable_Energy_Laboratory/USLCI_Database_Public/PROCESS/55d8bf4f-025a-3927-bb96-235d37ba79fc,2026-10-08,processes/55d8bf4f-025a-3927-bb96-235d37ba79fc.json,3a68cbb56f26f5d113c4273973b026f0e66f4f082b8267d9b6c3eb651152f167
"Transport, pipeline; natural gas",57cdac3b-a289-330e-8e55-6b7e2c6885fb,00.00.008,UNIT_PROCESS,USLCI,1.2026-09.0,Northern America,2002-12-31,2008-12-31,Transport; pipeline; natural gas,057a281a-908b-3adf-8f51-ed79fe5c5a9b,1.0,t*km,False,1,NO_ALLOCATION,https://api.nal.usda.gov/FederalLCACommonsapi/browse/National_Renewable_Energy_Laboratory/USLCI_Database_Public/PROCESS/57cdac3b-a289-330e-8e55-6b7e2c6885fb,2026-10-08,processes/57cdac3b-a289-330e-8e55-6b7e2c6885fb.json,32425c4379b87279249dbdd1ec69d7c7c131789c796233eef92907834ed543a4
"Natural gas flaring; standard, uncontrolled; at flare",58511512-af40-56dc-ba69-e34ee00d27ac,00.02.001,UNIT_PROCESS,USLCI,1.2026-09.0,United States of America (the),unknown,unknown,"Natural gas flaring; standard, uncontrolled",b92acb1c-15ce-50a7-a163-d96ea631f07f,1.0,m3,True,1,unknown,https://api.nal.usda.gov/FederalLCACommonsapi/browse/National_Renewable_Energy_Laboratory/USLCI_Database_Public/PROCESS/58511512-af40-56dc-ba69-e34ee00d27ac,2026-10-08,processes/58511512-af40-56dc-ba69-e34ee00d27ac.json,72a3cd8d1ceb77a32f5800502ffb7c652878dd21d004849b9f8636a910e41af3
Electricity Bridge; at user; consumption mix - MISO - FERC; USLCI to US Electricity Baseline,59672ed1-1e9a-3648-9588-03f300260bf9,00.00.001,UNIT_PROCESS,USLCI,1.2026-09.0,unknown,unknown,unknown,"Electricity, AC, 120 V",3bca3bc6-2443-3184-8976-72dc98d258f6,1.0,MJ,False,1,unknown,https://api.nal.usda.gov/FederalLCACommonsapi/browse/National_Renewable_Energy_Laboratory/USLCI_Database_Public/PROCESS/59672ed1-1e9a-3648-9588-03f300260bf9,2026-10-08,processes/59672ed1-1e9a-3648-9588-03f300260bf9.json,8c300f3b09bdaab19d61ff641fbd190ad12939d83b2dda3f5d2d0967bd20115c
"Ductile iron pipe; 8"" inch diameter; at plant",59fb955e-b52d-3905-8458-82b162d53f28,00.01.007,UNIT_PROCESS,USLCI,1.2026-09.0,United States of America (the),2014-01-01,2025-12-31,"Ductile iron pipe; 8""",bdcc4860-85cc-34ac-b063-7d15bdfab77d,1.0,ft,False,1,unknown,https://api.nal.usda.gov/FederalLCACommonsapi/browse/National_Renewable_Energy_Laboratory/USLCI_Database_Public/PROCESS/59fb955e-b52d-3905-8458-82b162d53f28,2026-10-08,processes/59fb955e-b52d-3905-8458-82b162d53f28.json,bd4e0486be79899b3d492f9d144202bfc78fffcdeed74e375723e2221018754a
"Enzyme; glucoamylase, novozyme spirizyme",5a782377-d196-304c-baec-fea559a4dfe2,00.00.008,UNIT_PROCESS,USLCI,1.2026-09.0,Europe,2003-12-31,2003-12-31,"Enzyme; glucoamylase, novozyme spirizyme",d818c190-7b73-33b1-b0d4-9f4339e3b117,1.0,kg,False,1,NO_ALLOCATION,https://api.nal.usda.gov/FederalLCACommonsapi/browse/National_Renewable_Energy_Laboratory/USLCI_Database_Public/PROCESS/5a782377-d196-304c-baec-fea559a4dfe2,2026-10-08,processes/5a782377-d196-304c-baec-fea559a4dfe2.json,91ad968aa813eb543233adad8f1d09795af04c674c6c9a953f28ed1c32d8b4b1
"Roundwood, hardwood Bridge; USLCI to USFS",5ac55f1c-4fdb-4e7a-afc7-52ef9360810d,00.00.017,UNIT_PROCESS,USLCI,1.2026-09.0,unknown,unknown,unknown,"Roundwood; hardwood, average; at forest road",f9bfebc3-932f-3427-827a-a4972c05203c,1.0,m3,False,1,unknown,https://api.nal.usda.gov/FederalLCACommonsapi/browse/National_Renewable_Energy_Laboratory/USLCI_Database_Public/PROCESS/5ac55f1c-4fdb-4e7a-afc7-52ef9360810d,2026-10-08,processes/5ac55f1c-4fdb-4e7a-afc7-52ef9360810d.json,ca31471bdabaee9a8f608224b377c53fc88a2afc0defa38b4ab9f96fce776907
Wastewater treatment; conventional plug flow activated sludge; level 1; at plant,5ad4d191-c3b5-47ba-8ed6-1e446cd6e547,00.00.034,UNIT_PROCESS,USLCI,1.2026-09.0,United States of America (the),2015-01-01,2025-12-31,"Wastewater treatment level 1; conventional plug flow activated sludge aggregate, solids reduction; at plant",08ede23b-a073-4a7a-8552-48eeb63c4291,1.0,m3,True,1,unknown,https://api.nal.usda.gov/FederalLCACommonsapi/browse/National_Renewable_Energy_Laboratory/USLCI_Database_Public/PROCESS/5ad4d191-c3b5-47ba-8ed6-1e446cd6e547,2026-10-08,processes/5ad4d191-c3b5-47ba-8ed6-1e446cd6e547.json,07429e52d10966efcbb120d079238fd09cee7d1e47ba959ad181fca00f723090
Municipal solid waste landfilling of inert material,5bcf8b86-866d-45b6-8e00-e1ea39c03c53,00.00.041,UNIT_PROCESS,USLCI,1.2026-09.0,United States of America (the),1996-01-01,2018-01-01,"Inert material, landfilled",09546c62-30a7-4c09-8376-b342fd67e758,1.0,sh tn,True,1,NO_ALLOCATION,https://api.nal.usda.gov/FederalLCACommonsapi/browse/National_Renewable_Energy_Laboratory/USLCI_Database_Public/PROCESS/5bcf8b86-866d-45b6-8e00-e1ea39c03c53,2026-10-08,processes/5bcf8b86-866d-45b6-8e00-e1ea39c03c53.json,ce66878be973328967a0de5e60fe360e39998b12a644c97767a456cccbefb6f8
"Electricity Bridge; at user; consumption mix - Electric Reliability Council of Texas, Inc. - BA; USLCI to US Electricity Baseline",5c99ac96-4eaa-3a1e-a65f-75a96a9c297c,00.00.001,UNIT_PROCESS,USLCI,1.2026-09.0,unknown,unknown,unknown,"Electricity, AC, 120 V",3bca3bc6-2443-3184-8976-72dc98d258f6,1.0,MJ,False,1,unknown,https://api.nal.usda.gov/FederalLCACommonsapi/browse/National_Renewable_Energy_Laboratory/USLCI_Database_Public/PROCESS/5c99ac96-4eaa-3a1e-a65f-75a96a9c297c,2026-10-08,processes/5c99ac96-4eaa-3a1e-a65f-75a96a9c297c.json,342e330d6d06c928559cfdae623b1e31866be4402168c3e9d5e47c7bf7e65228
"Transport, container ship; distillate powered; Europe to US East Coast",5ca91c56-c77b-3607-8cd0-c2f6db35a0c6,01.00.001,UNIT_PROCESS,USLCI,1.2026-09.0,Global,2023-01-01,2023-12-31,"Transport, container ship; distillate powered",e46da55e-5561-37d0-8e99-71fade967cf3,1.0,t*km,False,1,PHYSICAL_ALLOCATION,https://api.nal.usda.gov/FederalLCACommonsapi/browse/National_Renewable_Energy_Laboratory/USLCI_Database_Public/PROCESS/5ca91c56-c77b-3607-8cd0-c2f6db35a0c6,2026-10-08,processes/5ca91c56-c77b-3607-8cd0-c2f6db35a0c6.json,b8eadb07dcd52508a61d94dd5ffa74adbf9d07e0a07065c399c97c967c815887
Butadiene; at plant,5d274fc8-65f3-3f3a-a583-f12cace7c494,00.00.020,UNIT_PROCESS,USLCI,1.2026-09.0,Northern America,2002-12-31,2002-12-31,Butadiene; at plant,73397897-35ba-3539-b474-d4a12f1628d0,1.0,kg,False,1,NO_ALLOCATION,https://api.nal.usda.gov/FederalLCACommonsapi/browse/National_Renewable_Energy_Laboratory/USLCI_Database_Public/PROCESS/5d274fc8-65f3-3f3a-a583-f12cace7c494,2026-10-08,processes/5d274fc8-65f3-3f3a-a583-f12cace7c494.json,c2bd0fd132ffcddc8c309ec5e27c38ad9ff67fb12cdb9195fd166bffe520ebe1
"Transport, chemical tanker; residual fuel oil powered; Asia to US West Coast",5d5f0dc3-a9a8-3740-8321-e964ef96a3ce,01.00.001,UNIT_PROCESS,USLCI,1.2026-09.0,Global,2023-01-01,2023-12-31,"Transport, chemical tanker; residual fuel oil powered",8c3474d2-9fc0-3940-a631-ec4229207e82,1.0,t*km,False,1,PHYSICAL_ALLOCATION,https://api.nal.usda.gov/FederalLCACommonsapi/browse/National_Renewable_Energy_Laboratory/USLCI_Database_Public/PROCESS/5d5f0dc3-a9a8-3740-8321-e964ef96a3ce,2026-10-08,processes/5d5f0dc3-a9a8-3740-8321-e964ef96a3ce.json,996991a0df64b25ea08d77435258e67b9f0f7f41647e606bd0a7a9458c386842
Sodium chloride; at plant,5dacfb93-571f-3502-bf9e-1ce678de151d,00.00.013,UNIT_PROCESS,USLCI,1.2026-09.0,Northern America,2002-12-31,2002-12-31,Sodium chloride; at plant,c28f9211-98eb-3509-95cc-771d8fefae51,1.0,kg,False,1,NO_ALLOCATION,https://api.nal.usda.gov/FederalLCACommonsapi/browse/National_Renewable_Energy_Laboratory/USLCI_Database_Public/PROCESS/5dacfb93-571f-3502-bf9e-1ce678de151d,2026-10-08,processes/5dacfb93-571f-3502-bf9e-1ce678de151d.json,dcf8795d03cd2c4b479daf9aa3cd11da0cb8bcd24be9f14ada2498950fe2046b
Wood fuel; unspecified,5dd973e3-0fc2-38d8-a25b-51b82ee2c2de,00.01.010,UNIT_PROCESS,USLCI,1.2026-09.0,United States of America (the),1994-12-31,1998-12-31,Wood fuel; unspecified,ba4fbc4f-a9ab-387c-8bdd-9308dc19f404,1.0,kg,False,1,NO_ALLOCATION,https://api.nal.usda.gov/FederalLCACommonsapi/browse/National_Renewable_Energy_Laboratory/USLCI_Database_Public/PROCESS/5dd973e3-0fc2-38d8-a25b-51b82ee2c2de,2026-10-08,processes/5dd973e3-0fc2-38d8-a25b-51b82ee2c2de.json,75f18db6e8b1e325421e1923f860438bfa258262c8461706453d2ecf5c419c2c
Dispensing of gasoline; at pump,5deeead4-4080-41fd-bae0-04d8aea6a656,00.00.066,UNIT_PROCESS,USLCI,1.2026-09.0,United States of America (the),2011-01-01,2011-12-31,Gasoline; dispensed at pump,186fde44-7af8-342e-ba59-8e9dee9b5c45,1.0,t,False,1,unknown,https://api.nal.usda.gov/FederalLCACommonsapi/browse/National_Renewable_Energy_Laboratory/USLCI_Database_Public/PROCESS/5deeead4-4080-41fd-bae0-04d8aea6a656,2026-10-08,processes/5deeead4-4080-41fd-bae0-04d8aea6a656.json,8b9e285f1742fe0b243db2d72a9b1579f69809f2a83cea6af224e0d384be63a2
"Natural gas combustion; external combustion boilers, industrial, natural gas, < 10 million Btu/hr, uncontrolled; at boiler",5e2e4dcd-341f-36fc-97ea-cddb8e81e8bc,01.00.000,UNIT_PROCESS,USLCI,1.2026-09.0,United States of America (the),2012-01-01,2022-12-31,"Natural gas combustion; external combustion boilers, industrial, natural gas, < 10 million Btu/hr, uncontrolled",715dcde6-5508-3c11-8649-2111e054cd54,1.0,kg,False,1,PHYSICAL_ALLOCATION,https://api.nal.usda.gov/FederalLCACommonsapi/browse/National_Renewable_Energy_Laboratory/USLCI_Database_Public/PROCESS/5e2e4dcd-341f-36fc-97ea-cddb8e81e8bc,2026-10-08,processes/5e2e4dcd-341f-36fc-97ea-cddb8e81e8bc.json,266933e271b6c297bd1f5788c92e2e7ce6dcfc3e72e83b1cfc4e9a141ad3ac4a
"Ductile iron pipe; 6"" inch diameter; at plant",5e71644e-6793-3cf3-bfcb-50eb45aa4620,00.01.008,UNIT_PROCESS,USLCI,1.2026-09.0,United States of America (the),2014-01-01,2025-12-31,"Ductile iron pipe; 6""",307136dc-e8b7-3d67-bd24-8b14cd666d45,1.0,ft,False,1,unknown,https://api.nal.usda.gov/FederalLCACommonsapi/browse/National_Renewable_Energy_Laboratory/USLCI_Database_Public/PROCESS/5e71644e-6793-3cf3-bfcb-50eb45aa4620,2026-10-08,processes/5e71644e-6793-3cf3-bfcb-50eb45aa4620.json,a3c956da04d2af7e398bed8e06a34fec490245dea8a2cab12b9547ff24eeeea3
"Transport, chemical tanker; distillate powered; Europe to US East Coast",5f0ade72-d631-3663-9037-00b4405a42ee,01.00.001,UNIT_PROCESS,USLCI,1.2026-09.0,Global,2023-01-01,2023-12-31,"Transport, chemical tanker; distillate powered",ce06ec4d-91ab-387e-8dd0-4358c1ea3633,1.0,t*km,False,1,PHYSICAL_ALLOCATION,https://api.nal.usda.gov/FederalLCACommonsapi/browse/National_Renewable_Energy_Laboratory/USLCI_Database_Public/PROCESS/5f0ade72-d631-3663-9037-00b4405a42ee,2026-10-08,processes/5f0ade72-d631-3663-9037-00b4405a42ee.json,9ffec889fe415637b2fc13d1286390079515dc5ab0aca7bf333c854e1a2f76a2
Drinking water treatment; distribution pipe network infrastructure; at plant,6017be4d-8df3-31bf-9597-756852c8f18d,00.01.013,UNIT_PROCESS,USLCI,1.2026-09.0,United States of America (the),2011-01-01,2011-12-31,Drinking water treatment; distribution pipe network infrastructure,b7fb225a-dced-3a87-a3f3-e03afe11c2f7,1.0,m3,False,1,unknown,https://api.nal.usda.gov/FederalLCACommonsapi/browse/National_Renewable_Energy_Laboratory/USLCI_Database_Public/PROCESS/6017be4d-8df3-31bf-9597-756852c8f18d,2026-10-08,processes/6017be4d-8df3-31bf-9597-756852c8f18d.json,5b5a6ac9c12f91c4bb246bc42634461c9bc8234641df1ac49466ac8139f9f849
Electricity; bauxite mining regions,6023a2bf-2d42-348b-bee7-caae15319edb,00.00.009,UNIT_PROCESS,USLCI,1.2026-09.0,Global,2003-12-31,2003-12-31,Electricity; at bauxite mining regions,34477c97-cd27-366c-a5e7-17ebd2127b9f,1.0,kWh,False,1,NO_ALLOCATION,https://api.nal.usda.gov/FederalLCACommonsapi/browse/National_Renewable_Energy_Laboratory/USLCI_Database_Public/PROCESS/6023a2bf-2d42-348b-bee7-caae15319edb,2026-10-08,processes/6023a2bf-2d42-348b-bee7-caae15319edb.json,2dec0056dc8cdfd9937f6d9f8edad0afcc2a25a9a94cf88dbf4b8af43e2c87a6
Portland cement; at plant,62993671-574c-3fc5-b66a-6be3bb21ad3d,00.00.019,UNIT_PROCESS,USLCI,1.2026-09.0,United States of America (the),1992-12-31,2003-12-31,Portland cement; at plant,277959d5-1a12-33d4-9d7f-1604f2227c09,1.0,kg,False,1,NO_ALLOCATION,https://api.nal.usda.gov/FederalLCACommonsapi/browse/National_Renewable_Energy_Laboratory/USLCI_Database_Public/PROCESS/62993671-574c-3fc5-b66a-6be3bb21ad3d,2026-10-08,processes/62993671-574c-3fc5-b66a-6be3bb21ad3d.json,782b1e062811c6b374f2e43db5896d0211f97988e6e3392b4d885c0bf0e52dde
"Harvest; corn, single pass",630010e9-27e1-3ea8-9845-b87832b536f4,00.00.009,UNIT_PROCESS,USLCI,1.2026-09.0,Northern America,2009-12-31,2100-12-30,"Harvest, single pass; corn",673f1eb9-e51c-3e65-a4d6-cff86326989e,1.0,m2,False,1,NO_ALLOCATION,https://api.nal.usda.gov/FederalLCACommonsapi/browse/National_Renewable_Energy_Laboratory/USLCI_Database_Public/PROCESS/630010e9-27e1-3ea8-9845-b87832b536f4,2026-10-08,processes/630010e9-27e1-3ea8-9845-b87832b536f4.json,c85882b9c07e2ac66bf5c57259e04cc76532712802cc8db1a5c02b85822790f5
Copper; at storage Bridge; USLCI to USEEIO,6373ec73-ca57-47bd-8284-2f3cc25b8637,00.00.006,UNIT_PROCESS,USLCI,1.2026-09.0,unknown,unknown,unknown,Copper; at regional storage,19fb905b-a259-3480-848f-af6a058a4d99,1.0,kg,False,1,unknown,https://api.nal.usda.gov/FederalLCACommonsapi/browse/National_Renewable_Energy_Laboratory/USLCI_Database_Public/PROCESS/6373ec73-ca57-47bd-8284-2f3cc25b8637,2026-10-08,processes/6373ec73-ca57-47bd-8284-2f3cc25b8637.json,6ad4fc86095ab21c2f432cd5be3daa14735b7d6f0cd823958ec1526021b31f7d
Ductile iron pipe; centrifugal casting; at plant,64394243-614a-3ed3-93a7-1eecd7ac6608,00.01.015,UNIT_PROCESS,USLCI,1.2026-09.0,United States of America (the),2000-12-31,2000-12-31,Ductile iron pipe; centrifugal casting; at plant,831c5009-efd0-308e-998e-18f26915ec0a,2000.0,lb av,False,1,unknown,https://api.nal.usda.gov/FederalLCACommonsapi/browse/National_Renewable_Energy_Laboratory/USLCI_Database_Public/PROCESS/64394243-614a-3ed3-93a7-1eecd7ac6608,2026-10-08,processes/64394243-614a-3ed3-93a7-1eecd7ac6608.json,c4d2bf84306a79f3c03f2216f8f0ca39e7c3d62cdd1211a34bd12f34fa71c27f
Ethanol; 85%; at blending terminal,64c379de-b24a-36d0-9170-d61d9d9d7278,00.00.013,UNIT_PROCESS,USLCI,1.2026-09.0,Northern America,2007-12-31,2021-12-31,Ethanol; 85%; at blending terminal,ec45ebbc-909d-347c-b810-ad895485bcba,1.0,kg,False,1,NO_ALLOCATION,https://api.nal.usda.gov/FederalLCACommonsapi/browse/National_Renewable_Energy_Laboratory/USLCI_Database_Public/PROCESS/64c379de-b24a-36d0-9170-d61d9d9d7278,2026-10-08,processes/64c379de-b24a-36d0-9170-d61d9d9d7278.json,0319123adbb59edbe3c3f6cd04a4381ef48af82abf0e9fabdf6d22692587930a
"Transport, container ship; distillate powered; Atlantic of Central/South America to US East Coast",653c9135-1bca-392f-9551-e29ca8993aee,01.00.001,UNIT_PROCESS,USLCI,1.2026-09.0,Global,2023-01-01,2023-12-31,"Transport, container ship; distillate powered",e46da55e-5561-37d0-8e99-71fade967cf3,1.0,t*km,False,1,PHYSICAL_ALLOCATION,https://api.nal.usda.gov/FederalLCACommonsapi/browse/National_Renewable_Energy_Laboratory/USLCI_Database_Public/PROCESS/653c9135-1bca-392f-9551-e29ca8993aee,2026-10-08,processes/653c9135-1bca-392f-9551-e29ca8993aee.json,404f20667722d312450961519c5c613356439128c0ca2592f408f3ca2e19c212
"Natural gas combustion; external combustion boilers, industrial, natural gas, > 100 million Btu/hr, low NOx burners; at boiler",66121bb2-d83a-354d-b2e7-8b88fed2577f,01.00.000,UNIT_PROCESS,USLCI,1.2026-09.0,United States of America (the),2012-01-01,2022-12-31,"Natural gas combustion; external combustion boilers, industrial, natural gas, > 100 million Btu/hr, low NOx burners",44f48aa4-6ed2-33eb-9050-44d200c14445,1.0,kg,False,1,PHYSICAL_ALLOCATION,https://api.nal.usda.gov/FederalLCACommonsapi/browse/National_Renewable_Energy_Laboratory/USLCI_Database_Public/PROCESS/66121bb2-d83a-354d-b2e7-8b88fed2577f,2026-10-08,processes/66121bb2-d83a-354d-b2e7-8b88fed2577f.json,0edb245b4796f534532586ed3ffad40d0ee477ae8e69da5a0cbe9612af6fc1bb
"Transport, container ship; distillate powered; Western Canada to US West Coast",6627997c-756e-34b2-9671-07dbdc2dfb37,01.00.001,UNIT_PROCESS,USLCI,1.2026-09.0,Global,2023-01-01,2023-12-31,"Transport, container ship; distillate powered",e46da55e-5561-37d0-8e99-71fade967cf3,1.0,t*km,False,1,PHYSICAL_ALLOCATION,https://api.nal.usda.gov/FederalLCACommonsapi/browse/National_Renewable_Energy_Laboratory/USLCI_Database_Public/PROCESS/6627997c-756e-34b2-9671-07dbdc2dfb37,2026-10-08,processes/6627997c-756e-34b2-9671-07dbdc2dfb37.json,b547b20cd3dc3239c68bd3d1f41c19272fe3806c003a24b7414634c6c340ec4c
"Natural gas combustion; small boiler, oil and gas field, uncontrolled, pre-processing gas; at boiler",66cb3710-976d-51fa-8f73-7695719031c6,00.02.001,UNIT_PROCESS,USLCI,1.2026-09.0,United States of America (the),unknown,unknown,"Natural gas combustion; small boiler, oil and gas field, uncontrolled, pre-processing gas",062968ec-a4c6-5a09-9c9c-2156eccc1db0,1.0,m3,False,1,unknown,https://api.nal.usda.gov/FederalLCACommonsapi/browse/National_Renewable_Energy_Laboratory/USLCI_Database_Public/PROCESS/66cb3710-976d-51fa-8f73-7695719031c6,2026-10-08,processes/66cb3710-976d-51fa-8f73-7695719031c6.json,da8b1310a800234cce6a39a97ab356d4dbeb703eccfe9f77b5956af23b154069
Drinking water treatment; water storage infrastructure; at plant,68ca1e82-093d-3fa3-abe4-f7054f3a2a92,00.01.013,UNIT_PROCESS,USLCI,1.2026-09.0,United States of America (the),2011-01-01,2011-12-31,Drinking water treatment; water storage infrastructure,3484cb5c-d933-3c0f-b71f-5e4a1caf0f90,1.0,m3,False,1,unknown,https://api.nal.usda.gov/FederalLCACommonsapi/browse/National_Renewable_Energy_Laboratory/USLCI_Database_Public/PROCESS/68ca1e82-093d-3fa3-abe4-f7054f3a2a92,2026-10-08,processes/68ca1e82-093d-3fa3-abe4-f7054f3a2a92.json,4147e90bc5c8e90e17c7a8e758646af264fe0f08dcc01a79b53922c74b4a705d
Corn steep liquor,68f4d066-5043-34cc-a944-5041732f8e7a,00.00.011,UNIT_PROCESS,USLCI,1.2026-09.0,Northern America,2002-12-31,2002-12-31,Corn steep liquor,96adbc9c-2708-34ab-86af-18ae6560f616,1.0,kg,False,1,NO_ALLOCATION,https://api.nal.usda.gov/FederalLCACommonsapi/browse/National_Renewable_Energy_Laboratory/USLCI_Database_Public/PROCESS/68f4d066-5043-34cc-a944-5041732f8e7a,2026-10-08,processes/68f4d066-5043-34cc-a944-5041732f8e7a.json,1ba3f1f4c07c8dc36a336b02fc463aee84af620c1dda833819dff5a724cd74b8
"Natural gas flaring; pre-processing gas, uncontrolled; at flare",69bde2a5-4f82-5522-aadd-5c707b359be0,00.02.001,UNIT_PROCESS,USLCI,1.2026-09.0,United States of America (the),unknown,unknown,"Natural gas flaring; pre-processing gas, uncontrolled",f3898ee2-3db7-5a09-94f8-a7ca9be53d81,1.0,m3,True,1,unknown,https://api.nal.usda.gov/FederalLCACommonsapi/browse/National_Renewable_Energy_Laboratory/USLCI_Database_Public/PROCESS/69bde2a5-4f82-5522-aadd-5c707b359be0,2026-10-08,processes/69bde2a5-4f82-5522-aadd-5c707b359be0.json,acfd39ce12b331e239499e8936b00bbf63e5f4b2c601df6805ced1c104e2a9d1
Corn Starch Bridge; USLCI to USEEIO,69c79dda-0edc-4b7e-8a62-ca87e782a628,00.00.017,UNIT_PROCESS,USLCI,1.2026-09.0,unknown,unknown,unknown,Corn starch; at plant,ce26f070-52ff-3fab-bcfe-9f5ce8a6de84,1.0,kg,False,1,unknown,https://api.nal.usda.gov/FederalLCACommonsapi/browse/National_Renewable_Energy_Laboratory/USLCI_Database_Public/PROCESS/69c79dda-0edc-4b7e-8a62-ca87e782a628,2026-10-08,processes/69c79dda-0edc-4b7e-8a62-ca87e782a628.json,09cccd4bbda3944d2d732d94a6ecb07dfb7ef86036ac083633a585294ebc9eba
"Low-density polyethylene, LDPE; virgin resin; at plant",6a12cba1-889d-4515-90f8-89feb8d662f2,00.01.012,UNIT_PROCESS,USLCI,1.2026-09.0,Northern America,2014-12-31,2016-12-30,"Low-density polyethylene, LDPE; virgin resin; at plant",2f9d79bf-e4c6-400a-a076-8c00f468fa3b,1.0,kg,False,1,NO_ALLOCATION,https://api.nal.usda.gov/FederalLCACommonsapi/browse/National_Renewable_Energy_Laboratory/USLCI_Database_Public/PROCESS/6a12cba1-889d-4515-90f8-89feb8d662f2,2026-10-08,processes/6a12cba1-889d-4515-90f8-89feb8d662f2.json,a98887b6da72c042d4a832a8d5284a573580c79683d6b841b547232b58e07305
Methanol; at plant,6b0d74c7-e880-4b93-aa2f-b777ac183f84,00.01.011,UNIT_PROCESS,USLCI,1.2026-09.0,Northern America,2015-12-31,2016-11-30,Methanol; at plant,ae69b712-d8d2-41ef-a2c1-fb477807f742,1.0,kg,False,1,NO_ALLOCATION,https://api.nal.usda.gov/FederalLCACommonsapi/browse/National_Renewable_Energy_Laboratory/USLCI_Database_Public/PROCESS/6b0d74c7-e880-4b93-aa2f-b777ac183f84,2026-10-08,processes/6b0d74c7-e880-4b93-aa2f-b777ac183f84.json,f6b37bf8c54368e04806d3603a573b1fff9dbafc9be2fee6a25b1a44e6264e1c
Roundwood; hardwood; green; at mill; SE,6baa9816-6151-3af1-b230-d28bebfb5227,00.00.014,UNIT_PROCESS,USLCI,1.2026-09.0,United States of America (the),2004-12-31,2005-12-31,Roundwood; hardwood; green; at mill,6ce8c09f-8a15-3d59-a868-8093b62c4ff4,1.0,m3,False,1,PHYSICAL_ALLOCATION,https://api.nal.usda.gov/FederalLCACommonsapi/browse/National_Renewable_Energy_Laboratory/USLCI_Database_Public/PROCESS/6baa9816-6151-3af1-b230-d28bebfb5227,2026-10-08,processes/6baa9816-6151-3af1-b230-d28bebfb5227.json,810a64517ea9b279210124badd10837fc48d95027b3e7725f744fb7413e38e3b
Drinking water treatment; chemical conditioning; at plant,6bf03929-c98a-32e8-b816-17c4908a069d,00.01.016,UNIT_PROCESS,USLCI,1.2026-09.0,United States of America (the),2011-01-01,2011-12-31,Drinking water treatment; chemical conditioning,41abfe71-f68c-36f5-a4e2-a450958c5106,1000.0,cu ft,False,1,unknown,https://api.nal.usda.gov/FederalLCACommonsapi/browse/National_Renewable_Energy_Laboratory/USLCI_Database_Public/PROCESS/6bf03929-c98a-32e8-b816-17c4908a069d,2026-10-08,processes/6bf03929-c98a-32e8-b816-17c4908a069d.json,466b78c1bd1985ea15f5e83a2a734143d9df780ab1e347c8f36ee546dbd52a2d
Combustion; dry wood residue,6c96a609-cd7e-3f19-a151-27deb823d3e4,00.00.009,UNIT_PROCESS,USLCI,1.2026-09.0,Northern America,1994-12-31,1994-12-31,Combustion; dry wood residue,405b0729-a9a8-308e-8f24-c6610f59b351,1055.87,MJ,False,1,NO_ALLOCATION,https://api.nal.usda.gov/FederalLCACommonsapi/browse/National_Renewable_Energy_Laboratory/USLCI_Database_Public/PROCESS/6c96a609-cd7e-3f19-a151-27deb823d3e4,2026-10-08,processes/6c96a609-cd7e-3f19-a151-27deb823d3e4.json,3355e0894acfc28ba9acb363eed67cfd3b79dde6bbc2772e2feaaf756a9acedd
"Melamine urea formaldehyde, MF; resin, neat; 60% solids",6ce2af92-11dd-3e96-8f77-4d215ac13b96,00.00.027,UNIT_PROCESS,USLCI,1.2026-09.0,United States of America (the),2004-12-31,2004-12-31,"Melamine urea formaldehyde, MF;  virgin resin, neat; at plant; 60% solids",cfbc5b82-c59c-330b-a12a-134699842889,1.0,kg,False,1,NO_ALLOCATION,https://api.nal.usda.gov/FederalLCACommonsapi/browse/National_Renewable_Energy_Laboratory/USLCI_Database_Public/PROCESS/6ce2af92-11dd-3e96-8f77-4d215ac13b96,2026-10-08,processes/6ce2af92-11dd-3e96-8f77-4d215ac13b96.json,28701be5a6af7865fd3a3d5a4c4f98147d802cc28fb84120c221e314fdb64bbc
Natural gas; offshore; at processing,6d77f96e-54ae-5c2b-944f-12a70226f20a,00.02.001,UNIT_PROCESS,USLCI,1.2026-09.0,United States of America (the),unknown,unknown,Natural gas; at processing,dc3c7f24-fbeb-5dd2-b771-c0a6760e9264,1.0,m3,False,1,unknown,https://api.nal.usda.gov/FederalLCACommonsapi/browse/National_Renewable_Energy_Laboratory/USLCI_Database_Public/PROCESS/6d77f96e-54ae-5c2b-944f-12a70226f20a,2026-10-08,processes/6d77f96e-54ae-5c2b-944f-12a70226f20a.json,6bc78bf18a0e80e39fc9dcda1c54b72cb1d844e31c5bae292f12fca3d4f6103d
Corn; decomposition; 15.5% moisture,6e19103d-ed39-3b71-8c51-0c65b85002a4,00.00.005,UNIT_PROCESS,USLCI,1.2026-09.0,Northern America,2009-12-31,2009-12-31,Corn; decomposition,a3e87cf9-1690-3d33-b60e-695150337e42,1.0,kg,False,1,NO_ALLOCATION,https://api.nal.usda.gov/FederalLCACommonsapi/browse/National_Renewable_Energy_Laboratory/USLCI_Database_Public/PROCESS/6e19103d-ed39-3b71-8c51-0c65b85002a4,2026-10-08,processes/6e19103d-ed39-3b71-8c51-0c65b85002a4.json,0f3676f5332774cdbe9cf41adaf492bf6100bb3a76949961474635bc2317ef53
Petroleum refined; for material use; at plant,70d2004a-9f80-48ce-a86c-50e85dd6a637,00.00.014,UNIT_PROCESS,USLCI,1.2026-09.0,United States of America (the),unknown,unknown,Petroleum refined; to material use; at refinery,3671e08b-0f5d-423e-9805-3cbd3f7b909a,1.0,kg,False,1,NO_ALLOCATION,https://api.nal.usda.gov/FederalLCACommonsapi/browse/National_Renewable_Energy_Laboratory/USLCI_Database_Public/PROCESS/70d2004a-9f80-48ce-a86c-50e85dd6a637,2026-10-08,processes/70d2004a-9f80-48ce-a86c-50e85dd6a637.json,a72b8afa0007c47461eb81d179680f5ac74d6fb6742ad0b84568c1a9fe5a4d51
"Transport, single unit truck; short-haul; diesel powered",711ab26a-94a2-33f9-89da-560c55808297,01.00.003,UNIT_PROCESS,USLCI,1.2026-09.0,United States of America (the),2024-01-01,2024-12-31,"Transport; single unit truck, short-haul; diesel powered",20567d69-c8ee-325c-a98c-43c35b8eb9f4,1.0,t*km,False,1,PHYSICAL_ALLOCATION,https://api.nal.usda.gov/FederalLCACommonsapi/browse/National_Renewable_Energy_Laboratory/USLCI_Database_Public/PROCESS/711ab26a-94a2-33f9-89da-560c55808297,2026-10-08,processes/711ab26a-94a2-33f9-89da-560c55808297.json,004b78f34cdcf63bdc7c3554a3f39d145f5ba6c4a075ffad2b6758fb90336448
"Transport, chemical tanker; distillate powered; Caribbean to US Gulf",725ba817-ea29-3e40-82ba-465391699b6d,01.00.001,UNIT_PROCESS,USLCI,1.2026-09.0,Global,2023-01-01,2023-12-31,"Transport, chemical tanker; distillate powered",ce06ec4d-91ab-387e-8dd0-4358c1ea3633,1.0,t*km,False,1,PHYSICAL_ALLOCATION,https://api.nal.usda.gov/FederalLCACommonsapi/browse/National_Renewable_Energy_Laboratory/USLCI_Database_Public/PROCESS/725ba817-ea29-3e40-82ba-465391699b6d,2026-10-08,processes/725ba817-ea29-3e40-82ba-465391699b6d.json,5f5e9c3274e9c4a61898de4ea66ab40dacd623a7b15534bdb75e87d739678729
Switchgrass; carted,727c4049-41db-3645-a4f9-af66fa92dee0,00.00.006,UNIT_PROCESS,USLCI,1.2026-09.0,Northern America,1899-12-31,1899-12-31,Switchgrass; carted,360f513b-5196-32f6-83d0-4effb21b0297,9070.0,kg,False,1,NO_ALLOCATION,https://api.nal.usda.gov/FederalLCACommonsapi/browse/National_Renewable_Energy_Laboratory/USLCI_Database_Public/PROCESS/727c4049-41db-3645-a4f9-af66fa92dee0,2026-10-08,processes/727c4049-41db-3645-a4f9-af66fa92dee0.json,8a3ea4db8a2f051328b3acf15202d24919b500a0b2dfdc491f56486e5ad7dd1c
"Ductile iron pipe; 60"" inch diameter; at plant",7394ff08-eec4-4f81-8b0f-8880cd071207,00.00.008,UNIT_PROCESS,USLCI,1.2026-09.0,United States of America (the),2014-01-01,2025-12-31,"Ductile iron pipe; 60""",7edeee9d-751c-4dcb-86b4-53366d61393d,1.0,ft,False,1,unknown,https://api.nal.usda.gov/FederalLCACommonsapi/browse/National_Renewable_Energy_Laboratory/USLCI_Database_Public/PROCESS/7394ff08-eec4-4f81-8b0f-8880cd071207,2026-10-08,processes/7394ff08-eec4-4f81-8b0f-8880cd071207.json,9ee5ac48c79e78c7661fc34cc0e48194f46fe580a24a7959de5a610e2093f9af
Sawn lumber; hardwood; rough; green; at sawmill; NE-NC,7423f694-8370-3bac-8937-f07e9edf8b68,00.00.027,UNIT_PROCESS,USLCI,1.2026-09.0,United States of America (the),2004-12-31,2005-12-31,Sawn lumber; hardwood; rough; kiln dried; at kiln,f6d2d323-e3d6-3eda-a615-25122849659c,1.0,m3,False,1,NO_ALLOCATION,https://api.nal.usda.gov/FederalLCACommonsapi/browse/National_Renewable_Energy_Laboratory/USLCI_Database_Public/PROCESS/7423f694-8370-3bac-8937-f07e9edf8b68,2026-10-08,processes/7423f694-8370-3bac-8937-f07e9edf8b68.json,40c6098a4ddcd1b067a241df16946da67f029d122d8a003911251d7d8e2c65b6
"Sludge hauling and landfill; wastewater treatment unit, level 1",7564cc52-b294-42c8-8320-7dd680296c81,00.00.028,UNIT_PROCESS,USLCI,1.2026-09.0,United States of America (the),2015-01-01,2025-12-31,Sludge hauling and landfill; wastewater treatment unit,6905db5d-45f6-49e6-9a83-51b1b26419f9,1.0,m3,True,1,PHYSICAL_ALLOCATION,https://api.nal.usda.gov/FederalLCACommonsapi/browse/National_Renewable_Energy_Laboratory/USLCI_Database_Public/PROCESS/7564cc52-b294-42c8-8320-7dd680296c81,2026-10-08,processes/7564cc52-b294-42c8-8320-7dd680296c81.json,d3c4be6969d42cae519174a598c1287ab0d4d5800d0dad3db8660613a9326cb2
"Concrete pipe; 8"" inch diameter; at plant",75c2d103-d0c7-36ed-80c6-36c2a16f77fa,00.01.007,UNIT_PROCESS,USLCI,1.2026-09.0,United States of America (the),2014-01-01,2025-12-31,"Concrete pipe; 8""",aee5ff26-4c8f-32ab-94fa-4f74331f7dc1,1.0,ft,False,1,unknown,https://api.nal.usda.gov/FederalLCACommonsapi/browse/National_Renewable_Energy_Laboratory/USLCI_Database_Public/PROCESS/75c2d103-d0c7-36ed-80c6-36c2a16f77fa,2026-10-08,processes/75c2d103-d0c7-36ed-80c6-36c2a16f77fa.json,5b5ed614a2a0a4a6a00cade025ded1bad2cd9c8af789343675710668ce1ed6dc
Crude oil; off-shore domestic; at extraction,76048c3b-d6d3-4f3b-8215-87ece218b4a2,00.01.010,UNIT_PROCESS,USLCI,1.2026-09.0,United States of America (the),2006-01-01,2013-12-31,Crude oil; at extraction,43b6c51f-f1a9-4a6d-8070-fa84adf27d23,1.0,kg,False,1,NO_ALLOCATION,https://api.nal.usda.gov/FederalLCACommonsapi/browse/National_Renewable_Energy_Laboratory/USLCI_Database_Public/PROCESS/76048c3b-d6d3-4f3b-8215-87ece218b4a2,2026-10-08,processes/76048c3b-d6d3-4f3b-8215-87ece218b4a2.json,1996d7cb5f19a0100accb81eb0dbae6bdc63748b06adf274a36f8aaaf88a0d6b
Bauxite; at mine,76a47261-8a9c-30a2-93a6-f5a029aded6f,00.01.013,UNIT_PROCESS,USLCI,1.2026-09.0,Global,1997-12-31,1997-12-31,Bauxite; at mine,3ca71da3-edfd-3ad6-b756-f08a12542156,1.0,kg,False,1,NO_ALLOCATION,https://api.nal.usda.gov/FederalLCACommonsapi/browse/National_Renewable_Energy_Laboratory/USLCI_Database_Public/PROCESS/76a47261-8a9c-30a2-93a6-f5a029aded6f,2026-10-08,processes/76a47261-8a9c-30a2-93a6-f5a029aded6f.json,fdf167b73aca3116e19af5ba4dac14042b782705aa081219c4cfd3443b9832b2
"Ductile iron pipe; 50"" inch diameter; at plant",78315fca-7132-345f-bdd2-605420eddfeb,00.01.009,UNIT_PROCESS,USLCI,1.2026-09.0,United States of America (the),2014-01-01,2025-12-31,"Ductile iron pipe; 50""",750d9668-4ef6-3413-aac1-5777346d807c,1.0,ft,False,1,unknown,https://api.nal.usda.gov/FederalLCACommonsapi/browse/National_Renewable_Energy_Laboratory/USLCI_Database_Public/PROCESS/78315fca-7132-345f-bdd2-605420eddfeb,2026-10-08,processes/78315fca-7132-345f-bdd2-605420eddfeb.json,c424e9b674ecd4b4cfd09bff8cd34e9f58796bd22b201e0811421127e6603f58
Wheat harvest; single pass,786522bf-e3a2-3db6-8794-a8d26a370faa,00.00.005,UNIT_PROCESS,USLCI,1.2026-09.0,Northern America,2009-12-31,2100-12-30,Harvest; wheat; single pass,98aa5572-5b40-3a90-8d79-771e63c02838,1.0,m2,False,1,NO_ALLOCATION,https://api.nal.usda.gov/FederalLCACommonsapi/browse/National_Renewable_Energy_Laboratory/USLCI_Database_Public/PROCESS/786522bf-e3a2-3db6-8794-a8d26a370faa,2026-10-08,processes/786522bf-e3a2-3db6-8794-a8d26a370faa.json,866a60854ee3b8f46a3fb0e570432587f656bc35612b12c63d4ad21c6e80fb57
Biogas; burned in flare,78a06d44-2e8b-492c-bcf6-5dc0651e20c2,00.00.015,UNIT_PROCESS,USLCI,1.2026-09.0,United States of America (the),2015-01-01,2025-12-31,Biogas; burned in flare,391c6de4-5a94-4967-97e0-7d185b236480,1.0,m3,True,1,unknown,https://api.nal.usda.gov/FederalLCACommonsapi/browse/National_Renewable_Energy_Laboratory/USLCI_Database_Public/PROCESS/78a06d44-2e8b-492c-bcf6-5dc0651e20c2,2026-10-08,processes/78a06d44-2e8b-492c-bcf6-5dc0651e20c2.json,ad961f6f083747a4d62295d3af64a90339eb02eb8f91ea1e0361d5781a4b054e
"Hog fuel; self-generated, combusted in industrial boiler; at pulp and paper mill",7906c042-7330-3046-9b9a-92a4af4f2150,00.01.005,UNIT_PROCESS,USLCI,1.2026-09.0,United States of America (the),9998-12-31,9998-12-31,"Hog fuel; self-generated, combusted in industrial boiler; at pulp and paper mill",64aec2f1-a029-3332-8f3b-8e8e2a865f61,1.0,kg,False,1,NO_ALLOCATION,https://api.nal.usda.gov/FederalLCACommonsapi/browse/National_Renewable_Energy_Laboratory/USLCI_Database_Public/PROCESS/7906c042-7330-3046-9b9a-92a4af4f2150,2026-10-08,processes/7906c042-7330-3046-9b9a-92a4af4f2150.json,60d79d6baf884948e5c57f159a746e17603f6c05eb3b0ad2fec20dde1cc97adb
"Natural gas combustion; internal combustion engines, industrial, natural gas, turbine, uncontrolled; at turbine",79929826-8965-31d0-8213-b0712a313806,01.00.000,UNIT_PROCESS,USLCI,1.2026-09.0,United States of America (the),2012-01-01,2022-12-31,"Natural gas combustion; internal combustion engines, industrial, natural gas, turbine, uncontrolled",dfc1fd37-1cf6-3558-80fa-3cc580d06e27,1.0,kg,False,1,PHYSICAL_ALLOCATION,https://api.nal.usda.gov/FederalLCACommonsapi/browse/National_Renewable_Energy_Laboratory/USLCI_Database_Public/PROCESS/79929826-8965-31d0-8213-b0712a313806,2026-10-08,processes/79929826-8965-31d0-8213-b0712a313806.json,a662c9a22404a141832704022719395677f3a243f10f90ca9e55b194a07b7e54
Oxygen; liquid; at plant,7a2565f8-4a48-3263-9bc9-bcb28dbd58ad,00.00.010,UNIT_PROCESS,USLCI,1.2026-09.0,Northern America,1989-12-31,1992-12-31,Oxygen; liquid; at plant,055e3f80-da33-3f27-be5f-8d0c59872b9a,1.0,kg,False,1,NO_ALLOCATION,https://api.nal.usda.gov/FederalLCACommonsapi/browse/National_Renewable_Energy_Laboratory/USLCI_Database_Public/PROCESS/7a2565f8-4a48-3263-9bc9-bcb28dbd58ad,2026-10-08,processes/7a2565f8-4a48-3263-9bc9-bcb28dbd58ad.json,4081ebb6675196bbbb64f156ad077289b7cf3e02ff6d9e04a00dce38113a9618
"Ethanol; denatured; wheat straw, biochemical",7aa8e2ff-0e2f-3e6c-b168-ec5168b4be6a,00.00.022,UNIT_PROCESS,USLCI,1.2026-09.0,Northern America,2008-12-31,2008-12-31,"Ethanol; denatured, wheat straw, biochemical",4f541c34-ea5e-3580-a001-80ed28198120,26100.0,kg,False,1,NO_ALLOCATION,https://api.nal.usda.gov/FederalLCACommonsapi/browse/National_Renewable_Energy_Laboratory/USLCI_Database_Public/PROCESS/7aa8e2ff-0e2f-3e6c-b168-ec5168b4be6a,2026-10-08,processes/7aa8e2ff-0e2f-3e6c-b168-ec5168b4be6a.json,7286cf63ac68723be39f810b05e4f4c0f9617d0090fa768b47135b232601743b
"Natural gas combustion; external combustion boilers, industrial, natural gas, 10-100 million Btu/hr, low NOx burners; at boiler",7c82bc72-600c-3ca6-b788-dbfbc217cb47,01.00.000,UNIT_PROCESS,USLCI,1.2026-09.0,United States of America (the),2012-01-01,2022-12-31,"Natural gas combustion; external combustion boilers, industrial, natural gas, 10-100 million Btu/hr, low NOx burners",1069769e-f44e-3cd2-923e-9c8b5805e1a6,1.0,kg,False,1,PHYSICAL_ALLOCATION,https://api.nal.usda.gov/FederalLCACommonsapi/browse/National_Renewable_Energy_Laboratory/USLCI_Database_Public/PROCESS/7c82bc72-600c-3ca6-b788-dbfbc217cb47,2026-10-08,processes/7c82bc72-600c-3ca6-b788-dbfbc217cb47.json,22500f9cef8b81f2e9761f7f0282878799aa6b511c3b6e4c338d7011ccec2ed9
Drinking water treatment; sand filtration; at plant,7c86fa8e-ca28-3d00-9118-930ccd8dde1e,00.01.014,UNIT_PROCESS,USLCI,1.2026-09.0,United States of America (the),2011-01-01,2011-12-31,Drinking water treatment; sand filtration,a0314048-343d-376b-85e5-719e255d4712,1000.0,cu ft,False,1,unknown,https://api.nal.usda.gov/FederalLCACommonsapi/browse/National_Renewable_Energy_Laboratory/USLCI_Database_Public/PROCESS/7c86fa8e-ca28-3d00-9118-930ccd8dde1e,2026-10-08,processes/7c86fa8e-ca28-3d00-9118-930ccd8dde1e.json,25b8ac6f67383dd794a572b0e885a4988d5194a9a0e7894b55f2eb28e4556580
Excavation; hydraulic digger Bridge; USLCI to USEEIO,7cab87cf-094d-45b8-805e-f39f5ba8e9dc,00.00.007,UNIT_PROCESS,USLCI,1.2026-09.0,unknown,unknown,unknown,Excavation; hydraulic digger,efbe47b7-245f-3a4c-8a58-31c224d89591,1.0,m3,False,1,unknown,https://api.nal.usda.gov/FederalLCACommonsapi/browse/National_Renewable_Energy_Laboratory/USLCI_Database_Public/PROCESS/7cab87cf-094d-45b8-805e-f39f5ba8e9dc,2026-10-08,processes/7cab87cf-094d-45b8-805e-f39f5ba8e9dc.json,0d5d380b20233039ac27e3112b2b9058f02ba8ccc5e53e605bf0b0e05b288637
"Natural gas combustion; internal combustion engines, industrial, natural gas, reciprocating, uncontrolled; at reciprocating engine",7d0fd417-8be7-38ab-b713-4d3b78669561,01.00.000,UNIT_PROCESS,USLCI,1.2026-09.0,United States of America (the),2012-01-01,2022-12-31,"Natural gas combustion; internal combustion engines, industrial, natural gas, reciprocating, uncontrolled",638de793-9b76-369d-8b6e-50ebb972c235,1.0,kg,False,1,PHYSICAL_ALLOCATION,https://api.nal.usda.gov/FederalLCACommonsapi/browse/National_Renewable_Energy_Laboratory/USLCI_Database_Public/PROCESS/7d0fd417-8be7-38ab-b713-4d3b78669561,2026-10-08,processes/7d0fd417-8be7-38ab-b713-4d3b78669561.json,fd83d3bc2a8e74c0b0faeefa2ed2447322c27d2489b06550a95d25c9a8d1dc56
"Transport, train; diesel powered",7de9c230-fd0f-3478-be87-f80181132faa,01.01.002,UNIT_PROCESS,USLCI,1.2026-09.0,United States of America (the),2020-01-01,2024-12-31,"Transport, rail, freight; diesel powered",4326be78-ae8b-3446-9310-278636ee68c5,1.0,t*km,False,1,PHYSICAL_ALLOCATION,https://api.nal.usda.gov/FederalLCACommonsapi/browse/National_Renewable_Energy_Laboratory/USLCI_Database_Public/PROCESS/7de9c230-fd0f-3478-be87-f80181132faa,2026-10-08,processes/7de9c230-fd0f-3478-be87-f80181132faa.json,5ca0d8e6695972797b444eedde1309db2347f91b9f9f86a6d466e19f5a9e17cb
"Residual fuel oil, RFO; combusted in industrial boiler; at pulp and paper mill",7ee5b4ca-1a5e-3d26-8e79-0805a115e444,00.01.004,UNIT_PROCESS,USLCI,1.2026-09.0,United States of America (the),1997-12-31,2000-12-31,RFO; combusted in industrial boiler; at pulp and paper mill,11b6f8e6-4c6c-395a-a27a-2609c58d32a0,1.0,l,False,1,NO_ALLOCATION,https://api.nal.usda.gov/FederalLCACommonsapi/browse/National_Renewable_Energy_Laboratory/USLCI_Database_Public/PROCESS/7ee5b4ca-1a5e-3d26-8e79-0805a115e444,2026-10-08,processes/7ee5b4ca-1a5e-3d26-8e79-0805a115e444.json,30f5e5851e6d7a9ff4f6cecbed5b4452d93a807a304229f9dce98847ab93f988
Potassium chloride Bridge; USLCI to USEEIO,7f3d1b8c-b3e4-4466-86dc-0af4454a65a9,00.00.016,UNIT_PROCESS,USLCI,1.2026-09.0,unknown,unknown,unknown,"Potassium chloride, K2O; at regional storehouse",6b902763-aac9-346e-932c-1ce6f29d5904,1.0,kg,False,1,unknown,https://api.nal.usda.gov/FederalLCACommonsapi/browse/National_Renewable_Energy_Laboratory/USLCI_Database_Public/PROCESS/7f3d1b8c-b3e4-4466-86dc-0af4454a65a9,2026-10-08,processes/7f3d1b8c-b3e4-4466-86dc-0af4454a65a9.json,6716411d0ee19dc156953d8b48f2a8e6bcba717df5afa808862e2f6cd4ff1fee
Sodium tripolyphosphate Bridge; USLCI to USEEIO,7f4e8f7a-d36f-4237-a47f-63c7d4082ff1,00.00.005,UNIT_PROCESS,USLCI,1.2026-09.0,unknown,unknown,unknown,Sodium tripolyphosphate; at plant,9d18d598-a81b-322a-a775-c2259ccf75f1,1.0,kg,False,1,unknown,https://api.nal.usda.gov/FederalLCACommonsapi/browse/National_Renewable_Energy_Laboratory/USLCI_Database_Public/PROCESS/7f4e8f7a-d36f-4237-a47f-63c7d4082ff1,2026-10-08,processes/7f4e8f7a-d36f-4237-a47f-63c7d4082ff1.json,de305110c4b1615f5f4b0575a683f9149ee7af83febeb0ea397c1582e4122f82
Corn grain; harvested; at storage,8504caf4-bea5-3ab2-b8f9-d4861e819f92,00.00.006,UNIT_PROCESS,USLCI,1.2026-09.0,Northern America,2009-12-31,2099-12-31,Corn grain; harvested and stored,510d2c9a-5542-30fb-b8e6-2d9460fe055c,8790.0,kg,False,1,NO_ALLOCATION,https://api.nal.usda.gov/FederalLCACommonsapi/browse/National_Renewable_Energy_Laboratory/USLCI_Database_Public/PROCESS/8504caf4-bea5-3ab2-b8f9-d4861e819f92,2026-10-08,processes/8504caf4-bea5-3ab2-b8f9-d4861e819f92.json,392df51c0eca5bcd0022314b6d1a19edcb9f44ecc37fed862a9ebbe006da953e
Fuels; burned at unbleached kraft bag sack paper; at mill,85cc9ce7-c801-36bd-ac92-2bb7bf7b5209,00.01.004,UNIT_PROCESS,USLCI,1.2026-09.0,Northern America,2005-12-31,2005-12-31,Fuels burned at unbleached kraft bag sack paper; at mill,9475d62c-11e0-351b-aa9e-7fb9e035b96b,11045.0,MJ,False,1,NO_ALLOCATION,https://api.nal.usda.gov/FederalLCACommonsapi/browse/National_Renewable_Energy_Laboratory/USLCI_Database_Public/PROCESS/85cc9ce7-c801-36bd-ac92-2bb7bf7b5209,2026-10-08,processes/85cc9ce7-c801-36bd-ac92-2bb7bf7b5209.json,3a3452f51b9224530e6bfa55ae71e7a6a38c7d02467e2278f7397160ebffd10a
Sodium hydrogen sulfite; 40% in solution Bridge; USLCI to USEEIO,86f13a15-a773-4945-8b1a-46158a77d131,00.00.008,UNIT_PROCESS,USLCI,1.2026-09.0,unknown,unknown,unknown,Sodium hydrogen sulfite; 40% in solution,7c19bebc-8bea-4836-b87e-09241b115b4b,1.0,kg,False,1,unknown,https://api.nal.usda.gov/FederalLCACommonsapi/browse/National_Renewable_Energy_Laboratory/USLCI_Database_Public/PROCESS/86f13a15-a773-4945-8b1a-46158a77d131,2026-10-08,processes/86f13a15-a773-4945-8b1a-46158a77d131.json,d873d99aa1a38cdf2111689dac5be3031665c25e83f5c7303a6ed830c75b64a2
White mineral oil; at plant,874dc726-50f1-300b-958f-9335fd1c53cd,00.00.017,UNIT_PROCESS,USLCI,1.2026-09.0,Northern America,1988-12-31,1991-12-31,White mineral oil; at plant,5b187fd4-1b60-3d48-83b7-bf743efcbd86,1.0,kg,False,1,NO_ALLOCATION,https://api.nal.usda.gov/FederalLCACommonsapi/browse/National_Renewable_Energy_Laboratory/USLCI_Database_Public/PROCESS/874dc726-50f1-300b-958f-9335fd1c53cd,2026-10-08,processes/874dc726-50f1-300b-958f-9335fd1c53cd.json,15306cf3830e1d19b7301cf08ce0ff04960fe8adbc143a43b4b0540282c1ce92
"Diesel combustion; boilers, industrial, 10-100 million Btu/hr, uncontrolled; at boiler",88094e05-01bc-3917-a7e5-24407273f8b3,01.01.000,UNIT_PROCESS,USLCI,1.2026-09.0,United States of America (the),2012-01-01,2022-12-31,"Diesel combustion; boilers, industrial, 10-100 million Btu/hr, uncontrolled",f3e91c19-c838-3aed-a668-c861bf957f46,1.0,kg,False,1,PHYSICAL_ALLOCATION,https://api.nal.usda.gov/FederalLCACommonsapi/browse/National_Renewable_Energy_Laboratory/USLCI_Database_Public/PROCESS/88094e05-01bc-3917-a7e5-24407273f8b3,2026-10-08,processes/88094e05-01bc-3917-a7e5-24407273f8b3.json,10ae4e7a4f813cae2c134728aa26ce5a968d604392568a9f1a2b42c3513e0c84
"Soybean oil; crude, degummed; at plant",88aee762-4aa0-301f-b579-cca5d636aa0d,00.00.016,UNIT_PROCESS,USLCI,1.2026-09.0,Northern America,2006-12-31,2006-12-31,Soy meal; at plant,263fb8d0-8df5-3cee-834b-b7e2de1dac4a,4131.0,kg,False,1,PHYSICAL_ALLOCATION,https://api.nal.usda.gov/FederalLCACommonsapi/browse/National_Renewable_Energy_Laboratory/USLCI_Database_Public/PROCESS/88aee762-4aa0-301f-b579-cca5d636aa0d,2026-10-08,processes/88aee762-4aa0-301f-b579-cca5d636aa0d.json,678137ed6a05033cb6acd4ae14d43d91225b427233ff52c8501aa27c7c2dd594
Iron and steel; production mix,88b44b36-2322-39a8-9c54-6b89b1b43cd4,00.00.015,UNIT_PROCESS,USLCI,1.2026-09.0,United States of America (the),1998-01-01,1998-12-31,Iron and steel; production mix,e3d97362-bb7a-3a33-acbf-c2d69c622ed0,1.0,kg,False,1,NO_ALLOCATION,https://api.nal.usda.gov/FederalLCACommonsapi/browse/National_Renewable_Energy_Laboratory/USLCI_Database_Public/PROCESS/88b44b36-2322-39a8-9c54-6b89b1b43cd4,2026-10-08,processes/88b44b36-2322-39a8-9c54-6b89b1b43cd4.json,cf0fe2dbd6f14e0b23ca16ca7b4e2e3c0566487a4fc49602a21150941a7f0434
"Transport, container ship; distillate powered; Pacific of Central/South America to US West Coast",88ece08a-8b4f-3183-9945-7d9e5a653898,01.00.001,UNIT_PROCESS,USLCI,1.2026-09.0,Global,2023-01-01,2023-12-31,"Transport, container ship; distillate powered",e46da55e-5561-37d0-8e99-71fade967cf3,1.0,t*km,False,1,PHYSICAL_ALLOCATION,https://api.nal.usda.gov/FederalLCACommonsapi/browse/National_Renewable_Energy_Laboratory/USLCI_Database_Public/PROCESS/88ece08a-8b4f-3183-9945-7d9e5a653898,2026-10-08,processes/88ece08a-8b4f-3183-9945-7d9e5a653898.json,d31c013a9d5c7f46a6bf7ef863198befd4936edcf72df9ada1af5e1c5f69baac
Polydadmac Bridge; USLCI to USEEIO,88f64730-8d2a-4b09-9eac-6a2c616045e8,00.00.006,UNIT_PROCESS,USLCI,1.2026-09.0,unknown,unknown,unknown,Polymers; at plant,aff30034-4528-34fe-9baa-3d803a3b785b,1.0,kg,False,1,unknown,https://api.nal.usda.gov/FederalLCACommonsapi/browse/National_Renewable_Energy_Laboratory/USLCI_Database_Public/PROCESS/88f64730-8d2a-4b09-9eac-6a2c616045e8,2026-10-08,processes/88f64730-8d2a-4b09-9eac-6a2c616045e8.json,046b229798a7b243ad9603ef33e121798f4705f1080a9fae6fcbf087b2644ea1
Chemical; unspecified; for wastewater treatment Bridge; USLCI to USEEIO,894fa440-ba2e-4433-95f3-faecbc4a7a97,00.00.014,UNIT_PROCESS,USLCI,1.2026-09.0,unknown,unknown,unknown,Chemicals; unspecified; used for wastewater treatment,3b6b1e57-1423-3515-b136-14cb858f38f7,1.0,kg,False,1,unknown,https://api.nal.usda.gov/FederalLCACommonsapi/browse/National_Renewable_Energy_Laboratory/USLCI_Database_Public/PROCESS/894fa440-ba2e-4433-95f3-faecbc4a7a97,2026-10-08,processes/894fa440-ba2e-4433-95f3-faecbc4a7a97.json,37730c7ed6d67f8586c4dc1717e6296bd764e90c55c1780cfe996352de5abf7d
Drinking water treatment; motors for distribution system; at plant,89b282f3-cbda-3c5e-9521-61607e44d326,00.01.014,UNIT_PROCESS,USLCI,1.2026-09.0,United States of America (the),2011-01-01,2011-12-31,Drinking water treatment; motors for distribution system,7ca79bfe-0bb8-30c9-bdc0-c860202d6ff5,1.0,m3,False,1,unknown,https://api.nal.usda.gov/FederalLCACommonsapi/browse/National_Renewable_Energy_Laboratory/USLCI_Database_Public/PROCESS/89b282f3-cbda-3c5e-9521-61607e44d326,2026-10-08,processes/89b282f3-cbda-3c5e-9521-61607e44d326.json,2c0ff186161524c0cd9ca938d9542e793c3cd339b3ae356a101d58eba826c994
Natural gas; for pyrolysis gas combusted in industrial boiler; at hydrocracker,8a0090ee-4054-322f-a65d-15c8ee6ca915,00.00.014,UNIT_PROCESS,USLCI,1.2026-09.0,Northern America,1997-12-31,2002-12-31,"Natural gas; combusted in industrial boiler, for pyrolysis gas; at hydrocracker",ea080df3-3823-3f40-89ed-1a45b561230e,1.0,m3,False,1,NO_ALLOCATION,https://api.nal.usda.gov/FederalLCACommonsapi/browse/National_Renewable_Energy_Laboratory/USLCI_Database_Public/PROCESS/8a0090ee-4054-322f-a65d-15c8ee6ca915,2026-10-08,processes/8a0090ee-4054-322f-a65d-15c8ee6ca915.json,56888f69545c2fa2fc5511da4d9484eba92c13d514f45bfc80535cc920f1a655
Drinking water treatment; fluoridation infrastructure; at plant,8a563fa5-f6ee-3523-9fe0-3e6fbf5ff258,00.01.014,UNIT_PROCESS,USLCI,1.2026-09.0,United States of America (the),2011-01-01,2011-12-31,Drinking water treatment; fluoridation infrastructure,c1fd1981-16b9-34f6-accc-dfcf565cad88,1.0,m3,False,1,unknown,https://api.nal.usda.gov/FederalLCACommonsapi/browse/National_Renewable_Energy_Laboratory/USLCI_Database_Public/PROCESS/8a563fa5-f6ee-3523-9fe0-3e6fbf5ff258,2026-10-08,processes/8a563fa5-f6ee-3523-9fe0-3e6fbf5ff258.json,ef3fa4e80501629421ef1c043b880beb27afe7995c30eafc4c29c5316989c759
"Wood fuel; hardwood, generated at lumber mill; combusted in industrial boiler",8a62a285-537e-36b0-bdc3-3af4bfd205a3,00.02.016,UNIT_PROCESS,USLCI,1.2026-09.0,United States of America (the),2003-12-31,2003-12-31,"Wood fuel; hardwood, generated at lumber mill; combusted in industrial boiler",75c3bc19-9aeb-30a9-a43f-c862c7354c85,1.0,kg,False,1,NO_ALLOCATION,https://api.nal.usda.gov/FederalLCACommonsapi/browse/National_Renewable_Energy_Laboratory/USLCI_Database_Public/PROCESS/8a62a285-537e-36b0-bdc3-3af4bfd205a3,2026-10-08,processes/8a62a285-537e-36b0-bdc3-3af4bfd205a3.json,ac77ff2389e6152b91bf836fe4ff00faed771f8f4e075448b080d818922b5075
Corn stover; at conversion plant,8ccbedef-d726-3fae-a848-a6d41aeab5a4,00.00.007,UNIT_PROCESS,USLCI,1.2026-09.0,Northern America,2006-12-31,2021-12-31,Corn stover; at conversion plant,01163e75-95cb-3475-9c0d-7d76584078c3,1.0,kg,False,1,NO_ALLOCATION,https://api.nal.usda.gov/FederalLCACommonsapi/browse/National_Renewable_Energy_Laboratory/USLCI_Database_Public/PROCESS/8ccbedef-d726-3fae-a848-a6d41aeab5a4,2026-10-08,processes/8ccbedef-d726-3fae-a848-a6d41aeab5a4.json,796aaa34473039fdad7a36dcdeb4f0e8d71dfef4cbeea6c318df68c90968dc89
"Transport, combination truck; short-haul; diesel powered",8d1daa68-bede-347a-86a4-aeca5383906c,01.00.003,UNIT_PROCESS,USLCI,1.2026-09.0,United States of America (the),2024-01-01,2024-12-31,"Transport; combination truck, short-haul; diesel powered",59449b10-044a-3a9b-a6e6-5c5fc97b50bb,1.0,t*km,False,1,PHYSICAL_ALLOCATION,https://api.nal.usda.gov/FederalLCACommonsapi/browse/National_Renewable_Energy_Laboratory/USLCI_Database_Public/PROCESS/8d1daa68-bede-347a-86a4-aeca5383906c,2026-10-08,processes/8d1daa68-bede-347a-86a4-aeca5383906c.json,560f81e9941131856b4c50a742eb577e430ced0e8ac2425f5825b706a3799077
"Gasoline combustion; reciprocating, industrial, uncontrolled; at reciprocating engine",8e2d94e3-7050-3575-b205-59645df56d5c,01.01.000,UNIT_PROCESS,USLCI,1.2026-09.0,United States of America (the),2012-01-01,2022-12-31,"Gasoline combustion; reciprocating, industrial, uncontrolled",53de1795-1f4f-3b79-abd0-a7d4803451a2,1.0,kg,False,1,PHYSICAL_ALLOCATION,https://api.nal.usda.gov/FederalLCACommonsapi/browse/National_Renewable_Energy_Laboratory/USLCI_Database_Public/PROCESS/8e2d94e3-7050-3575-b205-59645df56d5c,2026-10-08,processes/8e2d94e3-7050-3575-b205-59645df56d5c.json,ea2dc480d6c84d03a2d4e1b1e78aa7ff1d7939059e59705006335af31d074793
"Ethanol; denatured, corn dry mill",8e3e47ea-ed49-329e-8931-29115917bc81,00.00.023,UNIT_PROCESS,USLCI,1.2026-09.0,Northern America,2007-12-31,2099-12-31,Ethanol; denatured; corn dry mill,f4364ab6-cb8c-3b5c-a9d7-dfe57ac7bceb,14900.0,kg,False,1,ECONOMIC_ALLOCATION,https://api.nal.usda.gov/FederalLCACommonsapi/browse/National_Renewable_Energy_Laboratory/USLCI_Database_Public/PROCESS/8e3e47ea-ed49-329e-8931-29115917bc81,2026-10-08,processes/8e3e47ea-ed49-329e-8931-29115917bc81.json,f31a97594c48b0d36dddbff1c0691a49747449cb3ba146f0dd1bd10ec3cd2916
"Diesel combustion; boilers, industrial, <10 million Btu/hr, uncontrolled; at boiler",8f590de6-d5e2-3357-af3b-70877655b36d,01.01.000,UNIT_PROCESS,USLCI,1.2026-09.0,United States of America (the),2012-01-01,2022-12-31,"Diesel combustion; boilers, industrial, <10 million Btu/hr, uncontrolled",10402ced-2927-3cc1-9c96-8361d337c06c,1.0,kg,False,1,PHYSICAL_ALLOCATION,https://api.nal.usda.gov/FederalLCACommonsapi/browse/National_Renewable_Energy_Laboratory/USLCI_Database_Public/PROCESS/8f590de6-d5e2-3357-af3b-70877655b36d,2026-10-08,processes/8f590de6-d5e2-3357-af3b-70877655b36d.json,3f5f285c90de3125e7e3bfc9f96d32a54bf3ae8f0c80f4a5993285abf860b96d
Drinking water treatment; lime addition; at plant,8fe359cb-24fb-307c-9eae-ca3be595e69f,00.01.013,UNIT_PROCESS,USLCI,1.2026-09.0,United States of America (the),2011-01-01,2011-12-31,Drinking water treatment; lime addition,21eb570e-0b53-31a2-94ce-f55d984b90d4,1000.0,cu ft,False,1,unknown,https://api.nal.usda.gov/FederalLCACommonsapi/browse/National_Renewable_Energy_Laboratory/USLCI_Database_Public/PROCESS/8fe359cb-24fb-307c-9eae-ca3be595e69f,2026-10-08,processes/8fe359cb-24fb-307c-9eae-ca3be595e69f.json,d0a985850fea31e4a026d955574104a58ee80cbc1387f61b09b26fb8fc74eb12
Natural gas; at distribution,906167b9-d822-5ed5-aed8-fe34c8588952,00.02.001,UNIT_PROCESS,USLCI,1.2026-09.0,United States of America (the),unknown,unknown,Natural gas; at distribution,f8ba2fa7-986a-52cd-988c-609cc6ec20c2,1.0,m3,False,1,unknown,https://api.nal.usda.gov/FederalLCACommonsapi/browse/National_Renewable_Energy_Laboratory/USLCI_Database_Public/PROCESS/906167b9-d822-5ed5-aed8-fe34c8588952,2026-10-08,processes/906167b9-d822-5ed5-aed8-fe34c8588952.json,fb04a5120f8fa3f7da91d912a2ce11cd5377d47b903be55711810667bcb71c95
Pulpwood; softwood; average; at forest road; NE-NC,906cf3a2-6299-3d9c-8a4b-1fe4240b71da,00.00.008,UNIT_PROCESS,USLCI,1.2026-09.0,Northern America,2002-12-31,2002-12-31,Pulpwood; softwood; average; at forest road,24b0bf55-7d49-3922-ab42-6d3fd734067f,1.0,m3,False,1,NO_ALLOCATION,https://api.nal.usda.gov/FederalLCACommonsapi/browse/National_Renewable_Energy_Laboratory/USLCI_Database_Public/PROCESS/906cf3a2-6299-3d9c-8a4b-1fe4240b71da,2026-10-08,processes/906cf3a2-6299-3d9c-8a4b-1fe4240b71da.json,878af1f439a1ba2606c7ca40213fa180b40e12ec1f6a1ca5abba4f58b92bd873
Corn grain; at conversion plant,9109d57c-8234-3569-a2e6-0e4671b524d9,00.00.007,UNIT_PROCESS,USLCI,1.2026-09.0,Northern America,2009-12-31,2099-12-31,Corn grain; at conversion plant,2766f5e7-9d42-36cb-8a03-11aa4f7ecd3a,1000.0,kg,False,1,NO_ALLOCATION,https://api.nal.usda.gov/FederalLCACommonsapi/browse/National_Renewable_Energy_Laboratory/USLCI_Database_Public/PROCESS/9109d57c-8234-3569-a2e6-0e4671b524d9,2026-10-08,processes/9109d57c-8234-3569-a2e6-0e4671b524d9.json,cbe8b6f0fd5504abe6195801b40129f51818b8e5f8d18c3d6ab36e24c56f0cdf
Alumina; at plant,91beb684-4d04-38b9-8800-a274762a9d44,00.02.022,UNIT_PROCESS,USLCI,1.2026-09.0,Northern America,1997-12-31,1997-12-31,Alumina; at plant,1c5b3e13-494b-43a0-8da4-f3cda8f93e55,1.0,kg,False,1,NO_ALLOCATION,https://api.nal.usda.gov/FederalLCACommonsapi/browse/National_Renewable_Energy_Laboratory/USLCI_Database_Public/PROCESS/91beb684-4d04-38b9-8800-a274762a9d44,2026-10-08,processes/91beb684-4d04-38b9-8800-a274762a9d44.json,2893d48934c0ae505fcedfe9df2e6b43a7405037b0fd9bfc76f2a46cb055b29e
"Diesel combustion; turbine, industrial, uncontrolled; at turbine",93b8169f-31b2-3c76-8f38-bac5555a6342,01.01.000,UNIT_PROCESS,USLCI,1.2026-09.0,United States of America (the),2012-01-01,2022-12-31,"Diesel combustion; turbine, industrial, uncontrolled",58a2bd6a-3aa0-32ca-b6ae-ade7160cb39b,1.0,kg,False,1,PHYSICAL_ALLOCATION,https://api.nal.usda.gov/FederalLCACommonsapi/browse/National_Renewable_Energy_Laboratory/USLCI_Database_Public/PROCESS/93b8169f-31b2-3c76-8f38-bac5555a6342,2026-10-08,processes/93b8169f-31b2-3c76-8f38-bac5555a6342.json,de9c99571a18dca70f90ec419cf5cafa1dff02721c1881d5942b80cc63d63b69
"Ductile iron pipe; 20"" inch diameter; at plant",94dc458b-76a8-3589-9557-221c7499e7de,00.01.007,UNIT_PROCESS,USLCI,1.2026-09.0,United States of America (the),2014-01-01,2025-12-31,"Ductile iron pipe; 20""",9042b7bf-c63d-31be-a01d-b48666f74e59,1.0,ft,False,1,unknown,https://api.nal.usda.gov/FederalLCACommonsapi/browse/National_Renewable_Energy_Laboratory/USLCI_Database_Public/PROCESS/94dc458b-76a8-3589-9557-221c7499e7de,2026-10-08,processes/94dc458b-76a8-3589-9557-221c7499e7de.json,5223b77d800e929fe2c44481545efbb14e7d30a4dd68b397b9539f21894efc75
"Concrete pipe; 78"" inch diameter; at plant",951c8e45-9267-36fc-873b-9af0718574e4,00.01.007,UNIT_PROCESS,USLCI,1.2026-09.0,United States of America (the),2014-01-01,2025-12-31,"Concrete pipe; 78""",0cc2880f-3b52-31dd-9eee-5f73b654e3c4,1.0,ft,False,1,unknown,https://api.nal.usda.gov/FederalLCACommonsapi/browse/National_Renewable_Energy_Laboratory/USLCI_Database_Public/PROCESS/951c8e45-9267-36fc-873b-9af0718574e4,2026-10-08,processes/951c8e45-9267-36fc-873b-9af0718574e4.json,71594f5901a15253e0ea29f3872a93554d2b582fad57c6b1dde5ec2936f7ff0f
Soybean grains; at field,956b53b9-dd05-35ae-a072-69f1f6906290,00.00.020,UNIT_PROCESS,USLCI,1.2026-09.0,United States of America (the),2003-12-31,2006-12-31,Soybean grains; at field,8f745171-c4af-3e23-a468-fbde8d7af364,1000.0,kg,False,1,ECONOMIC_ALLOCATION,https://api.nal.usda.gov/FederalLCACommonsapi/browse/National_Renewable_Energy_Laboratory/USLCI_Database_Public/PROCESS/956b53b9-dd05-35ae-a072-69f1f6906290,2026-10-08,processes/956b53b9-dd05-35ae-a072-69f1f6906290.json,7d60e0f99f9393d552ac6ade891bfa39b09da5a5f28f76899142a07dee4fa754
Forest residue; dried; at storage,96087256-d181-30c8-ae17-f25e1f0eab0c,00.00.010,UNIT_PROCESS,USLCI,1.2026-09.0,Northern America,2007-12-31,2007-12-31,Forest residue; dried; stored,d56acd63-a8ae-3308-a626-fa858ee121dd,772.0,kg,False,1,NO_ALLOCATION,https://api.nal.usda.gov/FederalLCACommonsapi/browse/National_Renewable_Energy_Laboratory/USLCI_Database_Public/PROCESS/96087256-d181-30c8-ae17-f25e1f0eab0c,2026-10-08,processes/96087256-d181-30c8-ae17-f25e1f0eab0c.json,4fba0d691813f5d6e2614b2326078b0f12790435c863e6090df799be2d5ead65
"Transport, container ship; residual fuel oil powered; Europe to US East Coast",96d7d1e5-c272-3872-a7ae-c033f94b32fe,01.00.001,UNIT_PROCESS,USLCI,1.2026-09.0,Global,2023-01-01,2023-12-31,"Transport, container ship; residual fuel oil powered",0d1b359b-72a1-3c00-aa2c-2102e8c81a17,1.0,t*km,False,1,PHYSICAL_ALLOCATION,https://api.nal.usda.gov/FederalLCACommonsapi/browse/National_Renewable_Energy_Laboratory/USLCI_Database_Public/PROCESS/96d7d1e5-c272-3872-a7ae-c033f94b32fe,2026-10-08,processes/96d7d1e5-c272-3872-a7ae-c033f94b32fe.json,0a2bf3ea56d8d71e0231622cab13ad4c7d852a7ca5ed7acbf3dbc62339160fe7
"Transport, chemical tanker; distillate powered; Western Canada to US West Coast",98c24820-6f14-397d-95a9-684612419e9a,01.00.001,UNIT_PROCESS,USLCI,1.2026-09.0,Global,2023-01-01,2023-12-31,"Transport, chemical tanker; distillate powered",ce06ec4d-91ab-387e-8dd0-4358c1ea3633,1.0,t*km,False,1,PHYSICAL_ALLOCATION,https://api.nal.usda.gov/FederalLCACommonsapi/browse/National_Renewable_Energy_Laboratory/USLCI_Database_Public/PROCESS/98c24820-6f14-397d-95a9-684612419e9a,2026-10-08,processes/98c24820-6f14-397d-95a9-684612419e9a.json,98d8be39eb6f524b0c4169343a5139fd35800b84fd5f72ad97c59e7f9b76dc57
Lubricant feedstock; at refinery,98d423fc-789a-42d0-b961-18a96bc6491c,00.00.015,UNIT_PROCESS,USLCI,1.2026-09.0,United States of America (the),unknown,unknown,Lubricant feedstock; at refinery,99479e91-ab64-3c73-86cb-d96373f37939,1.0,kg,False,1,NO_ALLOCATION,https://api.nal.usda.gov/FederalLCACommonsapi/browse/National_Renewable_Energy_Laboratory/USLCI_Database_Public/PROCESS/98d423fc-789a-42d0-b961-18a96bc6491c,2026-10-08,processes/98d423fc-789a-42d0-b961-18a96bc6491c.json,be733d93ce7a55c49d3bb9d290ad5ea35d467011720fe28e3518551db4c43cfe
Spring wheat straw; carted,99898750-1f41-3c25-8ee0-aaae4b6697d0,00.00.007,UNIT_PROCESS,USLCI,1.2026-09.0,Northern America,2021-12-31,2021-12-31,Spring wheat straw; carted,9075f65b-776f-3b67-8e8e-0ad712b67d90,476.0,kg,False,1,NO_ALLOCATION,https://api.nal.usda.gov/FederalLCACommonsapi/browse/National_Renewable_Energy_Laboratory/USLCI_Database_Public/PROCESS/99898750-1f41-3c25-8ee0-aaae4b6697d0,2026-10-08,processes/99898750-1f41-3c25-8ee0-aaae4b6697d0.json,1608befce1d3435002a5d2f5500970ae97e69125c1cdb82fd5a3c5c918292044
Aluminum; primary ingot; at plant,99963138-ddf9-3b32-9e93-69593d76cb08,00.01.007,LCI_RESULT,USLCI,1.2026-09.0,Northern America,2009-12-31,2014-12-31,Aluminum primary ingot; at plant,a0fb699f-0085-3ad2-99bf-e4ea891e61ba,1.0,kg,False,1,NO_ALLOCATION,https://api.nal.usda.gov/FederalLCACommonsapi/browse/National_Renewable_Energy_Laboratory/USLCI_Database_Public/PROCESS/99963138-ddf9-3b32-9e93-69593d76cb08,2026-10-08,processes/99963138-ddf9-3b32-9e93-69593d76cb08.json,1125dd90f9337b2fe9f45831e4f498cac3c1877d0e4401f0faa2958c316f1223
Cement mortar for ductile iron pipe,99c32bb7-a42a-3565-afc0-e56e50bef309,00.01.013,UNIT_PROCESS,USLCI,1.2026-09.0,Global,2009-01-01,2009-01-01,Cement mortar for ductile iron pipe,6786638b-5113-304f-b0c5-5f8c25519830,1.0,kg,False,1,unknown,https://api.nal.usda.gov/FederalLCACommonsapi/browse/National_Renewable_Energy_Laboratory/USLCI_Database_Public/PROCESS/99c32bb7-a42a-3565-afc0-e56e50bef309,2026-10-08,processes/99c32bb7-a42a-3565-afc0-e56e50bef309.json,d73a097eec2019470e32eb6420d5ff688ae3c5f4555b60bf76a642c58750a929
Iron sulphate Bridge; USLCI to USEEIO,9a9570de-3614-4065-9e22-c6f332805eb6,00.00.004,UNIT_PROCESS,USLCI,1.2026-09.0,unknown,unknown,unknown,Iron sulphate; at plant,36eea989-810d-3e4e-94c1-3e6625c9ba3c,1.0,kg,False,1,unknown,https://api.nal.usda.gov/FederalLCACommonsapi/browse/National_Renewable_Energy_Laboratory/USLCI_Database_Public/PROCESS/9a9570de-3614-4065-9e22-c6f332805eb6,2026-10-08,processes/9a9570de-3614-4065-9e22-c6f332805eb6.json,4e46f83abb44afca34cec20ddc92f06118e3faf8e90e18ab28e85d3c43ee4053
Electricity Bridge; GAS - US average; USLCI to US Electricity Baseline,9b5cb66e-ef45-377b-ae3b-5b6710c76403,00.00.001,UNIT_PROCESS,USLCI,1.2026-09.0,unknown,unknown,unknown,"Electricity, AC, 2300-7650 V",fc406690-160c-37d5-bf36-added9542164,1.0,MJ,False,1,unknown,https://api.nal.usda.gov/FederalLCACommonsapi/browse/National_Renewable_Energy_Laboratory/USLCI_Database_Public/PROCESS/9b5cb66e-ef45-377b-ae3b-5b6710c76403,2026-10-08,processes/9b5cb66e-ef45-377b-ae3b-5b6710c76403.json,dc36e06dc792539b7b13c013d8260d11680ee713eddfad428640bccdf90f497e
Quicklime; at plant,9c0c2415-126f-3162-8479-f002f315a8c7,00.00.016,UNIT_PROCESS,USLCI,1.2026-09.0,United States of America (the),1991-12-31,2001-12-31,Quicklime; at plant,c34c4451-297f-3b5c-a15f-2c16cdb52ad9,1.0,kg,False,1,NO_ALLOCATION,https://api.nal.usda.gov/FederalLCACommonsapi/browse/National_Renewable_Energy_Laboratory/USLCI_Database_Public/PROCESS/9c0c2415-126f-3162-8479-f002f315a8c7,2026-10-08,processes/9c0c2415-126f-3162-8479-f002f315a8c7.json,294f02c09e83774926ab131222d00234c9662d4cb5f032f10b0e3c4460c8cbaa
Switchgrass; at field,9c36427d-76de-314c-bfca-4d714b71c9a5,00.00.013,UNIT_PROCESS,USLCI,1.2026-09.0,Northern America,2009-12-31,2100-12-30,Switchgrass; at field,eb35a3fc-2c19-32e2-8789-3c69e2071855,14800.0,kg,False,1,NO_ALLOCATION,https://api.nal.usda.gov/FederalLCACommonsapi/browse/National_Renewable_Energy_Laboratory/USLCI_Database_Public/PROCESS/9c36427d-76de-314c-bfca-4d714b71c9a5,2026-10-08,processes/9c36427d-76de-314c-bfca-4d714b71c9a5.json,b1d7dc97540920c2524daa53a542fb82a05d38b0350df0c0d9412121754a21f2
Dispensing of diesel; at pump,9caaa37b-636d-41fa-8eb6-0b020ee4ebac,00.00.070,UNIT_PROCESS,USLCI,1.2026-09.0,United States of America (the),2011-01-01,2011-12-31,Diesel; dispensed at pump,a309e49e-25f9-3689-b60e-b7071826a47a,1.0,t,False,1,unknown,https://api.nal.usda.gov/FederalLCACommonsapi/browse/National_Renewable_Energy_Laboratory/USLCI_Database_Public/PROCESS/9caaa37b-636d-41fa-8eb6-0b020ee4ebac,2026-10-08,processes/9caaa37b-636d-41fa-8eb6-0b020ee4ebac.json,ba55825261060a1a66cd5bcb9f6fc7d5c392c9b1c223a3ea5503aaae15c3c3b9
Natural gas; at storage,9cdbadf7-c219-51c7-9e22-f4b48c22c0a8,00.02.001,UNIT_PROCESS,USLCI,1.2026-09.0,United States of America (the),unknown,unknown,Natural gas; at storage,5c946ffb-bbf4-54fb-8faf-3ce0c011f4c2,1.0,m3,False,1,unknown,https://api.nal.usda.gov/FederalLCACommonsapi/browse/National_Renewable_Energy_Laboratory/USLCI_Database_Public/PROCESS/9cdbadf7-c219-51c7-9e22-f4b48c22c0a8,2026-10-08,processes/9cdbadf7-c219-51c7-9e22-f4b48c22c0a8.json,26a7533e29968420d3f436280ddc2399b5035985abe574f91b81987cb98a1476
Drinking water treatment; pre-disinfection processes; at plant,9d7c7f3e-7182-3444-9024-8915c71a803b,00.01.011,UNIT_PROCESS,USLCI,1.2026-09.0,United States of America (the),2011-01-01,2011-12-31,Drinking water treatment; pre-disinfection processes,9dfcb93e-9f08-3765-aa4e-545319d04f2e,1000.0,cu ft,False,1,unknown,https://api.nal.usda.gov/FederalLCACommonsapi/browse/National_Renewable_Energy_Laboratory/USLCI_Database_Public/PROCESS/9d7c7f3e-7182-3444-9024-8915c71a803b,2026-10-08,processes/9d7c7f3e-7182-3444-9024-8915c71a803b.json,ad338fb3cb177ae1a7b08ad7fcd7c8818d9737303f3c5d53451198dc17f49e3c
Residual fuel oil; combusted in industrial boiler,9d9b6815-9349-30af-869b-57362428c42e,00.00.011,UNIT_PROCESS,USLCI,1.2026-09.0,United States of America (the),1997-12-31,2000-12-31,Residual fuel oil; combusted in industrial boiler,654a5cf6-185f-3d91-89ef-42442d1825e8,1.0,l,False,1,NO_ALLOCATION,https://api.nal.usda.gov/FederalLCACommonsapi/browse/National_Renewable_Energy_Laboratory/USLCI_Database_Public/PROCESS/9d9b6815-9349-30af-869b-57362428c42e,2026-10-08,processes/9d9b6815-9349-30af-869b-57362428c42e.json,9aaa5a5d601b4a0bd5efb523c98fb49f9174e3cce2ad35e4a53b8d02fc010707
"Transport, container ship; residual fuel oil powered; Western Canada to US West Coast",9eb558e6-19ad-3402-8a17-a6872ea5eb53,01.00.001,UNIT_PROCESS,USLCI,1.2026-09.0,Global,2023-01-01,2023-12-31,"Transport, container ship; residual fuel oil powered",0d1b359b-72a1-3c00-aa2c-2102e8c81a17,1.0,t*km,False,1,PHYSICAL_ALLOCATION,https://api.nal.usda.gov/FederalLCACommonsapi/browse/National_Renewable_Energy_Laboratory/USLCI_Database_Public/PROCESS/9eb558e6-19ad-3402-8a17-a6872ea5eb53,2026-10-08,processes/9eb558e6-19ad-3402-8a17-a6872ea5eb53.json,05dbfd83a4ba486a2f8cbbe9da0dbe6500d0fa434ba2711433ff5822296a9d93
"Hydrochloric acid, HCl; without water, in 30% solution state; at plant",9ee66dd5-dcc9-3e94-9da3-3a7cc6cddeb3,00.00.017,LCI_RESULT,USLCI,1.2026-09.0,Northern America,2002-12-31,2003-12-31,"Hydrochloric acid, without water; in 30% solution state; at plant",1a0678a7-09b1-339d-8f05-259a14f0ab84,1.0,kg,False,1,NO_ALLOCATION,https://api.nal.usda.gov/FederalLCACommonsapi/browse/National_Renewable_Energy_Laboratory/USLCI_Database_Public/PROCESS/9ee66dd5-dcc9-3e94-9da3-3a7cc6cddeb3,2026-10-08,processes/9ee66dd5-dcc9-3e94-9da3-3a7cc6cddeb3.json,ccf810c38f20e7cca6dd864a4ec3452fae0159c901d08a7cfbc4524fd4ccd200
Formic acid; electrochemical reduction of CO2; at plant,a0bada1b-1891-46af-81af-90d0664bee40,00.00.015,UNIT_PROCESS,USLCI,1.2026-09.0,United States of America (the),2023-01-01,2033-12-31,Formic acid; at plant,4107270a-4e8d-454c-93c0-0a04531005f3,1.0,kg,False,1,unknown,https://api.nal.usda.gov/FederalLCACommonsapi/browse/National_Renewable_Energy_Laboratory/USLCI_Database_Public/PROCESS/a0bada1b-1891-46af-81af-90d0664bee40,2026-10-08,processes/a0bada1b-1891-46af-81af-90d0664bee40.json,241be51ebad44d0ca6d09c1d5b5cb5209b9baa4e889e323c91e2024021b87335
Combustion of mixed MSW,a176e34a-573a-44a9-b381-843a7d457df5,00.00.054,UNIT_PROCESS,USLCI,1.2026-09.0,United States of America (the),1993-01-01,2018-01-01,"Mixed municipal solid waste, combusted",84f62ab2-b239-4940-9c20-b68880dfccfb,1.0,sh tn,True,1,NO_ALLOCATION,https://api.nal.usda.gov/FederalLCACommonsapi/browse/National_Renewable_Energy_Laboratory/USLCI_Database_Public/PROCESS/a176e34a-573a-44a9-b381-843a7d457df5,2026-10-08,processes/a176e34a-573a-44a9-b381-843a7d457df5.json,b515aa3b428b8ed921df325072e604b3eed7ac05e0f0862c9868d5229b10ac75
"Zeolite, powder Bridge; USLCI to USEEIO",a1e7dede-c76f-4888-b90c-30d4b02d6e24,00.00.012,UNIT_PROCESS,USLCI,1.2026-09.0,unknown,unknown,unknown,Zeolite; powder; at plant,8f395d18-ce0c-39a8-b548-b184a6b9ee68,1.0,kg,False,1,unknown,https://api.nal.usda.gov/FederalLCACommonsapi/browse/National_Renewable_Energy_Laboratory/USLCI_Database_Public/PROCESS/a1e7dede-c76f-4888-b90c-30d4b02d6e24,2026-10-08,processes/a1e7dede-c76f-4888-b90c-30d4b02d6e24.json,b385681f4d8af070a5d1482943f30866983115b7482ddf5ce37e3fa24ddf0e8f
Nylon 6 Bridge; USLCI to USEEIO,a2174501-418e-4b2e-9dbd-fa81f5f0bcc7,00.00.012,UNIT_PROCESS,USLCI,1.2026-09.0,unknown,unknown,unknown,Nylon 6; at plant,c427c277-1d6f-3caf-a86d-31d08e26bfcd,1.0,kg,False,1,unknown,https://api.nal.usda.gov/FederalLCACommonsapi/browse/National_Renewable_Energy_Laboratory/USLCI_Database_Public/PROCESS/a2174501-418e-4b2e-9dbd-fa81f5f0bcc7,2026-10-08,processes/a2174501-418e-4b2e-9dbd-fa81f5f0bcc7.json,7929c12bbdc420bb5faa97c76f62c8d65cc33e5578cb26f71d0cdbcbd11d1b54
Winter wheat straw; at field,a3b730ce-d657-383b-b485-e5d082d96424,00.00.007,UNIT_PROCESS,USLCI,1.2026-09.0,Northern America,2009-12-31,2100-12-30,Winter wheat straw; at field,010fd805-fa43-382c-8332-2a8303335002,1040.0,kg,False,1,NO_ALLOCATION,https://api.nal.usda.gov/FederalLCACommonsapi/browse/National_Renewable_Energy_Laboratory/USLCI_Database_Public/PROCESS/a3b730ce-d657-383b-b485-e5d082d96424,2026-10-08,processes/a3b730ce-d657-383b-b485-e5d082d96424.json,04126d1fbf816271e4752245d6be013dc591d9114b3aaccf9dd6af397e04c652
"Transport, container ship; residual fuel oil powered; Asia to US East Coast",a3d914a4-2ade-3a17-837e-d63fe4c77fbe,01.00.001,UNIT_PROCESS,USLCI,1.2026-09.0,Global,2023-01-01,2023-12-31,"Transport, container ship; residual fuel oil powered",0d1b359b-72a1-3c00-aa2c-2102e8c81a17,1.0,t*km,False,1,PHYSICAL_ALLOCATION,https://api.nal.usda.gov/FederalLCACommonsapi/browse/National_Renewable_Energy_Laboratory/USLCI_Database_Public/PROCESS/a3d914a4-2ade-3a17-837e-d63fe4c77fbe,2026-10-08,processes/a3d914a4-2ade-3a17-837e-d63fe4c77fbe.json,3dd160ef53766cf925cdd07d5f05b005378fc1325356c3e2447e8e3109ad9627
Chlorine; chlor-alkali electrolysis; at plant,a3e150d0-770e-4e2a-9b19-f7daa8cda38b,00.01.023,UNIT_PROCESS,USLCI,1.2026-09.0,United States of America (the),2022-01-01,2022-12-31,Chlorine; chlor-alkali electrolysis; at plant,8db1425d-16fb-4003-98f5-1d12d5995feb,0.441802415346269,kg,False,1,PHYSICAL_ALLOCATION,https://api.nal.usda.gov/FederalLCACommonsapi/browse/National_Renewable_Energy_Laboratory/USLCI_Database_Public/PROCESS/a3e150d0-770e-4e2a-9b19-f7daa8cda38b,2026-10-08,processes/a3e150d0-770e-4e2a-9b19-f7daa8cda38b.json,1beb0d4ec84567fac3f82b7b05ca6c079a9a74de806ec0382e6280abc931fe6c
Pesticide; switchgrass,a40d4e00-67c2-3f4c-8c2b-1c67a28e6c5c,00.00.008,UNIT_PROCESS,USLCI,1.2026-09.0,Northern America,2009-12-31,2100-12-30,Pesticide; switchgrass,daacfcbf-f4ad-39dd-b992-595e25b64b67,10000.0,m2,False,1,NO_ALLOCATION,https://api.nal.usda.gov/FederalLCACommonsapi/browse/National_Renewable_Energy_Laboratory/USLCI_Database_Public/PROCESS/a40d4e00-67c2-3f4c-8c2b-1c67a28e6c5c,2026-10-08,processes/a40d4e00-67c2-3f4c-8c2b-1c67a28e6c5c.json,5fc92701f42e16e1872731cd847f98133daea83f548b4472249d447089168ffc
TDF; combusted in industrial boiler; at pulp and paper mill,a515132e-c816-34ea-9773-d56c11dc1cb0,00.01.003,UNIT_PROCESS,USLCI,1.2026-09.0,Northern America,1996-12-31,1996-12-31,TDF; combusted in industrial boiler; at pulp and paper mill,73f6d99c-51b9-3e90-b358-b7caa6cbfe21,1.0,kg,False,1,NO_ALLOCATION,https://api.nal.usda.gov/FederalLCACommonsapi/browse/National_Renewable_Energy_Laboratory/USLCI_Database_Public/PROCESS/a515132e-c816-34ea-9773-d56c11dc1cb0,2026-10-08,processes/a515132e-c816-34ea-9773-d56c11dc1cb0.json,b2a4855a16c7c635aca6795407719242263891429b2ff66bdc305a54262a1a73
Steel; hot rolled coil; at plant,a591c53f-ce67-41da-b0c1-65b6d91a1a43,00.01.012,LCI_RESULT,USLCI,1.2026-09.0,Northern America,2014-01-01,2018-12-31,Steel; hot rolled coil; at plant,e8fbfbfb-24e9-49a6-a047-41f1646bf7f7,1.0,kg,False,1,ECONOMIC_ALLOCATION,https://api.nal.usda.gov/FederalLCACommonsapi/browse/National_Renewable_Energy_Laboratory/USLCI_Database_Public/PROCESS/a591c53f-ce67-41da-b0c1-65b6d91a1a43,2026-10-08,processes/a591c53f-ce67-41da-b0c1-65b6d91a1a43.json,3a84352af3f94fcd28919e3ab14afc876cc6a61ca506c3447a36652929b2a577
Electricity; alumina refining regions,a6260670-e98e-3917-98bd-c14acb79fdf7,00.00.016,UNIT_PROCESS,USLCI,1.2026-09.0,Northern America,2003-12-31,2003-12-31,Electricity; alumina refining regions,1c2598fb-2015-3309-ba90-1f9bf7e26bfc,1.0,kWh,False,1,NO_ALLOCATION,https://api.nal.usda.gov/FederalLCACommonsapi/browse/National_Renewable_Energy_Laboratory/USLCI_Database_Public/PROCESS/a6260670-e98e-3917-98bd-c14acb79fdf7,2026-10-08,processes/a6260670-e98e-3917-98bd-c14acb79fdf7.json,6d3e3d7786b8d3b72c0d2165b0cda419a676162deaf18adde050b43689fac903
Aluminium sulphate; powder Bridge; USLCI to USEEIO,a69b6a20-acd3-489b-b3e1-bb7ef0615618,00.00.007,UNIT_PROCESS,USLCI,1.2026-09.0,unknown,unknown,unknown,Aluminium sulphate; powder; at plant,10994741-b387-3aef-a485-1b3bb7f32268,1.0,kg,False,1,unknown,https://api.nal.usda.gov/FederalLCACommonsapi/browse/National_Renewable_Energy_Laboratory/USLCI_Database_Public/PROCESS/a69b6a20-acd3-489b-b3e1-bb7ef0615618,2026-10-08,processes/a69b6a20-acd3-489b-b3e1-bb7ef0615618.json,a3cca1dde7a9c16223a97d1db0fea9a8d19dac8528abb8170c830f4e5ce6efc2
Drinking water treatment; primary disinfection; gaseous chlorine; at plant,a6d58af5-1d23-3200-8de2-2e23582f1551,00.01.015,UNIT_PROCESS,USLCI,1.2026-09.0,United States of America (the),2011-01-01,2011-12-31,Drinking water treatment; primary disinfection; gaseous chlorine,bef031b4-7530-3038-aa6b-be21db63d32f,1000.0,cu ft,False,1,unknown,https://api.nal.usda.gov/FederalLCACommonsapi/browse/National_Renewable_Energy_Laboratory/USLCI_Database_Public/PROCESS/a6d58af5-1d23-3200-8de2-2e23582f1551,2026-10-08,processes/a6d58af5-1d23-3200-8de2-2e23582f1551.json,05edaf27efe5f4abaaded1cba5e7fb810371992b20cbed8096be6c3c794f389e
Natural gas; processed for material use; at plant,a8b6bb7c-0274-41de-8385-ef5f8a03f9bf,00.00.009,UNIT_PROCESS,USLCI,1.2026-09.0,unknown,unknown,unknown,Natural gas; production mixture; to material use,c837f7c6-1f8d-4f62-ade8-4f2a73b41b1a,1.0,kg,False,1,NO_ALLOCATION,https://api.nal.usda.gov/FederalLCACommonsapi/browse/National_Renewable_Energy_Laboratory/USLCI_Database_Public/PROCESS/a8b6bb7c-0274-41de-8385-ef5f8a03f9bf,2026-10-08,processes/a8b6bb7c-0274-41de-8385-ef5f8a03f9bf.json,c90fcab9063b94ef7c2a7f9af6730c0d76eccb33c934b66afc9263c5a7800c6f
Aluminum ingot; production mix; at plant,a8eb9a6a-e8e6-3da6-a3ab-20dcf68e883a,00.00.007,UNIT_PROCESS,USLCI,1.2026-09.0,United States of America (the),2003-12-31,2003-12-31,Aluminum ingot; production mix; at plant,aec9945f-f19c-3834-8e26-5f4f92cfcb2b,1.0,kg,False,1,NO_ALLOCATION,https://api.nal.usda.gov/FederalLCACommonsapi/browse/National_Renewable_Energy_Laboratory/USLCI_Database_Public/PROCESS/a8eb9a6a-e8e6-3da6-a3ab-20dcf68e883a,2026-10-08,processes/a8eb9a6a-e8e6-3da6-a3ab-20dcf68e883a.json,c985be69fa98d194ab768585c9ad1a213e0340617c2b81aa798528269df72d73
Planting; switchgrass,a941c19b-ed3f-34a9-a91b-ee31e2d6ac18,00.00.007,UNIT_PROCESS,USLCI,1.2026-09.0,Northern America,2009-12-31,2100-12-30,Planting; switchgrass,38472995-20af-3219-a7b5-ad5bcbc1af3a,10000.0,m2,False,1,NO_ALLOCATION,https://api.nal.usda.gov/FederalLCACommonsapi/browse/National_Renewable_Energy_Laboratory/USLCI_Database_Public/PROCESS/a941c19b-ed3f-34a9-a91b-ee31e2d6ac18,2026-10-08,processes/a941c19b-ed3f-34a9-a91b-ee31e2d6ac18.json,07432203c2aec67d92f2b1bfc5687176cfef93fb2f0d597038f8be4d31d6cfc1
Brick Bridge; USLCI to USEEIO,aa75c433-0c77-47cd-a5fe-d2bc03d9c4cc,00.00.004,UNIT_PROCESS,USLCI,1.2026-09.0,unknown,unknown,unknown,Brick; at plant,39ac06d7-be83-3eb5-9045-df0e6db19c0d,1.0,kg,False,1,unknown,https://api.nal.usda.gov/FederalLCACommonsapi/browse/National_Renewable_Energy_Laboratory/USLCI_Database_Public/PROCESS/aa75c433-0c77-47cd-a5fe-d2bc03d9c4cc,2026-10-08,processes/aa75c433-0c77-47cd-a5fe-d2bc03d9c4cc.json,da992fb8aa6794d7ca3e81a7703765b2cde26c87d6655faef5dad93b67eee5ab
Coarse aggregate from crushed stone; at mine,ac0cdbf8-8d2e-30ac-b0b9-97d34bf95981,00.01.018,UNIT_PROCESS,USLCI,1.2026-09.0,United States of America (the),1997-01-01,1999-01-01,Coarse aggregate from crushed stone; at mine,486d4c20-a963-30ff-85ab-12ea2296777a,2000.0,lb av,False,1,unknown,https://api.nal.usda.gov/FederalLCACommonsapi/browse/National_Renewable_Energy_Laboratory/USLCI_Database_Public/PROCESS/ac0cdbf8-8d2e-30ac-b0b9-97d34bf95981,2026-10-08,processes/ac0cdbf8-8d2e-30ac-b0b9-97d34bf95981.json,29cc7238bdd28edf4b10b520ced75966e048bb3553088574b15870213cedf572
Steel; billets; at plant,ac54bc7d-5db5-3b4f-9175-5dd02f678312,00.02.020,UNIT_PROCESS,USLCI,1.2026-09.0,Northern America,1992-12-31,2001-12-31,Steel; billets; at plant,fb35ea76-3255-3543-b943-8e358d2489d5,1.0,kg,False,1,NO_ALLOCATION,https://api.nal.usda.gov/FederalLCACommonsapi/browse/National_Renewable_Energy_Laboratory/USLCI_Database_Public/PROCESS/ac54bc7d-5db5-3b4f-9175-5dd02f678312,2026-10-08,processes/ac54bc7d-5db5-3b4f-9175-5dd02f678312.json,826e3b5455b8a4dcf2072d31998778c76e820da290c1c5adc502edca61ee9c61
Bituminous coal; combusted in industrial boiler; at pulp and paper mill,accc6b3b-6793-3964-b89d-82066f6977fc,00.01.005,UNIT_PROCESS,USLCI,1.2026-09.0,United States of America (the),1996-12-31,2002-12-31,Bituminous coal; combusted in industrial boiler; at pulp and paper mill,f1e8d961-1c36-3b57-a3fa-73b1be2bc1c5,1.0,kg,False,1,NO_ALLOCATION,https://api.nal.usda.gov/FederalLCACommonsapi/browse/National_Renewable_Energy_Laboratory/USLCI_Database_Public/PROCESS/accc6b3b-6793-3964-b89d-82066f6977fc,2026-10-08,processes/accc6b3b-6793-3964-b89d-82066f6977fc.json,22edd3cb627004bd5c06d1cd66da54dc652e6832ca84cff6be7c712a31deac4d
Lignite coal; at surface mine,ae8c5758-4473-3791-9339-22ff52cacb23,00.01.016,UNIT_PROCESS,USLCI,1.2026-09.0,United States of America (the),1992-12-31,2001-12-31,Lignite coal; at surface mine,90247271-0884-3a25-af40-be7abccb922c,1.0,kg,False,1,NO_ALLOCATION,https://api.nal.usda.gov/FederalLCACommonsapi/browse/National_Renewable_Energy_Laboratory/USLCI_Database_Public/PROCESS/ae8c5758-4473-3791-9339-22ff52cacb23,2026-10-08,processes/ae8c5758-4473-3791-9339-22ff52cacb23.json,5a773aafb0889f70e8243272f7a1ee79b11b31db73a9d31616929a7acc80fcec
"Transport, chemical tanker; distillate powered; Asia to US West Coast",b03a02f7-c419-3a3a-8c8c-9a3e91be1422,01.00.001,UNIT_PROCESS,USLCI,1.2026-09.0,Global,2023-01-01,2023-12-31,"Transport, chemical tanker; distillate powered",ce06ec4d-91ab-387e-8dd0-4358c1ea3633,1.0,t*km,False,1,PHYSICAL_ALLOCATION,https://api.nal.usda.gov/FederalLCACommonsapi/browse/National_Renewable_Energy_Laboratory/USLCI_Database_Public/PROCESS/b03a02f7-c419-3a3a-8c8c-9a3e91be1422,2026-10-08,processes/b03a02f7-c419-3a3a-8c8c-9a3e91be1422.json,bbecaddcc5eba9fed153004efb50180116f1ed079746f322370d841ccb94419b
Construction sand and gravel; at mine,b06d1d47-4112-3dcd-8b09-014635f91500,00.01.018,UNIT_PROCESS,USLCI,1.2026-09.0,United States of America (the),1997-01-01,1999-01-01,Construction sand and gravel; at mine,d9d2a2c5-2a11-366a-825e-bc3d7f3f2caa,2000.0,lb av,False,1,unknown,https://api.nal.usda.gov/FederalLCACommonsapi/browse/National_Renewable_Energy_Laboratory/USLCI_Database_Public/PROCESS/b06d1d47-4112-3dcd-8b09-014635f91500,2026-10-08,processes/b06d1d47-4112-3dcd-8b09-014635f91500.json,19e4e3e5ecb8b3129cc596edc815eccd77118f25b7665dfd8e8a17e46114bae6
Granular activated carbon production; at plant - PROXY,b0d4a167-e4f4-3ecd-8ce0-76caf610a6ff,00.01.015,UNIT_PROCESS,USLCI,1.2026-09.0,United States of America (the),2014-01-01,2025-12-31,Granular activated carbon; at plant,6e14dcda-bea9-327c-b43d-e4cacbecca2f,1.0,kg,False,1,unknown,https://api.nal.usda.gov/FederalLCACommonsapi/browse/National_Renewable_Energy_Laboratory/USLCI_Database_Public/PROCESS/b0d4a167-e4f4-3ecd-8ce0-76caf610a6ff,2026-10-08,processes/b0d4a167-e4f4-3ecd-8ce0-76caf610a6ff.json,d6dd1a535b0fc5eda8dea3ac12363ecbda99866170596e5f77b5c88d30d352e2
"Transport, container ship; distillate powered; Eastern Canada to US East Coast",b13878d6-2fde-337c-b92c-3a53bd006885,01.00.001,UNIT_PROCESS,USLCI,1.2026-09.0,Global,2023-01-01,2023-12-31,"Transport, container ship; distillate powered",e46da55e-5561-37d0-8e99-71fade967cf3,1.0,t*km,False,1,PHYSICAL_ALLOCATION,https://api.nal.usda.gov/FederalLCACommonsapi/browse/National_Renewable_Energy_Laboratory/USLCI_Database_Public/PROCESS/b13878d6-2fde-337c-b92c-3a53bd006885,2026-10-08,processes/b13878d6-2fde-337c-b92c-3a53bd006885.json,1ddcdc86be5cd2e3dc52cb2815ffd900efe216f1763499f3163d681a92b80e34
Natural gas; combusted in industrial equipment,b355f122-dc4e-4224-aafa-d43c3b57db7b,00.00.015,UNIT_PROCESS,USLCI,1.2026-09.0,United States of America (the),2017-01-01,2017-12-31,Natural gas; combusted in industrial equipment,d0da796c-bf22-435f-a8f4-f980bebc28ff,1.0,m3,False,1,NO_ALLOCATION,https://api.nal.usda.gov/FederalLCACommonsapi/browse/National_Renewable_Energy_Laboratory/USLCI_Database_Public/PROCESS/b355f122-dc4e-4224-aafa-d43c3b57db7b,2026-10-08,processes/b355f122-dc4e-4224-aafa-d43c3b57db7b.json,53153d9bdc2fb3770cafa96d7c27078414cd8b5c9bc562263f3397c9a299d436
"Transport, container ship; residual fuel oil powered; Asia to US West Coast",b4008d82-d74b-3d02-bae3-16dbc21f2df4,01.00.001,UNIT_PROCESS,USLCI,1.2026-09.0,Global,2023-01-01,2023-12-31,"Transport, container ship; residual fuel oil powered",0d1b359b-72a1-3c00-aa2c-2102e8c81a17,1.0,t*km,False,1,PHYSICAL_ALLOCATION,https://api.nal.usda.gov/FederalLCACommonsapi/browse/National_Renewable_Energy_Laboratory/USLCI_Database_Public/PROCESS/b4008d82-d74b-3d02-bae3-16dbc21f2df4,2026-10-08,processes/b4008d82-d74b-3d02-bae3-16dbc21f2df4.json,20ff30e78ece1ae44bde049ce7a0ad66fcf7c09a1ca13f24f496282de6a60056
Effluent release; from conventional plug flow activated sludge; level 1 wastewater treatment plant,b4852b43-adee-46ea-8b71-8b192e6bda9f,00.00.012,UNIT_PROCESS,USLCI,1.2026-09.0,United States of America (the),2015-01-01,2025-12-31,Effluent release; from wastewater treatment plant; at surface water,9dd59901-87f4-4ed2-99df-354715687a60,1.0,m3,True,1,PHYSICAL_ALLOCATION,https://api.nal.usda.gov/FederalLCACommonsapi/browse/National_Renewable_Energy_Laboratory/USLCI_Database_Public/PROCESS/b4852b43-adee-46ea-8b71-8b192e6bda9f,2026-10-08,processes/b4852b43-adee-46ea-8b71-8b192e6bda9f.json,79cf643270a6eb3d14893f7bfe444a46ee7b836affad4964722db2dd5c3314f7
"Transport, container ship; residual fuel oil powered; Pacific of Central/South America to US West Coast",b4b2e177-42af-38d0-82c8-71878c6bb8ba,01.00.001,UNIT_PROCESS,USLCI,1.2026-09.0,Global,2023-01-01,2023-12-31,"Transport, container ship; residual fuel oil powered",0d1b359b-72a1-3c00-aa2c-2102e8c81a17,1.0,t*km,False,1,PHYSICAL_ALLOCATION,https://api.nal.usda.gov/FederalLCACommonsapi/browse/National_Renewable_Energy_Laboratory/USLCI_Database_Public/PROCESS/b4b2e177-42af-38d0-82c8-71878c6bb8ba,2026-10-08,processes/b4b2e177-42af-38d0-82c8-71878c6bb8ba.json,f16bf1566707e440a8fd360ae47bdadfc04a2e9182edc1198ed751337ac620b3
Electricity Bridge; at user; consumption mix - PJM - FERC; USLCI to US Electricity Baseline,b51a8374-2a64-3e8a-ae33-1f8d1dc3928c,00.00.001,UNIT_PROCESS,USLCI,1.2026-09.0,unknown,unknown,unknown,"Electricity, AC, 120 V",3bca3bc6-2443-3184-8976-72dc98d258f6,1.0,MJ,False,1,unknown,https://api.nal.usda.gov/FederalLCACommonsapi/browse/National_Renewable_Energy_Laboratory/USLCI_Database_Public/PROCESS/b51a8374-2a64-3e8a-ae33-1f8d1dc3928c,2026-10-08,processes/b51a8374-2a64-3e8a-ae33-1f8d1dc3928c.json,aa5ff961aefe7969dc4e661d49132c20f580b3f8b5ef58c4edc85e52188576bf
"Transport, container ship; distillate powered; Caribbean to US East Coast",b566d2c8-021c-3950-b61b-8c70c7b5d3e3,01.00.001,UNIT_PROCESS,USLCI,1.2026-09.0,Global,2023-01-01,2023-12-31,"Transport, container ship; distillate powered",e46da55e-5561-37d0-8e99-71fade967cf3,1.0,t*km,False,1,PHYSICAL_ALLOCATION,https://api.nal.usda.gov/FederalLCACommonsapi/browse/National_Renewable_Energy_Laboratory/USLCI_Database_Public/PROCESS/b566d2c8-021c-3950-b61b-8c70c7b5d3e3,2026-10-08,processes/b566d2c8-021c-3950-b61b-8c70c7b5d3e3.json,9f07c37054add916ae4b48533173b3022634fe9aaef974c21af8941fc9f9f96d
"Ductile iron pipe; 10"" inch diameter; at plant",b6838fda-8ab5-3d0b-9ce2-08d2346a07c5,00.01.007,UNIT_PROCESS,USLCI,1.2026-09.0,United States of America (the),2014-01-01,2025-12-31,"Ductile iron pipe; 10""",609dfa01-9983-37bb-bace-09345bad3baf,1.0,ft,False,1,unknown,https://api.nal.usda.gov/FederalLCACommonsapi/browse/National_Renewable_Energy_Laboratory/USLCI_Database_Public/PROCESS/b6838fda-8ab5-3d0b-9ce2-08d2346a07c5,2026-10-08,processes/b6838fda-8ab5-3d0b-9ce2-08d2346a07c5.json,fb178aa6150340601cbadaa40d39f3bdb00bff479900b1f04fdd122f59d2c615
Hog fuel; purified combusted in industrial boiler; at pulp and paper mill,b6884185-30b8-391a-9dff-dbded4429a66,00.01.005,UNIT_PROCESS,USLCI,1.2026-09.0,United States of America (the),2003-12-31,2003-12-31,Hog fuel; combusted in industrial boiler; at pulp and paper mill,cd2343aa-210e-3d54-87df-c939bc9296b5,1.0,kg,False,1,NO_ALLOCATION,https://api.nal.usda.gov/FederalLCACommonsapi/browse/National_Renewable_Energy_Laboratory/USLCI_Database_Public/PROCESS/b6884185-30b8-391a-9dff-dbded4429a66,2026-10-08,processes/b6884185-30b8-391a-9dff-dbded4429a66.json,6998890b8fcb3bf32a533cd21d913b2a3d9f2840f75a29b38cc2904758f3815a
"Natural gas; onshore, unconventional; at processing",b7df275b-009c-591c-b3fc-8fe0ae2c2ce1,00.02.001,UNIT_PROCESS,USLCI,1.2026-09.0,United States of America (the),unknown,unknown,Natural gas; at processing,dc3c7f24-fbeb-5dd2-b771-c0a6760e9264,1.0,m3,False,1,unknown,https://api.nal.usda.gov/FederalLCACommonsapi/browse/National_Renewable_Energy_Laboratory/USLCI_Database_Public/PROCESS/b7df275b-009c-591c-b3fc-8fe0ae2c2ce1,2026-10-08,processes/b7df275b-009c-591c-b3fc-8fe0ae2c2ce1.json,a939a7b1662295940756565f5eb2988e65a1581ca0651759ab6f52628de597fe
Clay; at mine Bridge; USLCI to USEEIO,b7f45f75-9d5e-430c-8e0f-2e1f59350308,00.00.013,UNIT_PROCESS,USLCI,1.2026-09.0,unknown,unknown,unknown,Clay; at mine,56e59033-d900-3b83-9e38-959d7885b1bb,1.0,kg,False,1,unknown,https://api.nal.usda.gov/FederalLCACommonsapi/browse/National_Renewable_Energy_Laboratory/USLCI_Database_Public/PROCESS/b7f45f75-9d5e-430c-8e0f-2e1f59350308,2026-10-08,processes/b7f45f75-9d5e-430c-8e0f-2e1f59350308.json,bcee98abeb93dc2c636db49eaa7ab93073c7202366c158c8d886e372f94b68bb
"Ductile iron pipe; 44"" inch diameter; at plant",ba17bfb9-b3b1-391f-8635-b9987fb6cabd,00.01.007,UNIT_PROCESS,USLCI,1.2026-09.0,United States of America (the),2014-01-01,2025-12-31,"Ductile iron pipe; 44""",343b73e7-27f3-3f11-a29c-f8e95ffe460f,1.0,ft,False,1,unknown,https://api.nal.usda.gov/FederalLCACommonsapi/browse/National_Renewable_Energy_Laboratory/USLCI_Database_Public/PROCESS/ba17bfb9-b3b1-391f-8635-b9987fb6cabd,2026-10-08,processes/ba17bfb9-b3b1-391f-8635-b9987fb6cabd.json,1180d7fa6238d91cdaf4d2ddfd7e9cc0b25a5f2ca8eca1585e314fe933d2b7eb
Pulpwood; hardwood; average; at forest road; NE-NC,bada054f-b912-3251-96c1-19e64cde8930,00.00.010,UNIT_PROCESS,USLCI,1.2026-09.0,United States of America (the),2002-12-31,2002-12-31,Pulpwood; hardwood; average; at forest road,6ee0e857-0bd4-32a4-9e70-925bbdcda653,1.0,m3,False,1,NO_ALLOCATION,https://api.nal.usda.gov/FederalLCACommonsapi/browse/National_Renewable_Energy_Laboratory/USLCI_Database_Public/PROCESS/bada054f-b912-3251-96c1-19e64cde8930,2026-10-08,processes/bada054f-b912-3251-96c1-19e64cde8930.json,eadefa6d468ca5ab89b08ebd2123d5a00d81b1803f12c6f6961828967576eb94
"Diesel combustion; reciprocating engine, oil and gas field, uncontrolled; at reciprocating engine",bb041ecf-8c6b-5f43-9eb2-54907148e560,00.02.001,UNIT_PROCESS,USLCI,1.2026-09.0,United States of America (the),unknown,unknown,"Diesel combustion; reciprocating engine, oil and gas field, uncontrolled",63e8d0c7-f602-5596-acfb-85f84f099fe1,1.0,MJ,False,1,unknown,https://api.nal.usda.gov/FederalLCACommonsapi/browse/National_Renewable_Energy_Laboratory/USLCI_Database_Public/PROCESS/bb041ecf-8c6b-5f43-9eb2-54907148e560,2026-10-08,processes/bb041ecf-8c6b-5f43-9eb2-54907148e560.json,00caaccd69fa8d8a1b66bd07077e1087a6f69a51f9cc4db2204f1edbda74a6a0
Drinking water treatment; distribution; by pipeline,bb0f94e7-300d-342e-9d5e-3cc00121f850,00.01.024,UNIT_PROCESS,USLCI,1.2026-09.0,United States of America (the),2011-01-01,2011-12-31,Drinking water treatment; distribution,334cba1d-fea9-3edb-853b-c2a4fb36efb7,1000.0,cu ft,False,1,unknown,https://api.nal.usda.gov/FederalLCACommonsapi/browse/National_Renewable_Energy_Laboratory/USLCI_Database_Public/PROCESS/bb0f94e7-300d-342e-9d5e-3cc00121f850,2026-10-08,processes/bb0f94e7-300d-342e-9d5e-3cc00121f850.json,3c36760c9600995fb28d32686c96cc02b9efaea8418847712241c829ab82a08e
"Diesel combustion; turbine, oil and gas field, uncontrolled; at turbine",bb555624-fca9-5bc1-8ed6-f2cd9e695418,00.02.001,UNIT_PROCESS,USLCI,1.2026-09.0,United States of America (the),unknown,unknown,"Diesel combustion; turbine, oil and gas field, uncontrolled",6a24ac57-af35-50ef-94a9-de24e0789c36,1.0,MJ,False,1,unknown,https://api.nal.usda.gov/FederalLCACommonsapi/browse/National_Renewable_Energy_Laboratory/USLCI_Database_Public/PROCESS/bb555624-fca9-5bc1-8ed6-f2cd9e695418,2026-10-08,processes/bb555624-fca9-5bc1-8ed6-f2cd9e695418.json,54d6ff06a030401671c999b19dd2636ac415acb6761d9f5c01ea99e2337d8f98
Sodium hypochlorite; 15% in H2O; at plant Bridge; USLCI to USEEIO,bbb59026-6f14-46f6-9e3d-bc60ed8d45c5,00.00.010,UNIT_PROCESS,USLCI,1.2026-09.0,unknown,unknown,unknown,Sodium hypochlorite; 15% in H2O; at plant,4b455c7c-4815-3015-bf95-1e4db4959a2e,1.0,kg,False,1,unknown,https://api.nal.usda.gov/FederalLCACommonsapi/browse/National_Renewable_Energy_Laboratory/USLCI_Database_Public/PROCESS/bbb59026-6f14-46f6-9e3d-bc60ed8d45c5,2026-10-08,processes/bbb59026-6f14-46f6-9e3d-bc60ed8d45c5.json,da256694bf1b54aec794f7aefd59fce5bce60056e9095a94d0f85ca7018dda6f
Natural gas; offshore; at transmission,bbe02aa9-9e42-5341-ba17-9d8ee613b0e3,00.02.002,UNIT_PROCESS,USLCI,1.2026-09.0,United States of America (the),unknown,unknown,Natural gas; at transmission,b5c66a61-cf8c-54eb-97eb-af5f75cd2c99,1.0,m3,False,1,unknown,https://api.nal.usda.gov/FederalLCACommonsapi/browse/National_Renewable_Energy_Laboratory/USLCI_Database_Public/PROCESS/bbe02aa9-9e42-5341-ba17-9d8ee613b0e3,2026-10-08,processes/bbe02aa9-9e42-5341-ba17-9d8ee613b0e3.json,0ad27145626a0c2b344c4a337e72c0f1e5056846b8d3de2479a571c2adad0d0c
Aluminum; secondary ingot; at plant,bcc68f88-debb-3fc3-93ee-5ceadcef0b14,00.01.008,UNIT_PROCESS,USLCI,1.2026-09.0,Northern America,2009-12-31,2014-12-31,Aluminum secondary ingot; at plant,36549ddd-3dca-3b48-a1b0-7c6889afba05,1000.0,kg,False,1,NO_ALLOCATION,https://api.nal.usda.gov/FederalLCACommonsapi/browse/National_Renewable_Energy_Laboratory/USLCI_Database_Public/PROCESS/bcc68f88-debb-3fc3-93ee-5ceadcef0b14,2026-10-08,processes/bcc68f88-debb-3fc3-93ee-5ceadcef0b14.json,02692a99dcb4fe35e60ea099b45f66ae38fb6a7d0eb44ad7cbe46863258ca385
Drinking water treatment; flocculation; at plant,bd968b92-1d89-398e-8201-09bacff50694,00.01.016,UNIT_PROCESS,USLCI,1.2026-09.0,United States of America (the),2011-01-01,2011-12-31,Drinking water treatment; flocculation,5f408193-b297-3e75-8035-f0db1574a4c0,1000.0,cu ft,False,1,unknown,https://api.nal.usda.gov/FederalLCACommonsapi/browse/National_Renewable_Energy_Laboratory/USLCI_Database_Public/PROCESS/bd968b92-1d89-398e-8201-09bacff50694,2026-10-08,processes/bd968b92-1d89-398e-8201-09bacff50694.json,836808a0d8fcb9233ec114f0ee28eec3ef1d75a6397b4463c3f524bf08ace3b7
"Transport, container ship; distillate powered; Atlantic of Central/South America to US Gulf",bde3cc42-c955-3511-bdc7-35f4d60fade0,01.00.001,UNIT_PROCESS,USLCI,1.2026-09.0,Global,2023-01-01,2023-12-31,"Transport, container ship; distillate powered",e46da55e-5561-37d0-8e99-71fade967cf3,1.0,t*km,False,1,PHYSICAL_ALLOCATION,https://api.nal.usda.gov/FederalLCACommonsapi/browse/National_Renewable_Energy_Laboratory/USLCI_Database_Public/PROCESS/bde3cc42-c955-3511-bdc7-35f4d60fade0,2026-10-08,processes/bde3cc42-c955-3511-bdc7-35f4d60fade0.json,e1073f988478f8acdc95c4d1bf4685a6fd4156ac76e697effc025f24163bd5b6
Drinking water treatment; pumping energy for acquisition and treatment; at plant,be9d17bb-1253-3a1a-b9dc-09c65751805f,00.01.020,UNIT_PROCESS,USLCI,1.2026-09.0,United States of America (the),2011-01-01,2011-12-31,Drinking water treatment; pumping energy for acquisition and treatment,3072b205-2fd9-32f4-bdb3-ac2e3b739a84,1000.0,cu ft,False,1,unknown,https://api.nal.usda.gov/FederalLCACommonsapi/browse/National_Renewable_Energy_Laboratory/USLCI_Database_Public/PROCESS/be9d17bb-1253-3a1a-b9dc-09c65751805f,2026-10-08,processes/be9d17bb-1253-3a1a-b9dc-09c65751805f.json,5f3aad242846774b974ab89a780b9e51ec5f21ef668f49cf20b06bca154c60c1
Agrochemicals; at plant Bridge; USLCI to USEEIO,bee25e2a-d316-4d38-a90b-30263ad24315,00.00.007,UNIT_PROCESS,USLCI,1.2026-09.0,unknown,unknown,unknown,Agrochemicals; at plant,6a73b431-8d03-30a0-a54f-1feb90124f47,1.0,kg,False,1,unknown,https://api.nal.usda.gov/FederalLCACommonsapi/browse/National_Renewable_Energy_Laboratory/USLCI_Database_Public/PROCESS/bee25e2a-d316-4d38-a90b-30263ad24315,2026-10-08,processes/bee25e2a-d316-4d38-a90b-30263ad24315.json,7807ac004fa3f04d1d2addf7b15a21e83c28371f0f5d3b3ead4d3daf75cb608c
Corn stover; carted,c0138d7e-3eac-3b37-b27a-58c9d5a2d1cf,00.00.007,UNIT_PROCESS,USLCI,1.2026-09.0,Northern America,2007-12-31,2021-12-31,Corn stover; carted,1cf0f8b8-4291-38b7-a4c5-3a4877e338c5,1710.0,kg,False,1,NO_ALLOCATION,https://api.nal.usda.gov/FederalLCACommonsapi/browse/National_Renewable_Energy_Laboratory/USLCI_Database_Public/PROCESS/c0138d7e-3eac-3b37-b27a-58c9d5a2d1cf,2026-10-08,processes/c0138d7e-3eac-3b37-b27a-58c9d5a2d1cf.json,70b6c121897265a27d3613936ddd8c8c4545d856d54961abb53c8736e816c793
"Transport, barge; diesel powered",c2300fc3-5496-3d12-9135-67dc0ef740c9,00.00.011,UNIT_PROCESS,USLCI,1.2026-09.0,United States of America (the),2005-01-01,2013-12-31,Transport; barge; diesel powered,a1242640-8306-366c-9c55-6dfd23e77bd7,1.0,t*km,False,1,NO_ALLOCATION,https://api.nal.usda.gov/FederalLCACommonsapi/browse/National_Renewable_Energy_Laboratory/USLCI_Database_Public/PROCESS/c2300fc3-5496-3d12-9135-67dc0ef740c9,2026-10-08,processes/c2300fc3-5496-3d12-9135-67dc0ef740c9.json,c4999ef6a3125298c1b540a7c55bfe0987df70949f9c3b91fdf26b2828db2456
Containerboard; at mill,c245a252-0860-41d2-9789-802bab7984ab,00.01.022,UNIT_PROCESS,USLCI,1.2026-09.0,United States of America (the),2013-12-31,2014-12-30,Containerboard; at mill,42385daf-e0a4-35de-9a68-931400275c60,1.10516007,kg,False,1,ECONOMIC_ALLOCATION,https://api.nal.usda.gov/FederalLCACommonsapi/browse/National_Renewable_Energy_Laboratory/USLCI_Database_Public/PROCESS/c245a252-0860-41d2-9789-802bab7984ab,2026-10-08,processes/c245a252-0860-41d2-9789-802bab7984ab.json,725059b62279cc8dc2bba6874f10ed8eb8681e49260cf23ea37f69669e572134
"Concrete pipe; 84"" inch diameter; at plant",c2bd01a2-0644-358b-8104-7812fb30ed8d,00.01.007,UNIT_PROCESS,USLCI,1.2026-09.0,United States of America (the),2014-01-01,2025-12-31,"Concrete pipe; 84""",a5712347-2037-3946-9658-438359afc169,1.0,ft,False,1,unknown,https://api.nal.usda.gov/FederalLCACommonsapi/browse/National_Renewable_Energy_Laboratory/USLCI_Database_Public/PROCESS/c2bd01a2-0644-358b-8104-7812fb30ed8d,2026-10-08,processes/c2bd01a2-0644-358b-8104-7812fb30ed8d.json,b94639899c0f61da3a9783bd1394b4c64d4813f2f66a2890213f8600401e330e
"Transport, container ship; residual fuel oil powered; Atlantic of Central/South America to US Gulf",c2ebb6d1-a0b7-3ce4-b545-011a7a131666,01.00.001,UNIT_PROCESS,USLCI,1.2026-09.0,Global,2023-01-01,2023-12-31,"Transport, container ship; residual fuel oil powered",0d1b359b-72a1-3c00-aa2c-2102e8c81a17,1.0,t*km,False,1,PHYSICAL_ALLOCATION,https://api.nal.usda.gov/FederalLCACommonsapi/browse/National_Renewable_Energy_Laboratory/USLCI_Database_Public/PROCESS/c2ebb6d1-a0b7-3ce4-b545-011a7a131666,2026-10-08,processes/c2ebb6d1-a0b7-3ce4-b545-011a7a131666.json,7a9a8bbe73b60dabf8b945a11b08086299239a22ab6e728d4cf16df0b0032b44
"Transport, chemical tanker; residual fuel oil powered; Caribbean to US East Coast",c30b795d-febb-3114-b454-f6ed51cb2efd,01.00.001,UNIT_PROCESS,USLCI,1.2026-09.0,Global,2023-01-01,2023-12-31,"Transport, chemical tanker; residual fuel oil powered",8c3474d2-9fc0-3940-a631-ec4229207e82,1.0,t*km,False,1,PHYSICAL_ALLOCATION,https://api.nal.usda.gov/FederalLCACommonsapi/browse/National_Renewable_Energy_Laboratory/USLCI_Database_Public/PROCESS/c30b795d-febb-3114-b454-f6ed51cb2efd,2026-10-08,processes/c30b795d-febb-3114-b454-f6ed51cb2efd.json,7e1d79b776c26a3cdcd930733cfc31af5018b69cc24689a2faa1aac561088b2b
"Concrete pipe; 6"" inch diameter; at plant",c3aa19a5-68de-30df-8e6a-150e62f4e25f,00.01.007,UNIT_PROCESS,USLCI,1.2026-09.0,United States of America (the),2014-01-01,2025-12-31,"Concrete pipe; 6""",f41f466f-76ed-3a2e-bbb2-b5e0f9edd593,1.0,ft,False,1,unknown,https://api.nal.usda.gov/FederalLCACommonsapi/browse/National_Renewable_Energy_Laboratory/USLCI_Database_Public/PROCESS/c3aa19a5-68de-30df-8e6a-150e62f4e25f,2026-10-08,processes/c3aa19a5-68de-30df-8e6a-150e62f4e25f.json,213bfc24b7dbe195f7dc4e94cada1118bda44967c933a06317b461639f3fe7a2
Drinking water treatment; adsorption; with granular activated carbon; at plant,c47e2008-cd77-39e4-90d8-eba2cf6d2d44,00.01.018,UNIT_PROCESS,USLCI,1.2026-09.0,United States of America (the),2011-01-01,2011-12-31,Drinking water treatment; adsorption; with granular activated carbon,bdb1e6dc-1a3f-38f4-bac2-4b5197f654af,1000.0,cu ft,False,1,unknown,https://api.nal.usda.gov/FederalLCACommonsapi/browse/National_Renewable_Energy_Laboratory/USLCI_Database_Public/PROCESS/c47e2008-cd77-39e4-90d8-eba2cf6d2d44,2026-10-08,processes/c47e2008-cd77-39e4-90d8-eba2cf6d2d44.json,7a80442777bde195fb594460f90d6502b3a6ccc388457f203bf9977935076f23
Drinking water treatment; pumps for distribution system; at plant,c4a05231-fcf5-38cd-ae11-3f0edfd40d82,00.01.012,UNIT_PROCESS,USLCI,1.2026-09.0,United States of America (the),2011-01-01,2011-12-31,Drinking water treatment; pumps for distribution system,6e0edd7e-1f60-3ce3-9189-7730bba6b4f5,1.0,m3,False,1,unknown,https://api.nal.usda.gov/FederalLCACommonsapi/browse/National_Renewable_Energy_Laboratory/USLCI_Database_Public/PROCESS/c4a05231-fcf5-38cd-ae11-3f0edfd40d82,2026-10-08,processes/c4a05231-fcf5-38cd-ae11-3f0edfd40d82.json,469009ef60bd3a4b12bed14f7ae6167f088e4ed6991fec6be86e465cf5b2899e
Corn wet milling; operations,c7fec37a-a023-3563-84d6-fa33a6b19f2f,00.00.006,UNIT_PROCESS,USLCI,1.2026-09.0,Northern America,1993-12-31,1993-12-31,Corn wet milling; operations,d6bfc1d8-069b-3604-9685-9ed45c6dfce4,2000.0,kg,False,1,NO_ALLOCATION,https://api.nal.usda.gov/FederalLCACommonsapi/browse/National_Renewable_Energy_Laboratory/USLCI_Database_Public/PROCESS/c7fec37a-a023-3563-84d6-fa33a6b19f2f,2026-10-08,processes/c7fec37a-a023-3563-84d6-fa33a6b19f2f.json,808b68f801ce57fe214315b32165bb73d0ad1040e47fcadac41a4f439d8c0eb6
"Concrete pipe; 54"" inch diameter; at plant",c90c7691-78a0-3457-8bc5-122d05b49c38,00.01.007,UNIT_PROCESS,USLCI,1.2026-09.0,United States of America (the),2014-01-01,2025-12-31,"Concrete pipe; 54""",7f0bccb1-c82f-3f27-9472-ab4d609ddbc8,1.0,ft,False,1,unknown,https://api.nal.usda.gov/FederalLCACommonsapi/browse/National_Renewable_Energy_Laboratory/USLCI_Database_Public/PROCESS/c90c7691-78a0-3457-8bc5-122d05b49c38,2026-10-08,processes/c90c7691-78a0-3457-8bc5-122d05b49c38.json,7de5ed2f43cae355c3cd15ad4b0a1599ab3acb80b645d9b722a487411726108f
Concrete Bridge; USLCI to USEEIO ,caa2304b-be86-4977-97e7-781898344b4c,00.00.008,UNIT_PROCESS,USLCI,1.2026-09.0,unknown,unknown,unknown,Concrete; at plant,76b18b27-d602-4ae2-a959-d12738c429c2,1.0,m3,False,1,unknown,https://api.nal.usda.gov/FederalLCACommonsapi/browse/National_Renewable_Energy_Laboratory/USLCI_Database_Public/PROCESS/caa2304b-be86-4977-97e7-781898344b4c,2026-10-08,processes/caa2304b-be86-4977-97e7-781898344b4c.json,c76c921e6bad4e49f38d43654eaeedf6ad0abf0a4a86db5a3608b11612581e7f
"Transport, chemical tanker; residual fuel oil powered; average location mix",cbe00284-779c-4ef2-bf91-d9dbff06003a,00.00.005,UNIT_PROCESS,USLCI,1.2026-09.0,Global,2023-01-01,2023-12-31,"Transport, chemical tanker; residual fuel oil powered",8c3474d2-9fc0-3940-a631-ec4229207e82,1.0,t*km,False,1,unknown,https://api.nal.usda.gov/FederalLCACommonsapi/browse/National_Renewable_Energy_Laboratory/USLCI_Database_Public/PROCESS/cbe00284-779c-4ef2-bf91-d9dbff06003a,2026-10-08,processes/cbe00284-779c-4ef2-bf91-d9dbff06003a.json,83c86334c4a9971d3097e7d4a268542c98f87b31a5ba62fdcf26e4279a984c74
"Pulp; kraft market, bleached; at mill",cbf4023b-71f7-36b7-8c45-ea43bc2f108c,00.02.020,UNIT_PROCESS,USLCI,1.2026-09.0,Northern America,2005-12-31,2005-12-31,"Pulp; kraft market, bleached; at mill",b8dc8889-932a-3517-8d7d-c663d1373227,816.46623,kg,False,1,ECONOMIC_ALLOCATION,https://api.nal.usda.gov/FederalLCACommonsapi/browse/National_Renewable_Energy_Laboratory/USLCI_Database_Public/PROCESS/cbf4023b-71f7-36b7-8c45-ea43bc2f108c,2026-10-08,processes/cbf4023b-71f7-36b7-8c45-ea43bc2f108c.json,a58c6a8bc7b84a0ffd3e6c964b0d9e1a893078af433a83e12423654443fa7609
Grinding corn,ccc739c2-aec2-30d0-a1f1-a7ae81af1e8a,00.00.009,UNIT_PROCESS,USLCI,1.2026-09.0,Northern America,2008-12-31,2008-12-31,Ground corn,aa3f78a4-9fec-3904-886f-443aa760a4ae,2000.0,kg,False,1,NO_ALLOCATION,https://api.nal.usda.gov/FederalLCACommonsapi/browse/National_Renewable_Energy_Laboratory/USLCI_Database_Public/PROCESS/ccc739c2-aec2-30d0-a1f1-a7ae81af1e8a,2026-10-08,processes/ccc739c2-aec2-30d0-a1f1-a7ae81af1e8a.json,1f666531deea86091aaab6b62bf3813f2473e10fa28819f1f913558bdf253ff2
"Transport, container ship; residual fuel oil powered; Atlantic of Central/South America to US East Coast",ce109a29-bf95-35d1-a180-466de69e4036,01.00.001,UNIT_PROCESS,USLCI,1.2026-09.0,Global,2023-01-01,2023-12-31,"Transport, container ship; residual fuel oil powered",0d1b359b-72a1-3c00-aa2c-2102e8c81a17,1.0,t*km,False,1,PHYSICAL_ALLOCATION,https://api.nal.usda.gov/FederalLCACommonsapi/browse/National_Renewable_Energy_Laboratory/USLCI_Database_Public/PROCESS/ce109a29-bf95-35d1-a180-466de69e4036,2026-10-08,processes/ce109a29-bf95-35d1-a180-466de69e4036.json,ef2339a5e7242482188a65f5a2ec571db70be22d99bd521695cfc88cb1f2a042
"Transport, container ship; distillate powered; Asia to US West Coast",ce11a396-3eb4-35b5-832f-80bd27f0ec63,01.00.001,UNIT_PROCESS,USLCI,1.2026-09.0,Global,2023-01-01,2023-12-31,"Transport, container ship; distillate powered",e46da55e-5561-37d0-8e99-71fade967cf3,1.0,t*km,False,1,PHYSICAL_ALLOCATION,https://api.nal.usda.gov/FederalLCACommonsapi/browse/National_Renewable_Energy_Laboratory/USLCI_Database_Public/PROCESS/ce11a396-3eb4-35b5-832f-80bd27f0ec63,2026-10-08,processes/ce11a396-3eb4-35b5-832f-80bd27f0ec63.json,7b0d4a8bf964be4e8702494008e2dc1ffee37f4399c439dc86347d88d66dcdb3
Sawn lumber; hardwood; rough; green; at sawmill; SE,ce587724-1be4-3da0-b7a2-988592c28b9a,00.00.040,UNIT_PROCESS,USLCI,1.2026-09.0,United States of America (the),2004-12-31,2005-12-31,Sawn lumber; hardwood; rough; green; at sawmill,6170b901-641c-3088-a8c0-799f9e5f766f,1.0,kg,False,1,PHYSICAL_ALLOCATION,https://api.nal.usda.gov/FederalLCACommonsapi/browse/National_Renewable_Energy_Laboratory/USLCI_Database_Public/PROCESS/ce587724-1be4-3da0-b7a2-988592c28b9a,2026-10-08,processes/ce587724-1be4-3da0-b7a2-988592c28b9a.json,ea3a699ae06cd0ab2db717c519efbdd2975c7c2a289bd3d71b0331f529ce0ac0
Crude oil; off-shore import; at extraction,ce83ed94-a5ea-47d4-a52f-43223b22247c,00.01.009,UNIT_PROCESS,USLCI,1.2026-09.0,United States of America (the),2006-01-01,2013-12-31,Crude oil; at extraction,43b6c51f-f1a9-4a6d-8070-fa84adf27d23,1.0,kg,False,1,NO_ALLOCATION,https://api.nal.usda.gov/FederalLCACommonsapi/browse/National_Renewable_Energy_Laboratory/USLCI_Database_Public/PROCESS/ce83ed94-a5ea-47d4-a52f-43223b22247c,2026-10-08,processes/ce83ed94-a5ea-47d4-a52f-43223b22247c.json,22fcb68147b71c7417f855264ba63356b3bd5153888e7e334f2100fde0ccf41d
"Transport, chemical tanker; residual fuel oil powered; Asia to US Gulf",cebc60d2-1c24-3a74-9664-d12d659f69b2,01.00.001,UNIT_PROCESS,USLCI,1.2026-09.0,Global,2023-01-01,2023-12-31,"Transport, chemical tanker; residual fuel oil powered",8c3474d2-9fc0-3940-a631-ec4229207e82,1.0,t*km,False,1,PHYSICAL_ALLOCATION,https://api.nal.usda.gov/FederalLCACommonsapi/browse/National_Renewable_Energy_Laboratory/USLCI_Database_Public/PROCESS/cebc60d2-1c24-3a74-9664-d12d659f69b2,2026-10-08,processes/cebc60d2-1c24-3a74-9664-d12d659f69b2.json,0139b1d1531f3ad4fa87041fb582faf528ab3830fe7333350adfab912adb36b4
Drinking water treatment; flocculation infrastructure; at plant,cfc38536-f8a3-3511-b47a-5ae3b2d2de1e,00.01.014,UNIT_PROCESS,USLCI,1.2026-09.0,United States of America (the),2011-01-01,2011-12-31,Drinking water treatment; flocculation infrastructure,03f55c3d-8113-32db-9f66-7ba7c1269c75,1.0,m3,False,1,unknown,https://api.nal.usda.gov/FederalLCACommonsapi/browse/National_Renewable_Energy_Laboratory/USLCI_Database_Public/PROCESS/cfc38536-f8a3-3511-b47a-5ae3b2d2de1e,2026-10-08,processes/cfc38536-f8a3-3511-b47a-5ae3b2d2de1e.json,c755f353736a3eb45615b8832602daa6d3985c33b12240c7a2de396da7d56df5
"Diesel combustion; reciprocating, industrial, uncontrolled; at reciprocating engine",cfefb6f5-bd48-3f9c-bd99-7b13060a3ec9,01.01.000,UNIT_PROCESS,USLCI,1.2026-09.0,United States of America (the),2012-01-01,2022-12-31,"Diesel combustion; reciprocating, industrial, uncontrolled",753525bc-da7f-31ff-8dfe-51c127be4c55,1.0,kg,False,1,PHYSICAL_ALLOCATION,https://api.nal.usda.gov/FederalLCACommonsapi/browse/National_Renewable_Energy_Laboratory/USLCI_Database_Public/PROCESS/cfefb6f5-bd48-3f9c-bd99-7b13060a3ec9,2026-10-08,processes/cfefb6f5-bd48-3f9c-bd99-7b13060a3ec9.json,3dbc2804f5ada801911aeda2b196cbc61b84b3983ad3f83679b273b3d13d764d
"Methylene diphenyl diisocyanate, MDI; mass alloc; at plant",d1bf60a0-272b-3ef0-951c-7febc0546d58,02.01.014,UNIT_PROCESS,USLCI,1.2026-09.0,Northern America,2015-01-01,2017-12-31,"Methylene diphenyl diisocyanate, MDI; virgin resin; at plant",8850417f-b844-34b8-8f39-b373e9783d52,1.0,kg,False,1,PHYSICAL_ALLOCATION,https://api.nal.usda.gov/FederalLCACommonsapi/browse/National_Renewable_Energy_Laboratory/USLCI_Database_Public/PROCESS/d1bf60a0-272b-3ef0-951c-7febc0546d58,2026-10-08,processes/d1bf60a0-272b-3ef0-951c-7febc0546d58.json,9f17ca3c10b59f0b217762707cdc61d93be0b91f370cb74e5cc324d51081d803
Sodium chlorate Bridge; USLCI to USEEIO,d2515701-2588-440b-9935-4148dcb53435,00.00.013,UNIT_PROCESS,USLCI,1.2026-09.0,unknown,unknown,unknown,Sodium chlorate; at plant,3b3d1db7-53f7-3d60-8dc1-327d07f5a7cd,1.0,kg,False,1,unknown,https://api.nal.usda.gov/FederalLCACommonsapi/browse/National_Renewable_Energy_Laboratory/USLCI_Database_Public/PROCESS/d2515701-2588-440b-9935-4148dcb53435,2026-10-08,processes/d2515701-2588-440b-9935-4148dcb53435.json,c03fdbb7b9978e2ba801e3516a34cdb43e4caa62168eacc021c9ed5ed8064f88
"Transport, single unit truck; gasoline powered",d397dd56-dc53-37a1-956b-5da3aaa81a6f,01.00.003,UNIT_PROCESS,USLCI,1.2026-09.0,United States of America (the),2024-01-01,2024-12-31,Transport; single unit truck; gasoline powered,30c89ffc-e08a-3d2b-8c96-33b2397b9bd8,1.0,t*km,False,1,PHYSICAL_ALLOCATION,https://api.nal.usda.gov/FederalLCACommonsapi/browse/National_Renewable_Energy_Laboratory/USLCI_Database_Public/PROCESS/d397dd56-dc53-37a1-956b-5da3aaa81a6f,2026-10-08,processes/d397dd56-dc53-37a1-956b-5da3aaa81a6f.json,b9681e74be504d7299c99dae8e173bf575bbffe713493d1760cd888446a7d0aa
"Transport, chemical tanker; residual fuel oil powered; Western Canada to US West Coast",d3d42998-60ed-3d46-8756-597a5e4bd1d5,01.00.001,UNIT_PROCESS,USLCI,1.2026-09.0,Global,2023-01-01,2023-12-31,"Transport, chemical tanker; residual fuel oil powered",8c3474d2-9fc0-3940-a631-ec4229207e82,1.0,t*km,False,1,PHYSICAL_ALLOCATION,https://api.nal.usda.gov/FederalLCACommonsapi/browse/National_Renewable_Energy_Laboratory/USLCI_Database_Public/PROCESS/d3d42998-60ed-3d46-8756-597a5e4bd1d5,2026-10-08,processes/d3d42998-60ed-3d46-8756-597a5e4bd1d5.json,fdd09767ad7c6d300a7188ebc5309c58480058c0ac5e3e6fffb7337dd7e229d2
Natural gas; processed for energy use; at plant,d3db6ab2-33de-453b-ac74-0567ba7fa95b,00.00.011,UNIT_PROCESS,USLCI,1.2026-09.0,unknown,unknown,unknown,Natural gas; production mixture; to energy use,1a34bf95-f897-4af9-b70c-368fce9e41d6,1.0,kg,False,1,NO_ALLOCATION,https://api.nal.usda.gov/FederalLCACommonsapi/browse/National_Renewable_Energy_Laboratory/USLCI_Database_Public/PROCESS/d3db6ab2-33de-453b-ac74-0567ba7fa95b,2026-10-08,processes/d3db6ab2-33de-453b-ac74-0567ba7fa95b.json,0c94a67076627971685c802a6203b32461f32d94e75025cdd8406b0c4d81f193
Gasoline; combusted in equipment,d3e13675-1455-375f-a557-bb8234de75ff,00.00.012,UNIT_PROCESS,USLCI,1.2026-09.0,United States of America (the),2017-01-01,2017-12-31,Gasoline; combusted in equipment,bc38e349-1ccf-3855-a615-a4f581ab875b,1.0,l,False,1,NO_ALLOCATION,https://api.nal.usda.gov/FederalLCACommonsapi/browse/National_Renewable_Energy_Laboratory/USLCI_Database_Public/PROCESS/d3e13675-1455-375f-a557-bb8234de75ff,2026-10-08,processes/d3e13675-1455-375f-a557-bb8234de75ff.json,10030d428b6521c8b9e4a545cf8195b8fd0fc6e497ac497374c31b9e3a93f1f6
Building construction; hall; steel construction Bridge; USLCI to USEEIO,d3e8abb6-74a0-4b6b-b2e4-dee491ba972d,00.00.008,UNIT_PROCESS,USLCI,1.2026-09.0,unknown,unknown,unknown,Building construction; hall; steel construction,f5f83bac-2787-4cb5-968a-2f8feefeec78,1.0,m3,False,1,unknown,https://api.nal.usda.gov/FederalLCACommonsapi/browse/National_Renewable_Energy_Laboratory/USLCI_Database_Public/PROCESS/d3e8abb6-74a0-4b6b-b2e4-dee491ba972d,2026-10-08,processes/d3e8abb6-74a0-4b6b-b2e4-dee491ba972d.json,05689fdc0d4a768ab970989109cb107de94aae17d745568515814da933a8e622
LPG; combusted in industrial boiler; at pulp and paper mill,d549cd32-3e84-327e-86e8-452772ff7c56,00.01.004,UNIT_PROCESS,USLCI,1.2026-09.0,United States of America (the),2000-12-31,2000-12-31,LPG; combusted in industrial boiler; at pulp and paper mill,4c536a81-63c3-3f13-9e03-4dae3da1a6df,1.0,l,False,1,NO_ALLOCATION,https://api.nal.usda.gov/FederalLCACommonsapi/browse/National_Renewable_Energy_Laboratory/USLCI_Database_Public/PROCESS/d549cd32-3e84-327e-86e8-452772ff7c56,2026-10-08,processes/d549cd32-3e84-327e-86e8-452772ff7c56.json,106a223805c012c2d32475541fb47867438db3afbf9f439716740658d5cae982
"Tillage; conservation, corn production",d5b0f333-d1b3-3ba1-8111-b036b67589f8,00.00.007,UNIT_PROCESS,USLCI,1.2026-09.0,Northern America,2004-12-31,2009-12-30,"Tillage, conservation; corn production",ca70f6fa-de96-3657-9a4b-3e65793c8de5,1.0,m2,False,1,NO_ALLOCATION,https://api.nal.usda.gov/FederalLCACommonsapi/browse/National_Renewable_Energy_Laboratory/USLCI_Database_Public/PROCESS/d5b0f333-d1b3-3ba1-8111-b036b67589f8,2026-10-08,processes/d5b0f333-d1b3-3ba1-8111-b036b67589f8.json,c90ea6a26b6de2a4cf387d9bbd3aa3f546a13fad94a6780e5742684b935eeb08
"Tillage; reduce, corn production",d67585e4-5ddf-3722-a4cc-0b7576a05b07,00.00.006,UNIT_PROCESS,USLCI,1.2026-09.0,Northern America,2004-12-31,2009-12-30,"Tillage, reduce; corn production",c42be404-82ac-3ad9-9e2b-087be70a5194,1.0,m2,False,1,NO_ALLOCATION,https://api.nal.usda.gov/FederalLCACommonsapi/browse/National_Renewable_Energy_Laboratory/USLCI_Database_Public/PROCESS/d67585e4-5ddf-3722-a4cc-0b7576a05b07,2026-10-08,processes/d67585e4-5ddf-3722-a4cc-0b7576a05b07.json,233cbe3e00c580f657170fbaf17c2b996f10a8c70ce33bb6d7674db9ddce2463
Diesel; combusted in industrial equipment,d6ad7035-5498-3237-8abd-50e93b1eef89,00.00.012,UNIT_PROCESS,USLCI,1.2026-09.0,United States of America (the),2017-01-01,2017-12-31,Diesel; combusted in industrial equipment,d815ff18-015c-3afb-be18-be03bdf325da,1.0,l,False,1,NO_ALLOCATION,https://api.nal.usda.gov/FederalLCACommonsapi/browse/National_Renewable_Energy_Laboratory/USLCI_Database_Public/PROCESS/d6ad7035-5498-3237-8abd-50e93b1eef89,2026-10-08,processes/d6ad7035-5498-3237-8abd-50e93b1eef89.json,90d6fda057a491f7ca3f4c49e90d5edb08f3da4effa42f291c51b7d6cb7f8b2f
"Transport, chemical tanker; distillate powered; Caribbean to US East Coast",d6bd0267-daf1-327c-bea3-892aec2c3c43,01.00.001,UNIT_PROCESS,USLCI,1.2026-09.0,Global,2023-01-01,2023-12-31,"Transport, chemical tanker; distillate powered",ce06ec4d-91ab-387e-8dd0-4358c1ea3633,1.0,t*km,False,1,PHYSICAL_ALLOCATION,https://api.nal.usda.gov/FederalLCACommonsapi/browse/National_Renewable_Energy_Laboratory/USLCI_Database_Public/PROCESS/d6bd0267-daf1-327c-bea3-892aec2c3c43,2026-10-08,processes/d6bd0267-daf1-327c-bea3-892aec2c3c43.json,3ca5e8e013bd7458c1d9ba276c6562f2e86e8cbbf1f87068145c489d9e141ff9
"Tillage; intensive, corn production",d7a673e2-dc84-31fa-b15c-a03a6863c8dd,00.00.006,UNIT_PROCESS,USLCI,1.2026-09.0,Northern America,2004-12-31,2009-12-30,"Tillage, intensive; corn production",e5dc664c-277e-3c2c-9371-56adebed6f31,1.0,m2,False,1,NO_ALLOCATION,https://api.nal.usda.gov/FederalLCACommonsapi/browse/National_Renewable_Energy_Laboratory/USLCI_Database_Public/PROCESS/d7a673e2-dc84-31fa-b15c-a03a6863c8dd,2026-10-08,processes/d7a673e2-dc84-31fa-b15c-a03a6863c8dd.json,8a3d3e789ca8670174132a4fff7bcb21318f6cbafb2278d1344ed7f70c9fd2d7
Drinking water treatment; adsorption infrastructure; at plant,d82bfa88-f1d3-3bd8-a88d-837102bfe169,00.01.016,UNIT_PROCESS,USLCI,1.2026-09.0,United States of America (the),2011-01-01,2011-12-31,Drinking water treatment; adsorption infrastructure,f53a39f7-b8f6-3d58-ba90-b4e4ec6a1185,1.0,m3,False,1,unknown,https://api.nal.usda.gov/FederalLCACommonsapi/browse/National_Renewable_Energy_Laboratory/USLCI_Database_Public/PROCESS/d82bfa88-f1d3-3bd8-a88d-837102bfe169,2026-10-08,processes/d82bfa88-f1d3-3bd8-a88d-837102bfe169.json,6147c7802649b5a0319a828406f5f751b746c44cc8c2f3cf8ba81972216b1082
Heat; onsite boiler; hardwood mill,d85c6177-4580-35f0-afd6-52125ababf10,00.00.021,UNIT_PROCESS,USLCI,1.2026-09.0,United States of America (the),2004-12-31,2005-12-31,Heat; onsite boiler; at hardwood mill,833c3f72-fbbe-37ea-adf8-929b47ec0255,1.0,MJ,False,1,PHYSICAL_ALLOCATION,https://api.nal.usda.gov/FederalLCACommonsapi/browse/National_Renewable_Energy_Laboratory/USLCI_Database_Public/PROCESS/d85c6177-4580-35f0-afd6-52125ababf10,2026-10-08,processes/d85c6177-4580-35f0-afd6-52125ababf10.json,d2c30994d4052cc961cec1ab24acc4cc824c1d01f5977b25804ca89e1599626a
"Ductile iron pipe; 36"" inch diameter; at plant",d8e8d817-3d15-3d2b-8dd8-3f5b733cd2ad,00.01.007,UNIT_PROCESS,USLCI,1.2026-09.0,United States of America (the),2014-01-01,2025-12-31,"Ductile iron pipe; 36""",22f37cf3-582b-3f30-8558-5a926eac5af2,1.0,ft,False,1,unknown,https://api.nal.usda.gov/FederalLCACommonsapi/browse/National_Renewable_Energy_Laboratory/USLCI_Database_Public/PROCESS/d8e8d817-3d15-3d2b-8dd8-3f5b733cd2ad,2026-10-08,processes/d8e8d817-3d15-3d2b-8dd8-3f5b733cd2ad.json,2d0437ba459cddfb2f2dbb50771f6a5285efc69ad09db4dd539dac45b5f98104
Drinking water treatment; lime addition infrastructure; at plant,d9917668-4941-35a0-a4b4-e920efd60946,00.01.015,UNIT_PROCESS,USLCI,1.2026-09.0,United States of America (the),2011-01-01,2011-12-31,Drinking water treatment; lime addition infrastructure,8109eada-a732-3e56-8b04-e1dd62bb7d55,1.0,m3,False,1,unknown,https://api.nal.usda.gov/FederalLCACommonsapi/browse/National_Renewable_Energy_Laboratory/USLCI_Database_Public/PROCESS/d9917668-4941-35a0-a4b4-e920efd60946,2026-10-08,processes/d9917668-4941-35a0-a4b4-e920efd60946.json,dbe076dd8d0e7d0e81fff4d2206959431b7bc12fab3156db7a3d0d8b512c65fb
"Ethanol; denatured; forest residues, thermochem",d9cadd89-4203-375a-903a-63197cd29c6a,00.00.025,UNIT_PROCESS,USLCI,1.2026-09.0,Northern America,2004-12-31,2009-12-30,"Ethanol; denatured, forest residues, thermochem",2656bfd3-ed3c-3fb8-ab93-6597836a463b,21183.0,kg,False,1,CAUSAL_ALLOCATION,https://api.nal.usda.gov/FederalLCACommonsapi/browse/National_Renewable_Energy_Laboratory/USLCI_Database_Public/PROCESS/d9cadd89-4203-375a-903a-63197cd29c6a,2026-10-08,processes/d9cadd89-4203-375a-903a-63197cd29c6a.json,af954cd5de2e233ae623774a6d0b8da421469dc85017e58ee98e32a2086de0d7
"Transport, container ship; distillate powered; average location mix",da0f5501-f4ab-32d1-80b7-b70d143608f6,00.00.028,UNIT_PROCESS,USLCI,1.2026-09.0,Global,2023-01-01,2023-12-31,"Transport, container ship; distillate powered",e46da55e-5561-37d0-8e99-71fade967cf3,1.0,t*km,False,1,NO_ALLOCATION,https://api.nal.usda.gov/FederalLCACommonsapi/browse/National_Renewable_Energy_Laboratory/USLCI_Database_Public/PROCESS/da0f5501-f4ab-32d1-80b7-b70d143608f6,2026-10-08,processes/da0f5501-f4ab-32d1-80b7-b70d143608f6.json,1d4897c7c082e34f6c5267aa26b9f93e4debc4c216b873c0cf935184d75a9cb7
"Transport, chemical tanker; distillate powered; Asia to US Gulf",da7dfd52-3ba8-327a-a68b-f361d6f0b412,01.00.001,UNIT_PROCESS,USLCI,1.2026-09.0,Global,2023-01-01,2023-12-31,"Transport, chemical tanker; distillate powered",ce06ec4d-91ab-387e-8dd0-4358c1ea3633,1.0,t*km,False,1,PHYSICAL_ALLOCATION,https://api.nal.usda.gov/FederalLCACommonsapi/browse/National_Renewable_Energy_Laboratory/USLCI_Database_Public/PROCESS/da7dfd52-3ba8-327a-a68b-f361d6f0b412,2026-10-08,processes/da7dfd52-3ba8-327a-a68b-f361d6f0b412.json,46ded912b523f9567eb5f8657ac7af40def2b86855fb37a0cc2c925054f173b6
Ethanol; denatured; at refueling station,da8e9d9f-c0e2-3c9b-9d0a-f7e5f1667639,00.00.011,UNIT_PROCESS,USLCI,1.2026-09.0,Northern America,2021-12-31,2021-12-31,Ethanol; denatured; at refueling station,6a14d14a-c3dd-3605-95b1-bc2abb3f6b51,1.0,kg,False,1,NO_ALLOCATION,https://api.nal.usda.gov/FederalLCACommonsapi/browse/National_Renewable_Energy_Laboratory/USLCI_Database_Public/PROCESS/da8e9d9f-c0e2-3c9b-9d0a-f7e5f1667639,2026-10-08,processes/da8e9d9f-c0e2-3c9b-9d0a-f7e5f1667639.json,52cf0ffaa8e692a624d9dcebce1515a429a9170a430e92e66e89e6044e1b553d
Nitrogen fertilizer; production mix; at plant,dacaeae9-aeed-3366-912d-6a31de09eef9,00.00.018,UNIT_PROCESS,USLCI,1.2026-09.0,United States of America (the),9998-12-31,9998-12-31,Nitrogen fertilizer; production mix; at plant,45f1fd00-2093-3e05-9b41-e942b9e8cec9,1.0,kg,False,1,NO_ALLOCATION,https://api.nal.usda.gov/FederalLCACommonsapi/browse/National_Renewable_Energy_Laboratory/USLCI_Database_Public/PROCESS/dacaeae9-aeed-3366-912d-6a31de09eef9,2026-10-08,processes/dacaeae9-aeed-3366-912d-6a31de09eef9.json,25d9496f8c9141e64b6ef835051bd3992343798d9d4b6bf2932ea63ff0a78a87
"Wood fuel; hardwood, purchased; combusted in industrial boiler; SE",db291182-7d45-38c4-8529-a9abc78e55e9,00.01.011,UNIT_PROCESS,USLCI,1.2026-09.0,United States of America (the),2003-12-31,2003-12-31,"Wood fuel; hardwood, purchased; combusted in industrial boiler",ccf86743-6a0f-39d5-949e-6b2950bae209,1.0,kg,False,1,NO_ALLOCATION,https://api.nal.usda.gov/FederalLCACommonsapi/browse/National_Renewable_Energy_Laboratory/USLCI_Database_Public/PROCESS/db291182-7d45-38c4-8529-a9abc78e55e9,2026-10-08,processes/db291182-7d45-38c4-8529-a9abc78e55e9.json,3b0b1c2dd00381f8e856c3c5e006993af6951cc7f12f238538c295ca14b763e2
Drinking water treatment; chemical conditioning infrastructure; at plant,dccfe8ef-0d12-387f-bdf8-e8d54bc289ef,00.01.014,UNIT_PROCESS,USLCI,1.2026-09.0,United States of America (the),2011-01-01,2011-12-31,Drinking water treatment; chemical conditioning infrastructure,bdda0262-da37-3a9b-8bf3-57d363eaa072,1.0,m3,False,1,unknown,https://api.nal.usda.gov/FederalLCACommonsapi/browse/National_Renewable_Energy_Laboratory/USLCI_Database_Public/PROCESS/dccfe8ef-0d12-387f-bdf8-e8d54bc289ef,2026-10-08,processes/dccfe8ef-0d12-387f-bdf8-e8d54bc289ef.json,207d977f445cb744fe09d5141b0d9b67c60f1b62ab2e025e62377c99ffb02a16
"Transport, combination truck; average fuel mix",dce702f1-03a1-3fe9-bb48-94a5217fd8cb,00.00.005,UNIT_PROCESS,USLCI,1.2026-09.0,Northern America,2000-12-31,2000-12-31,Transport; combination truck; average fuel mix,2afb4e2f-b224-3900-956f-03e3f27b276b,1.0,t*km,False,1,NO_ALLOCATION,https://api.nal.usda.gov/FederalLCACommonsapi/browse/National_Renewable_Energy_Laboratory/USLCI_Database_Public/PROCESS/dce702f1-03a1-3fe9-bb48-94a5217fd8cb,2026-10-08,processes/dce702f1-03a1-3fe9-bb48-94a5217fd8cb.json,97e34951c9e7ce10496986c54f6fcdab400ddf89e836545bf120933e22320afc
"Diesel combustion; boilers, industrial, >100 million Btu/hr, low NOx burners; at boiler",ddaf316e-e5c7-342c-ab49-e547f8244993,01.01.000,UNIT_PROCESS,USLCI,1.2026-09.0,United States of America (the),2012-01-01,2022-12-31,"Diesel combustion; boilers, industrial, >100 million Btu/hr, low NOx burners",59771d30-3d9a-388e-a714-2ec015689323,1.0,kg,False,1,PHYSICAL_ALLOCATION,https://api.nal.usda.gov/FederalLCACommonsapi/browse/National_Renewable_Energy_Laboratory/USLCI_Database_Public/PROCESS/ddaf316e-e5c7-342c-ab49-e547f8244993,2026-10-08,processes/ddaf316e-e5c7-342c-ab49-e547f8244993.json,57160e8c81dd2a30f436bd9e6e3aee7d558fb255d6c501c268dddc002789dbde
"Natural gas combustion; pipeline reciprocating engine, uncontrolled; at reciprocating engine",ddb1b875-91ab-515b-97bc-3fb29d118d98,00.02.001,UNIT_PROCESS,USLCI,1.2026-09.0,United States of America (the),unknown,unknown,"Natural gas combustion; pipeline reciprocating engine, uncontrolled",beaf03d6-a53e-51d8-8c47-cea2c4e95a2d,1.0,m3,False,1,unknown,https://api.nal.usda.gov/FederalLCACommonsapi/browse/National_Renewable_Energy_Laboratory/USLCI_Database_Public/PROCESS/ddb1b875-91ab-515b-97bc-3fb29d118d98,2026-10-08,processes/ddb1b875-91ab-515b-97bc-3fb29d118d98.json,ae19f7d68affaac722d865890a05c21d60f5c43ef382fd45c85946e339950e6c
"Natural gas; onshore, unconventional; at transmission",de1c6afd-8438-52bc-8953-f33ff330c737,00.02.002,UNIT_PROCESS,USLCI,1.2026-09.0,United States of America (the),unknown,unknown,Natural gas; at transmission,b5c66a61-cf8c-54eb-97eb-af5f75cd2c99,1.0,m3,False,1,unknown,https://api.nal.usda.gov/FederalLCACommonsapi/browse/National_Renewable_Energy_Laboratory/USLCI_Database_Public/PROCESS/de1c6afd-8438-52bc-8953-f33ff330c737,2026-10-08,processes/de1c6afd-8438-52bc-8953-f33ff330c737.json,4b632abfe82bd2edbfbbc328282d32623089ab4bef54e3b4479540d5a62a153d
Sulfur; at plant,dfa7acbc-4a41-3329-951d-b6cde899c91e,00.00.018,UNIT_PROCESS,USLCI,1.2026-09.0,Northern America,1983-12-31,2003-12-31,Sulfur; at plant,48187a93-fc4e-3c80-98c2-5b0eaafc07d4,1.0,kg,False,1,NO_ALLOCATION,https://api.nal.usda.gov/FederalLCACommonsapi/browse/National_Renewable_Energy_Laboratory/USLCI_Database_Public/PROCESS/dfa7acbc-4a41-3329-951d-b6cde899c91e,2026-10-08,processes/dfa7acbc-4a41-3329-951d-b6cde899c91e.json,bc2ab7a5141b6b46a05dfd9dff2cac21e39a2108110e320465577421468e8771
Electricity Bridge; HYDRO - US average; USLCI to US Electricity Baseline,e0250e6f-87e2-3258-977f-fabbe22b5f19,00.00.001,UNIT_PROCESS,USLCI,1.2026-09.0,unknown,unknown,unknown,"Electricity, AC, 2300-7650 V",fc406690-160c-37d5-bf36-added9542164,1.0,MJ,False,1,unknown,https://api.nal.usda.gov/FederalLCACommonsapi/browse/National_Renewable_Energy_Laboratory/USLCI_Database_Public/PROCESS/e0250e6f-87e2-3258-977f-fabbe22b5f19,2026-10-08,processes/e0250e6f-87e2-3258-977f-fabbe22b5f19.json,9afbabe6bd6655ff522fe6dfb3c531f344188e3ef66885fa861ac1111aaa6211
Carbon monoxide; at plant,e0368d96-44a3-3628-8220-e6ae975b0931,00.00.014,LCI_RESULT,USLCI,1.2026-09.0,Northern America,2002-12-31,2003-12-31,Carbon monoxide; at plant,0461a6e2-75a9-36af-8e1a-c9ad9dcdb99d,1.0,kg,False,1,NO_ALLOCATION,https://api.nal.usda.gov/FederalLCACommonsapi/browse/National_Renewable_Energy_Laboratory/USLCI_Database_Public/PROCESS/e0368d96-44a3-3628-8220-e6ae975b0931,2026-10-08,processes/e0368d96-44a3-3628-8220-e6ae975b0931.json,48c748ae548bf84ab21b5dbac86d11ffbac3f8a28c7b0ee2522dec6d4583a4db
Benzene; at plant,e07beee7-4b4c-350a-bcaf-ec71882bbb69,00.00.023,UNIT_PROCESS,USLCI,1.2026-09.0,United States of America (the),1991-12-31,2002-12-31,Benzene; at plant,db548272-c05b-39c4-926e-ba9e10a29195,1.0,kg,False,1,NO_ALLOCATION,https://api.nal.usda.gov/FederalLCACommonsapi/browse/National_Renewable_Energy_Laboratory/USLCI_Database_Public/PROCESS/e07beee7-4b4c-350a-bcaf-ec71882bbb69,2026-10-08,processes/e07beee7-4b4c-350a-bcaf-ec71882bbb69.json,e9ffdcd946f435702bb990b7f33fffd9025de088d5a4a0cfcc72a1b62f912c84
"Transport, container ship; distillate powered; Caribbean to US Gulf",e23d763e-9406-3cf8-ac98-8fa807632813,01.00.001,UNIT_PROCESS,USLCI,1.2026-09.0,Global,2023-01-01,2023-12-31,"Transport, container ship; distillate powered",e46da55e-5561-37d0-8e99-71fade967cf3,1.0,t*km,False,1,PHYSICAL_ALLOCATION,https://api.nal.usda.gov/FederalLCACommonsapi/browse/National_Renewable_Energy_Laboratory/USLCI_Database_Public/PROCESS/e23d763e-9406-3cf8-ac98-8fa807632813,2026-10-08,processes/e23d763e-9406-3cf8-ac98-8fa807632813.json,c33655ed88e35f173470b1d21628ad4758b33933998ffdff2791d1383730deba
Styrene; at plant,e2884390-2613-3d46-81d2-6051ecadc9c2,02.01.010,UNIT_PROCESS,USLCI,1.2026-09.0,United States of America (the),2002-01-01,2015-12-29,Styrene; at plant,4a72778b-37b3-3c70-bcdc-b47701e7fe74,1.0,kg,False,1,PHYSICAL_ALLOCATION,https://api.nal.usda.gov/FederalLCACommonsapi/browse/National_Renewable_Energy_Laboratory/USLCI_Database_Public/PROCESS/e2884390-2613-3d46-81d2-6051ecadc9c2,2026-10-08,processes/e2884390-2613-3d46-81d2-6051ecadc9c2.json,df3aeebb44eb6a297e070bfb13e530c9fb70f376ac774b7bc90462778a842489
"Ductile iron pipe; 12"" inch diameter; at plant",e4d7b23f-d913-32ba-838d-b222d01b20ce,00.01.007,UNIT_PROCESS,USLCI,1.2026-09.0,United States of America (the),2014-01-01,2025-12-31,"Ductile iron pipe; 12""",adb21564-833c-3375-bd8b-d2b9232ddfe2,1.0,ft,False,1,unknown,https://api.nal.usda.gov/FederalLCACommonsapi/browse/National_Renewable_Energy_Laboratory/USLCI_Database_Public/PROCESS/e4d7b23f-d913-32ba-838d-b222d01b20ce,2026-10-08,processes/e4d7b23f-d913-32ba-838d-b222d01b20ce.json,67d98b788579354881d368e1b5f84a6a70ccb209a7906fa6ea8ead9e7a848c77
Crude oil; production mixture; at extraction,e53e0de4-6c90-3519-850b-eb670f2c641b,00.01.003,UNIT_PROCESS,USLCI,1.2026-09.0,United States of America (the),2014-01-01,2014-12-31,Crude oil; production mixture; at extraction,67d71d59-8951-30d6-a5c8-2ddbe3cc92de,1.0,kg,False,1,NO_ALLOCATION,https://api.nal.usda.gov/FederalLCACommonsapi/browse/National_Renewable_Energy_Laboratory/USLCI_Database_Public/PROCESS/e53e0de4-6c90-3519-850b-eb670f2c641b,2026-10-08,processes/e53e0de4-6c90-3519-850b-eb670f2c641b.json,32ab49172622e5a1721686863b2fc792cd028fb5a6eaff5d9ec41e266261d7ce
Electricity; for natural gas turbine; at cogen,e6586e69-95a4-3396-a934-f379fbdd28f4,00.00.013,UNIT_PROCESS,USLCI,1.2026-09.0,Northern America,2002-12-31,2002-12-31,Electricity; for natural gas turbine; at cogen,ed1981de-52d1-366c-b629-4abfe56fffd3,1.0,kWh,False,1,NO_ALLOCATION,https://api.nal.usda.gov/FederalLCACommonsapi/browse/National_Renewable_Energy_Laboratory/USLCI_Database_Public/PROCESS/e6586e69-95a4-3396-a934-f379fbdd28f4,2026-10-08,processes/e6586e69-95a4-3396-a934-f379fbdd28f4.json,27d5d819eee5075ba65d8143230acd05691f860fab5bf7081ada90f08dfaab01
"Transport, chemical tanker; distillate powered; average location mix",e6db6f4c-2e90-43db-ae2c-0fb7d6ef364a,00.00.009,UNIT_PROCESS,USLCI,1.2026-09.0,Global,2023-01-01,2023-12-31,"Transport, chemical tanker; distillate powered",ce06ec4d-91ab-387e-8dd0-4358c1ea3633,1.0,t*km,False,1,unknown,https://api.nal.usda.gov/FederalLCACommonsapi/browse/National_Renewable_Energy_Laboratory/USLCI_Database_Public/PROCESS/e6db6f4c-2e90-43db-ae2c-0fb7d6ef364a,2026-10-08,processes/e6db6f4c-2e90-43db-ae2c-0fb7d6ef364a.json,616678b447d1a3b4a3755cc6076b5f6335a95f69a294dc7f041414fb243147f6
Natural gas; US average; at small user,e7264146-214d-5477-9f22-e93673324bd4,00.02.001,UNIT_PROCESS,USLCI,1.2026-09.0,United States of America (the),unknown,unknown,Natural gas; US average; at small user,e42b3a63-55db-53f5-9de9-504ceb844129,1.0,m3,False,1,unknown,https://api.nal.usda.gov/FederalLCACommonsapi/browse/National_Renewable_Energy_Laboratory/USLCI_Database_Public/PROCESS/e7264146-214d-5477-9f22-e93673324bd4,2026-10-08,processes/e7264146-214d-5477-9f22-e93673324bd4.json,553b91d8805228e7723578fe9c3b906cbcf42fa4a8255bb13abb0ebcc83e55ca
Electricity Bridge; ALL - British Columbia Hydro and Power Authority; USLCI to US Electricity Baseline,e8978949-a353-3e6d-bda7-831b51c540cc,00.00.001,UNIT_PROCESS,USLCI,1.2026-09.0,unknown,unknown,unknown,"Electricity, AC, 2300-7650 V",fc406690-160c-37d5-bf36-added9542164,1.0,MJ,False,1,unknown,https://api.nal.usda.gov/FederalLCACommonsapi/browse/National_Renewable_Energy_Laboratory/USLCI_Database_Public/PROCESS/e8978949-a353-3e6d-bda7-831b51c540cc,2026-10-08,processes/e8978949-a353-3e6d-bda7-831b51c540cc.json,167275f18d87024b0efdf2fab286cc49605292cf5d01abdf6c108208c4ccbab5
"Ductile iron pipe; 35"" inch diameter; at plant",e919c83f-525b-3058-ae29-a85362b1b20e,00.01.007,UNIT_PROCESS,USLCI,1.2026-09.0,United States of America (the),2014-01-01,2025-12-31,"Ductile iron pipe; 35""",55aab448-0f47-3a51-a026-39597c4c7950,1.0,ft,False,1,unknown,https://api.nal.usda.gov/FederalLCACommonsapi/browse/National_Renewable_Energy_Laboratory/USLCI_Database_Public/PROCESS/e919c83f-525b-3058-ae29-a85362b1b20e,2026-10-08,processes/e919c83f-525b-3058-ae29-a85362b1b20e.json,559a95fd660c1d628c2b688a404fff410e8cd172caa3228e6eff8530f1b7abc5
Hydrogen peroxide Bridge; USLCI to USEEIO,e93bf6bd-1924-4956-85a4-50d1c2b5b0ae,00.00.012,UNIT_PROCESS,USLCI,1.2026-09.0,unknown,unknown,unknown,Hydrogen peroxide; at plant,61014614-30bd-354a-bffb-522a9e09fdb6,1.0,kg,False,1,unknown,https://api.nal.usda.gov/FederalLCACommonsapi/browse/National_Renewable_Energy_Laboratory/USLCI_Database_Public/PROCESS/e93bf6bd-1924-4956-85a4-50d1c2b5b0ae,2026-10-08,processes/e93bf6bd-1924-4956-85a4-50d1c2b5b0ae.json,8e584ef908a935e739d351dd8fef68a5fcbd114af7eba9e279728ab5992d0252
"Transport, barge; residual fuel oil powered",eaff3c91-b8ce-38a1-a3ba-1fe0c9d4041c,00.00.012,UNIT_PROCESS,USLCI,1.2026-09.0,United States of America (the),2005-01-01,2013-12-31,Transport; barge; residual fuel oil powered,c2cc68fe-1754-3468-a973-51c2f5c82fcd,1.0,t*km,False,1,NO_ALLOCATION,https://api.nal.usda.gov/FederalLCACommonsapi/browse/National_Renewable_Energy_Laboratory/USLCI_Database_Public/PROCESS/eaff3c91-b8ce-38a1-a3ba-1fe0c9d4041c,2026-10-08,processes/eaff3c91-b8ce-38a1-a3ba-1fe0c9d4041c.json,0955b8ab801d81b3239b65960e46ec0e258644c2df55dfd95c7d3a003806ddde
"Natural gas; onshore, conventional; at gathering and boosting",eb6f9433-0dae-5a9b-b1b8-35cbdaed3444,00.02.001,UNIT_PROCESS,USLCI,1.2026-09.0,United States of America (the),unknown,unknown,Natural gas; at gathering and boosting,6a2ad075-7deb-5858-8c24-aa1f48e1722c,1.0,m3,False,1,unknown,https://api.nal.usda.gov/FederalLCACommonsapi/browse/National_Renewable_Energy_Laboratory/USLCI_Database_Public/PROCESS/eb6f9433-0dae-5a9b-b1b8-35cbdaed3444,2026-10-08,processes/eb6f9433-0dae-5a9b-b1b8-35cbdaed3444.json,76c1f593a8e49ce73964925d2f51937e5d71bfae3e44feebef26a8d743c9f3b9
"Transport, container ship; distillate powered; Asia to US East Coast",ee17f36b-bb54-33b7-8e80-64cc21030309,01.00.001,UNIT_PROCESS,USLCI,1.2026-09.0,Global,2023-01-01,2023-12-31,"Transport, container ship; distillate powered",e46da55e-5561-37d0-8e99-71fade967cf3,1.0,t*km,False,1,PHYSICAL_ALLOCATION,https://api.nal.usda.gov/FederalLCACommonsapi/browse/National_Renewable_Energy_Laboratory/USLCI_Database_Public/PROCESS/ee17f36b-bb54-33b7-8e80-64cc21030309,2026-10-08,processes/ee17f36b-bb54-33b7-8e80-64cc21030309.json,41be0f375425286f20e8e0df76cf3045c97b5104ec8df90739acdb5f5cc60f12
Natural gas; US average; at transmission,ee537f82-4c2d-5489-8ad6-e1cb3cd168a5,00.02.001,UNIT_PROCESS,USLCI,1.2026-09.0,United States of America (the),unknown,unknown,Natural gas; US average; at transmission,323183fc-a1fe-5dbb-988b-b8504fb38ca4,1.0,m3,False,1,unknown,https://api.nal.usda.gov/FederalLCACommonsapi/browse/National_Renewable_Energy_Laboratory/USLCI_Database_Public/PROCESS/ee537f82-4c2d-5489-8ad6-e1cb3cd168a5,2026-10-08,processes/ee537f82-4c2d-5489-8ad6-e1cb3cd168a5.json,f693b372bcfd933cee3fb99cc1aa5ef2f3964fef35028ccc0dc3079f9386c952
"Transport, chemical tanker; distillate powered; Eastern Canada to US East Coast",efb37377-11c7-3108-983a-25e3695d826f,01.00.001,UNIT_PROCESS,USLCI,1.2026-09.0,Global,2023-01-01,2023-12-31,"Transport, chemical tanker; distillate powered",ce06ec4d-91ab-387e-8dd0-4358c1ea3633,1.0,t*km,False,1,PHYSICAL_ALLOCATION,https://api.nal.usda.gov/FederalLCACommonsapi/browse/National_Renewable_Energy_Laboratory/USLCI_Database_Public/PROCESS/efb37377-11c7-3108-983a-25e3695d826f,2026-10-08,processes/efb37377-11c7-3108-983a-25e3695d826f.json,78585a87d2f493df17683cd24e568f902e3f9bf683422c7fb75114202c65f7b9
Wheat straw; at conversion plant,f002e825-5cb6-3949-be51-863c7fe5d5da,00.00.007,UNIT_PROCESS,USLCI,1.2026-09.0,Northern America,2009-12-31,2099-12-31,Wheat straw; at conversion plant,a5bc9414-9680-3334-a74a-7e833f576ed9,1000.0,kg,False,1,NO_ALLOCATION,https://api.nal.usda.gov/FederalLCACommonsapi/browse/National_Renewable_Energy_Laboratory/USLCI_Database_Public/PROCESS/f002e825-5cb6-3949-be51-863c7fe5d5da,2026-10-08,processes/f002e825-5cb6-3949-be51-863c7fe5d5da.json,88ba537599db15ab24caec9280f234b83bfb0363be06bae079e8101517b8353f
Drinking water treatment; fluorination; at plant,f035c561-be3b-3958-adf6-a5d04ac8754a,00.01.018,UNIT_PROCESS,USLCI,1.2026-09.0,United States of America (the),2011-01-01,2011-12-31,Drinking water treatment; fluorination,29710aa0-c606-3a5e-b684-611de169f965,1000.0,cu ft,False,1,unknown,https://api.nal.usda.gov/FederalLCACommonsapi/browse/National_Renewable_Energy_Laboratory/USLCI_Database_Public/PROCESS/f035c561-be3b-3958-adf6-a5d04ac8754a,2026-10-08,processes/f035c561-be3b-3958-adf6-a5d04ac8754a.json,cfbac9d44cf8937cc5adbc17b8694a89061f061bb03e24892b1c7a5a73cbd6a4
"Switchgrass; harvested, wet",f04300c5-ea44-3525-b6ab-c4b8b27b127e,00.00.007,UNIT_PROCESS,USLCI,1.2026-09.0,Northern America,2009-12-31,2009-12-31,Switchgrass; harvested; wet,1da072f7-6853-3388-b30c-0b09e55dd721,1.07,kg,False,1,NO_ALLOCATION,https://api.nal.usda.gov/FederalLCACommonsapi/browse/National_Renewable_Energy_Laboratory/USLCI_Database_Public/PROCESS/f04300c5-ea44-3525-b6ab-c4b8b27b127e,2026-10-08,processes/f04300c5-ea44-3525-b6ab-c4b8b27b127e.json,c1d1a08f9e6a8d0e6d79d609417d63f835779a413fc6adf957b3b007998b782d
"Transport, chemical tanker; residual fuel oil powered; Pacific of Central/South America to US West Coast",f2782243-9cdf-3e93-8e79-09140b48fd4c,01.00.001,UNIT_PROCESS,USLCI,1.2026-09.0,Global,2023-01-01,2023-12-31,"Transport, chemical tanker; residual fuel oil powered",8c3474d2-9fc0-3940-a631-ec4229207e82,1.0,t*km,False,1,PHYSICAL_ALLOCATION,https://api.nal.usda.gov/FederalLCACommonsapi/browse/National_Renewable_Energy_Laboratory/USLCI_Database_Public/PROCESS/f2782243-9cdf-3e93-8e79-09140b48fd4c,2026-10-08,processes/f2782243-9cdf-3e93-8e79-09140b48fd4c.json,84ab7cf88f09863eb3783d8c87d8045a35d574b77a901371847d3222f343cb84
"Transport, container ship; residual fuel oil powered; Eastern Canada to US East Coast",f2d29289-0bce-3b0b-aaa8-842fda5858d2,01.00.001,UNIT_PROCESS,USLCI,1.2026-09.0,Global,2023-01-01,2023-12-31,"Transport, container ship; residual fuel oil powered",0d1b359b-72a1-3c00-aa2c-2102e8c81a17,1.0,t*km,False,1,PHYSICAL_ALLOCATION,https://api.nal.usda.gov/FederalLCACommonsapi/browse/National_Renewable_Energy_Laboratory/USLCI_Database_Public/PROCESS/f2d29289-0bce-3b0b-aaa8-842fda5858d2,2026-10-08,processes/f2d29289-0bce-3b0b-aaa8-842fda5858d2.json,dd87c8187ae38498650284589696fb8c110f1d01141c9011961116a1c2cc3a9e
Natural gas; combusted in industrial boiler,f347daea-82be-4e62-8872-a0dc0ca24ca3,00.00.019,UNIT_PROCESS,USLCI,1.2026-09.0,United States of America (the),2017-01-01,2017-12-31,Natural gas; combusted in industrial boiler,ea8515c5-e3d4-4f42-a856-67a9b85b30a0,1.0,m3,False,1,NO_ALLOCATION,https://api.nal.usda.gov/FederalLCACommonsapi/browse/National_Renewable_Energy_Laboratory/USLCI_Database_Public/PROCESS/f347daea-82be-4e62-8872-a0dc0ca24ca3,2026-10-08,processes/f347daea-82be-4e62-8872-a0dc0ca24ca3.json,336f32502e708b8178d7e0c008fd06f971ae2b735765730401367e49dde8334b
Hydrogen fluoride Bridge; USLCI to USEEIO,f3929bea-4d5f-4691-9aef-aa95392ba015,00.00.006,UNIT_PROCESS,USLCI,1.2026-09.0,unknown,unknown,unknown,Hydrogen fluoride; at plant,ba7d79aa-afb7-42ea-b593-0517bea19996,1.0,kg,False,1,unknown,https://api.nal.usda.gov/FederalLCACommonsapi/browse/National_Renewable_Energy_Laboratory/USLCI_Database_Public/PROCESS/f3929bea-4d5f-4691-9aef-aa95392ba015,2026-10-08,processes/f3929bea-4d5f-4691-9aef-aa95392ba015.json,030798be7dc832b5b468fc4e84341390e5ed1b1e0fbaa3bf5c089e9fe24be119
Polymers Bridge; USLCI to USEEIO,f3aad25e-1c89-4b8e-a81b-216028fef017,00.00.007,UNIT_PROCESS,USLCI,1.2026-09.0,unknown,unknown,unknown,Polymers; at plant,aff30034-4528-34fe-9baa-3d803a3b785b,1.0,kg,False,1,unknown,https://api.nal.usda.gov/FederalLCACommonsapi/browse/National_Renewable_Energy_Laboratory/USLCI_Database_Public/PROCESS/f3aad25e-1c89-4b8e-a81b-216028fef017,2026-10-08,processes/f3aad25e-1c89-4b8e-a81b-216028fef017.json,a45065dcbcca40f6d38b36ff12f6375bbf808ce6b045b7de304d073e4b2f523a
"Transport, chemical tanker; distillate powered; Pacific of Central/South America to US West Coast",f4daa274-ed6d-3cb8-be97-e4dec671cb22,01.00.001,UNIT_PROCESS,USLCI,1.2026-09.0,Global,2023-01-01,2023-12-31,"Transport, chemical tanker; distillate powered",ce06ec4d-91ab-387e-8dd0-4358c1ea3633,1.0,t*km,False,1,PHYSICAL_ALLOCATION,https://api.nal.usda.gov/FederalLCACommonsapi/browse/National_Renewable_Energy_Laboratory/USLCI_Database_Public/PROCESS/f4daa274-ed6d-3cb8-be97-e4dec671cb22,2026-10-08,processes/f4daa274-ed6d-3cb8-be97-e4dec671cb22.json,920fc3129e0738f3652f242eb7372df568d43975dd9ed4d32ec2de73ae8b70aa
Drinking water treatment; sedimentation infrastructure; at plant,f5558c59-7afd-3000-ae7a-68afc1d0513f,00.01.013,UNIT_PROCESS,USLCI,1.2026-09.0,United States of America (the),2011-01-01,2011-12-31,Drinking water treatment; sedimentation infrastructure,adef90eb-304a-3327-81e3-a5fbf1ec758a,1.0,m3,False,1,unknown,https://api.nal.usda.gov/FederalLCACommonsapi/browse/National_Renewable_Energy_Laboratory/USLCI_Database_Public/PROCESS/f5558c59-7afd-3000-ae7a-68afc1d0513f,2026-10-08,processes/f5558c59-7afd-3000-ae7a-68afc1d0513f.json,d735be704d51678522b2630117c3ccd1a8cb32e876912997ae8b25ddb195762b
Drinking water treatment; U.S. average treatment; at consumer,f8513ce4-7415-4495-9d10-5957ab21af04,00.00.007,UNIT_PROCESS,USLCI,1.2026-09.0,United States of America (the),2011-01-01,2011-12-31,Drinking water treatment; U.S. average treatment,9b31b7aa-2f86-4af6-b684-cc066f76aafa,1.0,l,False,1,unknown,https://api.nal.usda.gov/FederalLCACommonsapi/browse/National_Renewable_Energy_Laboratory/USLCI_Database_Public/PROCESS/f8513ce4-7415-4495-9d10-5957ab21af04,2026-10-08,processes/f8513ce4-7415-4495-9d10-5957ab21af04.json,f41a8efff00103ad4bb0329f4165d75c19d47c807f8066ddd9b230814362b0bc
"Transport, container ship; residual fuel oil powered; average location mix",f85fcdde-6c6b-3bbb-8efc-de6cb34c9ac7,00.00.028,UNIT_PROCESS,USLCI,1.2026-09.0,Global,2023-01-01,2023-12-31,"Transport, container ship; residual fuel oil powered",0d1b359b-72a1-3c00-aa2c-2102e8c81a17,1.0,t*km,False,1,NO_ALLOCATION,https://api.nal.usda.gov/FederalLCACommonsapi/browse/National_Renewable_Energy_Laboratory/USLCI_Database_Public/PROCESS/f85fcdde-6c6b-3bbb-8efc-de6cb34c9ac7,2026-10-08,processes/f85fcdde-6c6b-3bbb-8efc-de6cb34c9ac7.json,471aef8c4cfa158a9006eb754411827372b3878474a43639b8aafcb1a1ef5837
Paper bag and sack; unbleached kraft; at mill,f9cf891e-fd8c-304c-9707-4a7e390b9e75,00.01.018,UNIT_PROCESS,USLCI,1.2026-09.0,Northern America,2005-12-31,2005-12-31,Paper bag and sack; unbleached kraft; at mill,0871432e-9009-3056-8387-d73d5b0d2da3,834.61,kg,False,1,ECONOMIC_ALLOCATION,https://api.nal.usda.gov/FederalLCACommonsapi/browse/National_Renewable_Energy_Laboratory/USLCI_Database_Public/PROCESS/f9cf891e-fd8c-304c-9707-4a7e390b9e75,2026-10-08,processes/f9cf891e-fd8c-304c-9707-4a7e390b9e75.json,7ea715c5126ccf65b5cd4d187b2943fd6ffae177d1adcc951e187e8e2423f309
Propylene oxide; at plant,fa3871c0-d563-3300-9ec7-f26aafdabfa5,00.01.013,UNIT_PROCESS,USLCI,1.2026-09.0,United States of America (the),1992-01-01,1992-12-31,Propylene oxide; at plant,e3e36b0b-cd9f-3394-924d-2e565e97d38d,1.0,kg,False,1,NO_ALLOCATION,https://api.nal.usda.gov/FederalLCACommonsapi/browse/National_Renewable_Energy_Laboratory/USLCI_Database_Public/PROCESS/fa3871c0-d563-3300-9ec7-f26aafdabfa5,2026-10-08,processes/fa3871c0-d563-3300-9ec7-f26aafdabfa5.json,3f22e2d545646d810652bc77f100f5046b4f33443aa2f68903d067892a52f889
Pulpwood; softwd; avg; state or private moist forest; at forest rd; INW,fa501a68-3e1d-3ef1-84a0-48eead282f98,00.00.009,UNIT_PROCESS,USLCI,1.2026-09.0,United States of America (the),1988-12-31,1995-12-31,Pulpwood; softwd; avg; state or private moist forest; at forest rd,d486c85c-7bea-3c1a-81af-144993930f8e,1.0,m3,False,1,NO_ALLOCATION,https://api.nal.usda.gov/FederalLCACommonsapi/browse/National_Renewable_Energy_Laboratory/USLCI_Database_Public/PROCESS/fa501a68-3e1d-3ef1-84a0-48eead282f98,2026-10-08,processes/fa501a68-3e1d-3ef1-84a0-48eead282f98.json,e7645978fe8329334281435bbb79fe49a41c3f53ffbb93b944c234086a446cfc
Polybutadiene; butadiene rubber; at plant,fa60e60f-73f0-3e20-bb3a-073e4a9469cc,02.01.004,UNIT_PROCESS,USLCI,1.2026-09.0,Northern America,1990-01-01,2003-12-31,"Polybutadiene, butadiene rubber, BR; at plant",cba81a11-592f-3984-9f10-86b0607258d1,1.0,kg,False,1,PHYSICAL_ALLOCATION,https://api.nal.usda.gov/FederalLCACommonsapi/browse/National_Renewable_Energy_Laboratory/USLCI_Database_Public/PROCESS/fa60e60f-73f0-3e20-bb3a-073e4a9469cc,2026-10-08,processes/fa60e60f-73f0-3e20-bb3a-073e4a9469cc.json,5b52d705f7d8440ae01dadecfd3039540cd169b2fffcb680401ddb2eaf33cdf9
Metallurgical coke; at plant,fb97ca58-8d24-3147-b08f-7788b67ab151,00.01.018,UNIT_PROCESS,USLCI,1.2026-09.0,Northern America,2002-12-31,2002-12-31,Metallurgical coke; at plant,0ad02910-742a-31a0-a960-415b61e5fe71,1.0,kg,False,1,NO_ALLOCATION,https://api.nal.usda.gov/FederalLCACommonsapi/browse/National_Renewable_Energy_Laboratory/USLCI_Database_Public/PROCESS/fb97ca58-8d24-3147-b08f-7788b67ab151,2026-10-08,processes/fb97ca58-8d24-3147-b08f-7788b67ab151.json,ad7875d18473ebe364924116db014b945ba9ffca2cab8e6ffe33200f55dcc439
Crude oil; on-shore import; at extraction,fcbe548c-bcd5-40b2-979c-53df809835f9,00.01.009,UNIT_PROCESS,USLCI,1.2026-09.0,United States of America (the),2006-01-01,2013-12-31,Crude oil; at extraction,43b6c51f-f1a9-4a6d-8070-fa84adf27d23,1.0,kg,False,1,NO_ALLOCATION,https://api.nal.usda.gov/FederalLCACommonsapi/browse/National_Renewable_Energy_Laboratory/USLCI_Database_Public/PROCESS/fcbe548c-bcd5-40b2-979c-53df809835f9,2026-10-08,processes/fcbe548c-bcd5-40b2-979c-53df809835f9.json,a6b6de56a648ce430f5a013bed4c1c46316661a2a4b69e6755471d20fd1ff435
Drinking water treatment; source water acquisition infrastructure; at plant,fd7881e1-12fb-3888-b731-db05f8b0dde0,00.01.016,UNIT_PROCESS,USLCI,1.2026-09.0,United States of America (the),2011-01-01,2011-12-31,Drinking water treatment; source water acquisition infrastructure,08e83dde-373c-3d30-b7d1-c6078a744a6a,1.0,m3,False,1,unknown,https://api.nal.usda.gov/FederalLCACommonsapi/browse/National_Renewable_Energy_Laboratory/USLCI_Database_Public/PROCESS/fd7881e1-12fb-3888-b731-db05f8b0dde0,2026-10-08,processes/fd7881e1-12fb-3888-b731-db05f8b0dde0.json,8be2f478bf2895642ab26d2a56a44f1f81fd84c26c08ecd986ea20a64ed91509
Fertilizer; switchgrass,fef4bce7-747e-30a8-adea-c11de716b08b,00.00.010,UNIT_PROCESS,USLCI,1.2026-09.0,Northern America,2009-12-31,2100-12-30,Fertilizer; switchgrass,8523bd1b-ff23-3fe4-8889-9a9956343594,10000.0,m2,False,1,NO_ALLOCATION,https://api.nal.usda.gov/FederalLCACommonsapi/browse/National_Renewable_Energy_Laboratory/USLCI_Database_Public/PROCESS/fef4bce7-747e-30a8-adea-c11de716b08b,2026-10-08,processes/fef4bce7-747e-30a8-adea-c11de716b08b.json,7650bc31b41bdf8590b9047ba6a2a4340dcf980eecb5d079bc069d665d5923a1
