input,query,dataset_name,uuid,version,process_type,database,database_release,geography,valid_from,valid_until,reference_flow_name,reference_flow_uuid,reference_amount,reference_unit,reference_is_input,reference_count,allocation_method,source_url,retrieval_date,archive_member,sha256
Stainless steel,stainless,Steel; stainless 304; scrap,34897ebd-aa3d-347c-91ee-876c3f835fdb,00.01.014,UNIT_PROCESS,USLCI,1.2026-09.0,Global,2009-12-31,2011-12-31,Steel; stainless 304; scrap,0178afd7-c74a-3a8f-8f15-d57904d3c377,1.0,kg,False,1,NO_ALLOCATION,https://api.nal.usda.gov/FederalLCACommonsapi/browse/National_Renewable_Energy_Laboratory/USLCI_Database_Public/PROCESS/34897ebd-aa3d-347c-91ee-876c3f835fdb,2026-10-08,processes/34897ebd-aa3d-347c-91ee-876c3f835fdb.json,0430adf21054d81b2e94745792c6aed89b35f1aa075464008f233debdd4b8c53
Stainless steel,stainless,Steel; stainless 304; flat rolled coil,49f5324b-fc33-36e9-b5af-3c80d73492bd,00.01.014,UNIT_PROCESS,USLCI,1.2026-09.0,Northern America,2007-12-31,2011-12-31,Steel; stainless 304; flat rolled coil,3f2fed05-f530-32e9-b0f9-0dcb5280aa9d,1.0,kg,False,1,NO_ALLOCATION,https://api.nal.usda.gov/FederalLCACommonsapi/browse/National_Renewable_Energy_Laboratory/USLCI_Database_Public/PROCESS/49f5324b-fc33-36e9-b5af-3c80d73492bd,2026-10-08,processes/49f5324b-fc33-36e9-b5af-3c80d73492bd.json,7114d0f3c8404b8fee8b7a07fdbc5c34ce8e03be11b697da332a58ecfdee456e
Stainless steel,stainless,Steel; stainless 304; quarto plate,8560388b-7ea1-38b7-befc-fd25d5deb450,00.01.015,UNIT_PROCESS,USLCI,1.2026-09.0,Northern America,2007-12-31,2011-12-31,Steel; stainless 304; quarto plate,99620b27-83a1-301d-8290-1d94cd81af3f,1.0,kg,False,1,NO_ALLOCATION,https://api.nal.usda.gov/FederalLCACommonsapi/browse/National_Renewable_Energy_Laboratory/USLCI_Database_Public/PROCESS/8560388b-7ea1-38b7-befc-fd25d5deb450,2026-10-08,processes/8560388b-7ea1-38b7-befc-fd25d5deb450.json,4c9001b913468daa1abe2582e3a657cdd77296268749cef9f1d310e926ea2d33
Stainless steel,steel,Steel; pickled hot rolled coil; at plant,137b2f94-e29e-4870-a2c2-20dafd441f1d,00.01.012,LCI_RESULT,USLCI,1.2026-09.0,Northern America,2014-01-01,2018-12-31,Steel; pickled hot rolled coil; at plant,0ef88894-a6b7-415d-88cd-9aefdd14fc3a,1.0,kg,False,1,ECONOMIC_ALLOCATION,https://api.nal.usda.gov/FederalLCACommonsapi/browse/National_Renewable_Energy_Laboratory/USLCI_Database_Public/PROCESS/137b2f94-e29e-4870-a2c2-20dafd441f1d,2026-10-08,processes/137b2f94-e29e-4870-a2c2-20dafd441f1d.json,17fe1540da0b12873b10f15ce573cfeac39e8108ad62767e5213601945cc8db9
Stainless steel,steel,Steel scrap recovery,15ec2675-6091-37da-9849-6e2229ab9d85,00.01.019,UNIT_PROCESS,USLCI,1.2026-09.0,United States of America (the),2000-01-01,2000-01-01,Steel scrap recovery,c61aa1e2-671c-3ee0-9e85-7f275714f037,1000.0,kg,False,1,unknown,https://api.nal.usda.gov/FederalLCACommonsapi/browse/National_Renewable_Energy_Laboratory/USLCI_Database_Public/PROCESS/15ec2675-6091-37da-9849-6e2229ab9d85,2026-10-08,processes/15ec2675-6091-37da-9849-6e2229ab9d85.json,9c750f227cd461b82c5ab8d7fe669f01432faf9ea5d532c494ce40b10d257fc2
Stainless steel,steel,Galvanized steel nails; at plant,17aee2ac-7594-4d7b-a47e-b8e772b5fd6f,00.00.029,UNIT_PROCESS,USLCI,1.2026-09.0,United States of America (the),2025-01-01,2025-12-31,Galvanized steel nails; at plant,d3904ae5-01cb-45d9-bff2-555f509e2677,1.0,kg,False,1,unknown,https://api.nal.usda.gov/FederalLCACommonsapi/browse/National_Renewable_Energy_Laboratory/USLCI_Database_Public/PROCESS/17aee2ac-7594-4d7b-a47e-b8e772b5fd6f,2026-10-08,processes/17aee2ac-7594-4d7b-a47e-b8e772b5fd6f.json,09b3f75a455b40c6158454872474ae833ef3b0b69c0697a2c633fe14eef07998
Stainless steel,steel,Steel; sections; at plant,1b8709a5-5df4-4c52-85e4-dd6e7ed8deba,00.01.012,LCI_RESULT,USLCI,1.2026-09.0,Northern America,2014-01-01,2018-12-31,Steel; sections; at plant,24e6bc97-3d11-4a73-8598-8965c7dd9927,1.0,kg,False,1,ECONOMIC_ALLOCATION,https://api.nal.usda.gov/FederalLCACommonsapi/browse/National_Renewable_Energy_Laboratory/USLCI_Database_Public/PROCESS/1b8709a5-5df4-4c52-85e4-dd6e7ed8deba,2026-10-08,processes/1b8709a5-5df4-4c52-85e4-dd6e7ed8deba.json,76cd0525cde1a22571b35ee299217c822ddc683434bf827d383f4166e88d2011
Stainless steel,steel,Galvanized steel staples; at plant,21b79c73-80a4-4cb6-8f8c-d746c9269649,00.00.032,UNIT_PROCESS,USLCI,1.2026-09.0,United States of America (the),2025-01-01,2025-12-31,Galvanized steel staples; at plant,692bdff7-996c-43bd-8182-4528f0e69672,1.0,kg,False,1,unknown,https://api.nal.usda.gov/FederalLCACommonsapi/browse/National_Renewable_Energy_Laboratory/USLCI_Database_Public/PROCESS/21b79c73-80a4-4cb6-8f8c-d746c9269649,2026-10-08,processes/21b79c73-80a4-4cb6-8f8c-d746c9269649.json,025000e87d2fd1b9afd18b710c1370ba0828a33fba33169d4a90ec13b8384c9e
Stainless steel,steel,Steel; cold-formed studs and track; at plant,2250f2f2-7faa-3307-9534-ca78b371b4dd,00.01.013,UNIT_PROCESS,USLCI,1.2026-09.0,Northern America,2011-12-31,2016-12-31,Steel; cold-formed studs and track; at plant,88f1219a-d464-3e29-b43d-7a4d6ca4db8d,1.0,kg,False,1,ECONOMIC_ALLOCATION,https://api.nal.usda.gov/FederalLCACommonsapi/browse/National_Renewable_Energy_Laboratory/USLCI_Database_Public/PROCESS/2250f2f2-7faa-3307-9534-ca78b371b4dd,2026-10-08,processes/2250f2f2-7faa-3307-9534-ca78b371b4dd.json,2e57a9d5408b9e69fc5bd9c557f285d5cb76de1cc174b4bb2b927d63b26c217c
Stainless steel,steel,Municipal solid waste landfilling of structural steel,30575834-7825-4f17-a3a2-c1dbf11aa439,00.00.041,UNIT_PROCESS,USLCI,1.2026-09.0,United States of America (the),1996-01-01,2018-01-01,"Structural steel, landfilled",403a65cd-c5c2-436c-b291-4235a12c3238,1.0,sh tn,True,1,unknown,https://api.nal.usda.gov/FederalLCACommonsapi/browse/National_Renewable_Energy_Laboratory/USLCI_Database_Public/PROCESS/30575834-7825-4f17-a3a2-c1dbf11aa439,2026-10-08,processes/30575834-7825-4f17-a3a2-c1dbf11aa439.json,b72ffeba1e1b7d65a78902961933954ae722c0d26d2c4ef234bfe60051f5eb2a
Stainless steel,steel,Steel; stainless 304; scrap,34897ebd-aa3d-347c-91ee-876c3f835fdb,00.01.014,UNIT_PROCESS,USLCI,1.2026-09.0,Global,2009-12-31,2011-12-31,Steel; stainless 304; scrap,0178afd7-c74a-3a8f-8f15-d57904d3c377,1.0,kg,False,1,NO_ALLOCATION,https://api.nal.usda.gov/FederalLCACommonsapi/browse/National_Renewable_Energy_Laboratory/USLCI_Database_Public/PROCESS/34897ebd-aa3d-347c-91ee-876c3f835fdb,2026-10-08,processes/34897ebd-aa3d-347c-91ee-876c3f835fdb.json,0430adf21054d81b2e94745792c6aed89b35f1aa075464008f233debdd4b8c53
Stainless steel,steel,Galvanized steel coil; coated; at plant,41ecdfe1-8026-3373-96c4-ee1921f2525c,00.00.010,UNIT_PROCESS,USLCI,1.2026-09.0,Northern America,2013-12-31,2015-02-27,Galvanized steel coil; coated; at plant,55725953-49d5-3d31-97ab-40077034f62d,5.8256312303985,kg,False,1,NO_ALLOCATION,https://api.nal.usda.gov/FederalLCACommonsapi/browse/National_Renewable_Energy_Laboratory/USLCI_Database_Public/PROCESS/41ecdfe1-8026-3373-96c4-ee1921f2525c,2026-10-08,processes/41ecdfe1-8026-3373-96c4-ee1921f2525c.json,52f00d76e118309a9645b4547b9ec5d2d1c03b7bcae6866fcdbf544b88307d82
Stainless steel,steel,Steel; stainless 304; flat rolled coil,49f5324b-fc33-36e9-b5af-3c80d73492bd,00.01.014,UNIT_PROCESS,USLCI,1.2026-09.0,Northern America,2007-12-31,2011-12-31,Steel; stainless 304; flat rolled coil,3f2fed05-f530-32e9-b0f9-0dcb5280aa9d,1.0,kg,False,1,NO_ALLOCATION,https://api.nal.usda.gov/FederalLCACommonsapi/browse/National_Renewable_Energy_Laboratory/USLCI_Database_Public/PROCESS/49f5324b-fc33-36e9-b5af-3c80d73492bd,2026-10-08,processes/49f5324b-fc33-36e9-b5af-3c80d73492bd.json,7114d0f3c8404b8fee8b7a07fdbc5c34ce8e03be11b697da332a58ecfdee456e
Stainless steel,steel,Steel; liquid; at plant,5f23939e-be70-364e-95c2-baef329a95fe,00.02.020,UNIT_PROCESS,USLCI,1.2026-09.0,Northern America,1992-12-31,2001-12-31,Steel; liquid; at plant,2593a8b8-4eff-373f-b50c-cb4cf610ecb7,1.0,kg,False,1,NO_ALLOCATION,https://api.nal.usda.gov/FederalLCACommonsapi/browse/National_Renewable_Energy_Laboratory/USLCI_Database_Public/PROCESS/5f23939e-be70-364e-95c2-baef329a95fe,2026-10-08,processes/5f23939e-be70-364e-95c2-baef329a95fe.json,c5f2a4791b969dc09b463295e4f0cd6bc790d0b9518f8494bd27d3ea735e981e
Stainless steel,steel,"Steel product; primary structural, beams and columns; at plant",60b5e1ee-3f9c-39e4-ad2f-68cfe3a71956,00.00.016,UNIT_PROCESS,USLCI,1.2026-09.0,United States of America (the),2010-12-31,2012-12-31,"Steel product; primary structural, beams and columns; at plant",51447292-5c8a-3369-8ab1-092bdaf61c38,1.0,kg,False,1,NO_ALLOCATION,https://api.nal.usda.gov/FederalLCACommonsapi/browse/National_Renewable_Energy_Laboratory/USLCI_Database_Public/PROCESS/60b5e1ee-3f9c-39e4-ad2f-68cfe3a71956,2026-10-08,processes/60b5e1ee-3f9c-39e4-ad2f-68cfe3a71956.json,defe5b43dc742fa1ceb57ed591d4159100aa108bad13ba3f96df527b76e40de2
Stainless steel,steel,Steel; stainless 304; quarto plate,8560388b-7ea1-38b7-befc-fd25d5deb450,00.01.015,UNIT_PROCESS,USLCI,1.2026-09.0,Northern America,2007-12-31,2011-12-31,Steel; stainless 304; quarto plate,99620b27-83a1-301d-8290-1d94cd81af3f,1.0,kg,False,1,NO_ALLOCATION,https://api.nal.usda.gov/FederalLCACommonsapi/browse/National_Renewable_Energy_Laboratory/USLCI_Database_Public/PROCESS/8560388b-7ea1-38b7-befc-fd25d5deb450,2026-10-08,processes/8560388b-7ea1-38b7-befc-fd25d5deb450.json,4c9001b913468daa1abe2582e3a657cdd77296268749cef9f1d310e926ea2d33
Stainless steel,steel,Iron and steel; production mix,88b44b36-2322-39a8-9c54-6b89b1b43cd4,00.00.015,UNIT_PROCESS,USLCI,1.2026-09.0,United States of America (the),1998-01-01,1998-12-31,Iron and steel; production mix,e3d97362-bb7a-3a33-acbf-c2d69c622ed0,1.0,kg,False,1,NO_ALLOCATION,https://api.nal.usda.gov/FederalLCACommonsapi/browse/National_Renewable_Energy_Laboratory/USLCI_Database_Public/PROCESS/88b44b36-2322-39a8-9c54-6b89b1b43cd4,2026-10-08,processes/88b44b36-2322-39a8-9c54-6b89b1b43cd4.json,cf0fe2dbd6f14e0b23ca16ca7b4e2e3c0566487a4fc49602a21150941a7f0434
Stainless steel,steel,Steel; hot rolled coil; at plant,a591c53f-ce67-41da-b0c1-65b6d91a1a43,00.01.012,LCI_RESULT,USLCI,1.2026-09.0,Northern America,2014-01-01,2018-12-31,Steel; hot rolled coil; at plant,e8fbfbfb-24e9-49a6-a047-41f1646bf7f7,1.0,kg,False,1,ECONOMIC_ALLOCATION,https://api.nal.usda.gov/FederalLCACommonsapi/browse/National_Renewable_Energy_Laboratory/USLCI_Database_Public/PROCESS/a591c53f-ce67-41da-b0c1-65b6d91a1a43,2026-10-08,processes/a591c53f-ce67-41da-b0c1-65b6d91a1a43.json,3a84352af3f94fcd28919e3ab14afc876cc6a61ca506c3447a36652929b2a577
Stainless steel,steel,Steel; billets; at plant,ac54bc7d-5db5-3b4f-9175-5dd02f678312,00.02.020,UNIT_PROCESS,USLCI,1.2026-09.0,Northern America,1992-12-31,2001-12-31,Steel; billets; at plant,fb35ea76-3255-3543-b943-8e358d2489d5,1.0,kg,False,1,NO_ALLOCATION,https://api.nal.usda.gov/FederalLCACommonsapi/browse/National_Renewable_Energy_Laboratory/USLCI_Database_Public/PROCESS/ac54bc7d-5db5-3b4f-9175-5dd02f678312,2026-10-08,processes/ac54bc7d-5db5-3b4f-9175-5dd02f678312.json,826e3b5455b8a4dcf2072d31998778c76e820da290c1c5adc502edca61ee9c61
Stainless steel,steel,Steel; cold rolled coil; at plant,cc886340-1e9e-40fc-8bae-87ea661f00c7,00.01.012,LCI_RESULT,USLCI,1.2026-09.0,Northern America,2014-01-01,2018-12-31,Steel; cold rolled coil; at plant,1f8a25cb-2a84-45ca-b418-1b6ab9c38c2c,1.0,kg,False,1,ECONOMIC_ALLOCATION,https://api.nal.usda.gov/FederalLCACommonsapi/browse/National_Renewable_Energy_Laboratory/USLCI_Database_Public/PROCESS/cc886340-1e9e-40fc-8bae-87ea661f00c7,2026-10-08,processes/cc886340-1e9e-40fc-8bae-87ea661f00c7.json,610419ee4a15b1aea8419fe2805df4ea89d29f19be788a56839ff34d6b49ea8b
Stainless steel,steel,Building construction; hall; steel construction Bridge; USLCI to USEEIO,d3e8abb6-74a0-4b6b-b2e4-dee491ba972d,00.00.008,UNIT_PROCESS,USLCI,1.2026-09.0,unknown,unknown,unknown,Building construction; hall; steel construction,f5f83bac-2787-4cb5-968a-2f8feefeec78,1.0,m3,False,1,unknown,https://api.nal.usda.gov/FederalLCACommonsapi/browse/National_Renewable_Energy_Laboratory/USLCI_Database_Public/PROCESS/d3e8abb6-74a0-4b6b-b2e4-dee491ba972d,2026-10-08,processes/d3e8abb6-74a0-4b6b-b2e4-dee491ba972d.json,05689fdc0d4a768ab970989109cb107de94aae17d745568515814da933a8e622
Stainless steel,steel,Steel; hot-dip galvanised coil; at plant,dcfd311d-d8be-4c39-bd16-a5bd0dd9eec8,00.01.012,LCI_RESULT,USLCI,1.2026-09.0,Northern America,2014-01-01,2018-12-31,Steel; hot-dip galvanised coil; at plant,fe598843-aa58-4c99-b4a4-d47d9c8adbe5,1.0,kg,False,1,ECONOMIC_ALLOCATION,https://api.nal.usda.gov/FederalLCACommonsapi/browse/National_Renewable_Energy_Laboratory/USLCI_Database_Public/PROCESS/dcfd311d-d8be-4c39-bd16-a5bd0dd9eec8,2026-10-08,processes/dcfd311d-d8be-4c39-bd16-a5bd0dd9eec8.json,9634eaa2e677da587a171e542d1b8880a0609cf66dccca1a86132cc986985697
Stainless steel,steel,"Steel product; secondary structural, girts and purlins; at plant",e0aa6dd1-b3ac-30ab-bd56-64f96bfa4a1b,00.00.014,UNIT_PROCESS,USLCI,1.2026-09.0,United States of America (the),2010-12-31,2012-12-31,"Steel product; secondary structural, girts and purlins; at plant",20defd6e-b3f3-3a98-94e0-c5db9818a2c8,1.0,kg,False,1,NO_ALLOCATION,https://api.nal.usda.gov/FederalLCACommonsapi/browse/National_Renewable_Energy_Laboratory/USLCI_Database_Public/PROCESS/e0aa6dd1-b3ac-30ab-bd56-64f96bfa4a1b,2026-10-08,processes/e0aa6dd1-b3ac-30ab-bd56-64f96bfa4a1b.json,7f49b2ca95796194556131715b35d93f5b6b83842bc803b639cf8025960dcbd5
Stainless steel,steel,Steel; plate; at plant,f2ddc783-1192-43c8-aa84-938af62d8328,00.01.012,LCI_RESULT,USLCI,1.2026-09.0,Northern America,2014-01-01,2018-12-31,Steel; plate; at plant,18b83e89-156d-419c-b5a1-13b949bce256,1.0,kg,False,1,ECONOMIC_ALLOCATION,https://api.nal.usda.gov/FederalLCACommonsapi/browse/National_Renewable_Energy_Laboratory/USLCI_Database_Public/PROCESS/f2ddc783-1192-43c8-aa84-938af62d8328,2026-10-08,processes/f2ddc783-1192-43c8-aa84-938af62d8328.json,febe2ac46dd95ac49c8e4c8a0d952b7bfce33710b50056157ccc62aa7baa8004
Brass,copper,Copper; at storage Bridge; USLCI to USEEIO,6373ec73-ca57-47bd-8284-2f3cc25b8637,00.00.006,UNIT_PROCESS,USLCI,1.2026-09.0,unknown,unknown,unknown,Copper; at regional storage,19fb905b-a259-3480-848f-af6a058a4d99,1.0,kg,False,1,unknown,https://api.nal.usda.gov/FederalLCACommonsapi/browse/National_Renewable_Energy_Laboratory/USLCI_Database_Public/PROCESS/6373ec73-ca57-47bd-8284-2f3cc25b8637,2026-10-08,processes/6373ec73-ca57-47bd-8284-2f3cc25b8637.json,6ad4fc86095ab21c2f432cd5be3daa14735b7d6f0cd823958ec1526021b31f7d
Brass,copper,Copper sulfate; chemical reaction process; at processing plant,f0810c41-81cd-3dea-83b2-7a66c7fd9362,01.00.000,UNIT_PROCESS,USLCI,1.2026-09.0,United States of America (the),2003-12-31,2007-12-31,Copper sulfate; chemical reaction process; at processing plant,43330322-4a73-381c-a4e2-0c017f263032,1.0,kg,False,1,unknown,https://api.nal.usda.gov/FederalLCACommonsapi/browse/National_Renewable_Energy_Laboratory/USLCI_Database_Public/PROCESS/f0810c41-81cd-3dea-83b2-7a66c7fd9362,2026-10-08,processes/f0810c41-81cd-3dea-83b2-7a66c7fd9362.json,ad89c36f44a50b39da3348b75557817e9254cfb25ea2cda254f9ff67b12a9691
Brass,zinc,Zinc; special high grade,230e8d51-1f4d-3459-be47-429b0b828add,00.00.013,UNIT_PROCESS,USLCI,1.2026-09.0,Global,2004-12-31,2004-12-31,Zinc; special high grade,23942f4b-21e8-374d-83be-1c799aea1cd4,1000.0,kg,False,1,NO_ALLOCATION,https://api.nal.usda.gov/FederalLCACommonsapi/browse/National_Renewable_Energy_Laboratory/USLCI_Database_Public/PROCESS/230e8d51-1f4d-3459-be47-429b0b828add,2026-10-08,processes/230e8d51-1f4d-3459-be47-429b0b828add.json,9b4bf8bafd869777eff5b68bf92c1fcd49fc19b08381cc39a0a2029a320094ef
Brass,zinc,Zinc; sheet,7a0942f9-5fe3-3a78-aff1-9399fea7c14b,00.01.011,UNIT_PROCESS,USLCI,1.2026-09.0,Global,2004-12-31,2004-12-31,Zinc; sheet,808f834e-a34b-37a0-952c-57d6d404de92,1.0,kg,False,1,ECONOMIC_ALLOCATION,https://api.nal.usda.gov/FederalLCACommonsapi/browse/National_Renewable_Energy_Laboratory/USLCI_Database_Public/PROCESS/7a0942f9-5fe3-3a78-aff1-9399fea7c14b,2026-10-08,processes/7a0942f9-5fe3-3a78-aff1-9399fea7c14b.json,9d5d95c9e5ddfe062c32ecb0fd4276c8ff85197bea9ac3aea6232d213b21b178
Copper,copper,Copper; at storage Bridge; USLCI to USEEIO,6373ec73-ca57-47bd-8284-2f3cc25b8637,00.00.006,UNIT_PROCESS,USLCI,1.2026-09.0,unknown,unknown,unknown,Copper; at regional storage,19fb905b-a259-3480-848f-af6a058a4d99,1.0,kg,False,1,unknown,https://api.nal.usda.gov/FederalLCACommonsapi/browse/National_Renewable_Energy_Laboratory/USLCI_Database_Public/PROCESS/6373ec73-ca57-47bd-8284-2f3cc25b8637,2026-10-08,processes/6373ec73-ca57-47bd-8284-2f3cc25b8637.json,6ad4fc86095ab21c2f432cd5be3daa14735b7d6f0cd823958ec1526021b31f7d
Copper,copper,Copper sulfate; chemical reaction process; at processing plant,f0810c41-81cd-3dea-83b2-7a66c7fd9362,01.00.000,UNIT_PROCESS,USLCI,1.2026-09.0,United States of America (the),2003-12-31,2007-12-31,Copper sulfate; chemical reaction process; at processing plant,43330322-4a73-381c-a4e2-0c017f263032,1.0,kg,False,1,unknown,https://api.nal.usda.gov/FederalLCACommonsapi/browse/National_Renewable_Energy_Laboratory/USLCI_Database_Public/PROCESS/f0810c41-81cd-3dea-83b2-7a66c7fd9362,2026-10-08,processes/f0810c41-81cd-3dea-83b2-7a66c7fd9362.json,ad89c36f44a50b39da3348b75557817e9254cfb25ea2cda254f9ff67b12a9691
Polypropylene (PP),polypropylene,"Recycled postconsumer polypropylene, PP, pellet; at plant",185648c2-334e-419c-bf16-bb95e258f6bb,00.00.020,UNIT_PROCESS,USLCI,1.2026-09.0,Northern America,2016-01-01,2016-12-31,"Recycled postconsumer polypropylene, PP; pellet",8dd01d0e-7cc4-4fe1-a1af-fe78652dd4cf,1.0,kg,False,1,unknown,https://api.nal.usda.gov/FederalLCACommonsapi/browse/National_Renewable_Energy_Laboratory/USLCI_Database_Public/PROCESS/185648c2-334e-419c-bf16-bb95e258f6bb,2026-10-08,processes/185648c2-334e-419c-bf16-bb95e258f6bb.json,1f46b6a91b3df1aeb634a79930a3b6eaf787e2765ef4870bf8ed2c207a1528f8
Polypropylene (PP),polypropylene,Thermoforming; rigid polypropylene part; at plant,18c37a18-0ddd-3944-b9b1-458410215233,00.00.018,UNIT_PROCESS,USLCI,1.2026-09.0,Northern America,2009-12-31,2009-12-31,Thermoforming; rigid polypropylene part; at plant,894d8eff-5aa2-36a0-af0e-e0cadff322f9,1.0,kg,False,1,NO_ALLOCATION,https://api.nal.usda.gov/FederalLCACommonsapi/browse/National_Renewable_Energy_Laboratory/USLCI_Database_Public/PROCESS/18c37a18-0ddd-3944-b9b1-458410215233,2026-10-08,processes/18c37a18-0ddd-3944-b9b1-458410215233.json,177b0165fc3c5b98481a0e43e7b88aa35560aef2292ab6ff3e2b7e214adc8b75
Polypropylene (PP),polypropylene,"Polypropylene, PP; virgin resin; at plant",2e8facf6-46aa-4ddb-95de-a4e2a00eb2bb,00.01.012,UNIT_PROCESS,USLCI,1.2026-09.0,Northern America,2014-12-31,2016-12-30,"Polypropylene, PP; virgin resin; at plant",d0477b6a-115f-350d-bbb4-7f62243e3476,1.0,kg,False,1,NO_ALLOCATION,https://api.nal.usda.gov/FederalLCACommonsapi/browse/National_Renewable_Energy_Laboratory/USLCI_Database_Public/PROCESS/2e8facf6-46aa-4ddb-95de-a4e2a00eb2bb,2026-10-08,processes/2e8facf6-46aa-4ddb-95de-a4e2a00eb2bb.json,11314704c3635895e0dfc100a90053a2ff637684760519813489f59f8154f609
Polypropylene (PP),polypropylene,Injection molding; rigid polypropylene part; at plant,89a2b59a-1ca2-34f5-acc8-a8eaaa6fa870,00.00.022,UNIT_PROCESS,USLCI,1.2026-09.0,United States of America (the),2009-12-31,2009-12-31,Injection molding; rigid polypropylene part; at plant,b0533308-3c5a-3a1a-a8e6-4a310e2084bf,1.0,kg,False,1,NO_ALLOCATION,https://api.nal.usda.gov/FederalLCACommonsapi/browse/National_Renewable_Energy_Laboratory/USLCI_Database_Public/PROCESS/89a2b59a-1ca2-34f5-acc8-a8eaaa6fa870,2026-10-08,processes/89a2b59a-1ca2-34f5-acc8-a8eaaa6fa870.json,674b0d06f121d03605aba96f93a178d76b6526b3b239c2b6ca15fc72c76b04b1
Polyvinyl chloride (PVC),polyvinyl,Polyvinylfluoride Bridge; USLCI to USEEIO,080e1cca-c723-4941-b238-ef5af1e5a8a3,00.00.007,UNIT_PROCESS,USLCI,1.2026-09.0,unknown,unknown,unknown,Polyvinylfluoride; at plant,6d0c9403-70b9-3549-9522-aee9cf6c92e4,1.0,kg,False,1,unknown,https://api.nal.usda.gov/FederalLCACommonsapi/browse/National_Renewable_Energy_Laboratory/USLCI_Database_Public/PROCESS/080e1cca-c723-4941-b238-ef5af1e5a8a3,2026-10-08,processes/080e1cca-c723-4941-b238-ef5af1e5a8a3.json,110cfe2ecddb0f3ef68cb054d64d9c2de408572cad887e3ef5fba2fe2d6b4a2f
Polyvinyl chloride (PVC),polyvinyl,"Polyvinyl chloride resin, PVC; suspension grade; at plant",3dbccdda-2014-4239-ad1f-4e15c034942b,00.01.015,UNIT_PROCESS,USLCI,1.2026-09.0,United States of America (the),2022-01-01,2022-12-31,Polyvinyl chloride resin; suspension grade PVC; at plant,2bb0cd6b-941b-38da-856c-1b7bd0cc5f49,1.0,kg,False,1,NO_ALLOCATION,https://api.nal.usda.gov/FederalLCACommonsapi/browse/National_Renewable_Energy_Laboratory/USLCI_Database_Public/PROCESS/3dbccdda-2014-4239-ad1f-4e15c034942b,2026-10-08,processes/3dbccdda-2014-4239-ad1f-4e15c034942b.json,8d1eb0c76777d4f288c28ac72ef3426672a090f7afe4d032085c2dc6cea49ec6
Polyvinyl chloride (PVC),polyvinyl,"Municipal solid waste landfilling of polyvinyl chloride, PVC",da27970f-ada2-4360-ae98-d9b568e672e3,00.00.025,UNIT_PROCESS,USLCI,1.2026-09.0,United States of America (the),1996-01-01,2018-01-01,"Polyvinyl chloride (PVC), landfilled",6a6df67f-fad9-4791-9ef7-19832eed7932,1.0,sh tn,True,1,NO_ALLOCATION,https://api.nal.usda.gov/FederalLCACommonsapi/browse/National_Renewable_Energy_Laboratory/USLCI_Database_Public/PROCESS/da27970f-ada2-4360-ae98-d9b568e672e3,2026-10-08,processes/da27970f-ada2-4360-ae98-d9b568e672e3.json,424abe2993a3d7441a1db5e7f52e70f9aabdb474543ecf517ec4eea735a12441
Polyvinyl chloride (PVC),vinyl chloride,"Polyvinyl chloride resin, PVC; suspension grade; at plant",3dbccdda-2014-4239-ad1f-4e15c034942b,00.01.015,UNIT_PROCESS,USLCI,1.2026-09.0,United States of America (the),2022-01-01,2022-12-31,Polyvinyl chloride resin; suspension grade PVC; at plant,2bb0cd6b-941b-38da-856c-1b7bd0cc5f49,1.0,kg,False,1,NO_ALLOCATION,https://api.nal.usda.gov/FederalLCACommonsapi/browse/National_Renewable_Energy_Laboratory/USLCI_Database_Public/PROCESS/3dbccdda-2014-4239-ad1f-4e15c034942b,2026-10-08,processes/3dbccdda-2014-4239-ad1f-4e15c034942b.json,8d1eb0c76777d4f288c28ac72ef3426672a090f7afe4d032085c2dc6cea49ec6
Polyvinyl chloride (PVC),vinyl chloride,"Ethylene dichloride-vinyl chloride monomer, EDC-VCM; at plant",53bb995e-2b64-4464-87f4-a3b79dcd1c32,00.01.014,UNIT_PROCESS,USLCI,1.2026-09.0,United States of America (the),2022-01-01,2022-12-31,"Ethylene dichloride-vinyl chloride, EDC-VCM, monomer; at plant",d9aa7527-5ab6-3052-9b26-07e930d95ec6,1.0,kg,False,1,NO_ALLOCATION,https://api.nal.usda.gov/FederalLCACommonsapi/browse/National_Renewable_Energy_Laboratory/USLCI_Database_Public/PROCESS/53bb995e-2b64-4464-87f4-a3b79dcd1c32,2026-10-08,processes/53bb995e-2b64-4464-87f4-a3b79dcd1c32.json,7528a76e006be4307915a69f1e3ca93717882f591120225abb735dcebf744412
Polyvinyl chloride (PVC),vinyl chloride,"Municipal solid waste landfilling of polyvinyl chloride, PVC",da27970f-ada2-4360-ae98-d9b568e672e3,00.00.025,UNIT_PROCESS,USLCI,1.2026-09.0,United States of America (the),1996-01-01,2018-01-01,"Polyvinyl chloride (PVC), landfilled",6a6df67f-fad9-4791-9ef7-19832eed7932,1.0,sh tn,True,1,NO_ALLOCATION,https://api.nal.usda.gov/FederalLCACommonsapi/browse/National_Renewable_Energy_Laboratory/USLCI_Database_Public/PROCESS/da27970f-ada2-4360-ae98-d9b568e672e3,2026-10-08,processes/da27970f-ada2-4360-ae98-d9b568e672e3.json,424abe2993a3d7441a1db5e7f52e70f9aabdb474543ecf517ec4eea735a12441
"Nylon, grade unspecified",nylon,Nylon 66 Bridge; USLCI to USEEIO,052c051b-b37f-4f00-9fe8-f5b2764b69c1,00.00.016,UNIT_PROCESS,USLCI,1.2026-09.0,unknown,unknown,unknown,Nylon 6-6,e9890552-edd9-47e5-abd1-3d6ad19fdb92,1.0,kg,False,1,unknown,https://api.nal.usda.gov/FederalLCACommonsapi/browse/National_Renewable_Energy_Laboratory/USLCI_Database_Public/PROCESS/052c051b-b37f-4f00-9fe8-f5b2764b69c1,2026-10-08,processes/052c051b-b37f-4f00-9fe8-f5b2764b69c1.json,c9e3ba02a261a1b455e5f40c49b559f7934f574f539e27c498f24f9c7f391d44
"Nylon, grade unspecified",nylon,Nylon 6 Bridge; USLCI to USEEIO,a2174501-418e-4b2e-9dbd-fa81f5f0bcc7,00.00.012,UNIT_PROCESS,USLCI,1.2026-09.0,unknown,unknown,unknown,Nylon 6; at plant,c427c277-1d6f-3caf-a86d-31d08e26bfcd,1.0,kg,False,1,unknown,https://api.nal.usda.gov/FederalLCACommonsapi/browse/National_Renewable_Energy_Laboratory/USLCI_Database_Public/PROCESS/a2174501-418e-4b2e-9dbd-fa81f5f0bcc7,2026-10-08,processes/a2174501-418e-4b2e-9dbd-fa81f5f0bcc7.json,7929c12bbdc420bb5faa97c76f62c8d65cc33e5578cb26f71d0cdbcbd11d1b54
Polyoxymethylene (POM),formaldehyde,Phenol resorcinol formaldehyde hardener; at plant,09f2356f-629a-3305-8411-99967cf4a9b3,00.00.012,LCI_RESULT,USLCI,1.2026-09.0,United States of America (the),9998-12-31,9998-12-31,Phenol resorcinol formaldehyde hardener; at plant,63eac414-b4bb-3e50-b3a0-f85e2b3ba3b3,1.0,kg,False,1,NO_ALLOCATION,https://api.nal.usda.gov/FederalLCACommonsapi/browse/National_Renewable_Energy_Laboratory/USLCI_Database_Public/PROCESS/09f2356f-629a-3305-8411-99967cf4a9b3,2026-10-08,processes/09f2356f-629a-3305-8411-99967cf4a9b3.json,e99146560a82431b2855c9ed877c126467bd765199936d93feba1fed5cb04145
Polyoxymethylene (POM),formaldehyde,Phenol formaldehyde; at plant,0bb53c29-31b1-3e8c-87ac-a2ef6793f8f2,00.00.015,UNIT_PROCESS,USLCI,1.2026-09.0,United States of America (the),9998-12-31,9998-12-31,Phenol formaldehyde; at plant,b53bd8bb-b9b1-3c7d-812b-97adb96f8ba6,1.0,kg,False,1,NO_ALLOCATION,https://api.nal.usda.gov/FederalLCACommonsapi/browse/National_Renewable_Energy_Laboratory/USLCI_Database_Public/PROCESS/0bb53c29-31b1-3e8c-87ac-a2ef6793f8f2,2026-10-08,processes/0bb53c29-31b1-3e8c-87ac-a2ef6793f8f2.json,be8524754f544e2b6691e2dd4266c6e3a44169b9f4ebde97bcf8c188f4d1862c
Polyoxymethylene (POM),formaldehyde,Phenol resorcinol formaldehyde resin; neat; 60% solids,353b477b-8319-3538-b2a4-c771e17424de,00.00.025,UNIT_PROCESS,USLCI,1.2026-09.0,United States of America (the),2004-12-31,2004-12-31,Phenol resorcinol formaldehyde resin; neat; at plant; 60% solids,08d86eb7-9bc9-37a5-8700-69cf45f673a8,1.0,kg,False,1,NO_ALLOCATION,https://api.nal.usda.gov/FederalLCACommonsapi/browse/National_Renewable_Energy_Laboratory/USLCI_Database_Public/PROCESS/353b477b-8319-3538-b2a4-c771e17424de,2026-10-08,processes/353b477b-8319-3538-b2a4-c771e17424de.json,d21ed9b617770026a626f4fc117068e4a331a50abc83d9dad6275135237a094f
Polyoxymethylene (POM),formaldehyde,"Melamine urea formaldehyde, MF; hardener; at plant",3a287ab1-de41-3e89-bf5a-be7f3b97281b,00.00.013,LCI_RESULT,USLCI,1.2026-09.0,United States of America (the),9998-12-31,9998-12-31,"Melamine urea formaldehyde, MF; hardener; at plant",1161a48b-0650-3b74-9c13-09e121281ed8,1.0,kg,False,1,NO_ALLOCATION,https://api.nal.usda.gov/FederalLCACommonsapi/browse/National_Renewable_Energy_Laboratory/USLCI_Database_Public/PROCESS/3a287ab1-de41-3e89-bf5a-be7f3b97281b,2026-10-08,processes/3a287ab1-de41-3e89-bf5a-be7f3b97281b.json,6b806c2c4d6c2ce7a0347a761344aaf8269fd632077cfecd4494e30ee543da7a
Polyoxymethylene (POM),formaldehyde,Phenol resorcinol formaldehyde resin; at plant,401862df-2017-386b-807e-5892047e02be,00.00.013,LCI_RESULT,USLCI,1.2026-09.0,United States of America (the),9998-12-31,9998-12-31,Phenol resorcinol formaldehyde resin; at plant,00b08f68-2fb1-3f4f-bef3-e6f3f4d70de3,1.0,kg,False,1,NO_ALLOCATION,https://api.nal.usda.gov/FederalLCACommonsapi/browse/National_Renewable_Energy_Laboratory/USLCI_Database_Public/PROCESS/401862df-2017-386b-807e-5892047e02be,2026-10-08,processes/401862df-2017-386b-807e-5892047e02be.json,728bfe8243883f806aa8442857a0f723258c66474577a94d5821452e2d469928
Polyoxymethylene (POM),formaldehyde,"Urea formaldehyde, UF; resin, neat; 65% solids",4b835425-fd68-337c-8e35-a4ddfb5b628a,00.00.023,UNIT_PROCESS,USLCI,1.2026-09.0,United States of America (the),2004-12-31,2004-12-31,"Urea formaldehyde, UF; virgin resin, neat; at plant; 65% solids",3c6ecea9-ce37-3aa8-829b-f2f163d33d84,1.0,kg,False,1,NO_ALLOCATION,https://api.nal.usda.gov/FederalLCACommonsapi/browse/National_Renewable_Energy_Laboratory/USLCI_Database_Public/PROCESS/4b835425-fd68-337c-8e35-a4ddfb5b628a,2026-10-08,processes/4b835425-fd68-337c-8e35-a4ddfb5b628a.json,4c670adc9c0954e8a106f5411d8126ac74e84c14836a37665e0fd0ef57dc2ca0
Polyoxymethylene (POM),formaldehyde,"Melamine urea formaldehyde, MF; resin, neat; 60% solids",6ce2af92-11dd-3e96-8f77-4d215ac13b96,00.00.027,UNIT_PROCESS,USLCI,1.2026-09.0,United States of America (the),2004-12-31,2004-12-31,"Melamine urea formaldehyde, MF;  virgin resin, neat; at plant; 60% solids",cfbc5b82-c59c-330b-a12a-134699842889,1.0,kg,False,1,NO_ALLOCATION,https://api.nal.usda.gov/FederalLCACommonsapi/browse/National_Renewable_Energy_Laboratory/USLCI_Database_Public/PROCESS/6ce2af92-11dd-3e96-8f77-4d215ac13b96,2026-10-08,processes/6ce2af92-11dd-3e96-8f77-4d215ac13b96.json,28701be5a6af7865fd3a3d5a4c4f98147d802cc28fb84120c221e314fdb64bbc
Polyoxymethylene (POM),formaldehyde,"Melamine urea formaldehyde, MF; resin; at plant",c11f6f12-269d-3c4c-9ab0-6995cd5d8af2,00.00.013,LCI_RESULT,USLCI,1.2026-09.0,United States of America (the),9998-12-31,9998-12-31,"Melamine urea formaldehyde, MF; resin; at plant",2319eed6-941a-32b8-967a-3f5e33019e0b,1.0,kg,False,1,NO_ALLOCATION,https://api.nal.usda.gov/FederalLCACommonsapi/browse/National_Renewable_Energy_Laboratory/USLCI_Database_Public/PROCESS/c11f6f12-269d-3c4c-9ab0-6995cd5d8af2,2026-10-08,processes/c11f6f12-269d-3c4c-9ab0-6995cd5d8af2.json,88473a95da298ba552ee4b39590be9b1f0ee4a8f7f676ccf4a306e89c71a6d87
Polyoxymethylene (POM),formaldehyde,Phenol formaldehyde resin; neat; 47% solids,cd04cced-a75c-30c6-b05f-1fe6fbefb934,00.00.024,UNIT_PROCESS,USLCI,1.2026-09.0,United States of America (the),2004-12-31,2004-12-31,Phenol formaldehyde resin; neat; 47% solids,3c2baf23-665a-3c7a-b1df-19b89be18ec1,1.0,kg,False,1,NO_ALLOCATION,https://api.nal.usda.gov/FederalLCACommonsapi/browse/National_Renewable_Energy_Laboratory/USLCI_Database_Public/PROCESS/cd04cced-a75c-30c6-b05f-1fe6fbefb934,2026-10-08,processes/cd04cced-a75c-30c6-b05f-1fe6fbefb934.json,0598a2562620da95f2dd7a65191032d9f313c84792a8bd4685066cf3c04b69d4
Polycarbonate (PC),polycarbonate,Polycarbonate Bridge; USLCI to USEEIO,531f7547-3175-4114-842a-cf358fb4a10b,00.00.012,UNIT_PROCESS,USLCI,1.2026-09.0,unknown,unknown,unknown,Polycarbonate; at plant,59e4639e-ee0a-34ce-8c0f-d21078680506,1.0,kg,False,1,unknown,https://api.nal.usda.gov/FederalLCACommonsapi/browse/National_Renewable_Energy_Laboratory/USLCI_Database_Public/PROCESS/531f7547-3175-4114-842a-cf358fb4a10b,2026-10-08,processes/531f7547-3175-4114-842a-cf358fb4a10b.json,d09d6b88a1c46958a14cde06dcb2601d1734a028f105d8a0777352047219fe5e
Acrylonitrile-butadiene-styrene (ABS),acrylonitrile,"Acrylonitrile-butadiene-styrene, ABS; copolymer resin; at plant",0e42a306-ee2d-362e-8bc3-580000096459,00.01.010,UNIT_PROCESS,USLCI,1.2026-09.0,Northern America,2015-01-01,2016-12-31,"Acrylonitrile-butadiene-styrene, ABS; copolymer resin; at plant",c32cdfef-1136-4af8-945b-32dd954c7278,1.0,kg,False,1,NO_ALLOCATION,https://api.nal.usda.gov/FederalLCACommonsapi/browse/National_Renewable_Energy_Laboratory/USLCI_Database_Public/PROCESS/0e42a306-ee2d-362e-8bc3-580000096459,2026-10-08,processes/0e42a306-ee2d-362e-8bc3-580000096459.json,4d03c86f0be042e7230ef81fe867fbfce31d85b742f1d651466dacdedf8b9273
Acrylonitrile-butadiene-styrene (ABS),acrylonitrile,Acrylonitrile; at plant,13abc978-777f-4929-9990-4f53976d032f,00.01.007,UNIT_PROCESS,USLCI,1.2026-09.0,United States of America (the),2019-01-01,2019-12-31,Acrylonitrile; at plant,73d4a4b3-24a9-40ee-833c-435fae6a1150,1.0,kg,False,1,NO_ALLOCATION,https://api.nal.usda.gov/FederalLCACommonsapi/browse/National_Renewable_Energy_Laboratory/USLCI_Database_Public/PROCESS/13abc978-777f-4929-9990-4f53976d032f,2026-10-08,processes/13abc978-777f-4929-9990-4f53976d032f.json,4184b34d0eade4316ce6f75d93693f142c7ac2271aa1a34f65025928147bf13b
Acrylonitrile-butadiene-styrene (ABS),acrylonitrile,"Polyacrylonitrile, PAN: at plant",9837ad08-84b1-4c5b-a2f2-c1b8eb07e754,00.01.008,UNIT_PROCESS,USLCI,1.2026-09.0,United States of America (the),2019-01-01,2019-12-31,"Polyacrylonitrile, PAN; at plant",b9f994f8-a3f6-4ccf-bbe8-6d7f59adb4aa,1.0,kg,False,1,NO_ALLOCATION,https://api.nal.usda.gov/FederalLCACommonsapi/browse/National_Renewable_Energy_Laboratory/USLCI_Database_Public/PROCESS/9837ad08-84b1-4c5b-a2f2-c1b8eb07e754,2026-10-08,processes/9837ad08-84b1-4c5b-a2f2-c1b8eb07e754.json,e46d7cc188e946c69555b7bbb7139d1d0e0a5cfcad0a76290b03f830275648e0
Acrylonitrile-butadiene-styrene (ABS),butadiene,"Acrylonitrile-butadiene-styrene, ABS; copolymer resin; at plant",0e42a306-ee2d-362e-8bc3-580000096459,00.01.010,UNIT_PROCESS,USLCI,1.2026-09.0,Northern America,2015-01-01,2016-12-31,"Acrylonitrile-butadiene-styrene, ABS; copolymer resin; at plant",c32cdfef-1136-4af8-945b-32dd954c7278,1.0,kg,False,1,NO_ALLOCATION,https://api.nal.usda.gov/FederalLCACommonsapi/browse/National_Renewable_Energy_Laboratory/USLCI_Database_Public/PROCESS/0e42a306-ee2d-362e-8bc3-580000096459,2026-10-08,processes/0e42a306-ee2d-362e-8bc3-580000096459.json,4d03c86f0be042e7230ef81fe867fbfce31d85b742f1d651466dacdedf8b9273
Acrylonitrile-butadiene-styrene (ABS),butadiene,"Styrene-butadiene-styrene, SBS, block copolymer; average consumption mix; at plant",29a4c9a9-eca6-403c-9a88-4e12b6c33933,01.00.022,UNIT_PROCESS,USLCI,1.2026-09.0,Northern America,2020-01-01,2020-12-31,"Styrene-butadiene-styrene, SBS, block copolymer; at plant",fae9659e-517b-3574-b54e-e2a7c0df56b1,1.0,kg,False,1,PHYSICAL_ALLOCATION,https://api.nal.usda.gov/FederalLCACommonsapi/browse/National_Renewable_Energy_Laboratory/USLCI_Database_Public/PROCESS/29a4c9a9-eca6-403c-9a88-4e12b6c33933,2026-10-08,processes/29a4c9a9-eca6-403c-9a88-4e12b6c33933.json,7d9747b82af98ff546cb0462e2992a9c3736d2677e0f2d635313a2105e5d3896
Acrylonitrile-butadiene-styrene (ABS),butadiene,Natural gas; for butadiene combusted in industrial boiler; at hydrocracker,39abf743-0b9e-33e3-8752-b418609504f1,00.00.013,UNIT_PROCESS,USLCI,1.2026-09.0,Northern America,1997-12-31,2002-12-31,"Natural gas; combusted in industrial boiler, for butadiene; at hydrocracker",61eecbb0-064b-314d-ac7a-2a2d374ccf25,1.0,m3,False,1,NO_ALLOCATION,https://api.nal.usda.gov/FederalLCACommonsapi/browse/National_Renewable_Energy_Laboratory/USLCI_Database_Public/PROCESS/39abf743-0b9e-33e3-8752-b418609504f1,2026-10-08,processes/39abf743-0b9e-33e3-8752-b418609504f1.json,f682de0951580e3cb1e5cd5b91009ac49d27a71dad4d1c550a901be4024345cb
Acrylonitrile-butadiene-styrene (ABS),butadiene,Butadiene; at plant,5d274fc8-65f3-3f3a-a583-f12cace7c494,00.00.020,UNIT_PROCESS,USLCI,1.2026-09.0,Northern America,2002-12-31,2002-12-31,Butadiene; at plant,73397897-35ba-3539-b474-d4a12f1628d0,1.0,kg,False,1,NO_ALLOCATION,https://api.nal.usda.gov/FederalLCACommonsapi/browse/National_Renewable_Energy_Laboratory/USLCI_Database_Public/PROCESS/5d274fc8-65f3-3f3a-a583-f12cace7c494,2026-10-08,processes/5d274fc8-65f3-3f3a-a583-f12cace7c494.json,c2bd0fd132ffcddc8c309ec5e27c38ad9ff67fb12cdb9195fd166bffe520ebe1
Acrylonitrile-butadiene-styrene (ABS),butadiene,"Asphalt binder; 3.5% styrene-butadiene-styrene, SBS, consumption mix, from crude oil; at terminal",bbf3dc45-a370-405e-8996-7358b7f1841c,00.01.003,LCI_RESULT,USLCI,1.2026-09.0,Northern America,2015-12-31,2022-12-31,Asphalt binder,ada21fb4-fd3a-4557-9085-9f1495ae8a0c,1.0,kg,False,1,ECONOMIC_ALLOCATION,https://api.nal.usda.gov/FederalLCACommonsapi/browse/National_Renewable_Energy_Laboratory/USLCI_Database_Public/PROCESS/bbf3dc45-a370-405e-8996-7358b7f1841c,2026-10-08,processes/bbf3dc45-a370-405e-8996-7358b7f1841c.json,ced8f69bc26c7252aafbea58c96fd339da4984b3ebb625e8461d92b450e9b3df
Acrylonitrile-butadiene-styrene (ABS),butadiene,Polybutadiene; butadiene rubber; at plant,fa60e60f-73f0-3e20-bb3a-073e4a9469cc,02.01.004,UNIT_PROCESS,USLCI,1.2026-09.0,Northern America,1990-01-01,2003-12-31,"Polybutadiene, butadiene rubber, BR; at plant",cba81a11-592f-3984-9f10-86b0607258d1,1.0,kg,False,1,PHYSICAL_ALLOCATION,https://api.nal.usda.gov/FederalLCACommonsapi/browse/National_Renewable_Energy_Laboratory/USLCI_Database_Public/PROCESS/fa60e60f-73f0-3e20-bb3a-073e4a9469cc,2026-10-08,processes/fa60e60f-73f0-3e20-bb3a-073e4a9469cc.json,5b52d705f7d8440ae01dadecfd3039540cd169b2fffcb680401ddb2eaf33cdf9
Acrylonitrile-butadiene-styrene (ABS),butadiene,"Styrene-butadiene-styrene, SBS, block copolymer; average consumption mix; at plant",ff8209b1-8045-33a2-97fa-10176c57b0bd,01.00.006,LCI_RESULT,USLCI,1.2026-09.0,Northern America,2020-01-01,2020-12-31,"Styrene-butadiene-styrene, SBS, block copolymer; at plant",fae9659e-517b-3574-b54e-e2a7c0df56b1,1.0,kg,False,1,PHYSICAL_ALLOCATION,https://api.nal.usda.gov/FederalLCACommonsapi/browse/National_Renewable_Energy_Laboratory/USLCI_Database_Public/PROCESS/ff8209b1-8045-33a2-97fa-10176c57b0bd,2026-10-08,processes/ff8209b1-8045-33a2-97fa-10176c57b0bd.json,80038440c5304bf3f1d294b6eacccf6699c3fe99e9cd9344b14a54cd042fde4b
LDPE packaging foil,polyethylene,"Combustion of high density polyethylene, HDPE",00a9571c-008b-4542-bb6b-60e9185d1e24,00.00.038,UNIT_PROCESS,USLCI,1.2026-09.0,United States of America (the),1993-01-01,2018-01-01,"High density polyethylene, HDPE, combusted",a9f7888a-42fc-4201-a985-e997a80dd018,1.0,sh tn,True,1,NO_ALLOCATION,https://api.nal.usda.gov/FederalLCACommonsapi/browse/National_Renewable_Energy_Laboratory/USLCI_Database_Public/PROCESS/00a9571c-008b-4542-bb6b-60e9185d1e24,2026-10-08,processes/00a9571c-008b-4542-bb6b-60e9185d1e24.json,b35535817f0f2d9df019c71de4e67241ad314de82db53f448a15093cbbfc9ab2
LDPE packaging foil,polyethylene,"Recycled postconsumer high-density polyethylene, HDPE, flake; at plant",17664c37-72c0-4813-a4b9-93f962962c63,00.01.030,UNIT_PROCESS,USLCI,1.2026-09.0,Northern America,2016-01-01,2016-12-31,"Recycled postconsumer high-density polyethylene, HDPE; flake",c670f34f-b874-4928-89c0-a64ff78d7053,1.0,kg,False,1,NO_ALLOCATION,https://api.nal.usda.gov/FederalLCACommonsapi/browse/National_Renewable_Energy_Laboratory/USLCI_Database_Public/PROCESS/17664c37-72c0-4813-a4b9-93f962962c63,2026-10-08,processes/17664c37-72c0-4813-a4b9-93f962962c63.json,4be538cae4a64f3188815b7710aa12dea134c7d8c0ae800105bbc3892fcf5c21
LDPE packaging foil,polyethylene,"Linear low-density polyethylene, LLDPE; virgin resin; at plant",1dbafde2-2bc3-405c-9726-4d92fe7d29f9,00.01.012,UNIT_PROCESS,USLCI,1.2026-09.0,Northern America,2014-12-30,2016-12-29,"Linear low-density polyethylene, LLDPE; virgin resin; at plant",1ca3b8d5-a002-41c1-bdce-8db63ea6291e,1.0,kg,False,1,NO_ALLOCATION,https://api.nal.usda.gov/FederalLCACommonsapi/browse/National_Renewable_Energy_Laboratory/USLCI_Database_Public/PROCESS/1dbafde2-2bc3-405c-9726-4d92fe7d29f9,2026-10-08,processes/1dbafde2-2bc3-405c-9726-4d92fe7d29f9.json,7ec063cd08052ded73e15814b505e2bd1878dc27d7ce6363aa3bbfdd87dd47cb
LDPE packaging foil,polyethylene,"Recycled postconsumer polyethylene terephthalate, PET, pellet; at plant",22ebc7fb-f03f-37dc-be57-b73d2c577414,00.01.017,UNIT_PROCESS,USLCI,1.2026-09.0,Northern America,2016-01-01,2016-12-31,"Recycled postconsumer polyethylene teraphthalate, rPET; pellet",0cce541b-c427-3bc0-bc0b-349945225c9c,1.0,kg,False,1,NO_ALLOCATION,https://api.nal.usda.gov/FederalLCACommonsapi/browse/National_Renewable_Energy_Laboratory/USLCI_Database_Public/PROCESS/22ebc7fb-f03f-37dc-be57-b73d2c577414,2026-10-08,processes/22ebc7fb-f03f-37dc-be57-b73d2c577414.json,a7758a5b8e4f8cf167070e78c5941fe8ba4ce1ff5d7f30ce282b0b2c11fb356e
LDPE packaging foil,polyethylene,"Stretch film, linear low density polyethylene, LLDPE; at plant",26f39b7c-389c-4903-8f09-6ef5e95876cc,00.00.017,UNIT_PROCESS,USLCI,1.2026-09.0,United States of America (the),1990-01-01,2025-12-31,Stretch film; at plant,5e10338c-f20d-4432-ac00-1317fdce1ba3,1.0,kg,False,1,unknown,https://api.nal.usda.gov/FederalLCACommonsapi/browse/National_Renewable_Energy_Laboratory/USLCI_Database_Public/PROCESS/26f39b7c-389c-4903-8f09-6ef5e95876cc,2026-10-08,processes/26f39b7c-389c-4903-8f09-6ef5e95876cc.json,cc84f405f28df1ab0a22c337929aaeed3ac6f127c6d902fab57f6144d1c6d301
LDPE packaging foil,polyethylene,"High density polyethylene, HDPE; virgin resin; at plant",2712f03a-80fe-4a2b-9005-ca9ba99f7eb3,00.01.013,UNIT_PROCESS,USLCI,1.2026-09.0,Northern America,2014-12-30,2016-12-29,"High density polyethylene, HDPE; virgin resin; at plant",0def374e-dc34-4f2a-81d6-1a8f4eb7faa6,1.0,kg,False,1,NO_ALLOCATION,https://api.nal.usda.gov/FederalLCACommonsapi/browse/National_Renewable_Energy_Laboratory/USLCI_Database_Public/PROCESS/2712f03a-80fe-4a2b-9005-ca9ba99f7eb3,2026-10-08,processes/2712f03a-80fe-4a2b-9005-ca9ba99f7eb3.json,a56de5cc07fe4a312c078c8c0680bf2c2c97a65be87538aca887a4dc633eef8b
LDPE packaging foil,polyethylene,"Polyethylene terephthalate, PET; virgin resin; at plant",2b2f738d-2044-462f-ba56-5112ee683cb6,00.01.022,UNIT_PROCESS,USLCI,1.2026-09.0,United States of America (the),2022-01-01,2022-12-31,"Polyethylene terephthalate, PET; virgin resin; at plant",e7bbbd06-5887-45b0-a3c2-c9d06d571351,1.0,kg,False,1,NO_ALLOCATION,https://api.nal.usda.gov/FederalLCACommonsapi/browse/National_Renewable_Energy_Laboratory/USLCI_Database_Public/PROCESS/2b2f738d-2044-462f-ba56-5112ee683cb6,2026-10-08,processes/2b2f738d-2044-462f-ba56-5112ee683cb6.json,37c30e3bb2d52a3d412b475842cd628155ce488b1a283355a3d8dc89e8b36804
LDPE packaging foil,polyethylene,"Combustion of polyethylene terephthalate, PET",30a3f9c8-02db-4746-9fb3-401294d13fef,00.00.038,UNIT_PROCESS,USLCI,1.2026-09.0,United States of America (the),1993-01-01,2018-01-01,"Polyethylene terephthalate (PET), combusted",a2654154-5925-4b83-b6b0-9074af6e7410,1.0,sh tn,True,1,NO_ALLOCATION,https://api.nal.usda.gov/FederalLCACommonsapi/browse/National_Renewable_Energy_Laboratory/USLCI_Database_Public/PROCESS/30a3f9c8-02db-4746-9fb3-401294d13fef,2026-10-08,processes/30a3f9c8-02db-4746-9fb3-401294d13fef.json,cdf9472d027bb7cf9418fc67d5910eb629e462f0482fdde291e8a7abd6fe2e40
LDPE packaging foil,polyethylene,"Low-density polyethylene, LDPE; virgin resin; at plant",6a12cba1-889d-4515-90f8-89feb8d662f2,00.01.012,UNIT_PROCESS,USLCI,1.2026-09.0,Northern America,2014-12-31,2016-12-30,"Low-density polyethylene, LDPE; virgin resin; at plant",2f9d79bf-e4c6-400a-a076-8c00f468fa3b,1.0,kg,False,1,NO_ALLOCATION,https://api.nal.usda.gov/FederalLCACommonsapi/browse/National_Renewable_Energy_Laboratory/USLCI_Database_Public/PROCESS/6a12cba1-889d-4515-90f8-89feb8d662f2,2026-10-08,processes/6a12cba1-889d-4515-90f8-89feb8d662f2.json,a98887b6da72c042d4a832a8d5284a573580c79683d6b841b547232b58e07305
LDPE packaging foil,polyethylene,"Recycled postconsumer high-density polyethylene, HDPE, pellet; at plant",b15aa6b2-a8be-3afc-a149-0a1a13facb12,00.01.020,UNIT_PROCESS,USLCI,1.2026-09.0,Northern America,2016-01-01,2016-12-31,"Recycled postconsumer high-density polyethylene, HDPE; pellet",c0e21190-462d-3466-b90f-a32b241a70f4,1.0,kg,False,1,NO_ALLOCATION,https://api.nal.usda.gov/FederalLCACommonsapi/browse/National_Renewable_Energy_Laboratory/USLCI_Database_Public/PROCESS/b15aa6b2-a8be-3afc-a149-0a1a13facb12,2026-10-08,processes/b15aa6b2-a8be-3afc-a149-0a1a13facb12.json,beca13572c6bd0ea2cec9ffeb37e7800646418ae30fc084da231831783a2da0c
LDPE packaging foil,polyethylene,"Recycled postconsumer polyethylene terephthalate, PET, flake; at plant",f7b7280d-f372-3a4b-86cf-caa588ca67ea,00.01.026,UNIT_PROCESS,USLCI,1.2026-09.0,Northern America,2016-01-01,2016-12-31,"Recycled postconsumer polyethylene teraphthalate, rPET; flake",83f59491-2195-3f40-a111-15459445aa9c,1.0,kg,False,1,NO_ALLOCATION,https://api.nal.usda.gov/FederalLCACommonsapi/browse/National_Renewable_Energy_Laboratory/USLCI_Database_Public/PROCESS/f7b7280d-f372-3a4b-86cf-caa588ca67ea,2026-10-08,processes/f7b7280d-f372-3a4b-86cf-caa588ca67ea.json,c52c934fe90c0212490eff3e68d571799b0e0994d0aa0fe47b12d6933e64eab2
LDPE packaging foil,LDPE,"Linear low-density polyethylene, LLDPE; virgin resin; at plant",1dbafde2-2bc3-405c-9726-4d92fe7d29f9,00.01.012,UNIT_PROCESS,USLCI,1.2026-09.0,Northern America,2014-12-30,2016-12-29,"Linear low-density polyethylene, LLDPE; virgin resin; at plant",1ca3b8d5-a002-41c1-bdce-8db63ea6291e,1.0,kg,False,1,NO_ALLOCATION,https://api.nal.usda.gov/FederalLCACommonsapi/browse/National_Renewable_Energy_Laboratory/USLCI_Database_Public/PROCESS/1dbafde2-2bc3-405c-9726-4d92fe7d29f9,2026-10-08,processes/1dbafde2-2bc3-405c-9726-4d92fe7d29f9.json,7ec063cd08052ded73e15814b505e2bd1878dc27d7ce6363aa3bbfdd87dd47cb
LDPE packaging foil,LDPE,"Stretch film, linear low density polyethylene, LLDPE; at plant",26f39b7c-389c-4903-8f09-6ef5e95876cc,00.00.017,UNIT_PROCESS,USLCI,1.2026-09.0,United States of America (the),1990-01-01,2025-12-31,Stretch film; at plant,5e10338c-f20d-4432-ac00-1317fdce1ba3,1.0,kg,False,1,unknown,https://api.nal.usda.gov/FederalLCACommonsapi/browse/National_Renewable_Energy_Laboratory/USLCI_Database_Public/PROCESS/26f39b7c-389c-4903-8f09-6ef5e95876cc,2026-10-08,processes/26f39b7c-389c-4903-8f09-6ef5e95876cc.json,cc84f405f28df1ab0a22c337929aaeed3ac6f127c6d902fab57f6144d1c6d301
LDPE packaging foil,LDPE,"Low-density polyethylene, LDPE; virgin resin; at plant",6a12cba1-889d-4515-90f8-89feb8d662f2,00.01.012,UNIT_PROCESS,USLCI,1.2026-09.0,Northern America,2014-12-31,2016-12-30,"Low-density polyethylene, LDPE; virgin resin; at plant",2f9d79bf-e4c6-400a-a076-8c00f468fa3b,1.0,kg,False,1,NO_ALLOCATION,https://api.nal.usda.gov/FederalLCACommonsapi/browse/National_Renewable_Energy_Laboratory/USLCI_Database_Public/PROCESS/6a12cba1-889d-4515-90f8-89feb8d662f2,2026-10-08,processes/6a12cba1-889d-4515-90f8-89feb8d662f2.json,a98887b6da72c042d4a832a8d5284a573580c79683d6b841b547232b58e07305
LDPE packaging foil,LDPE,Injection molding; rigid LLDPE part; at plant,9fe670f2-0846-377e-8b15-db170d54ac32,00.00.021,UNIT_PROCESS,USLCI,1.2026-09.0,Northern America,2009-12-31,2009-12-31,Injection molding; rigid LLDPE part; at plant,dcb34c9b-2519-3942-af74-446eb6885972,1.0,kg,False,1,NO_ALLOCATION,https://api.nal.usda.gov/FederalLCACommonsapi/browse/National_Renewable_Energy_Laboratory/USLCI_Database_Public/PROCESS/9fe670f2-0846-377e-8b15-db170d54ac32,2026-10-08,processes/9fe670f2-0846-377e-8b15-db170d54ac32.json,f2cfd0574ead6e0a032ecf7dd9887c40aa71870d45b87d7d4e996ddcfec66a36
Cardboard packaging,corrugated,Corrugated product; average production; at mill,226ed3c2-e020-4c95-b1fc-4559fc2d18ac,00.01.008,UNIT_PROCESS,USLCI,1.2026-09.0,United States of America (the),2013-12-31,2014-12-30,Corrugated product; at mill,f806b9df-b77c-3369-a00f-feda82b0778c,1.0,kg,False,1,NO_ALLOCATION,https://api.nal.usda.gov/FederalLCACommonsapi/browse/National_Renewable_Energy_Laboratory/USLCI_Database_Public/PROCESS/226ed3c2-e020-4c95-b1fc-4559fc2d18ac,2026-10-08,processes/226ed3c2-e020-4c95-b1fc-4559fc2d18ac.json,1d3517abaddcc44577e45612eadfbf104cfeec6798f995f42b68132a891dd37d
Cardboard packaging,corrugated,Corrugated product; 100% recycled; at mill,9c10be0f-e38e-4551-b8b5-eef65fa27dcc,00.01.010,UNIT_PROCESS,USLCI,1.2026-09.0,United States of America (the),2013-12-31,2014-12-30,Corrugated product; 100% recycled; at mill,beaa8db7-97f9-4db4-a4c7-112ede974b62,1.0,kg,False,1,NO_ALLOCATION,https://api.nal.usda.gov/FederalLCACommonsapi/browse/National_Renewable_Energy_Laboratory/USLCI_Database_Public/PROCESS/9c10be0f-e38e-4551-b8b5-eef65fa27dcc,2026-10-08,processes/9c10be0f-e38e-4551-b8b5-eef65fa27dcc.json,6ad6cf51584f12e87d6ae8caf243d3d0743969a59f2dfff7fc9ceada8f29f3e8
Cardboard packaging,corrugated,Combustion of corrugated containers,9da15ed3-884b-4007-bf5e-7dd1bc4808b8,00.00.038,UNIT_PROCESS,USLCI,1.2026-09.0,United States of America (the),1993-01-01,2018-01-01,"Corrugated containers, combusted",a65a2b82-4540-45b5-b9f5-8a39b18f92f9,1.0,sh tn,True,1,NO_ALLOCATION,https://api.nal.usda.gov/FederalLCACommonsapi/browse/National_Renewable_Energy_Laboratory/USLCI_Database_Public/PROCESS/9da15ed3-884b-4007-bf5e-7dd1bc4808b8,2026-10-08,processes/9da15ed3-884b-4007-bf5e-7dd1bc4808b8.json,54ac9b138caa031881c3f110310dc7cfca85b674fec154baa9dadfbf51304774
Cardboard packaging,paperboard,"Transport; average mix; pulp, newsprint, paper, and paperboard",39348578-1c7e-3e00-853c-b2c2af2c5295,01.01.001,UNIT_PROCESS,USLCI,1.2026-09.0,United States of America (the),2017-01-01,2017-12-31,Commodity transport; at consumer,1d6944d8-817b-3ae1-b997-68bdc265557f,1.0,kg,False,1,PHYSICAL_ALLOCATION,https://api.nal.usda.gov/FederalLCACommonsapi/browse/National_Renewable_Energy_Laboratory/USLCI_Database_Public/PROCESS/39348578-1c7e-3e00-853c-b2c2af2c5295,2026-10-08,processes/39348578-1c7e-3e00-853c-b2c2af2c5295.json,cbd34a1c8825e1b322a1441fb626e80646ccf3927371076914e72169589fde98
Cardboard packaging,paperboard,Transport; average mix; paper or paperboard articles,7e1d7a2d-0303-3387-8d93-350058351e45,01.01.001,UNIT_PROCESS,USLCI,1.2026-09.0,United States of America (the),2017-01-01,2017-12-31,Commodity transport; at consumer,1d6944d8-817b-3ae1-b997-68bdc265557f,1.0,kg,False,1,PHYSICAL_ALLOCATION,https://api.nal.usda.gov/FederalLCACommonsapi/browse/National_Renewable_Energy_Laboratory/USLCI_Database_Public/PROCESS/7e1d7a2d-0303-3387-8d93-350058351e45,2026-10-08,processes/7e1d7a2d-0303-3387-8d93-350058351e45.json,2a32651878379a5ccb5698fec8b49758011e15c0c99fe1c0c284493956c0a517
Cardboard packaging,containerboard,Containerboard; 100% recycled; at mill,12ba204b-7438-49df-abbb-b8cbe817927e,00.01.017,UNIT_PROCESS,USLCI,1.2026-09.0,United States of America (the),2013-12-31,2014-12-30,Containerboard; 100% recycled; at mill,d333b561-b475-319e-9204-7ef75f373308,1.10516007,kg,False,1,NO_ALLOCATION,https://api.nal.usda.gov/FederalLCACommonsapi/browse/National_Renewable_Energy_Laboratory/USLCI_Database_Public/PROCESS/12ba204b-7438-49df-abbb-b8cbe817927e,2026-10-08,processes/12ba204b-7438-49df-abbb-b8cbe817927e.json,3e3e18cdf75879d8448ace7841406d2f90c7962de32d4e70aaffe3f993eba9ef
Cardboard packaging,containerboard,Containerboard; at mill,c245a252-0860-41d2-9789-802bab7984ab,00.01.022,UNIT_PROCESS,USLCI,1.2026-09.0,United States of America (the),2013-12-31,2014-12-30,Containerboard; at mill,42385daf-e0a4-35de-9a68-931400275c60,1.10516007,kg,False,1,ECONOMIC_ALLOCATION,https://api.nal.usda.gov/FederalLCACommonsapi/browse/National_Renewable_Energy_Laboratory/USLCI_Database_Public/PROCESS/c245a252-0860-41d2-9789-802bab7984ab,2026-10-08,processes/c245a252-0860-41d2-9789-802bab7984ab.json,725059b62279cc8dc2bba6874f10ed8eb8681e49260cf23ea37f69669e572134
Cardboard packaging,kraft,Fuels; burned at bleached kraft market pulp mill; at mill,41c595b2-230b-3303-ac12-e059acd6312f,00.01.004,UNIT_PROCESS,USLCI,1.2026-09.0,Northern America,2005-12-31,2005-12-31,Fuels; burned at bleached kraft market pulp mill; at mill,0890c0a7-d074-3730-822f-d7895d64b8c7,10867.0,MJ,False,1,NO_ALLOCATION,https://api.nal.usda.gov/FederalLCACommonsapi/browse/National_Renewable_Energy_Laboratory/USLCI_Database_Public/PROCESS/41c595b2-230b-3303-ac12-e059acd6312f,2026-10-08,processes/41c595b2-230b-3303-ac12-e059acd6312f.json,375001023d2fa4f7e4400b46f20e4b885ccf3f0ee1c46c24ac74025e6e5438be
Cardboard packaging,kraft,Fuels; burned at unbleached kraft bag sack paper; at mill,85cc9ce7-c801-36bd-ac92-2bb7bf7b5209,00.01.004,UNIT_PROCESS,USLCI,1.2026-09.0,Northern America,2005-12-31,2005-12-31,Fuels burned at unbleached kraft bag sack paper; at mill,9475d62c-11e0-351b-aa9e-7fb9e035b96b,11045.0,MJ,False,1,NO_ALLOCATION,https://api.nal.usda.gov/FederalLCACommonsapi/browse/National_Renewable_Energy_Laboratory/USLCI_Database_Public/PROCESS/85cc9ce7-c801-36bd-ac92-2bb7bf7b5209,2026-10-08,processes/85cc9ce7-c801-36bd-ac92-2bb7bf7b5209.json,3a3452f51b9224530e6bfa55ae71e7a6a38c7d02467e2278f7397160ebffd10a
Cardboard packaging,kraft,"Pulp; kraft market, bleached; at mill",cbf4023b-71f7-36b7-8c45-ea43bc2f108c,00.02.020,UNIT_PROCESS,USLCI,1.2026-09.0,Northern America,2005-12-31,2005-12-31,"Pulp; kraft market, bleached; at mill",b8dc8889-932a-3517-8d7d-c663d1373227,816.46623,kg,False,1,ECONOMIC_ALLOCATION,https://api.nal.usda.gov/FederalLCACommonsapi/browse/National_Renewable_Energy_Laboratory/USLCI_Database_Public/PROCESS/cbf4023b-71f7-36b7-8c45-ea43bc2f108c,2026-10-08,processes/cbf4023b-71f7-36b7-8c45-ea43bc2f108c.json,a58c6a8bc7b84a0ffd3e6c964b0d9e1a893078af433a83e12423654443fa7609
Cardboard packaging,kraft,Paper bag and sack; unbleached kraft; at mill,f9cf891e-fd8c-304c-9707-4a7e390b9e75,00.01.018,UNIT_PROCESS,USLCI,1.2026-09.0,Northern America,2005-12-31,2005-12-31,Paper bag and sack; unbleached kraft; at mill,0871432e-9009-3056-8387-d73d5b0d2da3,834.61,kg,False,1,ECONOMIC_ALLOCATION,https://api.nal.usda.gov/FederalLCACommonsapi/browse/National_Renewable_Energy_Laboratory/USLCI_Database_Public/PROCESS/f9cf891e-fd8c-304c-9707-4a7e390b9e75,2026-10-08,processes/f9cf891e-fd8c-304c-9707-4a7e390b9e75.json,7ea715c5126ccf65b5cd4d187b2943fd6ffae177d1adcc951e187e8e2423f309
Conversion services,injection mold,Injection molding; rigid polypropylene part; at plant,89a2b59a-1ca2-34f5-acc8-a8eaaa6fa870,00.00.022,UNIT_PROCESS,USLCI,1.2026-09.0,United States of America (the),2009-12-31,2009-12-31,Injection molding; rigid polypropylene part; at plant,b0533308-3c5a-3a1a-a8e6-4a310e2084bf,1.0,kg,False,1,NO_ALLOCATION,https://api.nal.usda.gov/FederalLCACommonsapi/browse/National_Renewable_Energy_Laboratory/USLCI_Database_Public/PROCESS/89a2b59a-1ca2-34f5-acc8-a8eaaa6fa870,2026-10-08,processes/89a2b59a-1ca2-34f5-acc8-a8eaaa6fa870.json,674b0d06f121d03605aba96f93a178d76b6526b3b239c2b6ca15fc72c76b04b1
Conversion services,injection mold,Injection molding; rigid LLDPE part; at plant,9fe670f2-0846-377e-8b15-db170d54ac32,00.00.021,UNIT_PROCESS,USLCI,1.2026-09.0,Northern America,2009-12-31,2009-12-31,Injection molding; rigid LLDPE part; at plant,dcb34c9b-2519-3942-af74-446eb6885972,1.0,kg,False,1,NO_ALLOCATION,https://api.nal.usda.gov/FederalLCACommonsapi/browse/National_Renewable_Energy_Laboratory/USLCI_Database_Public/PROCESS/9fe670f2-0846-377e-8b15-db170d54ac32,2026-10-08,processes/9fe670f2-0846-377e-8b15-db170d54ac32.json,f2cfd0574ead6e0a032ecf7dd9887c40aa71870d45b87d7d4e996ddcfec66a36
Conversion services,extrusion,Aluminum; extrusion; at plant,77fe2197-8861-3569-8d85-07151789b1e7,00.01.008,UNIT_PROCESS,USLCI,1.2026-09.0,Northern America,2009-12-31,2014-12-31,Aluminium; extrusion; at plant,8f715a36-b36b-3b20-81ea-7a7e1cdc47fe,1000.0,kg,False,1,NO_ALLOCATION,https://api.nal.usda.gov/FederalLCACommonsapi/browse/National_Renewable_Energy_Laboratory/USLCI_Database_Public/PROCESS/77fe2197-8861-3569-8d85-07151789b1e7,2026-10-08,processes/77fe2197-8861-3569-8d85-07151789b1e7.json,ae5ab7f193c25fcfe38b73ea08399c3e488eb5e676f9fd18acc00588d80b18e3
Conversion services,extrusion,Extrusion; at plant,e2f66950-9bfb-4413-8ec7-7eb99afc268c,00.00.012,UNIT_PROCESS,USLCI,1.2026-09.0,United States of America (the),1990-01-01,2025-12-31,"Material extrusion, at plant",ac929121-0d31-4008-838c-70a7ad1851d1,1.0,kg,False,1,unknown,https://api.nal.usda.gov/FederalLCACommonsapi/browse/National_Renewable_Energy_Laboratory/USLCI_Database_Public/PROCESS/e2f66950-9bfb-4413-8ec7-7eb99afc268c,2026-10-08,processes/e2f66950-9bfb-4413-8ec7-7eb99afc268c.json,dcab267e72d7dc0d9304ce738a88a3e9fc5f98e2aa68da44dd50dd6174ab5dbb
Conversion services,stamping,"Aluminum can manufacturing; stamping, pressing, cutting; at plant",96543dd3-baab-3a93-97f4-ea0eca58e7b7,01.00.005,UNIT_PROCESS,USLCI,1.2026-09.0,United States of America (the),2015-01-01,2016-12-31,Aluminum beverage can; at plant,3e9a45e9-5fe7-3d67-8877-2b96039cb727,13.5,kg,False,1,PHYSICAL_ALLOCATION,https://api.nal.usda.gov/FederalLCACommonsapi/browse/National_Renewable_Energy_Laboratory/USLCI_Database_Public/PROCESS/96543dd3-baab-3a93-97f4-ea0eca58e7b7,2026-10-08,processes/96543dd3-baab-3a93-97f4-ea0eca58e7b7.json,9bbf580cbe3bec551e4c82a334ee33b67bfac675f9c36a9d9eb18d16ff66c4d9
Conversion services,rolling,Aluminum; cold rolling; at plant,2b196386-eb1a-352a-aeda-4d003144f6df,00.01.007,UNIT_PROCESS,USLCI,1.2026-09.0,Northern America,2009-12-31,2014-12-31,Aluminum; cold rolling; at plant,e929f473-7780-3eca-94e4-a2d0f7d4b8b0,1000.0,kg,False,1,NO_ALLOCATION,https://api.nal.usda.gov/FederalLCACommonsapi/browse/National_Renewable_Energy_Laboratory/USLCI_Database_Public/PROCESS/2b196386-eb1a-352a-aeda-4d003144f6df,2026-10-08,processes/2b196386-eb1a-352a-aeda-4d003144f6df.json,83f297f00c3950a59abeb828b88a85ea69e4fb6a0e280245e47cdc44dc2a889e
Conversion services,rolling,Aluminum; hot rolling; at plant,381d3e3d-29ae-3101-a95b-56a4cec08486,00.01.008,UNIT_PROCESS,USLCI,1.2026-09.0,Northern America,2009-12-31,2014-12-31,Aluminum; hot rolling; at plant,dc4d39f5-33ce-3633-8b50-0ebd40aa06cf,1000.0,kg,False,1,NO_ALLOCATION,https://api.nal.usda.gov/FederalLCACommonsapi/browse/National_Renewable_Energy_Laboratory/USLCI_Database_Public/PROCESS/381d3e3d-29ae-3101-a95b-56a4cec08486,2026-10-08,processes/381d3e3d-29ae-3101-a95b-56a4cec08486.json,186825a2d195c956949298457d5f3c7ee168a498b1d0c4324a6b137738a0bdb4
Conversion services,rolling,Aluminum; combined hot and cold rolling; at plant,6edc2da1-7f40-39ee-8598-711c61ad2d78,01.00.006,UNIT_PROCESS,USLCI,1.2026-09.0,United States of America (the),2015-01-01,2016-12-31,"Aluminum, cold rolled; at plant",c30e96a4-572c-32e3-a24e-275cc468ad15,1000.0,kg,False,1,PHYSICAL_ALLOCATION,https://api.nal.usda.gov/FederalLCACommonsapi/browse/National_Renewable_Energy_Laboratory/USLCI_Database_Public/PROCESS/6edc2da1-7f40-39ee-8598-711c61ad2d78,2026-10-08,processes/6edc2da1-7f40-39ee-8598-711c61ad2d78.json,2f43b188b6e2b1b340b11131efc026a4f717765f8208e2a226b2bef6e646f882
Conversion services,casting,"Aluminum, ingot/slab; remelt and direct chill casting; at plant",30c87121-36fc-3209-acd4-16a8e3262ab4,01.00.005,UNIT_PROCESS,USLCI,1.2026-09.0,United States of America (the),2015-01-01,2016-12-31,"Aluminum, ingot/slab; direct chill casting; at plant",3d67c8d4-de3c-307d-962c-ee459ec64ef2,1.0,t,False,1,PHYSICAL_ALLOCATION,https://api.nal.usda.gov/FederalLCACommonsapi/browse/National_Renewable_Energy_Laboratory/USLCI_Database_Public/PROCESS/30c87121-36fc-3209-acd4-16a8e3262ab4,2026-10-08,processes/30c87121-36fc-3209-acd4-16a8e3262ab4.json,83ea1151af32129149a2c8c3025bc86682523b7f08103f73a92a1e632275cc2e
Conversion services,casting,Electricity; aluminum smelting and ingot casting regions,4d21df14-9a73-31ce-9a5f-dee0cd2a2aed,00.00.015,UNIT_PROCESS,USLCI,1.2026-09.0,Northern America,2003-12-31,2003-12-31,Electricity; aluminum smelting and ingot casting regions,0ac2e099-0ddb-3a50-a06a-f4d9adbad07e,1.0,kWh,False,1,NO_ALLOCATION,https://api.nal.usda.gov/FederalLCACommonsapi/browse/National_Renewable_Energy_Laboratory/USLCI_Database_Public/PROCESS/4d21df14-9a73-31ce-9a5f-dee0cd2a2aed,2026-10-08,processes/4d21df14-9a73-31ce-9a5f-dee0cd2a2aed.json,a389692fcf071d270cd3259cd0f1f624efb61433f0885a1bf095d3995982abed
Conversion services,casting,Ductile iron pipe; centrifugal casting; at plant,64394243-614a-3ed3-93a7-1eecd7ac6608,00.01.015,UNIT_PROCESS,USLCI,1.2026-09.0,United States of America (the),2000-12-31,2000-12-31,Ductile iron pipe; centrifugal casting; at plant,831c5009-efd0-308e-998e-18f26915ec0a,2000.0,lb av,False,1,unknown,https://api.nal.usda.gov/FederalLCACommonsapi/browse/National_Renewable_Energy_Laboratory/USLCI_Database_Public/PROCESS/64394243-614a-3ed3-93a7-1eecd7ac6608,2026-10-08,processes/64394243-614a-3ed3-93a7-1eecd7ac6608.json,c4d2bf84306a79f3c03f2216f8f0ca39e7c3d62cdd1211a34bd12f34fa71c27f
Conversion services,casting,Open mold casting; rigid composites part; at plant,73b0cd92-2167-3036-b1bc-df05a09828fc,00.01.020,UNIT_PROCESS,USLCI,1.2026-09.0,United States of America (the),2010-12-31,2011-12-31,Open mold casting; rigid composites part; at plant,8bbd0d6c-f221-3c28-ab31-021e4dc68d9e,1.0,kg,False,1,NO_ALLOCATION,https://api.nal.usda.gov/FederalLCACommonsapi/browse/National_Renewable_Energy_Laboratory/USLCI_Database_Public/PROCESS/73b0cd92-2167-3036-b1bc-df05a09828fc,2026-10-08,processes/73b0cd92-2167-3036-b1bc-df05a09828fc.json,c739e2c01a20ce9d606def8e1b179523c5b53b2cdd9d4dd220a8485637078bc0
Conversion services,casting,Lost foam casting; aluminum,a8c3ad24-992e-31e0-9e18-fdf0280875df,00.00.019,UNIT_PROCESS,USLCI,1.2026-09.0,United States of America (the),1995-12-31,1995-12-31,Aluminum cast; lost foam; at plant,34e560b1-5686-32f7-9dd3-e1dc8d9bbc46,1.0,kg,False,1,ECONOMIC_ALLOCATION,https://api.nal.usda.gov/FederalLCACommonsapi/browse/National_Renewable_Energy_Laboratory/USLCI_Database_Public/PROCESS/a8c3ad24-992e-31e0-9e18-fdf0280875df,2026-10-08,processes/a8c3ad24-992e-31e0-9e18-fdf0280875df.json,eddbdc1c9ef72fce65ad9d80869532bce8ad2c083429a44a11c979b56fbf568d
Conversion services,casting,"Semi-permanent mold, SPM, casting; aluminum",ab2436bc-97db-3154-898e-2c49ca4b698e,00.00.021,UNIT_PROCESS,USLCI,1.2026-09.0,United States of America (the),1995-12-31,2000-12-31,"Aluminum cast; semi-permanent mold, SPM; at plant",5acf07ec-9122-3be0-96be-9362ef4f1463,1.0,kg,False,1,ECONOMIC_ALLOCATION,https://api.nal.usda.gov/FederalLCACommonsapi/browse/National_Renewable_Energy_Laboratory/USLCI_Database_Public/PROCESS/ab2436bc-97db-3154-898e-2c49ca4b698e,2026-10-08,processes/ab2436bc-97db-3154-898e-2c49ca4b698e.json,080b1cd08b414aeb01313ca47d7a091b8f6ed5cc6ee602518be017a4bf3f60f5
Conversion services,casting,Precision sand casting; aluminum,f61ecd3b-fdba-3739-8051-1d4bb0c2d98e,00.00.020,UNIT_PROCESS,USLCI,1.2026-09.0,United States of America (the),1995-12-31,2000-12-31,Aluminum cast; precision sand casting,fc1ee789-e922-3e7c-bbab-7a8ba489aea7,1.0,kg,False,1,ECONOMIC_ALLOCATION,https://api.nal.usda.gov/FederalLCACommonsapi/browse/National_Renewable_Energy_Laboratory/USLCI_Database_Public/PROCESS/f61ecd3b-fdba-3739-8051-1d4bb0c2d98e,2026-10-08,processes/f61ecd3b-fdba-3739-8051-1d4bb0c2d98e.json,7dc9f4a08aba9d74afe1753eaf5f0702b7acf1b732572a663c05dede8c1754ac
Assembly electricity,electricity,"Transport, combination truck; short-haul; electricity powered; East North Central",0327b5eb-5bfe-3a79-bdb5-39b9fb42b514,01.00.007,UNIT_PROCESS,USLCI,1.2026-09.0,unknown,2024-01-01,2024-12-31,"Transport; combination truck, short-haul; electricity powered",d5ce6d5d-eea3-3c42-9999-fe46c52a1541,1.0,t*km,False,1,PHYSICAL_ALLOCATION,https://api.nal.usda.gov/FederalLCACommonsapi/browse/National_Renewable_Energy_Laboratory/USLCI_Database_Public/PROCESS/0327b5eb-5bfe-3a79-bdb5-39b9fb42b514,2026-10-08,processes/0327b5eb-5bfe-3a79-bdb5-39b9fb42b514.json,1cf67e1424e951edbfa80f57647ace5e01067ec4cbd8ece02fb7ad8fdd1772da
Assembly electricity,electricity,"Transport, light commercial truck; electricity powered; East North Central",03b089f7-2073-3c62-9959-8a1949ae1c17,01.00.007,UNIT_PROCESS,USLCI,1.2026-09.0,unknown,2024-01-01,2024-12-31,Transport; light commercial truck; electricity powered,0925e27b-37eb-38b6-8710-314211416cc2,1.0,t*km,False,1,PHYSICAL_ALLOCATION,https://api.nal.usda.gov/FederalLCACommonsapi/browse/National_Renewable_Energy_Laboratory/USLCI_Database_Public/PROCESS/03b089f7-2073-3c62-9959-8a1949ae1c17,2026-10-08,processes/03b089f7-2073-3c62-9959-8a1949ae1c17.json,cd6087ffb5057711e4dfea74cc788ee706de23147d65f71fa3d7b60d411ff110
Assembly electricity,electricity,"Transport, combination truck; short-haul; electricity powered; Northwest",05225f4c-0974-37f3-ad7d-8fc98840f786,01.00.007,UNIT_PROCESS,USLCI,1.2026-09.0,unknown,2024-01-01,2024-12-31,"Transport; combination truck, short-haul; electricity powered",d5ce6d5d-eea3-3c42-9999-fe46c52a1541,1.0,t*km,False,1,PHYSICAL_ALLOCATION,https://api.nal.usda.gov/FederalLCACommonsapi/browse/National_Renewable_Energy_Laboratory/USLCI_Database_Public/PROCESS/05225f4c-0974-37f3-ad7d-8fc98840f786,2026-10-08,processes/05225f4c-0974-37f3-ad7d-8fc98840f786.json,c74b3718fef15310ebf699e8c23661138e2859c901c5997d0d7d00d36f7912d7
Assembly electricity,electricity,"Transport, single unit truck; electricity powered; Northwest",06d76688-f853-3631-b003-f1f125d082d3,01.00.007,UNIT_PROCESS,USLCI,1.2026-09.0,unknown,2024-01-01,2024-12-31,Transport; single unit truck; electricity powered,94755eaa-c6ec-32d3-b687-b94ed0a53e5f,1.0,t*km,False,1,PHYSICAL_ALLOCATION,https://api.nal.usda.gov/FederalLCACommonsapi/browse/National_Renewable_Energy_Laboratory/USLCI_Database_Public/PROCESS/06d76688-f853-3631-b003-f1f125d082d3,2026-10-08,processes/06d76688-f853-3631-b003-f1f125d082d3.json,5b881cb1b0137b536ba13e6e5a941aca8ada16f1a18157e538a8f0fe1936694f
Assembly electricity,electricity,"Transport, single unit truck; electricity powered; Hawaii",08fe00bb-6180-36d8-95c3-74972c809fff,01.00.007,UNIT_PROCESS,USLCI,1.2026-09.0,unknown,2024-01-01,2024-12-31,Transport; single unit truck; electricity powered,94755eaa-c6ec-32d3-b687-b94ed0a53e5f,1.0,t*km,False,1,PHYSICAL_ALLOCATION,https://api.nal.usda.gov/FederalLCACommonsapi/browse/National_Renewable_Energy_Laboratory/USLCI_Database_Public/PROCESS/08fe00bb-6180-36d8-95c3-74972c809fff,2026-10-08,processes/08fe00bb-6180-36d8-95c3-74972c809fff.json,201e2a94ad0ece230e27ab5d02a73efa99613ce26cd0202365254c578a897e56
Assembly electricity,electricity,"Transport, combination truck; electricity powered; West North Central",0a09c686-8aee-31dc-b8d9-33dcd61a7dfe,01.00.007,UNIT_PROCESS,USLCI,1.2026-09.0,unknown,2024-01-01,2024-12-31,Transport; combination truck; electricity powered,70d89027-628d-3404-8458-b209e40dd0e0,1.0,t*km,False,1,PHYSICAL_ALLOCATION,https://api.nal.usda.gov/FederalLCACommonsapi/browse/National_Renewable_Energy_Laboratory/USLCI_Database_Public/PROCESS/0a09c686-8aee-31dc-b8d9-33dcd61a7dfe,2026-10-08,processes/0a09c686-8aee-31dc-b8d9-33dcd61a7dfe.json,2bca0af3510eb7078da55e8179f426f20748a4f31bc853eb8861f688bcfb0465
Assembly electricity,electricity,"Transport, single unit truck; long-haul; electricity powered; Southwest",0c00fec3-3286-3ceb-98ef-36fa7411ba2f,01.00.007,UNIT_PROCESS,USLCI,1.2026-09.0,unknown,2024-01-01,2024-12-31,"Transport; single unit truck, long-haul; electricity powered",ca468bee-3878-3418-918a-6cbe82ac640c,1.0,t*km,False,1,PHYSICAL_ALLOCATION,https://api.nal.usda.gov/FederalLCACommonsapi/browse/National_Renewable_Energy_Laboratory/USLCI_Database_Public/PROCESS/0c00fec3-3286-3ceb-98ef-36fa7411ba2f,2026-10-08,processes/0c00fec3-3286-3ceb-98ef-36fa7411ba2f.json,9babad6da3b816bfeaec835384327fa1481fe2343157d2a09b8f6b223f57c96c
Assembly electricity,electricity,"Transport, single unit truck; electricity powered; Alaska",0d8e9e8d-f3a7-3781-af23-306523811c4a,01.00.007,UNIT_PROCESS,USLCI,1.2026-09.0,unknown,2024-01-01,2024-12-31,Transport; single unit truck; electricity powered,94755eaa-c6ec-32d3-b687-b94ed0a53e5f,1.0,t*km,False,1,PHYSICAL_ALLOCATION,https://api.nal.usda.gov/FederalLCACommonsapi/browse/National_Renewable_Energy_Laboratory/USLCI_Database_Public/PROCESS/0d8e9e8d-f3a7-3781-af23-306523811c4a,2026-10-08,processes/0d8e9e8d-f3a7-3781-af23-306523811c4a.json,bcaaf0e46f62d42e5e5678221bd25de197194399d4819993bd8f1e167685bcec
Assembly electricity,electricity,"Transport, single unit truck; short-haul; electricity powered; Northwest",0ec0a537-945a-3336-b174-f4074201483e,01.00.007,UNIT_PROCESS,USLCI,1.2026-09.0,unknown,2024-01-01,2024-12-31,"Transport; single unit truck, short-haul; electricity powered",855b58f5-89b6-3b25-b33e-59454a0adbaa,1.0,t*km,False,1,PHYSICAL_ALLOCATION,https://api.nal.usda.gov/FederalLCACommonsapi/browse/National_Renewable_Energy_Laboratory/USLCI_Database_Public/PROCESS/0ec0a537-945a-3336-b174-f4074201483e,2026-10-08,processes/0ec0a537-945a-3336-b174-f4074201483e.json,66e8ce6a2e616f7f4e6e942e06de5810e335bc3bec197f94ee03ce713d8a6163
Assembly electricity,electricity,"Transport, combination truck; electricity powered; Alaska",103485be-194e-395a-a504-7d3f3bc7a7b3,01.00.007,UNIT_PROCESS,USLCI,1.2026-09.0,unknown,2024-01-01,2024-12-31,Transport; combination truck; electricity powered,70d89027-628d-3404-8458-b209e40dd0e0,1.0,t*km,False,1,PHYSICAL_ALLOCATION,https://api.nal.usda.gov/FederalLCACommonsapi/browse/National_Renewable_Energy_Laboratory/USLCI_Database_Public/PROCESS/103485be-194e-395a-a504-7d3f3bc7a7b3,2026-10-08,processes/103485be-194e-395a-a504-7d3f3bc7a7b3.json,0c2018d2581e48c8da48b694814c4493e487cb05c8c3e505c8bd31fc01c02a97
Assembly electricity,electricity,"Transport, single unit truck; short-haul; electricity powered; Northeast",103e5c10-96c9-3a1f-bf8b-7054873ee7ec,01.00.007,UNIT_PROCESS,USLCI,1.2026-09.0,unknown,2024-01-01,2024-12-31,"Transport; single unit truck, short-haul; electricity powered",855b58f5-89b6-3b25-b33e-59454a0adbaa,1.0,t*km,False,1,PHYSICAL_ALLOCATION,https://api.nal.usda.gov/FederalLCACommonsapi/browse/National_Renewable_Energy_Laboratory/USLCI_Database_Public/PROCESS/103e5c10-96c9-3a1f-bf8b-7054873ee7ec,2026-10-08,processes/103e5c10-96c9-3a1f-bf8b-7054873ee7ec.json,92b33ec36163f609b47e27860978dbccb38678cfff3f69a824f0040c22d5e59b
Assembly electricity,electricity,"Transport, single unit truck; electricity powered; Southwest",13fa7cd1-3ccd-3b21-8b38-2ab4a7b95cd8,01.00.007,UNIT_PROCESS,USLCI,1.2026-09.0,unknown,2024-01-01,2024-12-31,Transport; single unit truck; electricity powered,94755eaa-c6ec-32d3-b687-b94ed0a53e5f,1.0,t*km,False,1,PHYSICAL_ALLOCATION,https://api.nal.usda.gov/FederalLCACommonsapi/browse/National_Renewable_Energy_Laboratory/USLCI_Database_Public/PROCESS/13fa7cd1-3ccd-3b21-8b38-2ab4a7b95cd8,2026-10-08,processes/13fa7cd1-3ccd-3b21-8b38-2ab4a7b95cd8.json,45a934cbf3061553677807c5cfa70666ad05c8a1454aee2e26d2b30f7b911f3b
Assembly electricity,electricity,Electricity Bridge; WIND - US average; USLCI to US Electricity Baseline,16222ec2-bb71-3947-b06c-4d1229ca7e82,00.00.001,UNIT_PROCESS,USLCI,1.2026-09.0,unknown,unknown,unknown,"Electricity, AC, 2300-7650 V",fc406690-160c-37d5-bf36-added9542164,1.0,MJ,False,1,unknown,https://api.nal.usda.gov/FederalLCACommonsapi/browse/National_Renewable_Energy_Laboratory/USLCI_Database_Public/PROCESS/16222ec2-bb71-3947-b06c-4d1229ca7e82,2026-10-08,processes/16222ec2-bb71-3947-b06c-4d1229ca7e82.json,9f44719c2620b8775c5954a50e6102620793973e3e6d199b66a96afe2a2951f8
Assembly electricity,electricity,"Transport, light commercial truck; electricity powered; West North Central",17d2f2a1-ef2f-3368-a501-fbd4979c3c3a,01.00.007,UNIT_PROCESS,USLCI,1.2026-09.0,unknown,2024-01-01,2024-12-31,Transport; light commercial truck; electricity powered,0925e27b-37eb-38b6-8710-314211416cc2,1.0,t*km,False,1,PHYSICAL_ALLOCATION,https://api.nal.usda.gov/FederalLCACommonsapi/browse/National_Renewable_Energy_Laboratory/USLCI_Database_Public/PROCESS/17d2f2a1-ef2f-3368-a501-fbd4979c3c3a,2026-10-08,processes/17d2f2a1-ef2f-3368-a501-fbd4979c3c3a.json,cef9425594722f9432a23f871722f47099c83ab5c9a2bf227f1cd2877026c4b8
Assembly electricity,electricity,Electricity Bridge; COAL - US average; USLCI to US Electricity Baseline,18b11170-b8a5-360f-a648-79c97516d33c,00.00.001,UNIT_PROCESS,USLCI,1.2026-09.0,unknown,unknown,unknown,"Electricity, AC, 2300-7650 V",fc406690-160c-37d5-bf36-added9542164,1.0,MJ,False,1,unknown,https://api.nal.usda.gov/FederalLCACommonsapi/browse/National_Renewable_Energy_Laboratory/USLCI_Database_Public/PROCESS/18b11170-b8a5-360f-a648-79c97516d33c,2026-10-08,processes/18b11170-b8a5-360f-a648-79c97516d33c.json,0950b80e83fc3bf31fce6545dc24fdb6ed1553c3053592e712038f6fe93156b9
Assembly electricity,electricity,Electricity Bridge; at user; consumption mix - CAISO - FERC; USLCI to US Electricity Baseline,1c64322b-0b02-3328-b873-565fc81f3751,00.00.001,UNIT_PROCESS,USLCI,1.2026-09.0,unknown,unknown,unknown,"Electricity, AC, 120 V",3bca3bc6-2443-3184-8976-72dc98d258f6,1.0,MJ,False,1,unknown,https://api.nal.usda.gov/FederalLCACommonsapi/browse/National_Renewable_Energy_Laboratory/USLCI_Database_Public/PROCESS/1c64322b-0b02-3328-b873-565fc81f3751,2026-10-08,processes/1c64322b-0b02-3328-b873-565fc81f3751.json,9eb8ba470397495acdf3661fea32e7eac3c6c2fb140b864fc439e5dab5b07cd8
Assembly electricity,electricity,Electricity Bridge; NUCLEAR - US average; USLCI to US Electricity Baseline,207d81c4-6986-3c22-a68b-b4f4f317ed95,00.00.001,UNIT_PROCESS,USLCI,1.2026-09.0,unknown,unknown,unknown,"Electricity, AC, 2300-7650 V",fc406690-160c-37d5-bf36-added9542164,1.0,MJ,False,1,unknown,https://api.nal.usda.gov/FederalLCACommonsapi/browse/National_Renewable_Energy_Laboratory/USLCI_Database_Public/PROCESS/207d81c4-6986-3c22-a68b-b4f4f317ed95,2026-10-08,processes/207d81c4-6986-3c22-a68b-b4f4f317ed95.json,7baa70287653eb5f1a484a3242f48f1eda924933e2fdc957bc0261bca8db5fb4
Assembly electricity,electricity,"Transport, light commercial truck; electricity powered; Central",208689c1-63e5-31da-ada3-655d737f6d15,01.00.007,UNIT_PROCESS,USLCI,1.2026-09.0,unknown,2024-01-01,2024-12-31,Transport; light commercial truck; electricity powered,0925e27b-37eb-38b6-8710-314211416cc2,1.0,t*km,False,1,PHYSICAL_ALLOCATION,https://api.nal.usda.gov/FederalLCACommonsapi/browse/National_Renewable_Energy_Laboratory/USLCI_Database_Public/PROCESS/208689c1-63e5-31da-ada3-655d737f6d15,2026-10-08,processes/208689c1-63e5-31da-ada3-655d737f6d15.json,569096f65af32d83cce847cc796d201a3c291e7cff2d0394d86af566e3863718
Assembly electricity,electricity,"Transport, combination truck; long-haul; electricity powered; West",21c927a3-8144-3c8f-aff0-c3821ca21298,01.00.007,UNIT_PROCESS,USLCI,1.2026-09.0,unknown,2024-01-01,2024-12-31,"Transport; combination truck, long-haul; electricity powered",0e5e3079-33df-31fd-ad79-8b8feff08fb6,1.0,t*km,False,1,PHYSICAL_ALLOCATION,https://api.nal.usda.gov/FederalLCACommonsapi/browse/National_Renewable_Energy_Laboratory/USLCI_Database_Public/PROCESS/21c927a3-8144-3c8f-aff0-c3821ca21298,2026-10-08,processes/21c927a3-8144-3c8f-aff0-c3821ca21298.json,ce01646754d8216cb881baff09fdca338437ae5501400087a8de22711255791e
Assembly electricity,electricity,"Transport, combination truck; long-haul; electricity powered; Southeast",2711233c-17bb-37cd-b330-58118351e726,01.00.007,UNIT_PROCESS,USLCI,1.2026-09.0,unknown,2024-01-01,2024-12-31,"Transport; combination truck, long-haul; electricity powered",0e5e3079-33df-31fd-ad79-8b8feff08fb6,1.0,t*km,False,1,PHYSICAL_ALLOCATION,https://api.nal.usda.gov/FederalLCACommonsapi/browse/National_Renewable_Energy_Laboratory/USLCI_Database_Public/PROCESS/2711233c-17bb-37cd-b330-58118351e726,2026-10-08,processes/2711233c-17bb-37cd-b330-58118351e726.json,23b20e94468fb16cc58d0bb71bc94d016d1cfb1f4de699ae0dc35fa821df3d6f
Assembly electricity,electricity,"Electricity Bridge; at user; consumption mix - Midcontinent Independent System Operator, Inc. - BA; USLCI to US Electricity Baseline",30b5406d-53fe-3790-bff8-a926d07d3fdf,00.00.001,UNIT_PROCESS,USLCI,1.2026-09.0,unknown,unknown,unknown,"Electricity, AC, 120 V",3bca3bc6-2443-3184-8976-72dc98d258f6,1.0,MJ,False,1,unknown,https://api.nal.usda.gov/FederalLCACommonsapi/browse/National_Renewable_Energy_Laboratory/USLCI_Database_Public/PROCESS/30b5406d-53fe-3790-bff8-a926d07d3fdf,2026-10-08,processes/30b5406d-53fe-3790-bff8-a926d07d3fdf.json,548159caf7b25c28d63a2b676864d708ee03847c958657ae774dcfe53f1e4810
Assembly electricity,electricity,Electricity Bridge; ALL - New Brunswick System Operator; USLCI to US Electricity Baseline,322d8b35-9d73-3a91-b708-3230b863908f,00.00.001,UNIT_PROCESS,USLCI,1.2026-09.0,unknown,unknown,unknown,"Electricity, AC, 2300-7650 V",fc406690-160c-37d5-bf36-added9542164,1.0,MJ,False,1,unknown,https://api.nal.usda.gov/FederalLCACommonsapi/browse/National_Renewable_Energy_Laboratory/USLCI_Database_Public/PROCESS/322d8b35-9d73-3a91-b708-3230b863908f,2026-10-08,processes/322d8b35-9d73-3a91-b708-3230b863908f.json,5953fb08706097482f46515be9fe70b063b7617fabd0e30635c44c0eabbef591
Assembly electricity,electricity,"Transport, single unit truck; short-haul; electricity powered; Hawaii",3286f1e2-d87d-3ce6-8f19-406ffc88af07,01.00.007,UNIT_PROCESS,USLCI,1.2026-09.0,unknown,2024-01-01,2024-12-31,"Transport; single unit truck, short-haul; electricity powered",855b58f5-89b6-3b25-b33e-59454a0adbaa,1.0,t*km,False,1,PHYSICAL_ALLOCATION,https://api.nal.usda.gov/FederalLCACommonsapi/browse/National_Renewable_Energy_Laboratory/USLCI_Database_Public/PROCESS/3286f1e2-d87d-3ce6-8f19-406ffc88af07,2026-10-08,processes/3286f1e2-d87d-3ce6-8f19-406ffc88af07.json,691ceb48d17464e848d5eff304343b98cd2191a49bd440c6e3f090d38f29ef2e
Assembly electricity,electricity,"Transport, single unit truck; electricity powered; Northeast",345cbd68-3b1b-3c19-b27c-91e9d9851c0c,01.00.007,UNIT_PROCESS,USLCI,1.2026-09.0,unknown,2024-01-01,2024-12-31,Transport; single unit truck; electricity powered,94755eaa-c6ec-32d3-b687-b94ed0a53e5f,1.0,t*km,False,1,PHYSICAL_ALLOCATION,https://api.nal.usda.gov/FederalLCACommonsapi/browse/National_Renewable_Energy_Laboratory/USLCI_Database_Public/PROCESS/345cbd68-3b1b-3c19-b27c-91e9d9851c0c,2026-10-08,processes/345cbd68-3b1b-3c19-b27c-91e9d9851c0c.json,ce8d5a6c5bcbc991b11ffc43250906c20046d7c073195cead1e582b52dab5d36
Assembly electricity,electricity,Electricity Bridge; ALL - Hydro-Quebec TransEnergie; USLCI to US Electricity Baseline,3701e191-79b3-3f5c-b555-2becb2881c66,00.00.001,UNIT_PROCESS,USLCI,1.2026-09.0,unknown,unknown,unknown,"Electricity, AC, 2300-7650 V",fc406690-160c-37d5-bf36-added9542164,1.0,MJ,False,1,unknown,https://api.nal.usda.gov/FederalLCACommonsapi/browse/National_Renewable_Energy_Laboratory/USLCI_Database_Public/PROCESS/3701e191-79b3-3f5c-b555-2becb2881c66,2026-10-08,processes/3701e191-79b3-3f5c-b555-2becb2881c66.json,d342822166fe540c44ee733a0c9e88a81cdd8d6f39ea82ae599482a6cfb86a46
Assembly electricity,electricity,"Transport, combination truck; short-haul; electricity powered; Central",381c0eb6-aa6b-3c7f-9c0c-75b0ddc70fd8,01.00.007,UNIT_PROCESS,USLCI,1.2026-09.0,unknown,2024-01-01,2024-12-31,"Transport; combination truck, short-haul; electricity powered",d5ce6d5d-eea3-3c42-9999-fe46c52a1541,1.0,t*km,False,1,PHYSICAL_ALLOCATION,https://api.nal.usda.gov/FederalLCACommonsapi/browse/National_Renewable_Energy_Laboratory/USLCI_Database_Public/PROCESS/381c0eb6-aa6b-3c7f-9c0c-75b0ddc70fd8,2026-10-08,processes/381c0eb6-aa6b-3c7f-9c0c-75b0ddc70fd8.json,b624f8e9238a96ed2f50b6f9fea4c88216c17752eb1a7e0755d47cb57249bc4b
Assembly electricity,electricity,Electricity Bridge; SOLAR - US average; USLCI to US Electricity Baseline,3a234482-0514-30ff-977a-c663732c60d0,00.00.001,UNIT_PROCESS,USLCI,1.2026-09.0,unknown,unknown,unknown,"Electricity, AC, 2300-7650 V",fc406690-160c-37d5-bf36-added9542164,1.0,MJ,False,1,unknown,https://api.nal.usda.gov/FederalLCACommonsapi/browse/National_Renewable_Energy_Laboratory/USLCI_Database_Public/PROCESS/3a234482-0514-30ff-977a-c663732c60d0,2026-10-08,processes/3a234482-0514-30ff-977a-c663732c60d0.json,6f404ca89a935c125142b0c788e49ee29487f11a981dae4c4432d2f3a7c2232d
Assembly electricity,electricity,Electricity Bridge; ALL - Ontario IESO; USLCI to US Electricity Baseline,3ee5247c-1db7-30e6-912b-4c3a1b6f8592,00.00.001,UNIT_PROCESS,USLCI,1.2026-09.0,unknown,unknown,unknown,"Electricity, AC, 2300-7650 V",fc406690-160c-37d5-bf36-added9542164,1.0,MJ,False,1,unknown,https://api.nal.usda.gov/FederalLCACommonsapi/browse/National_Renewable_Energy_Laboratory/USLCI_Database_Public/PROCESS/3ee5247c-1db7-30e6-912b-4c3a1b6f8592,2026-10-08,processes/3ee5247c-1db7-30e6-912b-4c3a1b6f8592.json,d0d9a1032cd10427813f0a686cc7066bf94c5a4867ea6d5cceb48df4fbe4ab86
Assembly electricity,electricity,"Transport, single unit truck; long-haul; electricity powered; East North Central",3fdb5887-dd2d-343b-8365-81625c88e2d1,01.00.007,UNIT_PROCESS,USLCI,1.2026-09.0,unknown,2024-01-01,2024-12-31,"Transport; single unit truck, long-haul; electricity powered",ca468bee-3878-3418-918a-6cbe82ac640c,1.0,t*km,False,1,PHYSICAL_ALLOCATION,https://api.nal.usda.gov/FederalLCACommonsapi/browse/National_Renewable_Energy_Laboratory/USLCI_Database_Public/PROCESS/3fdb5887-dd2d-343b-8365-81625c88e2d1,2026-10-08,processes/3fdb5887-dd2d-343b-8365-81625c88e2d1.json,c3d7f65ac1ad0ab415dddd1094055d0172f039e6e4b2af8877ed14a86a1f78e0
Assembly electricity,electricity,Electricity Bridge; ALL - Manitoba Hydro; USLCI to US Electricity Baseline,41029a2e-3e3f-3218-b2db-150628226421,00.00.001,UNIT_PROCESS,USLCI,1.2026-09.0,unknown,unknown,unknown,"Electricity, AC, 2300-7650 V",fc406690-160c-37d5-bf36-added9542164,1.0,MJ,False,1,unknown,https://api.nal.usda.gov/FederalLCACommonsapi/browse/National_Renewable_Energy_Laboratory/USLCI_Database_Public/PROCESS/41029a2e-3e3f-3218-b2db-150628226421,2026-10-08,processes/41029a2e-3e3f-3218-b2db-150628226421.json,5e3146eac870f6f50358ddfd5dfa85da8594f88bccd241c9847825669fc00c4a
Assembly electricity,electricity,Electricity Bridge; at user; consumption mix - US - US; USLCI to US Electricity Baseline,44a867b1-63dd-35bd-97bf-ce341f0ff616,00.00.001,UNIT_PROCESS,USLCI,1.2026-09.0,unknown,unknown,unknown,"Electricity, AC, 120 V",3bca3bc6-2443-3184-8976-72dc98d258f6,1.0,MJ,False,1,unknown,https://api.nal.usda.gov/FederalLCACommonsapi/browse/National_Renewable_Energy_Laboratory/USLCI_Database_Public/PROCESS/44a867b1-63dd-35bd-97bf-ce341f0ff616,2026-10-08,processes/44a867b1-63dd-35bd-97bf-ce341f0ff616.json,ecb936a3b40bb434ce97753606802fbdd34e5bdaacd1ae689472d851c0e2cb34
Assembly electricity,electricity,"Transport, combination truck; long-haul; electricity powered; East North Central",44e83e53-58b1-31e6-a947-caa9a4335961,01.00.007,UNIT_PROCESS,USLCI,1.2026-09.0,unknown,2024-01-01,2024-12-31,"Transport; combination truck, long-haul; electricity powered",0e5e3079-33df-31fd-ad79-8b8feff08fb6,1.0,t*km,False,1,PHYSICAL_ALLOCATION,https://api.nal.usda.gov/FederalLCACommonsapi/browse/National_Renewable_Energy_Laboratory/USLCI_Database_Public/PROCESS/44e83e53-58b1-31e6-a947-caa9a4335961,2026-10-08,processes/44e83e53-58b1-31e6-a947-caa9a4335961.json,ebb6861a3a58314638eac083383a59b9f6629fee78cd445c1994b1fd7858323e
Assembly electricity,electricity,"Transport, light commercial truck; electricity powered; Southeast",45fb1ede-00f7-3297-9766-a0aba77c4024,01.00.007,UNIT_PROCESS,USLCI,1.2026-09.0,unknown,2024-01-01,2024-12-31,Transport; light commercial truck; electricity powered,0925e27b-37eb-38b6-8710-314211416cc2,1.0,t*km,False,1,PHYSICAL_ALLOCATION,https://api.nal.usda.gov/FederalLCACommonsapi/browse/National_Renewable_Energy_Laboratory/USLCI_Database_Public/PROCESS/45fb1ede-00f7-3297-9766-a0aba77c4024,2026-10-08,processes/45fb1ede-00f7-3297-9766-a0aba77c4024.json,7e1d908e071bba1a9f8e08df5efa132d7e0fd10a24e1d09402ff20faa757894d
Assembly electricity,electricity,"Transport, single unit truck; electricity powered; West North Central",4ab1ad08-f644-3b59-a327-c19846c4e997,01.00.007,UNIT_PROCESS,USLCI,1.2026-09.0,unknown,2024-01-01,2024-12-31,Transport; single unit truck; electricity powered,94755eaa-c6ec-32d3-b687-b94ed0a53e5f,1.0,t*km,False,1,PHYSICAL_ALLOCATION,https://api.nal.usda.gov/FederalLCACommonsapi/browse/National_Renewable_Energy_Laboratory/USLCI_Database_Public/PROCESS/4ab1ad08-f644-3b59-a327-c19846c4e997,2026-10-08,processes/4ab1ad08-f644-3b59-a327-c19846c4e997.json,be40c79bd1e359d2502a6830caa70b6840c05e098fa01591a143976dcf2447c3
Assembly electricity,electricity,"Transport, single unit truck; electricity powered",4b69ede6-bc6f-3897-81eb-9bf156b2fd4b,01.00.007,UNIT_PROCESS,USLCI,1.2026-09.0,United States of America (the),2024-01-01,2024-12-31,Transport; single unit truck; electricity powered,94755eaa-c6ec-32d3-b687-b94ed0a53e5f,1.0,t*km,False,1,PHYSICAL_ALLOCATION,https://api.nal.usda.gov/FederalLCACommonsapi/browse/National_Renewable_Energy_Laboratory/USLCI_Database_Public/PROCESS/4b69ede6-bc6f-3897-81eb-9bf156b2fd4b,2026-10-08,processes/4b69ede6-bc6f-3897-81eb-9bf156b2fd4b.json,d98223b89aae7aaaf43df5d671844aecccd14b27c6b95305be8a75d54be89126
Assembly electricity,electricity,Electricity; aluminum smelting and ingot casting regions,4d21df14-9a73-31ce-9a5f-dee0cd2a2aed,00.00.015,UNIT_PROCESS,USLCI,1.2026-09.0,Northern America,2003-12-31,2003-12-31,Electricity; aluminum smelting and ingot casting regions,0ac2e099-0ddb-3a50-a06a-f4d9adbad07e,1.0,kWh,False,1,NO_ALLOCATION,https://api.nal.usda.gov/FederalLCACommonsapi/browse/National_Renewable_Energy_Laboratory/USLCI_Database_Public/PROCESS/4d21df14-9a73-31ce-9a5f-dee0cd2a2aed,2026-10-08,processes/4d21df14-9a73-31ce-9a5f-dee0cd2a2aed.json,a389692fcf071d270cd3259cd0f1f624efb61433f0885a1bf095d3995982abed
Assembly electricity,electricity,"Transport, light commercial truck; electricity powered; Southwest",4ed578f2-dc76-39ab-bfdd-71a0109aecdc,01.00.007,UNIT_PROCESS,USLCI,1.2026-09.0,unknown,2024-01-01,2024-12-31,Transport; light commercial truck; electricity powered,0925e27b-37eb-38b6-8710-314211416cc2,1.0,t*km,False,1,PHYSICAL_ALLOCATION,https://api.nal.usda.gov/FederalLCACommonsapi/browse/National_Renewable_Energy_Laboratory/USLCI_Database_Public/PROCESS/4ed578f2-dc76-39ab-bfdd-71a0109aecdc,2026-10-08,processes/4ed578f2-dc76-39ab-bfdd-71a0109aecdc.json,91bde7a017b41b3d58002f3155c90d0dda9a3d0fa045b2fdd706730a58e08058
Assembly electricity,electricity,Electricity Bridge; OIL - US average; USLCI to US Electricity Baseline,50511fff-b84e-31a7-b431-47ee62b2aee4,00.00.001,UNIT_PROCESS,USLCI,1.2026-09.0,unknown,unknown,unknown,"Electricity, AC, 2300-7650 V",fc406690-160c-37d5-bf36-added9542164,1.0,MJ,False,1,unknown,https://api.nal.usda.gov/FederalLCACommonsapi/browse/National_Renewable_Energy_Laboratory/USLCI_Database_Public/PROCESS/50511fff-b84e-31a7-b431-47ee62b2aee4,2026-10-08,processes/50511fff-b84e-31a7-b431-47ee62b2aee4.json,2e8043f208486d66432ac289ececaeebe0906413663a4a26ee17a4e60369d20a
Assembly electricity,electricity,Electricity Bridge; at user; consumption mix - New York Independent System Operator - BA; USLCI to US Electricity Baseline,54f973da-227b-3ebe-aa0b-5e28a11690a9,00.00.001,UNIT_PROCESS,USLCI,1.2026-09.0,unknown,unknown,unknown,"Electricity, AC, 120 V",3bca3bc6-2443-3184-8976-72dc98d258f6,1.0,MJ,False,1,unknown,https://api.nal.usda.gov/FederalLCACommonsapi/browse/National_Renewable_Energy_Laboratory/USLCI_Database_Public/PROCESS/54f973da-227b-3ebe-aa0b-5e28a11690a9,2026-10-08,processes/54f973da-227b-3ebe-aa0b-5e28a11690a9.json,4438bc1c9443682f2f1676694e6111351548272025e5a3874484bb8bd524e368
Assembly electricity,electricity,"Transport, light commercial truck; electricity powered; South",584e72ac-e367-37c9-8fb9-12ceb749b4b9,01.00.007,UNIT_PROCESS,USLCI,1.2026-09.0,unknown,2024-01-01,2024-12-31,Transport; light commercial truck; electricity powered,0925e27b-37eb-38b6-8710-314211416cc2,1.0,t*km,False,1,PHYSICAL_ALLOCATION,https://api.nal.usda.gov/FederalLCACommonsapi/browse/National_Renewable_Energy_Laboratory/USLCI_Database_Public/PROCESS/584e72ac-e367-37c9-8fb9-12ceb749b4b9,2026-10-08,processes/584e72ac-e367-37c9-8fb9-12ceb749b4b9.json,ae73649271e41d8095e7f578621fa4d71f87466fface8e4ffc4430fe4be07ac4
Assembly electricity,electricity,Electricity Bridge; at user; consumption mix - MISO - FERC; USLCI to US Electricity Baseline,59672ed1-1e9a-3648-9588-03f300260bf9,00.00.001,UNIT_PROCESS,USLCI,1.2026-09.0,unknown,unknown,unknown,"Electricity, AC, 120 V",3bca3bc6-2443-3184-8976-72dc98d258f6,1.0,MJ,False,1,unknown,https://api.nal.usda.gov/FederalLCACommonsapi/browse/National_Renewable_Energy_Laboratory/USLCI_Database_Public/PROCESS/59672ed1-1e9a-3648-9588-03f300260bf9,2026-10-08,processes/59672ed1-1e9a-3648-9588-03f300260bf9.json,8c300f3b09bdaab19d61ff641fbd190ad12939d83b2dda3f5d2d0967bd20115c
Assembly electricity,electricity,"Electricity Bridge; at user; consumption mix - Electric Reliability Council of Texas, Inc. - BA; USLCI to US Electricity Baseline",5c99ac96-4eaa-3a1e-a65f-75a96a9c297c,00.00.001,UNIT_PROCESS,USLCI,1.2026-09.0,unknown,unknown,unknown,"Electricity, AC, 120 V",3bca3bc6-2443-3184-8976-72dc98d258f6,1.0,MJ,False,1,unknown,https://api.nal.usda.gov/FederalLCACommonsapi/browse/National_Renewable_Energy_Laboratory/USLCI_Database_Public/PROCESS/5c99ac96-4eaa-3a1e-a65f-75a96a9c297c,2026-10-08,processes/5c99ac96-4eaa-3a1e-a65f-75a96a9c297c.json,342e330d6d06c928559cfdae623b1e31866be4402168c3e9d5e47c7bf7e65228
Assembly electricity,electricity,"Transport, single unit truck; short-haul; electricity powered; West",5efab4fc-4754-31a7-aa68-d8f8b81d0d63,01.00.007,UNIT_PROCESS,USLCI,1.2026-09.0,unknown,2024-01-01,2024-12-31,"Transport; single unit truck, short-haul; electricity powered",855b58f5-89b6-3b25-b33e-59454a0adbaa,1.0,t*km,False,1,PHYSICAL_ALLOCATION,https://api.nal.usda.gov/FederalLCACommonsapi/browse/National_Renewable_Energy_Laboratory/USLCI_Database_Public/PROCESS/5efab4fc-4754-31a7-aa68-d8f8b81d0d63,2026-10-08,processes/5efab4fc-4754-31a7-aa68-d8f8b81d0d63.json,111de7f0eee1bd5c440c0d39d570956542a6133994a7b68c365b635449f0db9a
Assembly electricity,electricity,Electricity; bauxite mining regions,6023a2bf-2d42-348b-bee7-caae15319edb,00.00.009,UNIT_PROCESS,USLCI,1.2026-09.0,Global,2003-12-31,2003-12-31,Electricity; at bauxite mining regions,34477c97-cd27-366c-a5e7-17ebd2127b9f,1.0,kWh,False,1,NO_ALLOCATION,https://api.nal.usda.gov/FederalLCACommonsapi/browse/National_Renewable_Energy_Laboratory/USLCI_Database_Public/PROCESS/6023a2bf-2d42-348b-bee7-caae15319edb,2026-10-08,processes/6023a2bf-2d42-348b-bee7-caae15319edb.json,2dec0056dc8cdfd9937f6d9f8edad0afcc2a25a9a94cf88dbf4b8af43e2c87a6
Assembly electricity,electricity,"Transport, single unit truck; electricity powered; Central",610e0b54-fd24-3153-965b-7f41e3867b24,01.00.007,UNIT_PROCESS,USLCI,1.2026-09.0,unknown,2024-01-01,2024-12-31,Transport; single unit truck; electricity powered,94755eaa-c6ec-32d3-b687-b94ed0a53e5f,1.0,t*km,False,1,PHYSICAL_ALLOCATION,https://api.nal.usda.gov/FederalLCACommonsapi/browse/National_Renewable_Energy_Laboratory/USLCI_Database_Public/PROCESS/610e0b54-fd24-3153-965b-7f41e3867b24,2026-10-08,processes/610e0b54-fd24-3153-965b-7f41e3867b24.json,67cfefa353bed7470b794bbaaa13b595fdf9fa02a21ea1f122b35834cb9d0b97
Assembly electricity,electricity,"Transport, combination truck; electricity powered; Southeast",622e5265-a4dd-3727-b8d9-26e905f1666b,01.00.007,UNIT_PROCESS,USLCI,1.2026-09.0,unknown,2024-01-01,2024-12-31,Transport; combination truck; electricity powered,70d89027-628d-3404-8458-b209e40dd0e0,1.0,t*km,False,1,PHYSICAL_ALLOCATION,https://api.nal.usda.gov/FederalLCACommonsapi/browse/National_Renewable_Energy_Laboratory/USLCI_Database_Public/PROCESS/622e5265-a4dd-3727-b8d9-26e905f1666b,2026-10-08,processes/622e5265-a4dd-3727-b8d9-26e905f1666b.json,ea5bfccbc3777bd5ea4cdfe2da3188e19f6182ace01433617b41ad8c071b249d
Assembly electricity,electricity,"Transport, single unit truck; short-haul; electricity powered; Southeast",63c20ec0-b164-33d8-8e3e-ed6959b7e25f,01.00.007,UNIT_PROCESS,USLCI,1.2026-09.0,unknown,2024-01-01,2024-12-31,"Transport; single unit truck, short-haul; electricity powered",855b58f5-89b6-3b25-b33e-59454a0adbaa,1.0,t*km,False,1,PHYSICAL_ALLOCATION,https://api.nal.usda.gov/FederalLCACommonsapi/browse/National_Renewable_Energy_Laboratory/USLCI_Database_Public/PROCESS/63c20ec0-b164-33d8-8e3e-ed6959b7e25f,2026-10-08,processes/63c20ec0-b164-33d8-8e3e-ed6959b7e25f.json,78b1fb83122004a17e0447c37a5adb23ffcbc0ccdb8d25c52ff6992a6752e472
Assembly electricity,electricity,"Transport, combination truck; long-haul; electricity powered; Northeast",654da175-b520-3fa5-9efd-3fa7e72c7591,01.00.007,UNIT_PROCESS,USLCI,1.2026-09.0,unknown,2024-01-01,2024-12-31,"Transport; combination truck, long-haul; electricity powered",0e5e3079-33df-31fd-ad79-8b8feff08fb6,1.0,t*km,False,1,PHYSICAL_ALLOCATION,https://api.nal.usda.gov/FederalLCACommonsapi/browse/National_Renewable_Energy_Laboratory/USLCI_Database_Public/PROCESS/654da175-b520-3fa5-9efd-3fa7e72c7591,2026-10-08,processes/654da175-b520-3fa5-9efd-3fa7e72c7591.json,ec4ab5f594be0518546afd669d4156b1522101eab10ef3769c2c41bb480c037d
Assembly electricity,electricity,"Transport, combination truck; long-haul; electricity powered; Alaska",6c043569-96d8-3644-81a7-f19c332e1a49,01.00.007,UNIT_PROCESS,USLCI,1.2026-09.0,unknown,2024-01-01,2024-12-31,"Transport; combination truck, long-haul; electricity powered",0e5e3079-33df-31fd-ad79-8b8feff08fb6,1.0,t*km,False,1,PHYSICAL_ALLOCATION,https://api.nal.usda.gov/FederalLCACommonsapi/browse/National_Renewable_Energy_Laboratory/USLCI_Database_Public/PROCESS/6c043569-96d8-3644-81a7-f19c332e1a49,2026-10-08,processes/6c043569-96d8-3644-81a7-f19c332e1a49.json,b8583b3faf5fda43ff4999ccd57e18d19f4bbf06838f7ea507846113dea39114
Assembly electricity,electricity,"Transport, single unit truck; short-haul; electricity powered; South",7063885b-47e5-31de-a984-6765f39e1387,01.00.007,UNIT_PROCESS,USLCI,1.2026-09.0,unknown,2024-01-01,2024-12-31,"Transport; single unit truck, short-haul; electricity powered",855b58f5-89b6-3b25-b33e-59454a0adbaa,1.0,t*km,False,1,PHYSICAL_ALLOCATION,https://api.nal.usda.gov/FederalLCACommonsapi/browse/National_Renewable_Energy_Laboratory/USLCI_Database_Public/PROCESS/7063885b-47e5-31de-a984-6765f39e1387,2026-10-08,processes/7063885b-47e5-31de-a984-6765f39e1387.json,9b6328493bde1d53a74e7257d0246971f67442eeb23e3d179a2dd391a337bd22
Assembly electricity,electricity,"Transport, combination truck; short-haul; electricity powered; South",70876d4c-f848-3a4c-a4ef-11d54f49b7dd,01.00.007,UNIT_PROCESS,USLCI,1.2026-09.0,unknown,2024-01-01,2024-12-31,"Transport; combination truck, short-haul; electricity powered",d5ce6d5d-eea3-3c42-9999-fe46c52a1541,1.0,t*km,False,1,PHYSICAL_ALLOCATION,https://api.nal.usda.gov/FederalLCACommonsapi/browse/National_Renewable_Energy_Laboratory/USLCI_Database_Public/PROCESS/70876d4c-f848-3a4c-a4ef-11d54f49b7dd,2026-10-08,processes/70876d4c-f848-3a4c-a4ef-11d54f49b7dd.json,f0f3a7510a631928fe621a36c590a3e1cd14bde07eb9d0fe957820827e3c5ab2
Assembly electricity,electricity,"Transport, light commercial truck; electricity powered; West",7d0d84a9-699c-382d-99e5-36542964905a,01.00.007,UNIT_PROCESS,USLCI,1.2026-09.0,unknown,2024-01-01,2024-12-31,Transport; light commercial truck; electricity powered,0925e27b-37eb-38b6-8710-314211416cc2,1.0,t*km,False,1,PHYSICAL_ALLOCATION,https://api.nal.usda.gov/FederalLCACommonsapi/browse/National_Renewable_Energy_Laboratory/USLCI_Database_Public/PROCESS/7d0d84a9-699c-382d-99e5-36542964905a,2026-10-08,processes/7d0d84a9-699c-382d-99e5-36542964905a.json,15fc99f12b11c8bf3ca18eb2c64957bcca633326d2d78b2ea862b65dac86f1e5
Assembly electricity,electricity,"Transport, light commercial truck; electricity powered",7e7c1558-0be2-3da1-b0eb-ae41e5734fb8,01.00.007,UNIT_PROCESS,USLCI,1.2026-09.0,United States of America (the),2024-01-01,2024-12-31,Transport; light commercial truck; electricity powered,0925e27b-37eb-38b6-8710-314211416cc2,1.0,t*km,False,1,PHYSICAL_ALLOCATION,https://api.nal.usda.gov/FederalLCACommonsapi/browse/National_Renewable_Energy_Laboratory/USLCI_Database_Public/PROCESS/7e7c1558-0be2-3da1-b0eb-ae41e5734fb8,2026-10-08,processes/7e7c1558-0be2-3da1-b0eb-ae41e5734fb8.json,9374e23b9f6bfe41d85665fd9f33798ef4b6b734856f5ed227a7917ca6033d38
Assembly electricity,electricity,"Transport, combination truck; long-haul; electricity powered; West North Central",7f888907-f9d9-36b9-b975-e532c0e26937,01.00.007,UNIT_PROCESS,USLCI,1.2026-09.0,unknown,2024-01-01,2024-12-31,"Transport; combination truck, long-haul; electricity powered",0e5e3079-33df-31fd-ad79-8b8feff08fb6,1.0,t*km,False,1,PHYSICAL_ALLOCATION,https://api.nal.usda.gov/FederalLCACommonsapi/browse/National_Renewable_Energy_Laboratory/USLCI_Database_Public/PROCESS/7f888907-f9d9-36b9-b975-e532c0e26937,2026-10-08,processes/7f888907-f9d9-36b9-b975-e532c0e26937.json,3dcfa96b349b5b8e17684006f0b0aa79928c882c572e0358c41780e47bb025f0
Assembly electricity,electricity,"Transport, combination truck; short-haul; electricity powered; Southwest",8118084d-2f5c-35c8-a355-e0943a9efbe8,01.00.007,UNIT_PROCESS,USLCI,1.2026-09.0,unknown,2024-01-01,2024-12-31,"Transport; combination truck, short-haul; electricity powered",d5ce6d5d-eea3-3c42-9999-fe46c52a1541,1.0,t*km,False,1,PHYSICAL_ALLOCATION,https://api.nal.usda.gov/FederalLCACommonsapi/browse/National_Renewable_Energy_Laboratory/USLCI_Database_Public/PROCESS/8118084d-2f5c-35c8-a355-e0943a9efbe8,2026-10-08,processes/8118084d-2f5c-35c8-a355-e0943a9efbe8.json,99024962cf16b4e912685e2cf0c5460d51b5c9dc89a59407b6a324994b6dba12
Assembly electricity,electricity,Electricity; at grid,81ab92da-bf0e-4b32-9ba8-404854a9b8bb,00.01.009,UNIT_PROCESS,USLCI,1.2026-09.0,Congo (the Democratic Republic of the),2022-01-01,2022-12-31,Electricity; at grid,5f9e4330-20e4-4f3f-94c6-f8fedf7b5ff5,1.0,MJ,False,1,NO_ALLOCATION,https://api.nal.usda.gov/FederalLCACommonsapi/browse/National_Renewable_Energy_Laboratory/USLCI_Database_Public/PROCESS/81ab92da-bf0e-4b32-9ba8-404854a9b8bb,2026-10-08,processes/81ab92da-bf0e-4b32-9ba8-404854a9b8bb.json,cc24e16eef962ca1b60485ce6978ac5f8c309614f91c4c5ef3bf0c0e78633230
Assembly electricity,electricity,"Transport, combination truck; short-haul; electricity powered; West North Central",839d9d0a-bdea-397a-9886-c3b86ea1ff1a,01.00.007,UNIT_PROCESS,USLCI,1.2026-09.0,unknown,2024-01-01,2024-12-31,"Transport; combination truck, short-haul; electricity powered",d5ce6d5d-eea3-3c42-9999-fe46c52a1541,1.0,t*km,False,1,PHYSICAL_ALLOCATION,https://api.nal.usda.gov/FederalLCACommonsapi/browse/National_Renewable_Energy_Laboratory/USLCI_Database_Public/PROCESS/839d9d0a-bdea-397a-9886-c3b86ea1ff1a,2026-10-08,processes/839d9d0a-bdea-397a-9886-c3b86ea1ff1a.json,e21d38be679672ab9ac7f2ebd0e441a158fec25e3d83b9352dc1fc53055a11a0
Assembly electricity,electricity,"Transport, combination truck; electricity powered; Hawaii",8b269338-a4f9-382c-8cd5-0d8dede2f9ef,01.00.007,UNIT_PROCESS,USLCI,1.2026-09.0,unknown,2024-01-01,2024-12-31,Transport; combination truck; electricity powered,70d89027-628d-3404-8458-b209e40dd0e0,1.0,t*km,False,1,PHYSICAL_ALLOCATION,https://api.nal.usda.gov/FederalLCACommonsapi/browse/National_Renewable_Energy_Laboratory/USLCI_Database_Public/PROCESS/8b269338-a4f9-382c-8cd5-0d8dede2f9ef,2026-10-08,processes/8b269338-a4f9-382c-8cd5-0d8dede2f9ef.json,32957c9968bde3989428c7f05b1fd354c8bbf95f674b2a33aa2a39192dc82ad3
Assembly electricity,electricity,"Transport, single unit truck; electricity powered; Southeast",8c5f924d-f2e5-32df-9e19-d2682d2e8208,01.00.007,UNIT_PROCESS,USLCI,1.2026-09.0,unknown,2024-01-01,2024-12-31,Transport; single unit truck; electricity powered,94755eaa-c6ec-32d3-b687-b94ed0a53e5f,1.0,t*km,False,1,PHYSICAL_ALLOCATION,https://api.nal.usda.gov/FederalLCACommonsapi/browse/National_Renewable_Energy_Laboratory/USLCI_Database_Public/PROCESS/8c5f924d-f2e5-32df-9e19-d2682d2e8208,2026-10-08,processes/8c5f924d-f2e5-32df-9e19-d2682d2e8208.json,255332ef2671bc88cd50eec659822ced791ac41b8a9c0ddebebbbb5368b1d2d1
Assembly electricity,electricity,"Transport, combination truck; long-haul; electricity powered; Hawaii",8f8f6e1d-d8d2-3ae9-9003-eca0c148f3ea,01.00.007,UNIT_PROCESS,USLCI,1.2026-09.0,unknown,2024-01-01,2024-12-31,"Transport; combination truck, long-haul; electricity powered",0e5e3079-33df-31fd-ad79-8b8feff08fb6,1.0,t*km,False,1,PHYSICAL_ALLOCATION,https://api.nal.usda.gov/FederalLCACommonsapi/browse/National_Renewable_Energy_Laboratory/USLCI_Database_Public/PROCESS/8f8f6e1d-d8d2-3ae9-9003-eca0c148f3ea,2026-10-08,processes/8f8f6e1d-d8d2-3ae9-9003-eca0c148f3ea.json,26eb46db4542494fed31628ec1e68ba576818c5f2d7db4c452cd84bfaf5542ea
Assembly electricity,electricity,"Transport, single unit truck; short-haul; electricity powered; Southwest",91bd69fe-faec-3f4a-b96d-4a72d0be1d07,01.00.007,UNIT_PROCESS,USLCI,1.2026-09.0,unknown,2024-01-01,2024-12-31,"Transport; single unit truck, short-haul; electricity powered",855b58f5-89b6-3b25-b33e-59454a0adbaa,1.0,t*km,False,1,PHYSICAL_ALLOCATION,https://api.nal.usda.gov/FederalLCACommonsapi/browse/National_Renewable_Energy_Laboratory/USLCI_Database_Public/PROCESS/91bd69fe-faec-3f4a-b96d-4a72d0be1d07,2026-10-08,processes/91bd69fe-faec-3f4a-b96d-4a72d0be1d07.json,5374b8657d71969881930dd3d73e882c3b46179be2554010ae788f204d287835
Assembly electricity,electricity,"Transport, combination truck; short-haul; electricity powered; West",935ae747-5a9c-3718-b6a4-df622378456a,01.00.007,UNIT_PROCESS,USLCI,1.2026-09.0,unknown,2024-01-01,2024-12-31,"Transport; combination truck, short-haul; electricity powered",d5ce6d5d-eea3-3c42-9999-fe46c52a1541,1.0,t*km,False,1,PHYSICAL_ALLOCATION,https://api.nal.usda.gov/FederalLCACommonsapi/browse/National_Renewable_Energy_Laboratory/USLCI_Database_Public/PROCESS/935ae747-5a9c-3718-b6a4-df622378456a,2026-10-08,processes/935ae747-5a9c-3718-b6a4-df622378456a.json,fa8862989e57222625e62f2deecdf3ef6db7400aaf3881efefcef46f1302358c
Assembly electricity,electricity,"Transport, single unit truck; short-haul; electricity powered; East North Central",93664230-e60b-39d3-9cfe-d35f207c0447,01.00.007,UNIT_PROCESS,USLCI,1.2026-09.0,unknown,2024-01-01,2024-12-31,"Transport; single unit truck, short-haul; electricity powered",855b58f5-89b6-3b25-b33e-59454a0adbaa,1.0,t*km,False,1,PHYSICAL_ALLOCATION,https://api.nal.usda.gov/FederalLCACommonsapi/browse/National_Renewable_Energy_Laboratory/USLCI_Database_Public/PROCESS/93664230-e60b-39d3-9cfe-d35f207c0447,2026-10-08,processes/93664230-e60b-39d3-9cfe-d35f207c0447.json,446fa0b7e23949decc6293ea6071d3d994fd4ae245257cc61977553985b84ea7
Assembly electricity,electricity,Electricity Bridge; at user; consumption mix - Southeast - FERC; USLCI to US Electricity Baseline,97307aa0-001b-374a-b9b6-1ae4fe9cf826,00.00.001,UNIT_PROCESS,USLCI,1.2026-09.0,unknown,unknown,unknown,"Electricity, AC, 120 V",3bca3bc6-2443-3184-8976-72dc98d258f6,1.0,MJ,False,1,unknown,https://api.nal.usda.gov/FederalLCACommonsapi/browse/National_Renewable_Energy_Laboratory/USLCI_Database_Public/PROCESS/97307aa0-001b-374a-b9b6-1ae4fe9cf826,2026-10-08,processes/97307aa0-001b-374a-b9b6-1ae4fe9cf826.json,ceb275f82a7977878ca7b248cc359472c808d5edb03ce0980d7d1f7467f253af
Assembly electricity,electricity,"Transport, combination truck; long-haul; electricity powered; South",9875751f-9184-361c-984a-341c293185c3,01.00.007,UNIT_PROCESS,USLCI,1.2026-09.0,unknown,2024-01-01,2024-12-31,"Transport; combination truck, long-haul; electricity powered",0e5e3079-33df-31fd-ad79-8b8feff08fb6,1.0,t*km,False,1,PHYSICAL_ALLOCATION,https://api.nal.usda.gov/FederalLCACommonsapi/browse/National_Renewable_Energy_Laboratory/USLCI_Database_Public/PROCESS/9875751f-9184-361c-984a-341c293185c3,2026-10-08,processes/9875751f-9184-361c-984a-341c293185c3.json,8999d99c7c2c0fa96627f45d7a50c32e568f6e74b8dbb56b6405640b0c50d1ae
Assembly electricity,electricity,Electricity Bridge; OTHF - US average; USLCI to US Electricity Baseline,99ec8e96-a5cc-3c3b-867e-31ad26f98c09,00.00.001,UNIT_PROCESS,USLCI,1.2026-09.0,unknown,unknown,unknown,"Electricity, AC, 2300-7650 V",fc406690-160c-37d5-bf36-added9542164,1.0,MJ,False,1,unknown,https://api.nal.usda.gov/FederalLCACommonsapi/browse/National_Renewable_Energy_Laboratory/USLCI_Database_Public/PROCESS/99ec8e96-a5cc-3c3b-867e-31ad26f98c09,2026-10-08,processes/99ec8e96-a5cc-3c3b-867e-31ad26f98c09.json,8cacd5787e834463bddd857b62a8cc930c4c9e50bb0bb4752f75360d7cda0f2e
Assembly electricity,electricity,"Transport, single unit truck; electricity powered; West",9a796145-e4bc-365d-8cfa-b6d15db759d4,01.00.007,UNIT_PROCESS,USLCI,1.2026-09.0,unknown,2024-01-01,2024-12-31,Transport; single unit truck; electricity powered,94755eaa-c6ec-32d3-b687-b94ed0a53e5f,1.0,t*km,False,1,PHYSICAL_ALLOCATION,https://api.nal.usda.gov/FederalLCACommonsapi/browse/National_Renewable_Energy_Laboratory/USLCI_Database_Public/PROCESS/9a796145-e4bc-365d-8cfa-b6d15db759d4,2026-10-08,processes/9a796145-e4bc-365d-8cfa-b6d15db759d4.json,258ef4620aaa5273a6f69e28998e17c4affaae649b83bf005a88ca62c3ec7a25
Assembly electricity,electricity,Electricity Bridge; GAS - US average; USLCI to US Electricity Baseline,9b5cb66e-ef45-377b-ae3b-5b6710c76403,00.00.001,UNIT_PROCESS,USLCI,1.2026-09.0,unknown,unknown,unknown,"Electricity, AC, 2300-7650 V",fc406690-160c-37d5-bf36-added9542164,1.0,MJ,False,1,unknown,https://api.nal.usda.gov/FederalLCACommonsapi/browse/National_Renewable_Energy_Laboratory/USLCI_Database_Public/PROCESS/9b5cb66e-ef45-377b-ae3b-5b6710c76403,2026-10-08,processes/9b5cb66e-ef45-377b-ae3b-5b6710c76403.json,dc36e06dc792539b7b13c013d8260d11680ee713eddfad428640bccdf90f497e
Assembly electricity,electricity,Electricity Bridge; at user; consumption mix - ERCOT - FERC; USLCI to US Electricity Baseline,9c661ff2-638a-3fd0-93e2-feef2f25ad38,00.00.001,UNIT_PROCESS,USLCI,1.2026-09.0,unknown,unknown,unknown,"Electricity, AC, 120 V",3bca3bc6-2443-3184-8976-72dc98d258f6,1.0,MJ,False,1,unknown,https://api.nal.usda.gov/FederalLCACommonsapi/browse/National_Renewable_Energy_Laboratory/USLCI_Database_Public/PROCESS/9c661ff2-638a-3fd0-93e2-feef2f25ad38,2026-10-08,processes/9c661ff2-638a-3fd0-93e2-feef2f25ad38.json,6b834f4544fbfd9896a3f4327a817ab5d13e1559400c46294d23ebe311df5a79
Assembly electricity,electricity,"Transport, single unit truck; long-haul; electricity powered; South",a04b5f07-b650-3f20-9eb3-95b4dc678db0,01.00.007,UNIT_PROCESS,USLCI,1.2026-09.0,unknown,2024-01-01,2024-12-31,"Transport; single unit truck, long-haul; electricity powered",ca468bee-3878-3418-918a-6cbe82ac640c,1.0,t*km,False,1,PHYSICAL_ALLOCATION,https://api.nal.usda.gov/FederalLCACommonsapi/browse/National_Renewable_Energy_Laboratory/USLCI_Database_Public/PROCESS/a04b5f07-b650-3f20-9eb3-95b4dc678db0,2026-10-08,processes/a04b5f07-b650-3f20-9eb3-95b4dc678db0.json,8e4bfb5e4d65ec4ad6872b239f66c4d330cac3d6f7c1a392d049b46fda455532
Assembly electricity,electricity,"Transport, single unit truck; long-haul; electricity powered",a14d95a3-cea2-33a7-ba38-f7c899d7e777,01.00.007,UNIT_PROCESS,USLCI,1.2026-09.0,United States of America (the),2024-01-01,2024-12-31,"Transport; single unit truck, long-haul; electricity powered",ca468bee-3878-3418-918a-6cbe82ac640c,1.0,t*km,False,1,PHYSICAL_ALLOCATION,https://api.nal.usda.gov/FederalLCACommonsapi/browse/National_Renewable_Energy_Laboratory/USLCI_Database_Public/PROCESS/a14d95a3-cea2-33a7-ba38-f7c899d7e777,2026-10-08,processes/a14d95a3-cea2-33a7-ba38-f7c899d7e777.json,135b2e7a2698451f731c752d1f13fe354f3db8502b702aa6a1366550943123dc
Assembly electricity,electricity,"Transport, combination truck; short-haul; electricity powered; Northeast",a2d522a3-27aa-371c-be65-41b683497fc3,01.00.007,UNIT_PROCESS,USLCI,1.2026-09.0,unknown,2024-01-01,2024-12-31,"Transport; combination truck, short-haul; electricity powered",d5ce6d5d-eea3-3c42-9999-fe46c52a1541,1.0,t*km,False,1,PHYSICAL_ALLOCATION,https://api.nal.usda.gov/FederalLCACommonsapi/browse/National_Renewable_Energy_Laboratory/USLCI_Database_Public/PROCESS/a2d522a3-27aa-371c-be65-41b683497fc3,2026-10-08,processes/a2d522a3-27aa-371c-be65-41b683497fc3.json,1c52283741cbb4a0f29af21b6d668025ae4ed36fee010019d9fa11401ecd8e87
Assembly electricity,electricity,"Transport, combination truck; long-haul; electricity powered; Northwest",a4ede9e0-443d-3342-8cd3-6c5351afba8b,01.00.007,UNIT_PROCESS,USLCI,1.2026-09.0,unknown,2024-01-01,2024-12-31,"Transport; combination truck, long-haul; electricity powered",0e5e3079-33df-31fd-ad79-8b8feff08fb6,1.0,t*km,False,1,PHYSICAL_ALLOCATION,https://api.nal.usda.gov/FederalLCACommonsapi/browse/National_Renewable_Energy_Laboratory/USLCI_Database_Public/PROCESS/a4ede9e0-443d-3342-8cd3-6c5351afba8b,2026-10-08,processes/a4ede9e0-443d-3342-8cd3-6c5351afba8b.json,e453ec15544ca05d8c02d55a957234e830ac59bbc8d38d15227658dc74af4e7b
Assembly electricity,electricity,"Transport, single unit truck; short-haul; electricity powered",a58b8442-e2fb-39b4-ab68-ac4bee6f1fcc,01.00.007,UNIT_PROCESS,USLCI,1.2026-09.0,United States of America (the),2024-01-01,2024-12-31,"Transport; single unit truck, short-haul; electricity powered",855b58f5-89b6-3b25-b33e-59454a0adbaa,1.0,t*km,False,1,PHYSICAL_ALLOCATION,https://api.nal.usda.gov/FederalLCACommonsapi/browse/National_Renewable_Energy_Laboratory/USLCI_Database_Public/PROCESS/a58b8442-e2fb-39b4-ab68-ac4bee6f1fcc,2026-10-08,processes/a58b8442-e2fb-39b4-ab68-ac4bee6f1fcc.json,74f7b28765b3dcb550344036b18b56b69fd7a3ca15446fe181eca97edab8d398
Assembly electricity,electricity,Electricity; alumina refining regions,a6260670-e98e-3917-98bd-c14acb79fdf7,00.00.016,UNIT_PROCESS,USLCI,1.2026-09.0,Northern America,2003-12-31,2003-12-31,Electricity; alumina refining regions,1c2598fb-2015-3309-ba90-1f9bf7e26bfc,1.0,kWh,False,1,NO_ALLOCATION,https://api.nal.usda.gov/FederalLCACommonsapi/browse/National_Renewable_Energy_Laboratory/USLCI_Database_Public/PROCESS/a6260670-e98e-3917-98bd-c14acb79fdf7,2026-10-08,processes/a6260670-e98e-3917-98bd-c14acb79fdf7.json,6d3e3d7786b8d3b72c0d2165b0cda419a676162deaf18adde050b43689fac903
Assembly electricity,electricity,"Transport, single unit truck; long-haul; electricity powered; Alaska",a88d64a9-8f2c-3821-9b70-57840000db31,01.00.007,UNIT_PROCESS,USLCI,1.2026-09.0,unknown,2024-01-01,2024-12-31,"Transport; single unit truck, long-haul; electricity powered",ca468bee-3878-3418-918a-6cbe82ac640c,1.0,t*km,False,1,PHYSICAL_ALLOCATION,https://api.nal.usda.gov/FederalLCACommonsapi/browse/National_Renewable_Energy_Laboratory/USLCI_Database_Public/PROCESS/a88d64a9-8f2c-3821-9b70-57840000db31,2026-10-08,processes/a88d64a9-8f2c-3821-9b70-57840000db31.json,dc6e41a66fa8edb7599d74c52d04e8df3e41a869329cc29edff65b777718c4df
Assembly electricity,electricity,Electricity; at grid,ab7f18b8-9e1b-4efc-a690-5d9ffe6e0cc1,00.01.011,UNIT_PROCESS,USLCI,1.2026-09.0,China,2022-01-01,2022-12-31,Electricity; at grid,5f9e4330-20e4-4f3f-94c6-f8fedf7b5ff5,1.0,MJ,False,1,NO_ALLOCATION,https://api.nal.usda.gov/FederalLCACommonsapi/browse/National_Renewable_Energy_Laboratory/USLCI_Database_Public/PROCESS/ab7f18b8-9e1b-4efc-a690-5d9ffe6e0cc1,2026-10-08,processes/ab7f18b8-9e1b-4efc-a690-5d9ffe6e0cc1.json,af5776968e431ced3fec714123fd1347ea6d477cee5aee81370751db41bcda71
Assembly electricity,electricity,Electricity Bridge; at user; consumption mix - Southwest - FERC; USLCI to US Electricity Baseline,ad06094f-5c44-322c-a204-b4d4e103ef00,00.00.001,UNIT_PROCESS,USLCI,1.2026-09.0,unknown,unknown,unknown,"Electricity, AC, 120 V",3bca3bc6-2443-3184-8976-72dc98d258f6,1.0,MJ,False,1,unknown,https://api.nal.usda.gov/FederalLCACommonsapi/browse/National_Renewable_Energy_Laboratory/USLCI_Database_Public/PROCESS/ad06094f-5c44-322c-a204-b4d4e103ef00,2026-10-08,processes/ad06094f-5c44-322c-a204-b4d4e103ef00.json,46d6f629b006c7da8f1741a72b2a4556fa0d4593507cc01fc6e6ba4eda241e15
Assembly electricity,electricity,"Transport, single unit truck; long-haul; electricity powered; West North Central",ad18453a-694c-36d9-8acf-fe95a3bc280d,01.00.007,UNIT_PROCESS,USLCI,1.2026-09.0,unknown,2024-01-01,2024-12-31,"Transport; single unit truck, long-haul; electricity powered",ca468bee-3878-3418-918a-6cbe82ac640c,1.0,t*km,False,1,PHYSICAL_ALLOCATION,https://api.nal.usda.gov/FederalLCACommonsapi/browse/National_Renewable_Energy_Laboratory/USLCI_Database_Public/PROCESS/ad18453a-694c-36d9-8acf-fe95a3bc280d,2026-10-08,processes/ad18453a-694c-36d9-8acf-fe95a3bc280d.json,d52f287f3dfd37bb31d21783ebecb363495261201344d89cf9fe46c7ee06a8b4
Assembly electricity,electricity,"Transport, combination truck; electricity powered; Southwest",ad32b6d8-b721-353b-bbda-9a43e572aa79,01.00.007,UNIT_PROCESS,USLCI,1.2026-09.0,unknown,2024-01-01,2024-12-31,Transport; combination truck; electricity powered,70d89027-628d-3404-8458-b209e40dd0e0,1.0,t*km,False,1,PHYSICAL_ALLOCATION,https://api.nal.usda.gov/FederalLCACommonsapi/browse/National_Renewable_Energy_Laboratory/USLCI_Database_Public/PROCESS/ad32b6d8-b721-353b-bbda-9a43e572aa79,2026-10-08,processes/ad32b6d8-b721-353b-bbda-9a43e572aa79.json,00eac634a7bbd09342c7e1eb57af559e384bd0cb2c3185acf817a218d0a3924c
Assembly electricity,electricity,"Transport, single unit truck; long-haul; electricity powered; Northeast",b01df176-be02-35f9-b035-abd70b10b6e4,01.00.007,UNIT_PROCESS,USLCI,1.2026-09.0,unknown,2024-01-01,2024-12-31,"Transport; single unit truck, long-haul; electricity powered",ca468bee-3878-3418-918a-6cbe82ac640c,1.0,t*km,False,1,PHYSICAL_ALLOCATION,https://api.nal.usda.gov/FederalLCACommonsapi/browse/National_Renewable_Energy_Laboratory/USLCI_Database_Public/PROCESS/b01df176-be02-35f9-b035-abd70b10b6e4,2026-10-08,processes/b01df176-be02-35f9-b035-abd70b10b6e4.json,253fd70ea27ac9393b6698062a55b80cb1c8e4b388a16ab8d9450f756ce1b40e
Assembly electricity,electricity,"Transport, combination truck; electricity powered; Northwest",b22a873f-a468-34d6-8be1-f4579cb24e2f,01.00.007,UNIT_PROCESS,USLCI,1.2026-09.0,unknown,2024-01-01,2024-12-31,Transport; combination truck; electricity powered,70d89027-628d-3404-8458-b209e40dd0e0,1.0,t*km,False,1,PHYSICAL_ALLOCATION,https://api.nal.usda.gov/FederalLCACommonsapi/browse/National_Renewable_Energy_Laboratory/USLCI_Database_Public/PROCESS/b22a873f-a468-34d6-8be1-f4579cb24e2f,2026-10-08,processes/b22a873f-a468-34d6-8be1-f4579cb24e2f.json,70c6a3f905547de1014ed60b7ca7b32ed55b70c615ab4f933e49d9fd15dca768
Assembly electricity,electricity,"Transport, combination truck; electricity powered; South",b2ff31a2-03d4-3a48-9400-2c59592005dc,01.00.007,UNIT_PROCESS,USLCI,1.2026-09.0,unknown,2024-01-01,2024-12-31,Transport; combination truck; electricity powered,70d89027-628d-3404-8458-b209e40dd0e0,1.0,t*km,False,1,PHYSICAL_ALLOCATION,https://api.nal.usda.gov/FederalLCACommonsapi/browse/National_Renewable_Energy_Laboratory/USLCI_Database_Public/PROCESS/b2ff31a2-03d4-3a48-9400-2c59592005dc,2026-10-08,processes/b2ff31a2-03d4-3a48-9400-2c59592005dc.json,be733b351e091a4b059da5bbb8719290d0552318338e1c702edeba69922d6328
Assembly electricity,electricity,"Transport, single unit truck; long-haul; electricity powered; Northwest",b3d3db4f-a2a9-3351-ac7d-7f1ebe670ba0,01.00.007,UNIT_PROCESS,USLCI,1.2026-09.0,unknown,2024-01-01,2024-12-31,"Transport; single unit truck, long-haul; electricity powered",ca468bee-3878-3418-918a-6cbe82ac640c,1.0,t*km,False,1,PHYSICAL_ALLOCATION,https://api.nal.usda.gov/FederalLCACommonsapi/browse/National_Renewable_Energy_Laboratory/USLCI_Database_Public/PROCESS/b3d3db4f-a2a9-3351-ac7d-7f1ebe670ba0,2026-10-08,processes/b3d3db4f-a2a9-3351-ac7d-7f1ebe670ba0.json,12b55812ad3e7139918dc3e6224a35960ecaf698260764e94c6b677d1b438d34
Assembly electricity,electricity,"Transport, single unit truck; electricity powered; South",b4db0c58-f16d-319d-b8ee-294e6fcf7745,01.00.007,UNIT_PROCESS,USLCI,1.2026-09.0,unknown,2024-01-01,2024-12-31,Transport; single unit truck; electricity powered,94755eaa-c6ec-32d3-b687-b94ed0a53e5f,1.0,t*km,False,1,PHYSICAL_ALLOCATION,https://api.nal.usda.gov/FederalLCACommonsapi/browse/National_Renewable_Energy_Laboratory/USLCI_Database_Public/PROCESS/b4db0c58-f16d-319d-b8ee-294e6fcf7745,2026-10-08,processes/b4db0c58-f16d-319d-b8ee-294e6fcf7745.json,f188e59ddceab8fb7ec2f05f6dbb0ef8f398a474a274cd69667624a00f7b48c9
Assembly electricity,electricity,Electricity Bridge; at user; consumption mix - PJM - FERC; USLCI to US Electricity Baseline,b51a8374-2a64-3e8a-ae33-1f8d1dc3928c,00.00.001,UNIT_PROCESS,USLCI,1.2026-09.0,unknown,unknown,unknown,"Electricity, AC, 120 V",3bca3bc6-2443-3184-8976-72dc98d258f6,1.0,MJ,False,1,unknown,https://api.nal.usda.gov/FederalLCACommonsapi/browse/National_Renewable_Energy_Laboratory/USLCI_Database_Public/PROCESS/b51a8374-2a64-3e8a-ae33-1f8d1dc3928c,2026-10-08,processes/b51a8374-2a64-3e8a-ae33-1f8d1dc3928c.json,aa5ff961aefe7969dc4e661d49132c20f580b3f8b5ef58c4edc85e52188576bf
Assembly electricity,electricity,"Transport, combination truck; short-haul; electricity powered; Southeast",b60e52eb-01b4-3fd7-ab3f-b3290c2cab06,01.00.007,UNIT_PROCESS,USLCI,1.2026-09.0,unknown,2024-01-01,2024-12-31,"Transport; combination truck, short-haul; electricity powered",d5ce6d5d-eea3-3c42-9999-fe46c52a1541,1.0,t*km,False,1,PHYSICAL_ALLOCATION,https://api.nal.usda.gov/FederalLCACommonsapi/browse/National_Renewable_Energy_Laboratory/USLCI_Database_Public/PROCESS/b60e52eb-01b4-3fd7-ab3f-b3290c2cab06,2026-10-08,processes/b60e52eb-01b4-3fd7-ab3f-b3290c2cab06.json,62b5095360c4780121f57921fde2bb1da47c29112f1e951bcfcadec64551cbcb
Assembly electricity,electricity,"Transport, single unit truck; long-haul; electricity powered; Central",b7ccc96d-a8a7-38e5-8c14-70bb9c3d2f34,01.00.007,UNIT_PROCESS,USLCI,1.2026-09.0,unknown,2024-01-01,2024-12-31,"Transport; single unit truck, long-haul; electricity powered",ca468bee-3878-3418-918a-6cbe82ac640c,1.0,t*km,False,1,PHYSICAL_ALLOCATION,https://api.nal.usda.gov/FederalLCACommonsapi/browse/National_Renewable_Energy_Laboratory/USLCI_Database_Public/PROCESS/b7ccc96d-a8a7-38e5-8c14-70bb9c3d2f34,2026-10-08,processes/b7ccc96d-a8a7-38e5-8c14-70bb9c3d2f34.json,c53aa0687fdee087573a75d6d08c6f750348394d47ee446502f035428f333ee4
Assembly electricity,electricity,"Transport, combination truck; short-haul; electricity powered; Alaska",ba914599-c630-31ef-b30a-819a1f179c51,01.00.007,UNIT_PROCESS,USLCI,1.2026-09.0,unknown,2024-01-01,2024-12-31,"Transport; combination truck, short-haul; electricity powered",d5ce6d5d-eea3-3c42-9999-fe46c52a1541,1.0,t*km,False,1,PHYSICAL_ALLOCATION,https://api.nal.usda.gov/FederalLCACommonsapi/browse/National_Renewable_Energy_Laboratory/USLCI_Database_Public/PROCESS/ba914599-c630-31ef-b30a-819a1f179c51,2026-10-08,processes/ba914599-c630-31ef-b30a-819a1f179c51.json,394aa29e34823ca14d9da63176556849436af0e7990ecf79a3f91d6e90808e14
Assembly electricity,electricity,"Transport, combination truck; electricity powered",bbd164e5-571d-3b26-be5a-9a479b24b77c,01.00.007,UNIT_PROCESS,USLCI,1.2026-09.0,United States of America (the),2024-01-01,2024-12-31,Transport; combination truck; electricity powered,70d89027-628d-3404-8458-b209e40dd0e0,1.0,t*km,False,1,PHYSICAL_ALLOCATION,https://api.nal.usda.gov/FederalLCACommonsapi/browse/National_Renewable_Energy_Laboratory/USLCI_Database_Public/PROCESS/bbd164e5-571d-3b26-be5a-9a479b24b77c,2026-10-08,processes/bbd164e5-571d-3b26-be5a-9a479b24b77c.json,e8aecffe24cc375053d45117c2504792b1ca0c2c930d0bf7f91aae659d815b3d
Assembly electricity,electricity,Electricity Bridge; MIXED - US average; USLCI to US Electricity Baseline,bd38f6f8-e4b8-3176-9331-6193e82dda6f,00.00.001,UNIT_PROCESS,USLCI,1.2026-09.0,unknown,unknown,unknown,"Electricity, AC, 2300-7650 V",fc406690-160c-37d5-bf36-added9542164,1.0,MJ,False,1,unknown,https://api.nal.usda.gov/FederalLCACommonsapi/browse/National_Renewable_Energy_Laboratory/USLCI_Database_Public/PROCESS/bd38f6f8-e4b8-3176-9331-6193e82dda6f,2026-10-08,processes/bd38f6f8-e4b8-3176-9331-6193e82dda6f.json,8f919a8897ef5882b85bfc86e317a9b069b98aa133948a5479ee37ed45ad8014
Assembly electricity,electricity,"Transport, combination truck; short-haul; electricity powered",bdc7eae6-8024-3977-bf48-3051691a0af6,01.00.007,UNIT_PROCESS,USLCI,1.2026-09.0,United States of America (the),2024-01-01,2024-12-31,"Transport; combination truck, short-haul; electricity powered",d5ce6d5d-eea3-3c42-9999-fe46c52a1541,1.0,t*km,False,1,PHYSICAL_ALLOCATION,https://api.nal.usda.gov/FederalLCACommonsapi/browse/National_Renewable_Energy_Laboratory/USLCI_Database_Public/PROCESS/bdc7eae6-8024-3977-bf48-3051691a0af6,2026-10-08,processes/bdc7eae6-8024-3977-bf48-3051691a0af6.json,f10974016475c5c531bf83caaad35478960a74d633eff517e40ad6a88c61f56d
Assembly electricity,electricity,"Transport, light commercial truck; electricity powered; Northwest",be094940-fb6d-348b-a25b-3fb8ac9b561a,01.00.007,UNIT_PROCESS,USLCI,1.2026-09.0,unknown,2024-01-01,2024-12-31,Transport; light commercial truck; electricity powered,0925e27b-37eb-38b6-8710-314211416cc2,1.0,t*km,False,1,PHYSICAL_ALLOCATION,https://api.nal.usda.gov/FederalLCACommonsapi/browse/National_Renewable_Energy_Laboratory/USLCI_Database_Public/PROCESS/be094940-fb6d-348b-a25b-3fb8ac9b561a,2026-10-08,processes/be094940-fb6d-348b-a25b-3fb8ac9b561a.json,e6c245e2ceb3a364fce275b0bdc630512f60d6ee6a5639c20cc596170333e580
Assembly electricity,electricity,"Transport, combination truck; long-haul; electricity powered",c1053de1-15ad-3ee4-9694-0bd0610a00ed,01.00.007,UNIT_PROCESS,USLCI,1.2026-09.0,United States of America (the),2024-01-01,2024-12-31,"Transport; combination truck, long-haul; electricity powered",0e5e3079-33df-31fd-ad79-8b8feff08fb6,1.0,t*km,False,1,PHYSICAL_ALLOCATION,https://api.nal.usda.gov/FederalLCACommonsapi/browse/National_Renewable_Energy_Laboratory/USLCI_Database_Public/PROCESS/c1053de1-15ad-3ee4-9694-0bd0610a00ed,2026-10-08,processes/c1053de1-15ad-3ee4-9694-0bd0610a00ed.json,fef6e3e55e856be79bf4451e65386a364447514c6dbf5766701f90e71fca63e2
Assembly electricity,electricity,"Transport, single unit truck; electricity powered; East North Central",c3880960-a3e7-397c-b9c5-ad3ea69fa101,01.00.007,UNIT_PROCESS,USLCI,1.2026-09.0,unknown,2024-01-01,2024-12-31,Transport; single unit truck; electricity powered,94755eaa-c6ec-32d3-b687-b94ed0a53e5f,1.0,t*km,False,1,PHYSICAL_ALLOCATION,https://api.nal.usda.gov/FederalLCACommonsapi/browse/National_Renewable_Energy_Laboratory/USLCI_Database_Public/PROCESS/c3880960-a3e7-397c-b9c5-ad3ea69fa101,2026-10-08,processes/c3880960-a3e7-397c-b9c5-ad3ea69fa101.json,6b1b017a408e74fecfc6aa796fc24291d9ea1df1602f24df0be595755e7d3f4d
Assembly electricity,electricity,"Transport, single unit truck; long-haul; electricity powered; West",c66c6907-1397-325c-a4e3-35a3aee7046a,01.00.007,UNIT_PROCESS,USLCI,1.2026-09.0,unknown,2024-01-01,2024-12-31,"Transport; single unit truck, long-haul; electricity powered",ca468bee-3878-3418-918a-6cbe82ac640c,1.0,t*km,False,1,PHYSICAL_ALLOCATION,https://api.nal.usda.gov/FederalLCACommonsapi/browse/National_Renewable_Energy_Laboratory/USLCI_Database_Public/PROCESS/c66c6907-1397-325c-a4e3-35a3aee7046a,2026-10-08,processes/c66c6907-1397-325c-a4e3-35a3aee7046a.json,18cb7deff6971ee5b052b07da37876988920cd49bf32c5f77c9b2c550edcc3f8
Assembly electricity,electricity,Electricity Bridge; BIOMASS - US average; USLCI to US Electricity Baseline,ca8de2ca-7ded-334c-82fe-877fa2cac621,00.00.001,UNIT_PROCESS,USLCI,1.2026-09.0,unknown,unknown,unknown,"Electricity, AC, 2300-7650 V",fc406690-160c-37d5-bf36-added9542164,1.0,MJ,False,1,unknown,https://api.nal.usda.gov/FederalLCACommonsapi/browse/National_Renewable_Energy_Laboratory/USLCI_Database_Public/PROCESS/ca8de2ca-7ded-334c-82fe-877fa2cac621,2026-10-08,processes/ca8de2ca-7ded-334c-82fe-877fa2cac621.json,b9eb274e21b1db2fc3f0361efee5f29b4c9375daa452488a30c5e48bbd42de0a
Assembly electricity,electricity,"Transport, single unit truck; short-haul; electricity powered; West North Central",ccb7034a-24cb-3406-811e-641dba14e84d,01.00.007,UNIT_PROCESS,USLCI,1.2026-09.0,unknown,2024-01-01,2024-12-31,"Transport; single unit truck, short-haul; electricity powered",855b58f5-89b6-3b25-b33e-59454a0adbaa,1.0,t*km,False,1,PHYSICAL_ALLOCATION,https://api.nal.usda.gov/FederalLCACommonsapi/browse/National_Renewable_Energy_Laboratory/USLCI_Database_Public/PROCESS/ccb7034a-24cb-3406-811e-641dba14e84d,2026-10-08,processes/ccb7034a-24cb-3406-811e-641dba14e84d.json,bd8ac0ac5f391a5a132bac0d8ffc99c7a4a5a23d6dc18e4015c7e18c7432c37d
Assembly electricity,electricity,"Transport, single unit truck; short-haul; electricity powered; Alaska",ce1e7fde-7309-39c7-af0a-9027a44b6395,01.00.007,UNIT_PROCESS,USLCI,1.2026-09.0,unknown,2024-01-01,2024-12-31,"Transport; single unit truck, short-haul; electricity powered",855b58f5-89b6-3b25-b33e-59454a0adbaa,1.0,t*km,False,1,PHYSICAL_ALLOCATION,https://api.nal.usda.gov/FederalLCACommonsapi/browse/National_Renewable_Energy_Laboratory/USLCI_Database_Public/PROCESS/ce1e7fde-7309-39c7-af0a-9027a44b6395,2026-10-08,processes/ce1e7fde-7309-39c7-af0a-9027a44b6395.json,4787eb349533b02811ec7cab27ca7269ec2d665fc63aac56a6845c570e423314
Assembly electricity,electricity,"Transport, single unit truck; long-haul; electricity powered; Southeast",d1fd2cc5-e679-3ff5-9a8f-0eaf378af81b,01.00.007,UNIT_PROCESS,USLCI,1.2026-09.0,unknown,2024-01-01,2024-12-31,"Transport; single unit truck, long-haul; electricity powered",ca468bee-3878-3418-918a-6cbe82ac640c,1.0,t*km,False,1,PHYSICAL_ALLOCATION,https://api.nal.usda.gov/FederalLCACommonsapi/browse/National_Renewable_Energy_Laboratory/USLCI_Database_Public/PROCESS/d1fd2cc5-e679-3ff5-9a8f-0eaf378af81b,2026-10-08,processes/d1fd2cc5-e679-3ff5-9a8f-0eaf378af81b.json,9c12c80682e48f4b98c301a39d0402795c07681a7f6392de0c57585188143f81
Assembly electricity,electricity,"Transport, combination truck; electricity powered; Central",d57fe4e3-0bc9-3121-aeba-dadf92520714,01.00.007,UNIT_PROCESS,USLCI,1.2026-09.0,unknown,2024-01-01,2024-12-31,Transport; combination truck; electricity powered,70d89027-628d-3404-8458-b209e40dd0e0,1.0,t*km,False,1,PHYSICAL_ALLOCATION,https://api.nal.usda.gov/FederalLCACommonsapi/browse/National_Renewable_Energy_Laboratory/USLCI_Database_Public/PROCESS/d57fe4e3-0bc9-3121-aeba-dadf92520714,2026-10-08,processes/d57fe4e3-0bc9-3121-aeba-dadf92520714.json,7835733cb416c2f10f457d0753c61eb5aa7925d174a0cd7c8219f36a587beb02
Assembly electricity,electricity,"Transport, combination truck; electricity powered; East North Central",d9873e27-06d1-3f4d-b1ce-8b5e81052a0d,01.00.007,UNIT_PROCESS,USLCI,1.2026-09.0,unknown,2024-01-01,2024-12-31,Transport; combination truck; electricity powered,70d89027-628d-3404-8458-b209e40dd0e0,1.0,t*km,False,1,PHYSICAL_ALLOCATION,https://api.nal.usda.gov/FederalLCACommonsapi/browse/National_Renewable_Energy_Laboratory/USLCI_Database_Public/PROCESS/d9873e27-06d1-3f4d-b1ce-8b5e81052a0d,2026-10-08,processes/d9873e27-06d1-3f4d-b1ce-8b5e81052a0d.json,0be8e1fdabca31e2c6c13fc37ae5e353ef3ef2465620a23745f7c39a1bb9e94d
Assembly electricity,electricity,"Transport, single unit truck; long-haul; electricity powered; Hawaii",dc75854b-3781-3bc3-847f-0aaee18a1281,01.00.007,UNIT_PROCESS,USLCI,1.2026-09.0,unknown,2024-01-01,2024-12-31,"Transport; single unit truck, long-haul; electricity powered",ca468bee-3878-3418-918a-6cbe82ac640c,1.0,t*km,False,1,PHYSICAL_ALLOCATION,https://api.nal.usda.gov/FederalLCACommonsapi/browse/National_Renewable_Energy_Laboratory/USLCI_Database_Public/PROCESS/dc75854b-3781-3bc3-847f-0aaee18a1281,2026-10-08,processes/dc75854b-3781-3bc3-847f-0aaee18a1281.json,d68316c9f5c08dc41f8ff06e40bd31ba2aa4cd6e969b4b1f0e4153d4f8dd737c
Assembly electricity,electricity,Electricity Bridge; at user; consumption mix - SPP - FERC; USLCI to US Electricity Baseline,dd95be3a-83bb-3767-babf-0f409edaa568,00.00.001,UNIT_PROCESS,USLCI,1.2026-09.0,unknown,unknown,unknown,"Electricity, AC, 120 V",3bca3bc6-2443-3184-8976-72dc98d258f6,1.0,MJ,False,1,unknown,https://api.nal.usda.gov/FederalLCACommonsapi/browse/National_Renewable_Energy_Laboratory/USLCI_Database_Public/PROCESS/dd95be3a-83bb-3767-babf-0f409edaa568,2026-10-08,processes/dd95be3a-83bb-3767-babf-0f409edaa568.json,c655308ed17a39a6c3031eb1a91c6c5bdf42fc81e1f04142d5142fc9c9137039
Assembly electricity,electricity,"Transport, combination truck; short-haul; electricity powered; Hawaii",ddb20acf-c476-3399-8419-65e867abe63e,01.00.007,UNIT_PROCESS,USLCI,1.2026-09.0,unknown,2024-01-01,2024-12-31,"Transport; combination truck, short-haul; electricity powered",d5ce6d5d-eea3-3c42-9999-fe46c52a1541,1.0,t*km,False,1,PHYSICAL_ALLOCATION,https://api.nal.usda.gov/FederalLCACommonsapi/browse/National_Renewable_Energy_Laboratory/USLCI_Database_Public/PROCESS/ddb20acf-c476-3399-8419-65e867abe63e,2026-10-08,processes/ddb20acf-c476-3399-8419-65e867abe63e.json,c9045cdf56a220d96276e26ff79765f35d94108855edbea83e42756f404f241e
Assembly electricity,electricity,Electricity Bridge; HYDRO - US average; USLCI to US Electricity Baseline,e0250e6f-87e2-3258-977f-fabbe22b5f19,00.00.001,UNIT_PROCESS,USLCI,1.2026-09.0,unknown,unknown,unknown,"Electricity, AC, 2300-7650 V",fc406690-160c-37d5-bf36-added9542164,1.0,MJ,False,1,unknown,https://api.nal.usda.gov/FederalLCACommonsapi/browse/National_Renewable_Energy_Laboratory/USLCI_Database_Public/PROCESS/e0250e6f-87e2-3258-977f-fabbe22b5f19,2026-10-08,processes/e0250e6f-87e2-3258-977f-fabbe22b5f19.json,9afbabe6bd6655ff522fe6dfb3c531f344188e3ef66885fa861ac1111aaa6211
Assembly electricity,electricity,Electricity; for natural gas turbine; at cogen,e6586e69-95a4-3396-a934-f379fbdd28f4,00.00.013,UNIT_PROCESS,USLCI,1.2026-09.0,Northern America,2002-12-31,2002-12-31,Electricity; for natural gas turbine; at cogen,ed1981de-52d1-366c-b629-4abfe56fffd3,1.0,kWh,False,1,NO_ALLOCATION,https://api.nal.usda.gov/FederalLCACommonsapi/browse/National_Renewable_Energy_Laboratory/USLCI_Database_Public/PROCESS/e6586e69-95a4-3396-a934-f379fbdd28f4,2026-10-08,processes/e6586e69-95a4-3396-a934-f379fbdd28f4.json,27d5d819eee5075ba65d8143230acd05691f860fab5bf7081ada90f08dfaab01
Assembly electricity,electricity,Electricity Bridge; ALL - British Columbia Hydro and Power Authority; USLCI to US Electricity Baseline,e8978949-a353-3e6d-bda7-831b51c540cc,00.00.001,UNIT_PROCESS,USLCI,1.2026-09.0,unknown,unknown,unknown,"Electricity, AC, 2300-7650 V",fc406690-160c-37d5-bf36-added9542164,1.0,MJ,False,1,unknown,https://api.nal.usda.gov/FederalLCACommonsapi/browse/National_Renewable_Energy_Laboratory/USLCI_Database_Public/PROCESS/e8978949-a353-3e6d-bda7-831b51c540cc,2026-10-08,processes/e8978949-a353-3e6d-bda7-831b51c540cc.json,167275f18d87024b0efdf2fab286cc49605292cf5d01abdf6c108208c4ccbab5
Assembly electricity,electricity,"Transport, single unit truck; short-haul; electricity powered; Central",eb2f04c5-84f0-3a1b-acc3-b3b9125d1258,01.00.007,UNIT_PROCESS,USLCI,1.2026-09.0,unknown,2024-01-01,2024-12-31,"Transport; single unit truck, short-haul; electricity powered",855b58f5-89b6-3b25-b33e-59454a0adbaa,1.0,t*km,False,1,PHYSICAL_ALLOCATION,https://api.nal.usda.gov/FederalLCACommonsapi/browse/National_Renewable_Energy_Laboratory/USLCI_Database_Public/PROCESS/eb2f04c5-84f0-3a1b-acc3-b3b9125d1258,2026-10-08,processes/eb2f04c5-84f0-3a1b-acc3-b3b9125d1258.json,121ca194b5b40f800037da0bdf5be6c8a7ae130ca9b0fbea5939eb455b9d3b01
Assembly electricity,electricity,Electricity Bridge; at user; consumption mix - Northwest - FERC; USLCI to US Electricity Baseline,ec866b3a-4947-3b90-91ae-35a0f8e24638,00.00.001,UNIT_PROCESS,USLCI,1.2026-09.0,unknown,unknown,unknown,"Electricity, AC, 120 V",3bca3bc6-2443-3184-8976-72dc98d258f6,1.0,MJ,False,1,unknown,https://api.nal.usda.gov/FederalLCACommonsapi/browse/National_Renewable_Energy_Laboratory/USLCI_Database_Public/PROCESS/ec866b3a-4947-3b90-91ae-35a0f8e24638,2026-10-08,processes/ec866b3a-4947-3b90-91ae-35a0f8e24638.json,9a88341981bb89f86a20b18229b3b1e7cbf5d937e3882ed458c1394b556cba6c
Assembly electricity,electricity,"Transport, light commercial truck; electricity powered; Alaska",f28b8a1a-0d32-3980-9134-eef6808f70c2,01.00.007,UNIT_PROCESS,USLCI,1.2026-09.0,unknown,2024-01-01,2024-12-31,Transport; light commercial truck; electricity powered,0925e27b-37eb-38b6-8710-314211416cc2,1.0,t*km,False,1,PHYSICAL_ALLOCATION,https://api.nal.usda.gov/FederalLCACommonsapi/browse/National_Renewable_Energy_Laboratory/USLCI_Database_Public/PROCESS/f28b8a1a-0d32-3980-9134-eef6808f70c2,2026-10-08,processes/f28b8a1a-0d32-3980-9134-eef6808f70c2.json,03424fcb71e1a7dd0c18ab834882b081d629bd563d324005503ac506c6a4734d
Assembly electricity,electricity,"Transport, light commercial truck; electricity powered; Northeast",f511dd33-5e4b-37d2-b9a5-959d5f2aaf09,01.00.007,UNIT_PROCESS,USLCI,1.2026-09.0,unknown,2024-01-01,2024-12-31,Transport; light commercial truck; electricity powered,0925e27b-37eb-38b6-8710-314211416cc2,1.0,t*km,False,1,PHYSICAL_ALLOCATION,https://api.nal.usda.gov/FederalLCACommonsapi/browse/National_Renewable_Energy_Laboratory/USLCI_Database_Public/PROCESS/f511dd33-5e4b-37d2-b9a5-959d5f2aaf09,2026-10-08,processes/f511dd33-5e4b-37d2-b9a5-959d5f2aaf09.json,e6c01d9a8de46d3e835815cd6d21474ef5dce2ccfaea22d19bb9d0fb953be7dd
Assembly electricity,electricity,"Transport, combination truck; electricity powered; West",f5bb9b3a-c502-3520-990a-11108f0b44c8,01.00.007,UNIT_PROCESS,USLCI,1.2026-09.0,unknown,2024-01-01,2024-12-31,Transport; combination truck; electricity powered,70d89027-628d-3404-8458-b209e40dd0e0,1.0,t*km,False,1,PHYSICAL_ALLOCATION,https://api.nal.usda.gov/FederalLCACommonsapi/browse/National_Renewable_Energy_Laboratory/USLCI_Database_Public/PROCESS/f5bb9b3a-c502-3520-990a-11108f0b44c8,2026-10-08,processes/f5bb9b3a-c502-3520-990a-11108f0b44c8.json,0ef9f5b517f66e777e9ba7133932b1defb01b142d398a67f8e5191fa455efe06
Assembly electricity,electricity,"Transport, combination truck; long-haul; electricity powered; Southwest",f80c4468-4680-3bc9-9025-895d32394310,01.00.007,UNIT_PROCESS,USLCI,1.2026-09.0,unknown,2024-01-01,2024-12-31,"Transport; combination truck, long-haul; electricity powered",0e5e3079-33df-31fd-ad79-8b8feff08fb6,1.0,t*km,False,1,PHYSICAL_ALLOCATION,https://api.nal.usda.gov/FederalLCACommonsapi/browse/National_Renewable_Energy_Laboratory/USLCI_Database_Public/PROCESS/f80c4468-4680-3bc9-9025-895d32394310,2026-10-08,processes/f80c4468-4680-3bc9-9025-895d32394310.json,bcba264e80fb1b6fc8f037bb4144024c2d667ae0f49f512e3ff01bba25d7d47c
Assembly electricity,electricity,"Transport, light commercial truck; electricity powered; Hawaii",fbeb58e6-91cc-3613-bed4-7cfb9494b943,01.00.007,UNIT_PROCESS,USLCI,1.2026-09.0,unknown,2024-01-01,2024-12-31,Transport; light commercial truck; electricity powered,0925e27b-37eb-38b6-8710-314211416cc2,1.0,t*km,False,1,PHYSICAL_ALLOCATION,https://api.nal.usda.gov/FederalLCACommonsapi/browse/National_Renewable_Energy_Laboratory/USLCI_Database_Public/PROCESS/fbeb58e6-91cc-3613-bed4-7cfb9494b943,2026-10-08,processes/fbeb58e6-91cc-3613-bed4-7cfb9494b943.json,94395ffbdabd8a3bfc8d976f0401fe8414c46febdc58b009ef0db3f3f5549a21
Assembly electricity,electricity,"Transport, combination truck; long-haul; electricity powered; Central",fd86b97d-1190-35fb-b3a6-61a4e290eedf,01.00.007,UNIT_PROCESS,USLCI,1.2026-09.0,unknown,2024-01-01,2024-12-31,"Transport; combination truck, long-haul; electricity powered",0e5e3079-33df-31fd-ad79-8b8feff08fb6,1.0,t*km,False,1,PHYSICAL_ALLOCATION,https://api.nal.usda.gov/FederalLCACommonsapi/browse/National_Renewable_Energy_Laboratory/USLCI_Database_Public/PROCESS/fd86b97d-1190-35fb-b3a6-61a4e290eedf,2026-10-08,processes/fd86b97d-1190-35fb-b3a6-61a4e290eedf.json,f2963751f399161358e0d661ac0aee2643e63d934bb3cae709b3c57ec2174daa
Assembly electricity,electricity,"Transport, combination truck; electricity powered; Northeast",fe76f3c7-32dc-3b08-8f7e-181410fa9a7b,01.00.007,UNIT_PROCESS,USLCI,1.2026-09.0,unknown,2024-01-01,2024-12-31,Transport; combination truck; electricity powered,70d89027-628d-3404-8458-b209e40dd0e0,1.0,t*km,False,1,PHYSICAL_ALLOCATION,https://api.nal.usda.gov/FederalLCACommonsapi/browse/National_Renewable_Energy_Laboratory/USLCI_Database_Public/PROCESS/fe76f3c7-32dc-3b08-8f7e-181410fa9a7b,2026-10-08,processes/fe76f3c7-32dc-3b08-8f7e-181410fa9a7b.json,69f992dfa0a1703e89481526abfd24ef0ce90e023b7ac0db6f32e7faabce9a86
Transport,transport,Transport; average mix; other chemical products and preparations,0001b273-4a23-3c9f-b790-840b628d1bf5,01.01.001,UNIT_PROCESS,USLCI,1.2026-09.0,United States of America (the),2017-01-01,2017-12-31,Commodity transport; at consumer,1d6944d8-817b-3ae1-b997-68bdc265557f,1.0,kg,False,1,PHYSICAL_ALLOCATION,https://api.nal.usda.gov/FederalLCACommonsapi/browse/National_Renewable_Energy_Laboratory/USLCI_Database_Public/PROCESS/0001b273-4a23-3c9f-b790-840b628d1bf5,2026-10-08,processes/0001b273-4a23-3c9f-b790-840b628d1bf5.json,b039a730d6b4f8ffccb0e8cc70a36f7e799730faf987559a0358fef6bf493fdd
Transport,transport,"Transport, intercity bus; diesel powered; Southwest",008a4c75-ff57-309e-b052-c9368f46d53e,00.00.010,UNIT_PROCESS,USLCI,1.2026-09.0,United States of America (the),2009-12-31,2009-12-31,Transport; intercity bus; diesel powered,b235b36a-7ade-3301-acd9-e9a91a8138e8,1.0,p*km,False,1,NO_ALLOCATION,https://api.nal.usda.gov/FederalLCACommonsapi/browse/National_Renewable_Energy_Laboratory/USLCI_Database_Public/PROCESS/008a4c75-ff57-309e-b052-c9368f46d53e,2026-10-08,processes/008a4c75-ff57-309e-b052-c9368f46d53e.json,deca73f1d72d481cb268c6e1e5f4d3aac6d9b054c220641cb046aadf78e83fd2
Transport,transport,"Transport, single unit truck; long-haul; compressed natural gas powered; Alaska",00e711cb-ea71-3b0a-8dbb-2b7e9bd58c9e,01.00.003,UNIT_PROCESS,USLCI,1.2026-09.0,unknown,2024-01-01,2024-12-31,"Transport; single unit truck, long-haul; compressed natural gas powered",d0207892-1d62-3649-b2a7-4f5bd03b8a73,1.0,t*km,False,1,PHYSICAL_ALLOCATION,https://api.nal.usda.gov/FederalLCACommonsapi/browse/National_Renewable_Energy_Laboratory/USLCI_Database_Public/PROCESS/00e711cb-ea71-3b0a-8dbb-2b7e9bd58c9e,2026-10-08,processes/00e711cb-ea71-3b0a-8dbb-2b7e9bd58c9e.json,396b5cabdbd024055416c8fefef0e5fd50dd38ccbd78ba9714b6ba301ac9ed15
Transport,transport,"Transport, refuse truck; diesel powered; Southeast",015667f8-18c8-3f3c-bcb9-903185af6f04,00.00.010,UNIT_PROCESS,USLCI,1.2026-09.0,United States of America (the),2009-12-31,2009-12-31,Transport; refuse truck; diesel powered,c99244fc-abe3-3836-9d0c-ce0872f79975,1.0,t*km,False,1,NO_ALLOCATION,https://api.nal.usda.gov/FederalLCACommonsapi/browse/National_Renewable_Energy_Laboratory/USLCI_Database_Public/PROCESS/015667f8-18c8-3f3c-bcb9-903185af6f04,2026-10-08,processes/015667f8-18c8-3f3c-bcb9-903185af6f04.json,cd1884d868b46d151352df6bee119654295f4052524d1b534f3026030a969ca7
Transport,transport,Transport; average mix; miscellaneous manufactured products,0287c9da-bdaa-3e93-b355-5b21183bd80e,01.01.001,UNIT_PROCESS,USLCI,1.2026-09.0,United States of America (the),2017-01-01,2017-12-31,Commodity transport; at consumer,1d6944d8-817b-3ae1-b997-68bdc265557f,1.0,kg,False,1,PHYSICAL_ALLOCATION,https://api.nal.usda.gov/FederalLCACommonsapi/browse/National_Renewable_Energy_Laboratory/USLCI_Database_Public/PROCESS/0287c9da-bdaa-3e93-b355-5b21183bd80e,2026-10-08,processes/0287c9da-bdaa-3e93-b355-5b21183bd80e.json,db858d4338c34cacc62b695da0aa485e157f723f61970350da5faf3d9c2c49f9
Transport,transport,"Transport, combination truck; short-haul; electricity powered; East North Central",0327b5eb-5bfe-3a79-bdb5-39b9fb42b514,01.00.007,UNIT_PROCESS,USLCI,1.2026-09.0,unknown,2024-01-01,2024-12-31,"Transport; combination truck, short-haul; electricity powered",d5ce6d5d-eea3-3c42-9999-fe46c52a1541,1.0,t*km,False,1,PHYSICAL_ALLOCATION,https://api.nal.usda.gov/FederalLCACommonsapi/browse/National_Renewable_Energy_Laboratory/USLCI_Database_Public/PROCESS/0327b5eb-5bfe-3a79-bdb5-39b9fb42b514,2026-10-08,processes/0327b5eb-5bfe-3a79-bdb5-39b9fb42b514.json,1cf67e1424e951edbfa80f57647ace5e01067ec4cbd8ece02fb7ad8fdd1772da
Transport,transport,"Transport, light commercial truck; electricity powered; East North Central",03b089f7-2073-3c62-9959-8a1949ae1c17,01.00.007,UNIT_PROCESS,USLCI,1.2026-09.0,unknown,2024-01-01,2024-12-31,Transport; light commercial truck; electricity powered,0925e27b-37eb-38b6-8710-314211416cc2,1.0,t*km,False,1,PHYSICAL_ALLOCATION,https://api.nal.usda.gov/FederalLCACommonsapi/browse/National_Renewable_Energy_Laboratory/USLCI_Database_Public/PROCESS/03b089f7-2073-3c62-9959-8a1949ae1c17,2026-10-08,processes/03b089f7-2073-3c62-9959-8a1949ae1c17.json,cd6087ffb5057711e4dfea74cc788ee706de23147d65f71fa3d7b60d411ff110
Transport,transport,"Transport, school bus; diesel powered; Alaska",03ea6a34-7abd-3220-a6c7-9b14a551b9f7,00.00.010,UNIT_PROCESS,USLCI,1.2026-09.0,United States of America (the),2009-12-31,2009-12-31,Transport; school bus; diesel powered,e039be4c-037a-36c4-822a-e55803432f61,1.0,p*km,False,1,NO_ALLOCATION,https://api.nal.usda.gov/FederalLCACommonsapi/browse/National_Renewable_Energy_Laboratory/USLCI_Database_Public/PROCESS/03ea6a34-7abd-3220-a6c7-9b14a551b9f7,2026-10-08,processes/03ea6a34-7abd-3220-a6c7-9b14a551b9f7.json,0e8983fc2d0c6f9408aa7f4829b93ccd591d01afbf30d1ddd2a60bd1fcd68f4f
Transport,transport,"Transport, combination truck; short-haul; electricity powered; Northwest",05225f4c-0974-37f3-ad7d-8fc98840f786,01.00.007,UNIT_PROCESS,USLCI,1.2026-09.0,unknown,2024-01-01,2024-12-31,"Transport; combination truck, short-haul; electricity powered",d5ce6d5d-eea3-3c42-9999-fe46c52a1541,1.0,t*km,False,1,PHYSICAL_ALLOCATION,https://api.nal.usda.gov/FederalLCACommonsapi/browse/National_Renewable_Energy_Laboratory/USLCI_Database_Public/PROCESS/05225f4c-0974-37f3-ad7d-8fc98840f786,2026-10-08,processes/05225f4c-0974-37f3-ad7d-8fc98840f786.json,c74b3718fef15310ebf699e8c23661138e2859c901c5997d0d7d00d36f7912d7
Transport,transport,"Transport, single unit truck; compressed natural gas powered; Central",06104859-7967-3179-a4dd-3812b8912eb1,01.00.003,UNIT_PROCESS,USLCI,1.2026-09.0,unknown,2024-01-01,2024-12-31,Transport; single unit truck; compressed natural gas powered,cb33e8c2-2296-3c28-8015-fc08bf040845,1.0,t*km,False,1,PHYSICAL_ALLOCATION,https://api.nal.usda.gov/FederalLCACommonsapi/browse/National_Renewable_Energy_Laboratory/USLCI_Database_Public/PROCESS/06104859-7967-3179-a4dd-3812b8912eb1,2026-10-08,processes/06104859-7967-3179-a4dd-3812b8912eb1.json,9247e18915c10f91dbe542430ea19fa30576dfd4746169cd9924fada0f1649db
Transport,transport,"Transport, combination truck; compressed natural gas powered; East North Central",0677a98b-6f90-3e7e-acf5-3835639c7d41,01.00.003,UNIT_PROCESS,USLCI,1.2026-09.0,unknown,2024-01-01,2024-12-31,Transport; combination truck; compressed natural gas powered,8a848faa-996b-39f4-a2ec-e9a1df693278,1.0,t*km,False,1,PHYSICAL_ALLOCATION,https://api.nal.usda.gov/FederalLCACommonsapi/browse/National_Renewable_Energy_Laboratory/USLCI_Database_Public/PROCESS/0677a98b-6f90-3e7e-acf5-3835639c7d41,2026-10-08,processes/0677a98b-6f90-3e7e-acf5-3835639c7d41.json,071377547bde9f02507ae478bbe4eefd703fdac443de121cabf0a8b6c68077dc
Transport,transport,"Transport, single unit truck; electricity powered; Northwest",06d76688-f853-3631-b003-f1f125d082d3,01.00.007,UNIT_PROCESS,USLCI,1.2026-09.0,unknown,2024-01-01,2024-12-31,Transport; single unit truck; electricity powered,94755eaa-c6ec-32d3-b687-b94ed0a53e5f,1.0,t*km,False,1,PHYSICAL_ALLOCATION,https://api.nal.usda.gov/FederalLCACommonsapi/browse/National_Renewable_Energy_Laboratory/USLCI_Database_Public/PROCESS/06d76688-f853-3631-b003-f1f125d082d3,2026-10-08,processes/06d76688-f853-3631-b003-f1f125d082d3.json,5b881cb1b0137b536ba13e6e5a941aca8ada16f1a18157e538a8f0fe1936694f
Transport,transport,"Transport, intercity bus; diesel powered; Northwest",06dc4c32-4219-33f8-9d37-9238da24709f,00.00.010,UNIT_PROCESS,USLCI,1.2026-09.0,United States of America (the),2009-12-31,2009-12-31,Transport; intercity bus; diesel powered,b235b36a-7ade-3301-acd9-e9a91a8138e8,1.0,p*km,False,1,NO_ALLOCATION,https://api.nal.usda.gov/FederalLCACommonsapi/browse/National_Renewable_Energy_Laboratory/USLCI_Database_Public/PROCESS/06dc4c32-4219-33f8-9d37-9238da24709f,2026-10-08,processes/06dc4c32-4219-33f8-9d37-9238da24709f.json,97ea5aeda068fe2bd7bebe5ac13471123a41efdaf08172a07abeb910d6d9fdf4
Transport,transport,"Transport, refuse truck; diesel powered; West North Central",077f9944-eca8-3f2d-b1ee-cdbc115ff0eb,00.00.010,UNIT_PROCESS,USLCI,1.2026-09.0,United States of America (the),2009-12-31,2009-12-31,Transport; refuse truck; diesel powered,c99244fc-abe3-3836-9d0c-ce0872f79975,1.0,t*km,False,1,NO_ALLOCATION,https://api.nal.usda.gov/FederalLCACommonsapi/browse/National_Renewable_Energy_Laboratory/USLCI_Database_Public/PROCESS/077f9944-eca8-3f2d-b1ee-cdbc115ff0eb,2026-10-08,processes/077f9944-eca8-3f2d-b1ee-cdbc115ff0eb.json,53e9cdfe690cfb4f8ccd20d41adce4c26ab5b1d4084fed7a5f224b9e129e00a6
Transport,transport,Transport; average mix; basic chemicals,08155f91-742c-3717-9f6c-16e9f143839b,01.01.001,UNIT_PROCESS,USLCI,1.2026-09.0,United States of America (the),2017-01-01,2017-12-31,Commodity transport; at consumer,1d6944d8-817b-3ae1-b997-68bdc265557f,1.0,kg,False,1,PHYSICAL_ALLOCATION,https://api.nal.usda.gov/FederalLCACommonsapi/browse/National_Renewable_Energy_Laboratory/USLCI_Database_Public/PROCESS/08155f91-742c-3717-9f6c-16e9f143839b,2026-10-08,processes/08155f91-742c-3717-9f6c-16e9f143839b.json,11ad03214c7b54d629e53182c1e53f029e1fdba3508c29a3cc303b92ae34a766
Transport,transport,"Transport, combination truck; short-haul; gasoline powered; Northwest",08376114-0ea1-32d1-a3ab-f2cca7c71f31,01.00.003,UNIT_PROCESS,USLCI,1.2026-09.0,unknown,2024-01-01,2024-12-31,"Transport; combination truck, short-haul; gasoline powered",41361da6-313c-3621-bbe6-3a792f3dab6b,1.0,t*km,False,1,PHYSICAL_ALLOCATION,https://api.nal.usda.gov/FederalLCACommonsapi/browse/National_Renewable_Energy_Laboratory/USLCI_Database_Public/PROCESS/08376114-0ea1-32d1-a3ab-f2cca7c71f31,2026-10-08,processes/08376114-0ea1-32d1-a3ab-f2cca7c71f31.json,2a8508add530baa89c2a4940e33c8e5946514fe52a081fd75ce4da8886cd0416
Transport,transport,"Transport, combination truck; gasoline powered; Central",083dc6b7-fd49-3db9-89bb-7dce3a052fcc,01.00.003,UNIT_PROCESS,USLCI,1.2026-09.0,unknown,2024-01-01,2024-12-31,Transport; combination truck; gasoline powered,9b20d581-cc62-3313-9412-0855be3ee7c2,1.0,t*km,False,1,PHYSICAL_ALLOCATION,https://api.nal.usda.gov/FederalLCACommonsapi/browse/National_Renewable_Energy_Laboratory/USLCI_Database_Public/PROCESS/083dc6b7-fd49-3db9-89bb-7dce3a052fcc,2026-10-08,processes/083dc6b7-fd49-3db9-89bb-7dce3a052fcc.json,bdc8651b2c443c4aefaa24d3c4fb750c9f58ff7975c1d697777c2505f82136f5
Transport,transport,"Transport, pipeline; unspecified petroleum products",0855376f-1ec5-3f3e-bead-959c932539b7,00.00.011,UNIT_PROCESS,USLCI,1.2026-09.0,Northern America,2002-12-31,2002-12-31,Transport; pipeline; unspecified petroleum products,acbe5bc4-6afd-31aa-bf3f-4a3fdc491945,1.0,t*km,False,1,NO_ALLOCATION,https://api.nal.usda.gov/FederalLCACommonsapi/browse/National_Renewable_Energy_Laboratory/USLCI_Database_Public/PROCESS/0855376f-1ec5-3f3e-bead-959c932539b7,2026-10-08,processes/0855376f-1ec5-3f3e-bead-959c932539b7.json,80cdddd1c9dc95f4201b89d20e2ca55a3664db8ac2baf0637c753006dd18a940
Transport,transport,"Transport, single unit truck; compressed natural gas powered; Southeast",0862a9d5-7ba3-33f1-8d88-d80ca1d98e5f,01.00.003,UNIT_PROCESS,USLCI,1.2026-09.0,unknown,2024-01-01,2024-12-31,Transport; single unit truck; compressed natural gas powered,cb33e8c2-2296-3c28-8015-fc08bf040845,1.0,t*km,False,1,PHYSICAL_ALLOCATION,https://api.nal.usda.gov/FederalLCACommonsapi/browse/National_Renewable_Energy_Laboratory/USLCI_Database_Public/PROCESS/0862a9d5-7ba3-33f1-8d88-d80ca1d98e5f,2026-10-08,processes/0862a9d5-7ba3-33f1-8d88-d80ca1d98e5f.json,03ef919bf8a2df7f4dd27e02e20250f1281a48a55c6cb237108d5a81a675e449
Transport,transport,"Transport, chemical tanker; distillate powered; Atlantic of Central/South America to US East Coast",08de6c80-0704-305a-b10b-7329bbcc49de,01.00.001,UNIT_PROCESS,USLCI,1.2026-09.0,Global,2023-01-01,2023-12-31,"Transport, chemical tanker; distillate powered",ce06ec4d-91ab-387e-8dd0-4358c1ea3633,1.0,t*km,False,1,PHYSICAL_ALLOCATION,https://api.nal.usda.gov/FederalLCACommonsapi/browse/National_Renewable_Energy_Laboratory/USLCI_Database_Public/PROCESS/08de6c80-0704-305a-b10b-7329bbcc49de,2026-10-08,processes/08de6c80-0704-305a-b10b-7329bbcc49de.json,feb9b410ac7f035d5b29450907a278496a94ae39a8d574a8fc771d12a536f8cb
Transport,transport,"Transport, chemical tanker; distillate powered; Bermuda to US East Coast",08fbf00a-dee6-3912-af50-55bae67fb2c1,01.00.001,UNIT_PROCESS,USLCI,1.2026-09.0,Global,2023-01-01,2023-12-31,"Transport, chemical tanker; distillate powered",ce06ec4d-91ab-387e-8dd0-4358c1ea3633,1.0,t*km,False,1,PHYSICAL_ALLOCATION,https://api.nal.usda.gov/FederalLCACommonsapi/browse/National_Renewable_Energy_Laboratory/USLCI_Database_Public/PROCESS/08fbf00a-dee6-3912-af50-55bae67fb2c1,2026-10-08,processes/08fbf00a-dee6-3912-af50-55bae67fb2c1.json,97f66f8c986f0e9bbf9f02976150935f1cac45063e8d45851f4231f145241d86
Transport,transport,"Transport, single unit truck; electricity powered; Hawaii",08fe00bb-6180-36d8-95c3-74972c809fff,01.00.007,UNIT_PROCESS,USLCI,1.2026-09.0,unknown,2024-01-01,2024-12-31,Transport; single unit truck; electricity powered,94755eaa-c6ec-32d3-b687-b94ed0a53e5f,1.0,t*km,False,1,PHYSICAL_ALLOCATION,https://api.nal.usda.gov/FederalLCACommonsapi/browse/National_Renewable_Energy_Laboratory/USLCI_Database_Public/PROCESS/08fe00bb-6180-36d8-95c3-74972c809fff,2026-10-08,processes/08fe00bb-6180-36d8-95c3-74972c809fff.json,201e2a94ad0ece230e27ab5d02a73efa99613ce26cd0202365254c578a897e56
Transport,transport,"Transport, barge; average fuel mix",099c3d09-08a3-3cac-9ffd-0558c12033b9,00.00.009,UNIT_PROCESS,USLCI,1.2026-09.0,United States of America (the),2019-01-01,2019-12-31,Transport; barge; average fuel mix,4069483a-8d94-3b6b-81be-5f0a249b74f4,1.0,t*km,False,1,NO_ALLOCATION,https://api.nal.usda.gov/FederalLCACommonsapi/browse/National_Renewable_Energy_Laboratory/USLCI_Database_Public/PROCESS/099c3d09-08a3-3cac-9ffd-0558c12033b9,2026-10-08,processes/099c3d09-08a3-3cac-9ffd-0558c12033b9.json,f815c8413140891de9a9771ea09e3c1fcc8b0c8a0b10b60f74a10c1b07201930
Transport,transport,"Transport, combination truck; electricity powered; West North Central",0a09c686-8aee-31dc-b8d9-33dcd61a7dfe,01.00.007,UNIT_PROCESS,USLCI,1.2026-09.0,unknown,2024-01-01,2024-12-31,Transport; combination truck; electricity powered,70d89027-628d-3404-8458-b209e40dd0e0,1.0,t*km,False,1,PHYSICAL_ALLOCATION,https://api.nal.usda.gov/FederalLCACommonsapi/browse/National_Renewable_Energy_Laboratory/USLCI_Database_Public/PROCESS/0a09c686-8aee-31dc-b8d9-33dcd61a7dfe,2026-10-08,processes/0a09c686-8aee-31dc-b8d9-33dcd61a7dfe.json,2bca0af3510eb7078da55e8179f426f20748a4f31bc853eb8861f688bcfb0465
Transport,transport,"Transport, school bus; diesel powered",0a67401f-bc99-3993-adbb-3b9ccfeb1c42,00.00.009,UNIT_PROCESS,USLCI,1.2026-09.0,United States of America (the),2009-12-31,2009-12-31,Transport; school bus; diesel powered,e039be4c-037a-36c4-822a-e55803432f61,1.0,p*km,False,1,NO_ALLOCATION,https://api.nal.usda.gov/FederalLCACommonsapi/browse/National_Renewable_Energy_Laboratory/USLCI_Database_Public/PROCESS/0a67401f-bc99-3993-adbb-3b9ccfeb1c42,2026-10-08,processes/0a67401f-bc99-3993-adbb-3b9ccfeb1c42.json,d39366d354e4ef13a1ab6aa1e87baf3ff2ab8e328a20e35f176372580e9d2d65
Transport,transport,"Transport, transit bus; diesel powered; East North Central",0bc23cda-623c-347a-acf8-a530f22a9a1d,00.00.011,UNIT_PROCESS,USLCI,1.2026-09.0,United States of America (the),2009-12-31,2009-12-31,Transport; transit bus; diesel powered,83a2d23e-a668-3b97-a037-371c67c18ccf,1.0,p*km,False,1,NO_ALLOCATION,https://api.nal.usda.gov/FederalLCACommonsapi/browse/National_Renewable_Energy_Laboratory/USLCI_Database_Public/PROCESS/0bc23cda-623c-347a-acf8-a530f22a9a1d,2026-10-08,processes/0bc23cda-623c-347a-acf8-a530f22a9a1d.json,ffdc031762a082a074c52af103e4c2eabf0ff50a6a21e504920f723b8c5f1b4e
Transport,transport,"Transport, single unit truck; long-haul; electricity powered; Southwest",0c00fec3-3286-3ceb-98ef-36fa7411ba2f,01.00.007,UNIT_PROCESS,USLCI,1.2026-09.0,unknown,2024-01-01,2024-12-31,"Transport; single unit truck, long-haul; electricity powered",ca468bee-3878-3418-918a-6cbe82ac640c,1.0,t*km,False,1,PHYSICAL_ALLOCATION,https://api.nal.usda.gov/FederalLCACommonsapi/browse/National_Renewable_Energy_Laboratory/USLCI_Database_Public/PROCESS/0c00fec3-3286-3ceb-98ef-36fa7411ba2f,2026-10-08,processes/0c00fec3-3286-3ceb-98ef-36fa7411ba2f.json,9babad6da3b816bfeaec835384327fa1481fe2343157d2a09b8f6b223f57c96c
Transport,transport,"Transport, single unit truck; electricity powered; Alaska",0d8e9e8d-f3a7-3781-af23-306523811c4a,01.00.007,UNIT_PROCESS,USLCI,1.2026-09.0,unknown,2024-01-01,2024-12-31,Transport; single unit truck; electricity powered,94755eaa-c6ec-32d3-b687-b94ed0a53e5f,1.0,t*km,False,1,PHYSICAL_ALLOCATION,https://api.nal.usda.gov/FederalLCACommonsapi/browse/National_Renewable_Energy_Laboratory/USLCI_Database_Public/PROCESS/0d8e9e8d-f3a7-3781-af23-306523811c4a,2026-10-08,processes/0d8e9e8d-f3a7-3781-af23-306523811c4a.json,bcaaf0e46f62d42e5e5678221bd25de197194399d4819993bd8f1e167685bcec
Transport,transport,Transport; average mix; monumental or building stone,0e37e687-c802-3164-b3c6-c768c9ee098e,01.01.001,UNIT_PROCESS,USLCI,1.2026-09.0,United States of America (the),2017-01-01,2017-12-31,Commodity transport; at consumer,1d6944d8-817b-3ae1-b997-68bdc265557f,1.0,kg,False,1,PHYSICAL_ALLOCATION,https://api.nal.usda.gov/FederalLCACommonsapi/browse/National_Renewable_Energy_Laboratory/USLCI_Database_Public/PROCESS/0e37e687-c802-3164-b3c6-c768c9ee098e,2026-10-08,processes/0e37e687-c802-3164-b3c6-c768c9ee098e.json,e1bc0542b704e375bf8e257870062160fd7db02cd54b283a0dee32e4c6127f03
Transport,transport,"Transport, chemical tanker; residual fuel oil powered; Europe to US East Coast",0e788d76-d70b-34aa-bef4-5a3f1ca49ab5,01.00.001,UNIT_PROCESS,USLCI,1.2026-09.0,Global,2023-01-01,2023-12-31,"Transport, chemical tanker; residual fuel oil powered",8c3474d2-9fc0-3940-a631-ec4229207e82,1.0,t*km,False,1,PHYSICAL_ALLOCATION,https://api.nal.usda.gov/FederalLCACommonsapi/browse/National_Renewable_Energy_Laboratory/USLCI_Database_Public/PROCESS/0e788d76-d70b-34aa-bef4-5a3f1ca49ab5,2026-10-08,processes/0e788d76-d70b-34aa-bef4-5a3f1ca49ab5.json,1ed67076aab791ca9f2e8ce93d31ca60bf4bf6a053eefee5e5007224b8da8e86
Transport,transport,"Transport, single unit truck; long-haul; gasoline powered; Hawaii",0e9b8277-83e7-3961-a7bb-ceda124189a9,01.00.003,UNIT_PROCESS,USLCI,1.2026-09.0,unknown,2024-01-01,2024-12-31,"Transport; single unit truck, long-haul; gasoline powered",9f52f8d9-5c7c-3d35-a912-376b70769a26,1.0,t*km,False,1,PHYSICAL_ALLOCATION,https://api.nal.usda.gov/FederalLCACommonsapi/browse/National_Renewable_Energy_Laboratory/USLCI_Database_Public/PROCESS/0e9b8277-83e7-3961-a7bb-ceda124189a9,2026-10-08,processes/0e9b8277-83e7-3961-a7bb-ceda124189a9.json,eecb8937428949c656fc61221ee40012557bbb03da3d16749b3bb0b75a4e9f46
Transport,transport,"Transport, single unit truck; short-haul; electricity powered; Northwest",0ec0a537-945a-3336-b174-f4074201483e,01.00.007,UNIT_PROCESS,USLCI,1.2026-09.0,unknown,2024-01-01,2024-12-31,"Transport; single unit truck, short-haul; electricity powered",855b58f5-89b6-3b25-b33e-59454a0adbaa,1.0,t*km,False,1,PHYSICAL_ALLOCATION,https://api.nal.usda.gov/FederalLCACommonsapi/browse/National_Renewable_Energy_Laboratory/USLCI_Database_Public/PROCESS/0ec0a537-945a-3336-b174-f4074201483e,2026-10-08,processes/0ec0a537-945a-3336-b174-f4074201483e.json,66e8ce6a2e616f7f4e6e942e06de5810e335bc3bec197f94ee03ce713d8a6163
Transport,transport,"Transport, single unit truck; short-haul; gasoline powered; Alaska",0ee63a7f-7646-3daa-b359-4116bd9f2929,01.00.003,UNIT_PROCESS,USLCI,1.2026-09.0,unknown,2024-01-01,2024-12-31,"Transport; single unit truck, short-haul; gasoline powered",524fd4ed-beef-3c60-a17b-fa0ba1842eeb,1.0,t*km,False,1,PHYSICAL_ALLOCATION,https://api.nal.usda.gov/FederalLCACommonsapi/browse/National_Renewable_Energy_Laboratory/USLCI_Database_Public/PROCESS/0ee63a7f-7646-3daa-b359-4116bd9f2929,2026-10-08,processes/0ee63a7f-7646-3daa-b359-4116bd9f2929.json,a1af4497557de69495808ffdb713a096813e8fca6495f6a63bcfbb1662992ad6
Transport,transport,"Transport, school bus; diesel powered; Hawaii",0ff039bd-cecc-3149-bd0c-b30a8a5b0f08,00.00.010,UNIT_PROCESS,USLCI,1.2026-09.0,United States of America (the),2009-12-31,2009-12-31,Transport; school bus; diesel powered,e039be4c-037a-36c4-822a-e55803432f61,1.0,p*km,False,1,NO_ALLOCATION,https://api.nal.usda.gov/FederalLCACommonsapi/browse/National_Renewable_Energy_Laboratory/USLCI_Database_Public/PROCESS/0ff039bd-cecc-3149-bd0c-b30a8a5b0f08,2026-10-08,processes/0ff039bd-cecc-3149-bd0c-b30a8a5b0f08.json,21731503600a9b3d720eb39dcf8db2ce00f989e524433a66a0d0f0d4d2590149
Transport,transport,"Transport, combination truck; electricity powered; Alaska",103485be-194e-395a-a504-7d3f3bc7a7b3,01.00.007,UNIT_PROCESS,USLCI,1.2026-09.0,unknown,2024-01-01,2024-12-31,Transport; combination truck; electricity powered,70d89027-628d-3404-8458-b209e40dd0e0,1.0,t*km,False,1,PHYSICAL_ALLOCATION,https://api.nal.usda.gov/FederalLCACommonsapi/browse/National_Renewable_Energy_Laboratory/USLCI_Database_Public/PROCESS/103485be-194e-395a-a504-7d3f3bc7a7b3,2026-10-08,processes/103485be-194e-395a-a504-7d3f3bc7a7b3.json,0c2018d2581e48c8da48b694814c4493e487cb05c8c3e505c8bd31fc01c02a97
Transport,transport,"Transport, single unit truck; short-haul; electricity powered; Northeast",103e5c10-96c9-3a1f-bf8b-7054873ee7ec,01.00.007,UNIT_PROCESS,USLCI,1.2026-09.0,unknown,2024-01-01,2024-12-31,"Transport; single unit truck, short-haul; electricity powered",855b58f5-89b6-3b25-b33e-59454a0adbaa,1.0,t*km,False,1,PHYSICAL_ALLOCATION,https://api.nal.usda.gov/FederalLCACommonsapi/browse/National_Renewable_Energy_Laboratory/USLCI_Database_Public/PROCESS/103e5c10-96c9-3a1f-bf8b-7054873ee7ec,2026-10-08,processes/103e5c10-96c9-3a1f-bf8b-7054873ee7ec.json,92b33ec36163f609b47e27860978dbccb38678cfff3f69a824f0040c22d5e59b
Transport,transport,"Transport, rail, freight; diesel powered; tier 1",1060609d-5399-31d3-ae65-76bc3141d232,01.00.001,UNIT_PROCESS,USLCI,1.2026-09.0,United States of America (the),2020-01-01,2024-12-31,"Transport, rail, freight; diesel powered",4326be78-ae8b-3446-9310-278636ee68c5,1.0,t*km,False,1,PHYSICAL_ALLOCATION,https://api.nal.usda.gov/FederalLCACommonsapi/browse/National_Renewable_Energy_Laboratory/USLCI_Database_Public/PROCESS/1060609d-5399-31d3-ae65-76bc3141d232,2026-10-08,processes/1060609d-5399-31d3-ae65-76bc3141d232.json,696de4477ef686c8ccae7aac2b77ac34d4be3700561a27d32a84d5b039514667
Transport,transport,"Transport; average mix; fuel oils (includes diesel, bunker c, and biodiesel)",132d8bc8-7133-369b-854a-57d31b2350fe,01.01.001,UNIT_PROCESS,USLCI,1.2026-09.0,United States of America (the),2017-01-01,2017-12-31,Commodity transport; at consumer,1d6944d8-817b-3ae1-b997-68bdc265557f,1.0,kg,False,1,PHYSICAL_ALLOCATION,https://api.nal.usda.gov/FederalLCACommonsapi/browse/National_Renewable_Energy_Laboratory/USLCI_Database_Public/PROCESS/132d8bc8-7133-369b-854a-57d31b2350fe,2026-10-08,processes/132d8bc8-7133-369b-854a-57d31b2350fe.json,36b411a87287e766b7b0d938c85340487ba8323fdad3469b2d83400aff58be42
Transport,transport,"Transport, single unit truck; electricity powered; Southwest",13fa7cd1-3ccd-3b21-8b38-2ab4a7b95cd8,01.00.007,UNIT_PROCESS,USLCI,1.2026-09.0,unknown,2024-01-01,2024-12-31,Transport; single unit truck; electricity powered,94755eaa-c6ec-32d3-b687-b94ed0a53e5f,1.0,t*km,False,1,PHYSICAL_ALLOCATION,https://api.nal.usda.gov/FederalLCACommonsapi/browse/National_Renewable_Energy_Laboratory/USLCI_Database_Public/PROCESS/13fa7cd1-3ccd-3b21-8b38-2ab4a7b95cd8,2026-10-08,processes/13fa7cd1-3ccd-3b21-8b38-2ab4a7b95cd8.json,45a934cbf3061553677807c5cfa70666ad05c8a1454aee2e26d2b30f7b911f3b
Transport,transport,"Transport, single unit truck; short-haul; gasoline powered; East North Central",152b86c1-c318-3027-baf7-863ea194b59f,01.00.003,UNIT_PROCESS,USLCI,1.2026-09.0,unknown,2024-01-01,2024-12-31,"Transport; single unit truck, short-haul; gasoline powered",524fd4ed-beef-3c60-a17b-fa0ba1842eeb,1.0,t*km,False,1,PHYSICAL_ALLOCATION,https://api.nal.usda.gov/FederalLCACommonsapi/browse/National_Renewable_Energy_Laboratory/USLCI_Database_Public/PROCESS/152b86c1-c318-3027-baf7-863ea194b59f,2026-10-08,processes/152b86c1-c318-3027-baf7-863ea194b59f.json,3f6aaef8bed699ed9b69ccefffbc0436fa06118adb0a93bfe43b8ab81678e449
Transport,transport,"Transport, light commercial truck; E85 powered; Northeast",15893aef-a669-3f54-ab00-55f4ae6a842b,01.00.003,UNIT_PROCESS,USLCI,1.2026-09.0,unknown,2024-01-01,2024-12-31,Transport; light commercial truck; E85 powered,0a954583-49bd-3d80-8200-847790caf5b2,1.0,t*km,False,1,PHYSICAL_ALLOCATION,https://api.nal.usda.gov/FederalLCACommonsapi/browse/National_Renewable_Energy_Laboratory/USLCI_Database_Public/PROCESS/15893aef-a669-3f54-ab00-55f4ae6a842b,2026-10-08,processes/15893aef-a669-3f54-ab00-55f4ae6a842b.json,5d7f0fd6b2d36d827b205443320a2a92dce5268dff5d0188ee8a6eae10962153
Transport,transport,"Transport, single unit truck; gasoline powered; East North Central",1639dd55-400f-334f-af48-f8236eaef45e,01.00.003,UNIT_PROCESS,USLCI,1.2026-09.0,unknown,2024-01-01,2024-12-31,Transport; single unit truck; gasoline powered,30c89ffc-e08a-3d2b-8c96-33b2397b9bd8,1.0,t*km,False,1,PHYSICAL_ALLOCATION,https://api.nal.usda.gov/FederalLCACommonsapi/browse/National_Renewable_Energy_Laboratory/USLCI_Database_Public/PROCESS/1639dd55-400f-334f-af48-f8236eaef45e,2026-10-08,processes/1639dd55-400f-334f-af48-f8236eaef45e.json,5d2cec2205d08ac8bc3ba39631970728f36c127f400b6c10179460fbc8de1c81
Transport,transport,"Transport, single unit truck; short-haul; diesel powered; Southwest",16c70e02-29b3-3bec-9b39-b09415d02281,01.00.003,UNIT_PROCESS,USLCI,1.2026-09.0,unknown,2024-01-01,2024-12-31,"Transport; single unit truck, short-haul; diesel powered",20567d69-c8ee-325c-a98c-43c35b8eb9f4,1.0,t*km,False,1,PHYSICAL_ALLOCATION,https://api.nal.usda.gov/FederalLCACommonsapi/browse/National_Renewable_Energy_Laboratory/USLCI_Database_Public/PROCESS/16c70e02-29b3-3bec-9b39-b09415d02281,2026-10-08,processes/16c70e02-29b3-3bec-9b39-b09415d02281.json,a0b146df835dd313ca434adfc9659c7c2afc11fae463b6f88d7da4280484cf6a
Transport,transport,"Transport, refuse truck; diesel powered",16d56c2f-7a14-33c1-863d-baecbc1b5170,00.00.009,UNIT_PROCESS,USLCI,1.2026-09.0,United States of America (the),2009-12-31,2009-12-31,Transport; refuse truck; diesel powered,c99244fc-abe3-3836-9d0c-ce0872f79975,1.0,t*km,False,1,NO_ALLOCATION,https://api.nal.usda.gov/FederalLCACommonsapi/browse/National_Renewable_Energy_Laboratory/USLCI_Database_Public/PROCESS/16d56c2f-7a14-33c1-863d-baecbc1b5170,2026-10-08,processes/16d56c2f-7a14-33c1-863d-baecbc1b5170.json,b41f62eae9ffd94f97d4783fddc1867595b229f469adb93cfe24cb1701f1a176
Transport,transport,"Transport, combination truck; compressed natural gas powered; West",1728bfb7-f37e-3c33-a360-e1aed7ad91cc,01.00.003,UNIT_PROCESS,USLCI,1.2026-09.0,unknown,2024-01-01,2024-12-31,Transport; combination truck; compressed natural gas powered,8a848faa-996b-39f4-a2ec-e9a1df693278,1.0,t*km,False,1,PHYSICAL_ALLOCATION,https://api.nal.usda.gov/FederalLCACommonsapi/browse/National_Renewable_Energy_Laboratory/USLCI_Database_Public/PROCESS/1728bfb7-f37e-3c33-a360-e1aed7ad91cc,2026-10-08,processes/1728bfb7-f37e-3c33-a360-e1aed7ad91cc.json,9cc00ad396f6c267c3e473d598a9a7f9ff9e54d157604ea01c8f918f956fc7c9
Transport,transport,"Transport, container ship; residual fuel oil powered; Asia to US Gulf",17683655-390f-3dd3-86e7-880bf49515ad,01.00.001,UNIT_PROCESS,USLCI,1.2026-09.0,Global,2023-01-01,2023-12-31,"Transport, container ship; residual fuel oil powered",0d1b359b-72a1-3c00-aa2c-2102e8c81a17,1.0,t*km,False,1,PHYSICAL_ALLOCATION,https://api.nal.usda.gov/FederalLCACommonsapi/browse/National_Renewable_Energy_Laboratory/USLCI_Database_Public/PROCESS/17683655-390f-3dd3-86e7-880bf49515ad,2026-10-08,processes/17683655-390f-3dd3-86e7-880bf49515ad.json,205a9643580b2976908775ad30b26e717c7868df843027d33a8d947a41230d07
Transport,transport,"Transport, light commercial truck; E85 powered",17873317-3d74-3ebb-809e-d080b87d5a09,01.00.003,UNIT_PROCESS,USLCI,1.2026-09.0,United States of America (the),2024-01-01,2024-12-31,Transport; light commercial truck; E85 powered,0a954583-49bd-3d80-8200-847790caf5b2,1.0,t*km,False,1,PHYSICAL_ALLOCATION,https://api.nal.usda.gov/FederalLCACommonsapi/browse/National_Renewable_Energy_Laboratory/USLCI_Database_Public/PROCESS/17873317-3d74-3ebb-809e-d080b87d5a09,2026-10-08,processes/17873317-3d74-3ebb-809e-d080b87d5a09.json,6e3e626ce28f8faa098dc127564ba8cd2ab089f626794afd3a090b4b9598da6d
Transport,transport,"Transport, single unit truck; short-haul; gasoline powered; Southwest",17b1790d-9a4f-329c-8feb-20aad7a41bb3,01.00.003,UNIT_PROCESS,USLCI,1.2026-09.0,unknown,2024-01-01,2024-12-31,"Transport; single unit truck, short-haul; gasoline powered",524fd4ed-beef-3c60-a17b-fa0ba1842eeb,1.0,t*km,False,1,PHYSICAL_ALLOCATION,https://api.nal.usda.gov/FederalLCACommonsapi/browse/National_Renewable_Energy_Laboratory/USLCI_Database_Public/PROCESS/17b1790d-9a4f-329c-8feb-20aad7a41bb3,2026-10-08,processes/17b1790d-9a4f-329c-8feb-20aad7a41bb3.json,6cb6649850108590239fab49bea31ca53ad81dd2df90fc84d35d0f3a6a873677
Transport,transport,"Transport, light commercial truck; electricity powered; West North Central",17d2f2a1-ef2f-3368-a501-fbd4979c3c3a,01.00.007,UNIT_PROCESS,USLCI,1.2026-09.0,unknown,2024-01-01,2024-12-31,Transport; light commercial truck; electricity powered,0925e27b-37eb-38b6-8710-314211416cc2,1.0,t*km,False,1,PHYSICAL_ALLOCATION,https://api.nal.usda.gov/FederalLCACommonsapi/browse/National_Renewable_Energy_Laboratory/USLCI_Database_Public/PROCESS/17d2f2a1-ef2f-3368-a501-fbd4979c3c3a,2026-10-08,processes/17d2f2a1-ef2f-3368-a501-fbd4979c3c3a.json,cef9425594722f9432a23f871722f47099c83ab5c9a2bf227f1cd2877026c4b8
Transport,transport,"Transport, single unit truck; diesel powered; West",18879d9d-a1bc-308f-b078-f66d5a738758,01.00.003,UNIT_PROCESS,USLCI,1.2026-09.0,unknown,2024-01-01,2024-12-31,Transport; single unit truck; diesel powered,bbcd8095-e1d5-3762-aa08-3efc8d1d2ec4,1.0,t*km,False,1,PHYSICAL_ALLOCATION,https://api.nal.usda.gov/FederalLCACommonsapi/browse/National_Renewable_Energy_Laboratory/USLCI_Database_Public/PROCESS/18879d9d-a1bc-308f-b078-f66d5a738758,2026-10-08,processes/18879d9d-a1bc-308f-b078-f66d5a738758.json,2d525d913971fa67a964ca330e15ecd32e1b956c9ec31e2fb388e6ecdfccba89
Transport,transport,"Transport, school bus; diesel powered; South",19cb866e-1cfc-3007-b64e-5c5c75492cff,00.00.010,UNIT_PROCESS,USLCI,1.2026-09.0,United States of America (the),2009-12-31,2009-12-31,Transport; school bus; diesel powered,e039be4c-037a-36c4-822a-e55803432f61,1.0,p*km,False,1,NO_ALLOCATION,https://api.nal.usda.gov/FederalLCACommonsapi/browse/National_Renewable_Energy_Laboratory/USLCI_Database_Public/PROCESS/19cb866e-1cfc-3007-b64e-5c5c75492cff,2026-10-08,processes/19cb866e-1cfc-3007-b64e-5c5c75492cff.json,bb3bdc25728bf024e24039b1a0ce55ccf457e094590a9b53ff82f678ab0b6179
Transport,transport,"Transport, school bus; diesel powered; West North Central",1a7aee1b-bc8e-3521-8864-b9efadc3a871,00.00.010,UNIT_PROCESS,USLCI,1.2026-09.0,United States of America (the),2009-12-31,2009-12-31,Transport; school bus; diesel powered,e039be4c-037a-36c4-822a-e55803432f61,1.0,p*km,False,1,NO_ALLOCATION,https://api.nal.usda.gov/FederalLCACommonsapi/browse/National_Renewable_Energy_Laboratory/USLCI_Database_Public/PROCESS/1a7aee1b-bc8e-3521-8864-b9efadc3a871,2026-10-08,processes/1a7aee1b-bc8e-3521-8864-b9efadc3a871.json,8e510f82d2cc78a27b82ea4519eaad6dc480c8264fed420bd8cad4aa1f6b7df1
Transport,transport,"Transport, motor home; gasoline powered",1b506801-d9d6-37a7-b5d2-7d6414373f3c,00.00.011,UNIT_PROCESS,USLCI,1.2026-09.0,United States of America (the),2009-12-31,2009-12-31,Transport; motor home; gasoline powered,99677578-be6e-3b54-ba97-3afe1cc82ea4,1.0,p*km,False,1,NO_ALLOCATION,https://api.nal.usda.gov/FederalLCACommonsapi/browse/National_Renewable_Energy_Laboratory/USLCI_Database_Public/PROCESS/1b506801-d9d6-37a7-b5d2-7d6414373f3c,2026-10-08,processes/1b506801-d9d6-37a7-b5d2-7d6414373f3c.json,40071f4c923c424efe3121d81fcf249ae7a767723355ec34742204fe00872bb2
Transport,transport,"Transport, single unit truck; long-haul; diesel powered; East North Central",1b6a6391-2477-3898-8b92-e6621739797a,01.00.003,UNIT_PROCESS,USLCI,1.2026-09.0,unknown,2024-01-01,2024-12-31,"Transport; single unit truck, long-haul; diesel powered",1c639821-1428-35ac-aaa4-277aacdc7420,1.0,t*km,False,1,PHYSICAL_ALLOCATION,https://api.nal.usda.gov/FederalLCACommonsapi/browse/National_Renewable_Energy_Laboratory/USLCI_Database_Public/PROCESS/1b6a6391-2477-3898-8b92-e6621739797a,2026-10-08,processes/1b6a6391-2477-3898-8b92-e6621739797a.json,2a87ad7614c21a41fcf8e2df75e28d1fe33bbf9b314bf839e57162bf978451db
Transport,transport,"Transport, single unit truck; short-haul; gasoline powered; West North Central",1b8aeea1-53ae-3834-8162-4dd62dd2eefc,01.00.003,UNIT_PROCESS,USLCI,1.2026-09.0,unknown,2024-01-01,2024-12-31,"Transport; single unit truck, short-haul; gasoline powered",524fd4ed-beef-3c60-a17b-fa0ba1842eeb,1.0,t*km,False,1,PHYSICAL_ALLOCATION,https://api.nal.usda.gov/FederalLCACommonsapi/browse/National_Renewable_Energy_Laboratory/USLCI_Database_Public/PROCESS/1b8aeea1-53ae-3834-8162-4dd62dd2eefc,2026-10-08,processes/1b8aeea1-53ae-3834-8162-4dd62dd2eefc.json,9aeb55d526143b0059dfa240ace052d7cee9fd516f561a2e3dd59fc76503a3fd
Transport,transport,"Transport; average mix; transportation equipment, not elsewhere classified",1c2315c0-139b-3bb9-a945-ee7daf40ff14,01.01.001,UNIT_PROCESS,USLCI,1.2026-09.0,United States of America (the),2017-01-01,2017-12-31,Commodity transport; at consumer,1d6944d8-817b-3ae1-b997-68bdc265557f,1.0,kg,False,1,PHYSICAL_ALLOCATION,https://api.nal.usda.gov/FederalLCACommonsapi/browse/National_Renewable_Energy_Laboratory/USLCI_Database_Public/PROCESS/1c2315c0-139b-3bb9-a945-ee7daf40ff14,2026-10-08,processes/1c2315c0-139b-3bb9-a945-ee7daf40ff14.json,6b99bad1bcfb61930921871f7dbbcf797c9f5adb5276b4481eda0744b6010e5f
Transport,transport,"Transport, single unit truck; short-haul; diesel powered; Central",1cb962d8-c4ea-39cf-be3f-9062109feb1d,01.00.003,UNIT_PROCESS,USLCI,1.2026-09.0,unknown,2024-01-01,2024-12-31,"Transport; single unit truck, short-haul; diesel powered",20567d69-c8ee-325c-a98c-43c35b8eb9f4,1.0,t*km,False,1,PHYSICAL_ALLOCATION,https://api.nal.usda.gov/FederalLCACommonsapi/browse/National_Renewable_Energy_Laboratory/USLCI_Database_Public/PROCESS/1cb962d8-c4ea-39cf-be3f-9062109feb1d,2026-10-08,processes/1cb962d8-c4ea-39cf-be3f-9062109feb1d.json,d8bb997623b6831c48b998b739ea56e7bb007bec8af57465b2e35ef4725c4b67
Transport,transport,"Transport, container ship; distillate powered; Africa to US Gulf",1da178be-d3ff-3296-aa14-c2d9e2a1834c,01.00.001,UNIT_PROCESS,USLCI,1.2026-09.0,Global,2023-01-01,2023-12-31,"Transport, container ship; distillate powered",e46da55e-5561-37d0-8e99-71fade967cf3,1.0,t*km,False,1,PHYSICAL_ALLOCATION,https://api.nal.usda.gov/FederalLCACommonsapi/browse/National_Renewable_Energy_Laboratory/USLCI_Database_Public/PROCESS/1da178be-d3ff-3296-aa14-c2d9e2a1834c,2026-10-08,processes/1da178be-d3ff-3296-aa14-c2d9e2a1834c.json,2a2eed73b8196ae78824252e254df3ab8c49177f8800c52fae844395f36eb8e6
Transport,transport,"Transport, container ship; average fuel mix",1e2429d8-8d91-328f-85c3-18d39bdebfa7,00.00.013,UNIT_PROCESS,USLCI,1.2026-09.0,Global,2023-01-01,2023-12-31,"Transport, container ship; average fuel mix",0e63d1db-e383-3c9a-b02a-b5eebafe87d1,1.0,t*km,False,1,NO_ALLOCATION,https://api.nal.usda.gov/FederalLCACommonsapi/browse/National_Renewable_Energy_Laboratory/USLCI_Database_Public/PROCESS/1e2429d8-8d91-328f-85c3-18d39bdebfa7,2026-10-08,processes/1e2429d8-8d91-328f-85c3-18d39bdebfa7.json,80842a98f8290adccd5c42114882a4d335e5ad1ef0a5f5f5d853c8a620bc18b1
Transport,transport,"Transport, combination truck; short-haul; compressed natural gas powered; Alaska",1eee817f-45fe-3144-90d5-ddd7d0ae7939,01.00.003,UNIT_PROCESS,USLCI,1.2026-09.0,unknown,2024-01-01,2024-12-31,"Transport; combination truck, short-haul; compressed natural gas powered",419e9d46-92be-37cf-a9a2-765076ebf9ad,1.0,t*km,False,1,PHYSICAL_ALLOCATION,https://api.nal.usda.gov/FederalLCACommonsapi/browse/National_Renewable_Energy_Laboratory/USLCI_Database_Public/PROCESS/1eee817f-45fe-3144-90d5-ddd7d0ae7939,2026-10-08,processes/1eee817f-45fe-3144-90d5-ddd7d0ae7939.json,71bb5ed28c44e9b2349ee4f121b035ab1c8e6623742a95d36d4aaee79d47886a
Transport,transport,"Transport, single unit truck; short-haul; compressed natural gas powered; West North Central",1fc01f75-1abe-356c-81d1-3a8758c150e0,01.00.003,UNIT_PROCESS,USLCI,1.2026-09.0,unknown,2024-01-01,2024-12-31,"Transport; single unit truck, short-haul; compressed natural gas powered",1a34089c-3f9a-3afb-9ca6-93a4c7d6424e,1.0,t*km,False,1,PHYSICAL_ALLOCATION,https://api.nal.usda.gov/FederalLCACommonsapi/browse/National_Renewable_Energy_Laboratory/USLCI_Database_Public/PROCESS/1fc01f75-1abe-356c-81d1-3a8758c150e0,2026-10-08,processes/1fc01f75-1abe-356c-81d1-3a8758c150e0.json,24ce02f35881e6a5638c149519ec6fa639351a602415e33f31724a50b48590c1
Transport,transport,"Transport, single unit truck; long-haul; diesel powered; Northeast",1ff386a3-2d0c-3a73-97b1-cf3c6fa10d2c,01.00.003,UNIT_PROCESS,USLCI,1.2026-09.0,unknown,2024-01-01,2024-12-31,"Transport; single unit truck, long-haul; diesel powered",1c639821-1428-35ac-aaa4-277aacdc7420,1.0,t*km,False,1,PHYSICAL_ALLOCATION,https://api.nal.usda.gov/FederalLCACommonsapi/browse/National_Renewable_Energy_Laboratory/USLCI_Database_Public/PROCESS/1ff386a3-2d0c-3a73-97b1-cf3c6fa10d2c,2026-10-08,processes/1ff386a3-2d0c-3a73-97b1-cf3c6fa10d2c.json,7f68ed8940f05f54836a078e928f87d9772b931d2053c54d3ad82ff9d0089b20
Transport,transport,"Transport, single unit truck; long-haul; diesel powered; Southwest",2036751b-b50e-3bbd-8106-6744c4149453,01.00.003,UNIT_PROCESS,USLCI,1.2026-09.0,unknown,2024-01-01,2024-12-31,"Transport; single unit truck, long-haul; diesel powered",1c639821-1428-35ac-aaa4-277aacdc7420,1.0,t*km,False,1,PHYSICAL_ALLOCATION,https://api.nal.usda.gov/FederalLCACommonsapi/browse/National_Renewable_Energy_Laboratory/USLCI_Database_Public/PROCESS/2036751b-b50e-3bbd-8106-6744c4149453,2026-10-08,processes/2036751b-b50e-3bbd-8106-6744c4149453.json,5dab4d1cbcd61e4c50dece1deb2de8e7a0a0ddf5ff342df35b617d0c8521a33f
Transport,transport,"Transport, light commercial truck; electricity powered; Central",208689c1-63e5-31da-ada3-655d737f6d15,01.00.007,UNIT_PROCESS,USLCI,1.2026-09.0,unknown,2024-01-01,2024-12-31,Transport; light commercial truck; electricity powered,0925e27b-37eb-38b6-8710-314211416cc2,1.0,t*km,False,1,PHYSICAL_ALLOCATION,https://api.nal.usda.gov/FederalLCACommonsapi/browse/National_Renewable_Energy_Laboratory/USLCI_Database_Public/PROCESS/208689c1-63e5-31da-ada3-655d737f6d15,2026-10-08,processes/208689c1-63e5-31da-ada3-655d737f6d15.json,569096f65af32d83cce847cc796d201a3c291e7cff2d0394d86af566e3863718
Transport,transport,"Transport, intercity bus; diesel powered",2087543e-37d4-3a37-b351-e134cbe3e538,00.00.009,UNIT_PROCESS,USLCI,1.2026-09.0,United States of America (the),2009-12-31,2009-12-31,Transport; intercity bus; diesel powered,b235b36a-7ade-3301-acd9-e9a91a8138e8,1.0,p*km,False,1,NO_ALLOCATION,https://api.nal.usda.gov/FederalLCACommonsapi/browse/National_Renewable_Energy_Laboratory/USLCI_Database_Public/PROCESS/2087543e-37d4-3a37-b351-e134cbe3e538,2026-10-08,processes/2087543e-37d4-3a37-b351-e134cbe3e538.json,629c5689f4a59180401a9f9cdac929236cc469ba598314ac641f960afeb42e87
Transport,transport,"Transport, container ship; residual fuel oil powered; Bermuda to US East Coast",20a6b985-0ce2-3e75-b53c-73d50318cb5a,01.00.001,UNIT_PROCESS,USLCI,1.2026-09.0,Global,2023-01-01,2023-12-31,"Transport, container ship; residual fuel oil powered",0d1b359b-72a1-3c00-aa2c-2102e8c81a17,1.0,t*km,False,1,PHYSICAL_ALLOCATION,https://api.nal.usda.gov/FederalLCACommonsapi/browse/National_Renewable_Energy_Laboratory/USLCI_Database_Public/PROCESS/20a6b985-0ce2-3e75-b53c-73d50318cb5a,2026-10-08,processes/20a6b985-0ce2-3e75-b53c-73d50318cb5a.json,3b306b424a3956da0aa357f637f5a0131d78296537467da9084f818ac1989534
Transport,transport,"Transport; average mix; other coal and petroleum products, not elsewhere classified",21984104-175d-316a-aeb8-36deb8dce983,01.01.001,UNIT_PROCESS,USLCI,1.2026-09.0,United States of America (the),2017-01-01,2017-12-31,Commodity transport; at consumer,1d6944d8-817b-3ae1-b997-68bdc265557f,1.0,kg,False,1,PHYSICAL_ALLOCATION,https://api.nal.usda.gov/FederalLCACommonsapi/browse/National_Renewable_Energy_Laboratory/USLCI_Database_Public/PROCESS/21984104-175d-316a-aeb8-36deb8dce983,2026-10-08,processes/21984104-175d-316a-aeb8-36deb8dce983.json,7c7207d46ba11035241a5d9ed85a90b9b925449aba53fd9a17051ad5f68fa492
Transport,transport,"Transport, combination truck; long-haul; electricity powered; West",21c927a3-8144-3c8f-aff0-c3821ca21298,01.00.007,UNIT_PROCESS,USLCI,1.2026-09.0,unknown,2024-01-01,2024-12-31,"Transport; combination truck, long-haul; electricity powered",0e5e3079-33df-31fd-ad79-8b8feff08fb6,1.0,t*km,False,1,PHYSICAL_ALLOCATION,https://api.nal.usda.gov/FederalLCACommonsapi/browse/National_Renewable_Energy_Laboratory/USLCI_Database_Public/PROCESS/21c927a3-8144-3c8f-aff0-c3821ca21298,2026-10-08,processes/21c927a3-8144-3c8f-aff0-c3821ca21298.json,ce01646754d8216cb881baff09fdca338437ae5501400087a8de22711255791e
Transport,transport,"Transport, single unit truck; gasoline powered; Southwest",22d74d98-9339-36a9-b5af-5d91a54f9b00,01.00.003,UNIT_PROCESS,USLCI,1.2026-09.0,unknown,2024-01-01,2024-12-31,Transport; single unit truck; gasoline powered,30c89ffc-e08a-3d2b-8c96-33b2397b9bd8,1.0,t*km,False,1,PHYSICAL_ALLOCATION,https://api.nal.usda.gov/FederalLCACommonsapi/browse/National_Renewable_Energy_Laboratory/USLCI_Database_Public/PROCESS/22d74d98-9339-36a9-b5af-5d91a54f9b00,2026-10-08,processes/22d74d98-9339-36a9-b5af-5d91a54f9b00.json,b60629b393a223a2e918c9eec6f0f5f5dcfcf66ebb0f2849cef72f4a25720173
Transport,transport,"Transport, motorcycle; gasoline powered",22dfa934-0329-347b-be34-e638548f4ae0,00.00.011,UNIT_PROCESS,USLCI,1.2026-09.0,United States of America (the),2009-12-31,2009-12-31,Transport; motorcycle; gasoline powered,76c01a96-e065-32ea-be20-43e005fd4086,1.0,p*km,False,1,NO_ALLOCATION,https://api.nal.usda.gov/FederalLCACommonsapi/browse/National_Renewable_Energy_Laboratory/USLCI_Database_Public/PROCESS/22dfa934-0329-347b-be34-e638548f4ae0,2026-10-08,processes/22dfa934-0329-347b-be34-e638548f4ae0.json,ff229598c0110722743fa19313dd5ee5ca611086613ad05377f19e0c4ac46b2b
Transport,transport,"Transport, single unit truck; short-haul; compressed natural gas powered; Alaska",236e954e-0405-3aee-be13-c6ad01322a06,01.00.003,UNIT_PROCESS,USLCI,1.2026-09.0,unknown,2024-01-01,2024-12-31,"Transport; single unit truck, short-haul; compressed natural gas powered",1a34089c-3f9a-3afb-9ca6-93a4c7d6424e,1.0,t*km,False,1,PHYSICAL_ALLOCATION,https://api.nal.usda.gov/FederalLCACommonsapi/browse/National_Renewable_Energy_Laboratory/USLCI_Database_Public/PROCESS/236e954e-0405-3aee-be13-c6ad01322a06,2026-10-08,processes/236e954e-0405-3aee-be13-c6ad01322a06.json,84d747a51788d93e96d75f523702c4d8c7a72813879e8ca89ac2f2b839c5e782
Transport,transport,Transport; average mix; base metal in primary or semi-finished forms and in finished basic shapes,2443e508-f4de-3203-b6ea-4b19979d2daa,01.01.001,UNIT_PROCESS,USLCI,1.2026-09.0,United States of America (the),2017-01-01,2017-12-31,Commodity transport; at consumer,1d6944d8-817b-3ae1-b997-68bdc265557f,1.0,kg,False,1,PHYSICAL_ALLOCATION,https://api.nal.usda.gov/FederalLCACommonsapi/browse/National_Renewable_Energy_Laboratory/USLCI_Database_Public/PROCESS/2443e508-f4de-3203-b6ea-4b19979d2daa,2026-10-08,processes/2443e508-f4de-3203-b6ea-4b19979d2daa.json,867210f6f2e7d5f028049a5547429198608143d7b25d7d1d1915a0d8ad80b75a
Transport,transport,"Transport, school bus; diesel powered; Central",245a3bf4-deee-3f04-9a1c-2e3f64a1da1d,00.00.010,UNIT_PROCESS,USLCI,1.2026-09.0,United States of America (the),2009-12-31,2009-12-31,Transport; school bus; diesel powered,e039be4c-037a-36c4-822a-e55803432f61,1.0,p*km,False,1,NO_ALLOCATION,https://api.nal.usda.gov/FederalLCACommonsapi/browse/National_Renewable_Energy_Laboratory/USLCI_Database_Public/PROCESS/245a3bf4-deee-3f04-9a1c-2e3f64a1da1d,2026-10-08,processes/245a3bf4-deee-3f04-9a1c-2e3f64a1da1d.json,194922d293bb27f9e94910aa34fa22a2c9734238045d89a0287c1e51d299cc3b
Transport,transport,"Transport, combination truck; long-haul; electricity powered; Southeast",2711233c-17bb-37cd-b330-58118351e726,01.00.007,UNIT_PROCESS,USLCI,1.2026-09.0,unknown,2024-01-01,2024-12-31,"Transport; combination truck, long-haul; electricity powered",0e5e3079-33df-31fd-ad79-8b8feff08fb6,1.0,t*km,False,1,PHYSICAL_ALLOCATION,https://api.nal.usda.gov/FederalLCACommonsapi/browse/National_Renewable_Energy_Laboratory/USLCI_Database_Public/PROCESS/2711233c-17bb-37cd-b330-58118351e726,2026-10-08,processes/2711233c-17bb-37cd-b330-58118351e726.json,23b20e94468fb16cc58d0bb71bc94d016d1cfb1f4de699ae0dc35fa821df3d6f
Transport,transport,"Transport, light commercial truck; gasoline powered; East North Central",2901993d-1852-3184-897e-5a30203714e8,01.00.003,UNIT_PROCESS,USLCI,1.2026-09.0,unknown,2024-01-01,2024-12-31,Transport; light commercial truck; gasoline powered,0614f894-cf10-307e-bd58-ac507face752,1.0,t*km,False,1,PHYSICAL_ALLOCATION,https://api.nal.usda.gov/FederalLCACommonsapi/browse/National_Renewable_Energy_Laboratory/USLCI_Database_Public/PROCESS/2901993d-1852-3184-897e-5a30203714e8,2026-10-08,processes/2901993d-1852-3184-897e-5a30203714e8.json,7c3f20c9d61a423757690abeeadce4b4d3de824aa5c6c689710fbaba8eef8b39
Transport,transport,"Transport, single unit truck; short-haul; diesel powered; Northeast",2962a2fb-4a99-3f77-b999-629bef8eb124,01.00.003,UNIT_PROCESS,USLCI,1.2026-09.0,unknown,2024-01-01,2024-12-31,"Transport; single unit truck, short-haul; diesel powered",20567d69-c8ee-325c-a98c-43c35b8eb9f4,1.0,t*km,False,1,PHYSICAL_ALLOCATION,https://api.nal.usda.gov/FederalLCACommonsapi/browse/National_Renewable_Energy_Laboratory/USLCI_Database_Public/PROCESS/2962a2fb-4a99-3f77-b999-629bef8eb124,2026-10-08,processes/2962a2fb-4a99-3f77-b999-629bef8eb124.json,15bf7b49e0d94470ec24b93ae45165324835ee9b1a55bcda3617af49032ebae4
Transport,transport,"Transport, light commercial truck; E85 powered; Northwest",299736d6-0d55-3842-b25e-aaeff1f1be28,01.00.003,UNIT_PROCESS,USLCI,1.2026-09.0,unknown,2024-01-01,2024-12-31,Transport; light commercial truck; E85 powered,0a954583-49bd-3d80-8200-847790caf5b2,1.0,t*km,False,1,PHYSICAL_ALLOCATION,https://api.nal.usda.gov/FederalLCACommonsapi/browse/National_Renewable_Energy_Laboratory/USLCI_Database_Public/PROCESS/299736d6-0d55-3842-b25e-aaeff1f1be28,2026-10-08,processes/299736d6-0d55-3842-b25e-aaeff1f1be28.json,7c0dbada2810e01118309616d9b92c0f24ebb1da9cd009a032f9f4156669232d
Transport,transport,"Transport, single unit truck; long-haul; diesel powered; West North Central",2afa4806-2633-3beb-8842-13326d66ed0a,01.00.003,UNIT_PROCESS,USLCI,1.2026-09.0,unknown,2024-01-01,2024-12-31,"Transport; single unit truck, long-haul; diesel powered",1c639821-1428-35ac-aaa4-277aacdc7420,1.0,t*km,False,1,PHYSICAL_ALLOCATION,https://api.nal.usda.gov/FederalLCACommonsapi/browse/National_Renewable_Energy_Laboratory/USLCI_Database_Public/PROCESS/2afa4806-2633-3beb-8842-13326d66ed0a,2026-10-08,processes/2afa4806-2633-3beb-8842-13326d66ed0a.json,fad9ea36202fa4526ad8be1c0984cdf1bdbecda9b9a6c4269b151806a17be557
Transport,transport,"Transport, combination truck; long-haul; diesel powered; Northeast",2b3fcaef-9b14-3a05-9208-ef23cf7ebdea,01.00.003,UNIT_PROCESS,USLCI,1.2026-09.0,unknown,2024-01-01,2024-12-31,"Transport; combination truck, long-haul; diesel powered",13ed0c67-549c-3a01-afee-7083b12dd949,1.0,t*km,False,1,PHYSICAL_ALLOCATION,https://api.nal.usda.gov/FederalLCACommonsapi/browse/National_Renewable_Energy_Laboratory/USLCI_Database_Public/PROCESS/2b3fcaef-9b14-3a05-9208-ef23cf7ebdea,2026-10-08,processes/2b3fcaef-9b14-3a05-9208-ef23cf7ebdea.json,ea106058c8a0d3e77fad03466a12368ad1c59ef39290234c34efb977c88477b4
Transport,transport,"Transport, chemical tanker; residual fuel oil powered; Asia to US East Coast",2e9d6cb3-a161-36d2-be04-6cbb11aadb91,01.00.001,UNIT_PROCESS,USLCI,1.2026-09.0,Global,2023-01-01,2023-12-31,"Transport, chemical tanker; residual fuel oil powered",8c3474d2-9fc0-3940-a631-ec4229207e82,1.0,t*km,False,1,PHYSICAL_ALLOCATION,https://api.nal.usda.gov/FederalLCACommonsapi/browse/National_Renewable_Energy_Laboratory/USLCI_Database_Public/PROCESS/2e9d6cb3-a161-36d2-be04-6cbb11aadb91,2026-10-08,processes/2e9d6cb3-a161-36d2-be04-6cbb11aadb91.json,a37ffda7b5a317cec9f2c1b6ecc050e94a72071a063e780fe1c37a7bfcc5ae3f
Transport,transport,"Transport, single unit truck; short-haul; compressed natural gas powered; Southwest",2eb3f900-1329-34d7-8378-a685177338b7,01.00.003,UNIT_PROCESS,USLCI,1.2026-09.0,unknown,2024-01-01,2024-12-31,"Transport; single unit truck, short-haul; compressed natural gas powered",1a34089c-3f9a-3afb-9ca6-93a4c7d6424e,1.0,t*km,False,1,PHYSICAL_ALLOCATION,https://api.nal.usda.gov/FederalLCACommonsapi/browse/National_Renewable_Energy_Laboratory/USLCI_Database_Public/PROCESS/2eb3f900-1329-34d7-8378-a685177338b7,2026-10-08,processes/2eb3f900-1329-34d7-8378-a685177338b7.json,05a6d00c973bf9355b746623ace2bd2a6977eb57d4fc8ea6002640932ccf9757
Transport,transport,"Transport, chemical tanker; average fuel mix",2ef4a1c7-a08a-4fd5-8127-93554e6a7389,00.00.007,UNIT_PROCESS,USLCI,1.2026-09.0,Global,2023-01-01,2023-12-31,"Transport, chemical tanker; average fuel mix",2df3d759-3668-4470-9c94-589dcda724b5,1.0,t*km,False,1,unknown,https://api.nal.usda.gov/FederalLCACommonsapi/browse/National_Renewable_Energy_Laboratory/USLCI_Database_Public/PROCESS/2ef4a1c7-a08a-4fd5-8127-93554e6a7389,2026-10-08,processes/2ef4a1c7-a08a-4fd5-8127-93554e6a7389.json,7fe1834a75cce2da1400a0299c0b8d3eaf9e1752bfe1b9563c19031f2ab3e77c
Transport,transport,"Transport, single unit truck; long-haul; gasoline powered; Northeast",2f115eab-83cd-3f13-89bc-acd5c80f8642,01.00.003,UNIT_PROCESS,USLCI,1.2026-09.0,unknown,2024-01-01,2024-12-31,"Transport; single unit truck, long-haul; gasoline powered",9f52f8d9-5c7c-3d35-a912-376b70769a26,1.0,t*km,False,1,PHYSICAL_ALLOCATION,https://api.nal.usda.gov/FederalLCACommonsapi/browse/National_Renewable_Energy_Laboratory/USLCI_Database_Public/PROCESS/2f115eab-83cd-3f13-89bc-acd5c80f8642,2026-10-08,processes/2f115eab-83cd-3f13-89bc-acd5c80f8642.json,1e2dd229587cd57b1df3ddd06f4684d98be3c9ef7fc89d173e3af2f9176e0ae9
Transport,transport,"Transport, refuse truck; diesel powered; South",305caade-c895-33b0-90d7-4641bcf4741e,00.00.010,UNIT_PROCESS,USLCI,1.2026-09.0,United States of America (the),2009-12-31,2009-12-31,Transport; refuse truck; diesel powered,c99244fc-abe3-3836-9d0c-ce0872f79975,1.0,t*km,False,1,NO_ALLOCATION,https://api.nal.usda.gov/FederalLCACommonsapi/browse/National_Renewable_Energy_Laboratory/USLCI_Database_Public/PROCESS/305caade-c895-33b0-90d7-4641bcf4741e,2026-10-08,processes/305caade-c895-33b0-90d7-4641bcf4741e.json,5c1bb9564ecce8ae685fbc07023cc2b0cec877e8886a913aac7c20435e2c827e
Transport,transport,"Transport, single unit truck; diesel powered; Alaska",30fcb6c2-cb44-342f-8ce3-a7e3a2358bdc,01.00.003,UNIT_PROCESS,USLCI,1.2026-09.0,unknown,2024-01-01,2024-12-31,Transport; single unit truck; diesel powered,bbcd8095-e1d5-3762-aa08-3efc8d1d2ec4,1.0,t*km,False,1,PHYSICAL_ALLOCATION,https://api.nal.usda.gov/FederalLCACommonsapi/browse/National_Renewable_Energy_Laboratory/USLCI_Database_Public/PROCESS/30fcb6c2-cb44-342f-8ce3-a7e3a2358bdc,2026-10-08,processes/30fcb6c2-cb44-342f-8ce3-a7e3a2358bdc.json,28cf4769f26d9caa60d60c94d9c17f5e55c0b0e169eacec32619d62155156172
Transport,transport,Transport; average mix; motorized and other vehicles (includes parts),31f0996a-2148-30d9-8edf-388134b2495a,01.01.001,UNIT_PROCESS,USLCI,1.2026-09.0,United States of America (the),2017-01-01,2017-12-31,Commodity transport; at consumer,1d6944d8-817b-3ae1-b997-68bdc265557f,1.0,kg,False,1,PHYSICAL_ALLOCATION,https://api.nal.usda.gov/FederalLCACommonsapi/browse/National_Renewable_Energy_Laboratory/USLCI_Database_Public/PROCESS/31f0996a-2148-30d9-8edf-388134b2495a,2026-10-08,processes/31f0996a-2148-30d9-8edf-388134b2495a.json,46763b2e250019af3e8d78b58842b3f184d145a299acb4bc37182854af46ed6b
Transport,transport,"Transport, rail, freight; diesel powered; tier no emissions control",321d80f3-e098-3c72-894e-ca94d28d7351,01.00.002,UNIT_PROCESS,USLCI,1.2026-09.0,United States of America (the),2020-01-01,2024-12-31,"Transport, rail, freight; diesel powered",4326be78-ae8b-3446-9310-278636ee68c5,1.0,t*km,False,1,PHYSICAL_ALLOCATION,https://api.nal.usda.gov/FederalLCACommonsapi/browse/National_Renewable_Energy_Laboratory/USLCI_Database_Public/PROCESS/321d80f3-e098-3c72-894e-ca94d28d7351,2026-10-08,processes/321d80f3-e098-3c72-894e-ca94d28d7351.json,bd1aa4234104e0aba0d027b0e6b5e8658d075e43b4b6f59dad69553964510b71
Transport,transport,"Transport, single unit truck; short-haul; electricity powered; Hawaii",3286f1e2-d87d-3ce6-8f19-406ffc88af07,01.00.007,UNIT_PROCESS,USLCI,1.2026-09.0,unknown,2024-01-01,2024-12-31,"Transport; single unit truck, short-haul; electricity powered",855b58f5-89b6-3b25-b33e-59454a0adbaa,1.0,t*km,False,1,PHYSICAL_ALLOCATION,https://api.nal.usda.gov/FederalLCACommonsapi/browse/National_Renewable_Energy_Laboratory/USLCI_Database_Public/PROCESS/3286f1e2-d87d-3ce6-8f19-406ffc88af07,2026-10-08,processes/3286f1e2-d87d-3ce6-8f19-406ffc88af07.json,691ceb48d17464e848d5eff304343b98cd2191a49bd440c6e3f090d38f29ef2e
Transport,transport,"Transport, combination truck; diesel powered; South",32f675d4-b1c1-3d61-8fb2-5e4181c932fe,01.00.003,UNIT_PROCESS,USLCI,1.2026-09.0,unknown,2024-01-01,2024-12-31,Transport; combination truck; diesel powered,628c07ec-0802-39c1-ab88-1c62848ef436,1.0,t*km,False,1,PHYSICAL_ALLOCATION,https://api.nal.usda.gov/FederalLCACommonsapi/browse/National_Renewable_Energy_Laboratory/USLCI_Database_Public/PROCESS/32f675d4-b1c1-3d61-8fb2-5e4181c932fe,2026-10-08,processes/32f675d4-b1c1-3d61-8fb2-5e4181c932fe.json,2c028399a29304143e6039ae718d3b5cd713b59b7f6ffad2a7d74917fe7f49c5
Transport,transport,"Transport, chemical tanker; distillate powered; Asia to Hawaii",338dc35a-1b9d-36c1-9f16-27466d830a0c,01.00.001,UNIT_PROCESS,USLCI,1.2026-09.0,Global,2023-01-01,2023-12-31,"Transport, chemical tanker; distillate powered",ce06ec4d-91ab-387e-8dd0-4358c1ea3633,1.0,t*km,False,1,PHYSICAL_ALLOCATION,https://api.nal.usda.gov/FederalLCACommonsapi/browse/National_Renewable_Energy_Laboratory/USLCI_Database_Public/PROCESS/338dc35a-1b9d-36c1-9f16-27466d830a0c,2026-10-08,processes/338dc35a-1b9d-36c1-9f16-27466d830a0c.json,fc089b73c858da7ad77921c4efcb2389b0d1feeecaa2cc9e9bb17428e803e156
Transport,transport,"Transport; average mix; gasoline, aviation turbine fuel, and ethanol (includes kerosene, and fuel alcohols)",33f53d64-cc6d-356b-9ffe-484aea696582,01.01.001,UNIT_PROCESS,USLCI,1.2026-09.0,United States of America (the),2017-01-01,2017-12-31,Commodity transport; at consumer,1d6944d8-817b-3ae1-b997-68bdc265557f,1.0,kg,False,1,PHYSICAL_ALLOCATION,https://api.nal.usda.gov/FederalLCACommonsapi/browse/National_Renewable_Energy_Laboratory/USLCI_Database_Public/PROCESS/33f53d64-cc6d-356b-9ffe-484aea696582,2026-10-08,processes/33f53d64-cc6d-356b-9ffe-484aea696582.json,b84438f7e338163f18ec522110ecf5e46096c9c24829607fef58b4d16ea85e0d
Transport,transport,"Transport, combination truck; diesel powered",34156f3c-28ef-33db-9ad0-6293a2aa0d52,01.00.003,UNIT_PROCESS,USLCI,1.2026-09.0,United States of America (the),2024-01-01,2024-12-31,Transport; combination truck; diesel powered,628c07ec-0802-39c1-ab88-1c62848ef436,1.0,t*km,False,1,PHYSICAL_ALLOCATION,https://api.nal.usda.gov/FederalLCACommonsapi/browse/National_Renewable_Energy_Laboratory/USLCI_Database_Public/PROCESS/34156f3c-28ef-33db-9ad0-6293a2aa0d52,2026-10-08,processes/34156f3c-28ef-33db-9ad0-6293a2aa0d52.json,280a651e5ff20864b3bec19010fe16edff8b316b26ddc8cd672361ef46010b27
Transport,transport,"Transport, single unit truck; electricity powered; Northeast",345cbd68-3b1b-3c19-b27c-91e9d9851c0c,01.00.007,UNIT_PROCESS,USLCI,1.2026-09.0,unknown,2024-01-01,2024-12-31,Transport; single unit truck; electricity powered,94755eaa-c6ec-32d3-b687-b94ed0a53e5f,1.0,t*km,False,1,PHYSICAL_ALLOCATION,https://api.nal.usda.gov/FederalLCACommonsapi/browse/National_Renewable_Energy_Laboratory/USLCI_Database_Public/PROCESS/345cbd68-3b1b-3c19-b27c-91e9d9851c0c,2026-10-08,processes/345cbd68-3b1b-3c19-b27c-91e9d9851c0c.json,ce8d5a6c5bcbc991b11ffc43250906c20046d7c073195cead1e582b52dab5d36
Transport,transport,"Transport, chemical tanker; residual fuel oil powered; Pacific of Central/South America to US Gulf",361129b8-6152-32ae-a231-ee8b40570883,01.00.001,UNIT_PROCESS,USLCI,1.2026-09.0,Global,2023-01-01,2023-12-31,"Transport, chemical tanker; residual fuel oil powered",8c3474d2-9fc0-3940-a631-ec4229207e82,1.0,t*km,False,1,PHYSICAL_ALLOCATION,https://api.nal.usda.gov/FederalLCACommonsapi/browse/National_Renewable_Energy_Laboratory/USLCI_Database_Public/PROCESS/361129b8-6152-32ae-a231-ee8b40570883,2026-10-08,processes/361129b8-6152-32ae-a231-ee8b40570883.json,cae79f56829c33fe2aae80e14e3a88ea19f58eff41bcae75642b09c6add500f3
Transport,transport,"Transport, combination truck; gasoline powered; Southwest",3631420d-233a-3cfe-a093-5a0b09ec9e5e,01.00.003,UNIT_PROCESS,USLCI,1.2026-09.0,unknown,2024-01-01,2024-12-31,Transport; combination truck; gasoline powered,9b20d581-cc62-3313-9412-0855be3ee7c2,1.0,t*km,False,1,PHYSICAL_ALLOCATION,https://api.nal.usda.gov/FederalLCACommonsapi/browse/National_Renewable_Energy_Laboratory/USLCI_Database_Public/PROCESS/3631420d-233a-3cfe-a093-5a0b09ec9e5e,2026-10-08,processes/3631420d-233a-3cfe-a093-5a0b09ec9e5e.json,5ab3611aa0d483c4903550a6bd796c00b0a273699042c1ae50d44bafd3db3ee1
Transport,transport,"Transport, chemical tanker; residual fuel oil powered; Caribbean to US Gulf",363ef80f-7278-3803-832e-c1c9238c5de4,01.00.001,UNIT_PROCESS,USLCI,1.2026-09.0,Global,2023-01-01,2023-12-31,"Transport, chemical tanker; residual fuel oil powered",8c3474d2-9fc0-3940-a631-ec4229207e82,1.0,t*km,False,1,PHYSICAL_ALLOCATION,https://api.nal.usda.gov/FederalLCACommonsapi/browse/National_Renewable_Energy_Laboratory/USLCI_Database_Public/PROCESS/363ef80f-7278-3803-832e-c1c9238c5de4,2026-10-08,processes/363ef80f-7278-3803-832e-c1c9238c5de4.json,ef0f3b3f05151891516c514b6f0de84721ce492344667a2e76b77855dc793421
Transport,transport,Transport; average mix; alcoholic beverages and denatured alcohol,36414b33-963c-3c75-b353-c98bf1079998,01.01.001,UNIT_PROCESS,USLCI,1.2026-09.0,United States of America (the),2017-01-01,2017-12-31,Commodity transport; at consumer,1d6944d8-817b-3ae1-b997-68bdc265557f,1.0,kg,False,1,PHYSICAL_ALLOCATION,https://api.nal.usda.gov/FederalLCACommonsapi/browse/National_Renewable_Energy_Laboratory/USLCI_Database_Public/PROCESS/36414b33-963c-3c75-b353-c98bf1079998,2026-10-08,processes/36414b33-963c-3c75-b353-c98bf1079998.json,d5c90a9cc09720e56e0c1050ec6c03c56fbed0449505e3203701b3eb845ef966
Transport,transport,"Transport, single unit truck; long-haul; compressed natural gas powered; West North Central",37bc3b3d-32db-328b-9442-737919bb813f,01.00.003,UNIT_PROCESS,USLCI,1.2026-09.0,unknown,2024-01-01,2024-12-31,"Transport; single unit truck, long-haul; compressed natural gas powered",d0207892-1d62-3649-b2a7-4f5bd03b8a73,1.0,t*km,False,1,PHYSICAL_ALLOCATION,https://api.nal.usda.gov/FederalLCACommonsapi/browse/National_Renewable_Energy_Laboratory/USLCI_Database_Public/PROCESS/37bc3b3d-32db-328b-9442-737919bb813f,2026-10-08,processes/37bc3b3d-32db-328b-9442-737919bb813f.json,1497ceca852f81eec072177b54e5c477f260784b61b2f77d544373751e4f1a35
Transport,transport,"Transport, combination truck; short-haul; electricity powered; Central",381c0eb6-aa6b-3c7f-9c0c-75b0ddc70fd8,01.00.007,UNIT_PROCESS,USLCI,1.2026-09.0,unknown,2024-01-01,2024-12-31,"Transport; combination truck, short-haul; electricity powered",d5ce6d5d-eea3-3c42-9999-fe46c52a1541,1.0,t*km,False,1,PHYSICAL_ALLOCATION,https://api.nal.usda.gov/FederalLCACommonsapi/browse/National_Renewable_Energy_Laboratory/USLCI_Database_Public/PROCESS/381c0eb6-aa6b-3c7f-9c0c-75b0ddc70fd8,2026-10-08,processes/381c0eb6-aa6b-3c7f-9c0c-75b0ddc70fd8.json,b624f8e9238a96ed2f50b6f9fea4c88216c17752eb1a7e0755d47cb57249bc4b
Transport,transport,"Transport, container ship; residual fuel oil powered; Caribbean to US East Coast",3840157a-4929-3a89-b9d0-1edb6bdef779,01.00.001,UNIT_PROCESS,USLCI,1.2026-09.0,Global,2023-01-01,2023-12-31,"Transport, container ship; residual fuel oil powered",0d1b359b-72a1-3c00-aa2c-2102e8c81a17,1.0,t*km,False,1,PHYSICAL_ALLOCATION,https://api.nal.usda.gov/FederalLCACommonsapi/browse/National_Renewable_Energy_Laboratory/USLCI_Database_Public/PROCESS/3840157a-4929-3a89-b9d0-1edb6bdef779,2026-10-08,processes/3840157a-4929-3a89-b9d0-1edb6bdef779.json,f0d24c8c5e611cc235ff1938b8bb76781e1dccece94336c84eb2d1c70f21117c
Transport,transport,"Transport, combination truck; long-haul; compressed natural gas powered; West",3887c923-10ac-3903-90b6-15a51889c53b,01.00.003,UNIT_PROCESS,USLCI,1.2026-09.0,unknown,2024-01-01,2024-12-31,"Transport; combination truck, long-haul; compressed natural gas powered",8d49dd43-aada-36f4-9bf3-feff7e3231c3,1.0,t*km,False,1,PHYSICAL_ALLOCATION,https://api.nal.usda.gov/FederalLCACommonsapi/browse/National_Renewable_Energy_Laboratory/USLCI_Database_Public/PROCESS/3887c923-10ac-3903-90b6-15a51889c53b,2026-10-08,processes/3887c923-10ac-3903-90b6-15a51889c53b.json,75bb258d0a6aa975bcebe9ad59d1a6737ae2e10ac30d132df112054bfca1012c
Transport,transport,"Transport, combination truck; long-haul; compressed natural gas powered; West North Central",3892f258-a96b-395b-8d4e-7ff853ebb700,01.00.003,UNIT_PROCESS,USLCI,1.2026-09.0,unknown,2024-01-01,2024-12-31,"Transport; combination truck, long-haul; compressed natural gas powered",8d49dd43-aada-36f4-9bf3-feff7e3231c3,1.0,t*km,False,1,PHYSICAL_ALLOCATION,https://api.nal.usda.gov/FederalLCACommonsapi/browse/National_Renewable_Energy_Laboratory/USLCI_Database_Public/PROCESS/3892f258-a96b-395b-8d4e-7ff853ebb700,2026-10-08,processes/3892f258-a96b-395b-8d4e-7ff853ebb700.json,2b9cac0338243035eee530eb0362241f019178c8fc61a46a3a16a096d763e4f0
Transport,transport,"Transport; average mix; pulp, newsprint, paper, and paperboard",39348578-1c7e-3e00-853c-b2c2af2c5295,01.01.001,UNIT_PROCESS,USLCI,1.2026-09.0,United States of America (the),2017-01-01,2017-12-31,Commodity transport; at consumer,1d6944d8-817b-3ae1-b997-68bdc265557f,1.0,kg,False,1,PHYSICAL_ALLOCATION,https://api.nal.usda.gov/FederalLCACommonsapi/browse/National_Renewable_Energy_Laboratory/USLCI_Database_Public/PROCESS/39348578-1c7e-3e00-853c-b2c2af2c5295,2026-10-08,processes/39348578-1c7e-3e00-853c-b2c2af2c5295.json,cbd34a1c8825e1b322a1441fb626e80646ccf3927371076914e72169589fde98
Transport,transport,"Transport, refuse truck; diesel powered; West region",39ed6465-2011-3119-8d81-df93767acb0d,00.00.010,UNIT_PROCESS,USLCI,1.2026-09.0,United States of America (the),2009-12-31,2009-12-31,Transport; refuse truck; diesel powered,c99244fc-abe3-3836-9d0c-ce0872f79975,1.0,t*km,False,1,NO_ALLOCATION,https://api.nal.usda.gov/FederalLCACommonsapi/browse/National_Renewable_Energy_Laboratory/USLCI_Database_Public/PROCESS/39ed6465-2011-3119-8d81-df93767acb0d,2026-10-08,processes/39ed6465-2011-3119-8d81-df93767acb0d.json,902e6bd121306ef10006be58bd188f12508793cae7309a77757dc2ca4e8611c7
Transport,transport,"Transport, single unit truck; gasoline powered; Northwest",3aa4fa75-15ca-38d5-aa15-fe8e2675780c,01.00.003,UNIT_PROCESS,USLCI,1.2026-09.0,unknown,2024-01-01,2024-12-31,Transport; single unit truck; gasoline powered,30c89ffc-e08a-3d2b-8c96-33b2397b9bd8,1.0,t*km,False,1,PHYSICAL_ALLOCATION,https://api.nal.usda.gov/FederalLCACommonsapi/browse/National_Renewable_Energy_Laboratory/USLCI_Database_Public/PROCESS/3aa4fa75-15ca-38d5-aa15-fe8e2675780c,2026-10-08,processes/3aa4fa75-15ca-38d5-aa15-fe8e2675780c.json,de4fea5a676527a930f7e7952929b15a1096567e047f213840cbe175d582f559
Transport,transport,"Transport, container ship; distillate powered; Asia to US Gulf",3c0cea00-8a34-3bb7-8668-cf0d0880e1cf,01.00.001,UNIT_PROCESS,USLCI,1.2026-09.0,Global,2023-01-01,2023-12-31,"Transport, container ship; distillate powered",e46da55e-5561-37d0-8e99-71fade967cf3,1.0,t*km,False,1,PHYSICAL_ALLOCATION,https://api.nal.usda.gov/FederalLCACommonsapi/browse/National_Renewable_Energy_Laboratory/USLCI_Database_Public/PROCESS/3c0cea00-8a34-3bb7-8668-cf0d0880e1cf,2026-10-08,processes/3c0cea00-8a34-3bb7-8668-cf0d0880e1cf.json,0fc1d89a76cbdac0688675a0112a8e6f493702d1ddcba66edf057bc640bc38cf
Transport,transport,"Transport, combination truck; gasoline powered; South",3c16eddd-fb1b-3e27-b3aa-837a59863b11,01.00.003,UNIT_PROCESS,USLCI,1.2026-09.0,unknown,2024-01-01,2024-12-31,Transport; combination truck; gasoline powered,9b20d581-cc62-3313-9412-0855be3ee7c2,1.0,t*km,False,1,PHYSICAL_ALLOCATION,https://api.nal.usda.gov/FederalLCACommonsapi/browse/National_Renewable_Energy_Laboratory/USLCI_Database_Public/PROCESS/3c16eddd-fb1b-3e27-b3aa-837a59863b11,2026-10-08,processes/3c16eddd-fb1b-3e27-b3aa-837a59863b11.json,623b673f38644452ab6892b15311bad1b3f1e7550831be57bb9785ec9b316e22
Transport,transport,"Transport; average mix; waste and scrap (excludes of agriculture or food, see 041xx)",3e430364-1036-3522-aad4-dbad57897143,01.01.001,UNIT_PROCESS,USLCI,1.2026-09.0,United States of America (the),2017-01-01,2017-12-31,Commodity transport; at consumer,1d6944d8-817b-3ae1-b997-68bdc265557f,1.0,kg,False,1,PHYSICAL_ALLOCATION,https://api.nal.usda.gov/FederalLCACommonsapi/browse/National_Renewable_Energy_Laboratory/USLCI_Database_Public/PROCESS/3e430364-1036-3522-aad4-dbad57897143,2026-10-08,processes/3e430364-1036-3522-aad4-dbad57897143.json,fa689ac35cbb35428603700262835f63c4beeb4d80f272f5f639d6b8d3d7b308
Transport,transport,"Transport, combination truck; short-haul; compressed natural gas powered; Southeast",3e52e325-3d79-37a6-8c3b-7d66b205e3cf,01.00.003,UNIT_PROCESS,USLCI,1.2026-09.0,unknown,2024-01-01,2024-12-31,"Transport; combination truck, short-haul; compressed natural gas powered",419e9d46-92be-37cf-a9a2-765076ebf9ad,1.0,t*km,False,1,PHYSICAL_ALLOCATION,https://api.nal.usda.gov/FederalLCACommonsapi/browse/National_Renewable_Energy_Laboratory/USLCI_Database_Public/PROCESS/3e52e325-3d79-37a6-8c3b-7d66b205e3cf,2026-10-08,processes/3e52e325-3d79-37a6-8c3b-7d66b205e3cf.json,f0fc9325a1ddf8175735909b43adf3a941228b7213cfb2a51d63f74b6a92389c
Transport,transport,Transport; average mix; plastics and rubber,3f113360-07f7-392b-8656-caf0ef97467c,01.01.001,UNIT_PROCESS,USLCI,1.2026-09.0,United States of America (the),2017-01-01,2017-12-31,Commodity transport; at consumer,1d6944d8-817b-3ae1-b997-68bdc265557f,1.0,kg,False,1,PHYSICAL_ALLOCATION,https://api.nal.usda.gov/FederalLCACommonsapi/browse/National_Renewable_Energy_Laboratory/USLCI_Database_Public/PROCESS/3f113360-07f7-392b-8656-caf0ef97467c,2026-10-08,processes/3f113360-07f7-392b-8656-caf0ef97467c.json,f1d78d2d2c73628f188e276d6bb74cfd931f6b0da9dfbe2d593110f31aebce0d
Transport,transport,Transport; average mix; wood products,3f34a6c8-078d-3cb0-a98c-ef7ae7fad67d,01.01.001,UNIT_PROCESS,USLCI,1.2026-09.0,United States of America (the),2017-01-01,2017-12-31,Commodity transport; at consumer,1d6944d8-817b-3ae1-b997-68bdc265557f,1.0,kg,False,1,PHYSICAL_ALLOCATION,https://api.nal.usda.gov/FederalLCACommonsapi/browse/National_Renewable_Energy_Laboratory/USLCI_Database_Public/PROCESS/3f34a6c8-078d-3cb0-a98c-ef7ae7fad67d,2026-10-08,processes/3f34a6c8-078d-3cb0-a98c-ef7ae7fad67d.json,1447c8a8178f344edb7c613d071523c15ff8a153b02d64e95b2d74bea67a6a1a
Transport,transport,"Transport, combination truck; long-haul; compressed natural gas powered; Hawaii",3f67aa9a-8e22-3928-8bf5-b169baa0528f,01.00.003,UNIT_PROCESS,USLCI,1.2026-09.0,unknown,2024-01-01,2024-12-31,"Transport; combination truck, long-haul; compressed natural gas powered",8d49dd43-aada-36f4-9bf3-feff7e3231c3,1.0,t*km,False,1,PHYSICAL_ALLOCATION,https://api.nal.usda.gov/FederalLCACommonsapi/browse/National_Renewable_Energy_Laboratory/USLCI_Database_Public/PROCESS/3f67aa9a-8e22-3928-8bf5-b169baa0528f,2026-10-08,processes/3f67aa9a-8e22-3928-8bf5-b169baa0528f.json,f6167e6e22e4f3875bc76c86fe6322118c6a2bbad183568d6a42098431e3bbf4
Transport,transport,"Transport, single unit truck; long-haul; electricity powered; East North Central",3fdb5887-dd2d-343b-8365-81625c88e2d1,01.00.007,UNIT_PROCESS,USLCI,1.2026-09.0,unknown,2024-01-01,2024-12-31,"Transport; single unit truck, long-haul; electricity powered",ca468bee-3878-3418-918a-6cbe82ac640c,1.0,t*km,False,1,PHYSICAL_ALLOCATION,https://api.nal.usda.gov/FederalLCACommonsapi/browse/National_Renewable_Energy_Laboratory/USLCI_Database_Public/PROCESS/3fdb5887-dd2d-343b-8365-81625c88e2d1,2026-10-08,processes/3fdb5887-dd2d-343b-8365-81625c88e2d1.json,c3d7f65ac1ad0ab415dddd1094055d0172f039e6e4b2af8877ed14a86a1f78e0
Transport,transport,"Transport, chemical tanker; distillate powered; Atlantic of Central/South America to US Gulf",40a55cec-0605-3747-b181-52dcb8287d6a,01.00.001,UNIT_PROCESS,USLCI,1.2026-09.0,Global,2023-01-01,2023-12-31,"Transport, chemical tanker; distillate powered",ce06ec4d-91ab-387e-8dd0-4358c1ea3633,1.0,t*km,False,1,PHYSICAL_ALLOCATION,https://api.nal.usda.gov/FederalLCACommonsapi/browse/National_Renewable_Energy_Laboratory/USLCI_Database_Public/PROCESS/40a55cec-0605-3747-b181-52dcb8287d6a,2026-10-08,processes/40a55cec-0605-3747-b181-52dcb8287d6a.json,a1c2d7cae6beae68a3d29ea0b03b8762a6e60ed60f19c5455ddbcf899f95c96d
Transport,transport,"Transport, container ship; residual fuel oil powered; Pacific of Central/South America to US Gulf",40ec311c-c310-3718-9de3-b956c2c2cece,01.00.001,UNIT_PROCESS,USLCI,1.2026-09.0,Global,2023-01-01,2023-12-31,"Transport, container ship; residual fuel oil powered",0d1b359b-72a1-3c00-aa2c-2102e8c81a17,1.0,t*km,False,1,PHYSICAL_ALLOCATION,https://api.nal.usda.gov/FederalLCACommonsapi/browse/National_Renewable_Energy_Laboratory/USLCI_Database_Public/PROCESS/40ec311c-c310-3718-9de3-b956c2c2cece,2026-10-08,processes/40ec311c-c310-3718-9de3-b956c2c2cece.json,ef43b9df2a46645538062679e6e18f73aaebac4c5c1044fb624180ee83dd1c94
Transport,transport,"Transport, chemical tanker; distillate powered; Asia to US East Coast",411e947f-909e-3203-b35a-0d7731cc893f,01.00.001,UNIT_PROCESS,USLCI,1.2026-09.0,Global,2023-01-01,2023-12-31,"Transport, chemical tanker; distillate powered",ce06ec4d-91ab-387e-8dd0-4358c1ea3633,1.0,t*km,False,1,PHYSICAL_ALLOCATION,https://api.nal.usda.gov/FederalLCACommonsapi/browse/National_Renewable_Energy_Laboratory/USLCI_Database_Public/PROCESS/411e947f-909e-3203-b35a-0d7731cc893f,2026-10-08,processes/411e947f-909e-3203-b35a-0d7731cc893f.json,d507b48e1af27e5c31a5d3348b7d07b7e38aa92af225a4d9dcabbdf2cf3d71a2
Transport,transport,"Transport, single unit truck; diesel powered; West North Central",41dc4819-351b-3ed6-bf7f-62efb7e41a88,01.00.003,UNIT_PROCESS,USLCI,1.2026-09.0,unknown,2024-01-01,2024-12-31,Transport; single unit truck; diesel powered,bbcd8095-e1d5-3762-aa08-3efc8d1d2ec4,1.0,t*km,False,1,PHYSICAL_ALLOCATION,https://api.nal.usda.gov/FederalLCACommonsapi/browse/National_Renewable_Energy_Laboratory/USLCI_Database_Public/PROCESS/41dc4819-351b-3ed6-bf7f-62efb7e41a88,2026-10-08,processes/41dc4819-351b-3ed6-bf7f-62efb7e41a88.json,805d5c9635053e7fd8ad3e531cb4d2fa225f19d160f8a1d0c9094d21851b1573
Transport,transport,"Transport, single unit truck; long-haul; gasoline powered; East North Central",428e0fa8-88bc-3c04-b793-179db3a02f66,01.00.003,UNIT_PROCESS,USLCI,1.2026-09.0,unknown,2024-01-01,2024-12-31,"Transport; single unit truck, long-haul; gasoline powered",9f52f8d9-5c7c-3d35-a912-376b70769a26,1.0,t*km,False,1,PHYSICAL_ALLOCATION,https://api.nal.usda.gov/FederalLCACommonsapi/browse/National_Renewable_Energy_Laboratory/USLCI_Database_Public/PROCESS/428e0fa8-88bc-3c04-b793-179db3a02f66,2026-10-08,processes/428e0fa8-88bc-3c04-b793-179db3a02f66.json,e1798022b60fdc665e73535fc9a5167ac9ac7f0792752c3ee3f8e2033fb14f57
Transport,transport,"Transport, container ship; distillate powered; Pacific of Central/South America to US Gulf",42e7b49d-e9a7-313a-8949-b063262111df,01.00.001,UNIT_PROCESS,USLCI,1.2026-09.0,Global,2023-01-01,2023-12-31,"Transport, container ship; distillate powered",e46da55e-5561-37d0-8e99-71fade967cf3,1.0,t*km,False,1,PHYSICAL_ALLOCATION,https://api.nal.usda.gov/FederalLCACommonsapi/browse/National_Renewable_Energy_Laboratory/USLCI_Database_Public/PROCESS/42e7b49d-e9a7-313a-8949-b063262111df,2026-10-08,processes/42e7b49d-e9a7-313a-8949-b063262111df.json,e5990e3599b2ef1b53765cc453727a335c227dbd8a27531c1f34ccbbe979598b
Transport,transport,"Transport, single unit truck; compressed natural gas powered; Hawaii",42ed7acb-0b02-3f2a-aead-6b5a3b9bc8a9,01.00.003,UNIT_PROCESS,USLCI,1.2026-09.0,unknown,2024-01-01,2024-12-31,Transport; single unit truck; compressed natural gas powered,cb33e8c2-2296-3c28-8015-fc08bf040845,1.0,t*km,False,1,PHYSICAL_ALLOCATION,https://api.nal.usda.gov/FederalLCACommonsapi/browse/National_Renewable_Energy_Laboratory/USLCI_Database_Public/PROCESS/42ed7acb-0b02-3f2a-aead-6b5a3b9bc8a9,2026-10-08,processes/42ed7acb-0b02-3f2a-aead-6b5a3b9bc8a9.json,e7db977584c6be1a2b8c133579b37d39b819075248fa51746cf39b30fb4604d6
Transport,transport,Transport; average mix; non-metallic mineral products,434741a0-8662-357c-8336-5b05ca5a202d,01.01.001,UNIT_PROCESS,USLCI,1.2026-09.0,United States of America (the),2017-01-01,2017-12-31,Commodity transport; at consumer,1d6944d8-817b-3ae1-b997-68bdc265557f,1.0,kg,False,1,PHYSICAL_ALLOCATION,https://api.nal.usda.gov/FederalLCACommonsapi/browse/National_Renewable_Energy_Laboratory/USLCI_Database_Public/PROCESS/434741a0-8662-357c-8336-5b05ca5a202d,2026-10-08,processes/434741a0-8662-357c-8336-5b05ca5a202d.json,28a9024894c0bc9e4b401395e4191f9f2a869615289c4dbbf9eea79e80920c06
Transport,transport,"Transport, container ship; residual fuel oil powered; Caribbean to US Gulf",43c11d13-448c-3590-8ab8-2329cfab6500,01.00.001,UNIT_PROCESS,USLCI,1.2026-09.0,Global,2023-01-01,2023-12-31,"Transport, container ship; residual fuel oil powered",0d1b359b-72a1-3c00-aa2c-2102e8c81a17,1.0,t*km,False,1,PHYSICAL_ALLOCATION,https://api.nal.usda.gov/FederalLCACommonsapi/browse/National_Renewable_Energy_Laboratory/USLCI_Database_Public/PROCESS/43c11d13-448c-3590-8ab8-2329cfab6500,2026-10-08,processes/43c11d13-448c-3590-8ab8-2329cfab6500.json,6df861860b30ae92d4b30f09c98f7fe48ff5eb01eda1471d75ad2240c451cd3f
Transport,transport,"Transport, single unit truck; long-haul; gasoline powered; Southeast",43ec3512-f8e1-3fba-84ea-5db46f154cd4,01.00.003,UNIT_PROCESS,USLCI,1.2026-09.0,unknown,2024-01-01,2024-12-31,"Transport; single unit truck, long-haul; gasoline powered",9f52f8d9-5c7c-3d35-a912-376b70769a26,1.0,t*km,False,1,PHYSICAL_ALLOCATION,https://api.nal.usda.gov/FederalLCACommonsapi/browse/National_Renewable_Energy_Laboratory/USLCI_Database_Public/PROCESS/43ec3512-f8e1-3fba-84ea-5db46f154cd4,2026-10-08,processes/43ec3512-f8e1-3fba-84ea-5db46f154cd4.json,bf4adc8c0c6ac05b19a17d235677e9f637b17e895b8ce505c0c1d8cd856be06a
Transport,transport,"Transport, combination truck; gasoline powered; Hawaii",43f4d42a-0145-309d-bd89-0abfffadf4e8,01.00.003,UNIT_PROCESS,USLCI,1.2026-09.0,unknown,2024-01-01,2024-12-31,Transport; combination truck; gasoline powered,9b20d581-cc62-3313-9412-0855be3ee7c2,1.0,t*km,False,1,PHYSICAL_ALLOCATION,https://api.nal.usda.gov/FederalLCACommonsapi/browse/National_Renewable_Energy_Laboratory/USLCI_Database_Public/PROCESS/43f4d42a-0145-309d-bd89-0abfffadf4e8,2026-10-08,processes/43f4d42a-0145-309d-bd89-0abfffadf4e8.json,c4efa0dbebbc41d2ef7c597f3b8aadcc17a4c6fd5237c65c7d2ef61e921fcb5a
Transport,transport,"Transport, single unit truck; short-haul; diesel powered; Southeast",44757f0f-dde7-3b14-a8ac-a017ee01808e,01.00.003,UNIT_PROCESS,USLCI,1.2026-09.0,unknown,2024-01-01,2024-12-31,"Transport; single unit truck, short-haul; diesel powered",20567d69-c8ee-325c-a98c-43c35b8eb9f4,1.0,t*km,False,1,PHYSICAL_ALLOCATION,https://api.nal.usda.gov/FederalLCACommonsapi/browse/National_Renewable_Energy_Laboratory/USLCI_Database_Public/PROCESS/44757f0f-dde7-3b14-a8ac-a017ee01808e,2026-10-08,processes/44757f0f-dde7-3b14-a8ac-a017ee01808e.json,5f1c4eac3426df90bbccf78a4146578c93acdef59ada1f937c148d24628f5dbb
Transport,transport,"Transport, chemical tanker; residual fuel oil powered; Atlantic of Central/South America to US Gulf",44aa266e-5d59-3244-aa30-bdfe07b7f51d,01.00.001,UNIT_PROCESS,USLCI,1.2026-09.0,Global,2023-01-01,2023-12-31,"Transport, chemical tanker; residual fuel oil powered",8c3474d2-9fc0-3940-a631-ec4229207e82,1.0,t*km,False,1,PHYSICAL_ALLOCATION,https://api.nal.usda.gov/FederalLCACommonsapi/browse/National_Renewable_Energy_Laboratory/USLCI_Database_Public/PROCESS/44aa266e-5d59-3244-aa30-bdfe07b7f51d,2026-10-08,processes/44aa266e-5d59-3244-aa30-bdfe07b7f51d.json,74841da2a14c2c689a0e0c90228626f52d74e46918222f85500c1e2cc299e3b3
Transport,transport,"Transport, combination truck; long-haul; electricity powered; East North Central",44e83e53-58b1-31e6-a947-caa9a4335961,01.00.007,UNIT_PROCESS,USLCI,1.2026-09.0,unknown,2024-01-01,2024-12-31,"Transport; combination truck, long-haul; electricity powered",0e5e3079-33df-31fd-ad79-8b8feff08fb6,1.0,t*km,False,1,PHYSICAL_ALLOCATION,https://api.nal.usda.gov/FederalLCACommonsapi/browse/National_Renewable_Energy_Laboratory/USLCI_Database_Public/PROCESS/44e83e53-58b1-31e6-a947-caa9a4335961,2026-10-08,processes/44e83e53-58b1-31e6-a947-caa9a4335961.json,ebb6861a3a58314638eac083383a59b9f6629fee78cd445c1994b1fd7858323e
Transport,transport,"Transport, single unit truck; diesel powered",45b70b50-20a0-341b-8e2f-c196974d1541,01.00.003,UNIT_PROCESS,USLCI,1.2026-09.0,United States of America (the),2024-01-01,2024-12-31,Transport; single unit truck; diesel powered,bbcd8095-e1d5-3762-aa08-3efc8d1d2ec4,1.0,t*km,False,1,PHYSICAL_ALLOCATION,https://api.nal.usda.gov/FederalLCACommonsapi/browse/National_Renewable_Energy_Laboratory/USLCI_Database_Public/PROCESS/45b70b50-20a0-341b-8e2f-c196974d1541,2026-10-08,processes/45b70b50-20a0-341b-8e2f-c196974d1541.json,725d1d8b53d620561e096b518152018104759d2ccb7ae64a1b75c8b09efc0738
Transport,transport,"Transport, light commercial truck; electricity powered; Southeast",45fb1ede-00f7-3297-9766-a0aba77c4024,01.00.007,UNIT_PROCESS,USLCI,1.2026-09.0,unknown,2024-01-01,2024-12-31,Transport; light commercial truck; electricity powered,0925e27b-37eb-38b6-8710-314211416cc2,1.0,t*km,False,1,PHYSICAL_ALLOCATION,https://api.nal.usda.gov/FederalLCACommonsapi/browse/National_Renewable_Energy_Laboratory/USLCI_Database_Public/PROCESS/45fb1ede-00f7-3297-9766-a0aba77c4024,2026-10-08,processes/45fb1ede-00f7-3297-9766-a0aba77c4024.json,7e1d908e071bba1a9f8e08df5efa132d7e0fd10a24e1d09402ff20faa757894d
Transport,transport,"Transport, light commercial truck; E85 powered; Alaska",46006dd8-bd9c-3670-8853-02bc888aeb3d,01.00.003,UNIT_PROCESS,USLCI,1.2026-09.0,unknown,2024-01-01,2024-12-31,Transport; light commercial truck; E85 powered,0a954583-49bd-3d80-8200-847790caf5b2,1.0,t*km,False,1,PHYSICAL_ALLOCATION,https://api.nal.usda.gov/FederalLCACommonsapi/browse/National_Renewable_Energy_Laboratory/USLCI_Database_Public/PROCESS/46006dd8-bd9c-3670-8853-02bc888aeb3d,2026-10-08,processes/46006dd8-bd9c-3670-8853-02bc888aeb3d.json,2e025710caa2bf593f3046cdfc980366f8e446579ac7183c4f467a91a83b732b
Transport,transport,"Transport, combination truck; gasoline powered",463d05c9-8c19-3030-8b9f-380c098f5116,01.00.003,UNIT_PROCESS,USLCI,1.2026-09.0,United States of America (the),2024-01-01,2024-12-31,Transport; combination truck; gasoline powered,9b20d581-cc62-3313-9412-0855be3ee7c2,1.0,t*km,False,1,PHYSICAL_ALLOCATION,https://api.nal.usda.gov/FederalLCACommonsapi/browse/National_Renewable_Energy_Laboratory/USLCI_Database_Public/PROCESS/463d05c9-8c19-3030-8b9f-380c098f5116,2026-10-08,processes/463d05c9-8c19-3030-8b9f-380c098f5116.json,d9476bd7c25b90ca6914b4695cf080d8fb935fd78f75b5f227fab64095a36b35
Transport,transport,"Transport; average mix; textiles, leather, and articles of textiles or leather",463f0b8d-72de-30fb-98c1-ef2a27fe929c,01.01.001,UNIT_PROCESS,USLCI,1.2026-09.0,United States of America (the),2017-01-01,2017-12-31,Commodity transport; at consumer,1d6944d8-817b-3ae1-b997-68bdc265557f,1.0,kg,False,1,PHYSICAL_ALLOCATION,https://api.nal.usda.gov/FederalLCACommonsapi/browse/National_Renewable_Energy_Laboratory/USLCI_Database_Public/PROCESS/463f0b8d-72de-30fb-98c1-ef2a27fe929c,2026-10-08,processes/463f0b8d-72de-30fb-98c1-ef2a27fe929c.json,a467f7241413a24fd87793d67436e3efa55212209e9d91bc42163418c77b2367
Transport,transport,"Transport, school bus; diesel powered; Northwest",465aca90-3640-3851-a864-01b1c1b247d0,00.00.010,UNIT_PROCESS,USLCI,1.2026-09.0,United States of America (the),2009-12-31,2009-12-31,Transport; school bus; diesel powered,e039be4c-037a-36c4-822a-e55803432f61,1.0,p*km,False,1,NO_ALLOCATION,https://api.nal.usda.gov/FederalLCACommonsapi/browse/National_Renewable_Energy_Laboratory/USLCI_Database_Public/PROCESS/465aca90-3640-3851-a864-01b1c1b247d0,2026-10-08,processes/465aca90-3640-3851-a864-01b1c1b247d0.json,4d117fab83b9439612d650f4b5475020e29505f014be7c1f02c2bf2b48216f3d
Transport,transport,"Transport; average mix; meat, poultry, fish, seafood, and their preparations",479f9f1b-7c0f-330c-9d3e-2f7ef650a08a,01.01.001,UNIT_PROCESS,USLCI,1.2026-09.0,United States of America (the),2017-01-01,2017-12-31,Commodity transport; at consumer,1d6944d8-817b-3ae1-b997-68bdc265557f,1.0,kg,False,1,PHYSICAL_ALLOCATION,https://api.nal.usda.gov/FederalLCACommonsapi/browse/National_Renewable_Energy_Laboratory/USLCI_Database_Public/PROCESS/479f9f1b-7c0f-330c-9d3e-2f7ef650a08a,2026-10-08,processes/479f9f1b-7c0f-330c-9d3e-2f7ef650a08a.json,2e115495a074c9aadc9ae6b4dd4bd066790e644213253ccc92c229de00cf1f4a
Transport,transport,"Transport, combination truck; long-haul; compressed natural gas powered; Northwest",47a2f5b9-2ac3-3634-99a3-1c91b3575843,01.00.003,UNIT_PROCESS,USLCI,1.2026-09.0,unknown,2024-01-01,2024-12-31,"Transport; combination truck, long-haul; compressed natural gas powered",8d49dd43-aada-36f4-9bf3-feff7e3231c3,1.0,t*km,False,1,PHYSICAL_ALLOCATION,https://api.nal.usda.gov/FederalLCACommonsapi/browse/National_Renewable_Energy_Laboratory/USLCI_Database_Public/PROCESS/47a2f5b9-2ac3-3634-99a3-1c91b3575843,2026-10-08,processes/47a2f5b9-2ac3-3634-99a3-1c91b3575843.json,d22164db2c49b6b9af8b09af752bbd977be2d7381e93fbb535a0f83f6e7723d5
Transport,transport,"Transport, school bus; diesel powered; Northeast",4805457e-a1c3-36c4-a526-b2a26779155c,00.00.010,UNIT_PROCESS,USLCI,1.2026-09.0,United States of America (the),2009-12-31,2009-12-31,Transport; school bus; diesel powered,e039be4c-037a-36c4-822a-e55803432f61,1.0,p*km,False,1,NO_ALLOCATION,https://api.nal.usda.gov/FederalLCACommonsapi/browse/National_Renewable_Energy_Laboratory/USLCI_Database_Public/PROCESS/4805457e-a1c3-36c4-a526-b2a26779155c,2026-10-08,processes/4805457e-a1c3-36c4-a526-b2a26779155c.json,40d73f09538835fe433906c58fe226604dbc9bf08fbadac91d7db8b4b5cdf003
Transport,transport,"Transport, light commercial truck; gasoline powered; Hawaii",489c875b-7e8d-3cd7-a9ef-82f71a8bdb69,01.00.003,UNIT_PROCESS,USLCI,1.2026-09.0,unknown,2024-01-01,2024-12-31,Transport; light commercial truck; gasoline powered,0614f894-cf10-307e-bd58-ac507face752,1.0,t*km,False,1,PHYSICAL_ALLOCATION,https://api.nal.usda.gov/FederalLCACommonsapi/browse/National_Renewable_Energy_Laboratory/USLCI_Database_Public/PROCESS/489c875b-7e8d-3cd7-a9ef-82f71a8bdb69,2026-10-08,processes/489c875b-7e8d-3cd7-a9ef-82f71a8bdb69.json,74e14b5d77173fb810821e85d85f897fd179225ee458ae80c4be1722dcb49585
Transport,transport,"Transport, single unit truck; diesel powered; South",497c5ac2-d3e3-3c98-b3dc-46b9e01a384c,01.00.003,UNIT_PROCESS,USLCI,1.2026-09.0,unknown,2024-01-01,2024-12-31,Transport; single unit truck; diesel powered,bbcd8095-e1d5-3762-aa08-3efc8d1d2ec4,1.0,t*km,False,1,PHYSICAL_ALLOCATION,https://api.nal.usda.gov/FederalLCACommonsapi/browse/National_Renewable_Energy_Laboratory/USLCI_Database_Public/PROCESS/497c5ac2-d3e3-3c98-b3dc-46b9e01a384c,2026-10-08,processes/497c5ac2-d3e3-3c98-b3dc-46b9e01a384c.json,aca64e7f4ba076d3dfbab444ee30d4c7025fea11b7c43f3f468f2d47a10ac285
Transport,transport,"Transport, single unit truck; diesel powered; Northeast",498ab4cc-9aaf-3db0-8a99-12fc691efcd1,01.00.003,UNIT_PROCESS,USLCI,1.2026-09.0,unknown,2024-01-01,2024-12-31,Transport; single unit truck; diesel powered,bbcd8095-e1d5-3762-aa08-3efc8d1d2ec4,1.0,t*km,False,1,PHYSICAL_ALLOCATION,https://api.nal.usda.gov/FederalLCACommonsapi/browse/National_Renewable_Energy_Laboratory/USLCI_Database_Public/PROCESS/498ab4cc-9aaf-3db0-8a99-12fc691efcd1,2026-10-08,processes/498ab4cc-9aaf-3db0-8a99-12fc691efcd1.json,f670f4bd932254029b0ba72bd441e849f9b81612ce9042f9efa88050d51814f6
Transport,transport,"Transport, single unit truck; long-haul; gasoline powered; Southwest",49ecf1ea-a971-3332-9c6a-9f8d1153d62e,01.00.003,UNIT_PROCESS,USLCI,1.2026-09.0,unknown,2024-01-01,2024-12-31,"Transport; single unit truck, long-haul; gasoline powered",9f52f8d9-5c7c-3d35-a912-376b70769a26,1.0,t*km,False,1,PHYSICAL_ALLOCATION,https://api.nal.usda.gov/FederalLCACommonsapi/browse/National_Renewable_Energy_Laboratory/USLCI_Database_Public/PROCESS/49ecf1ea-a971-3332-9c6a-9f8d1153d62e,2026-10-08,processes/49ecf1ea-a971-3332-9c6a-9f8d1153d62e.json,c2fe22f2e413729a81dc11d749cae2fa5b190a958eff8140134c966f14897335
Transport,transport,"Transport, single unit truck; electricity powered; West North Central",4ab1ad08-f644-3b59-a327-c19846c4e997,01.00.007,UNIT_PROCESS,USLCI,1.2026-09.0,unknown,2024-01-01,2024-12-31,Transport; single unit truck; electricity powered,94755eaa-c6ec-32d3-b687-b94ed0a53e5f,1.0,t*km,False,1,PHYSICAL_ALLOCATION,https://api.nal.usda.gov/FederalLCACommonsapi/browse/National_Renewable_Energy_Laboratory/USLCI_Database_Public/PROCESS/4ab1ad08-f644-3b59-a327-c19846c4e997,2026-10-08,processes/4ab1ad08-f644-3b59-a327-c19846c4e997.json,be40c79bd1e359d2502a6830caa70b6840c05e098fa01591a143976dcf2447c3
Transport,transport,"Transport, single unit truck; gasoline powered; West North Central",4b138f69-86f6-3c38-a343-35449faffe49,01.00.003,UNIT_PROCESS,USLCI,1.2026-09.0,unknown,2024-01-01,2024-12-31,Transport; single unit truck; gasoline powered,30c89ffc-e08a-3d2b-8c96-33b2397b9bd8,1.0,t*km,False,1,PHYSICAL_ALLOCATION,https://api.nal.usda.gov/FederalLCACommonsapi/browse/National_Renewable_Energy_Laboratory/USLCI_Database_Public/PROCESS/4b138f69-86f6-3c38-a343-35449faffe49,2026-10-08,processes/4b138f69-86f6-3c38-a343-35449faffe49.json,9b1237f44653fd6a99bf0cc5f7131a94510a27f3bae0d74f2cede1c614074d4d
Transport,transport,"Transport, container ship; distillate powered; Pacific of Central/South America to US East Coast",4b326fcc-d9b9-33d7-a5de-33b2408c5f9f,01.00.001,UNIT_PROCESS,USLCI,1.2026-09.0,Global,2023-01-01,2023-12-31,"Transport, container ship; distillate powered",e46da55e-5561-37d0-8e99-71fade967cf3,1.0,t*km,False,1,PHYSICAL_ALLOCATION,https://api.nal.usda.gov/FederalLCACommonsapi/browse/National_Renewable_Energy_Laboratory/USLCI_Database_Public/PROCESS/4b326fcc-d9b9-33d7-a5de-33b2408c5f9f,2026-10-08,processes/4b326fcc-d9b9-33d7-a5de-33b2408c5f9f.json,a7fd900709d33663222c149e16c8fc22106804287ff2ce5ed21ba1d1eae37035
Transport,transport,"Transport, single unit truck; electricity powered",4b69ede6-bc6f-3897-81eb-9bf156b2fd4b,01.00.007,UNIT_PROCESS,USLCI,1.2026-09.0,United States of America (the),2024-01-01,2024-12-31,Transport; single unit truck; electricity powered,94755eaa-c6ec-32d3-b687-b94ed0a53e5f,1.0,t*km,False,1,PHYSICAL_ALLOCATION,https://api.nal.usda.gov/FederalLCACommonsapi/browse/National_Renewable_Energy_Laboratory/USLCI_Database_Public/PROCESS/4b69ede6-bc6f-3897-81eb-9bf156b2fd4b,2026-10-08,processes/4b69ede6-bc6f-3897-81eb-9bf156b2fd4b.json,d98223b89aae7aaaf43df5d671844aecccd14b27c6b95305be8a75d54be89126
Transport,transport,"Transport, chemical tanker; residual fuel oil powered; Eastern Canada to US East Coast",4b6c79ca-41e5-342e-a0de-597edfa9c781,01.00.001,UNIT_PROCESS,USLCI,1.2026-09.0,Global,2023-01-01,2023-12-31,"Transport, chemical tanker; residual fuel oil powered",8c3474d2-9fc0-3940-a631-ec4229207e82,1.0,t*km,False,1,PHYSICAL_ALLOCATION,https://api.nal.usda.gov/FederalLCACommonsapi/browse/National_Renewable_Energy_Laboratory/USLCI_Database_Public/PROCESS/4b6c79ca-41e5-342e-a0de-597edfa9c781,2026-10-08,processes/4b6c79ca-41e5-342e-a0de-597edfa9c781.json,92c10b37223b7db35085cbe7ecfd8883414b4e79591d47d4b19570d025f7937f
Transport,transport,"Transport, single unit truck; short-haul; compressed natural gas powered; West",4bf31707-0a50-3cd8-8e87-0887e4ba8a86,01.00.003,UNIT_PROCESS,USLCI,1.2026-09.0,unknown,2024-01-01,2024-12-31,"Transport; single unit truck, short-haul; compressed natural gas powered",1a34089c-3f9a-3afb-9ca6-93a4c7d6424e,1.0,t*km,False,1,PHYSICAL_ALLOCATION,https://api.nal.usda.gov/FederalLCACommonsapi/browse/National_Renewable_Energy_Laboratory/USLCI_Database_Public/PROCESS/4bf31707-0a50-3cd8-8e87-0887e4ba8a86,2026-10-08,processes/4bf31707-0a50-3cd8-8e87-0887e4ba8a86.json,620ec9c12147c10929a1f83470677e5d3e1afa29273fcf85181d1b8798cbfd93
Transport,transport,Transport; average mix; natural sands,4c4ee8ee-798f-3fdd-910a-1f5b1e24d9d6,01.01.001,UNIT_PROCESS,USLCI,1.2026-09.0,United States of America (the),2017-01-01,2017-12-31,Commodity transport; at consumer,1d6944d8-817b-3ae1-b997-68bdc265557f,1.0,kg,False,1,PHYSICAL_ALLOCATION,https://api.nal.usda.gov/FederalLCACommonsapi/browse/National_Renewable_Energy_Laboratory/USLCI_Database_Public/PROCESS/4c4ee8ee-798f-3fdd-910a-1f5b1e24d9d6,2026-10-08,processes/4c4ee8ee-798f-3fdd-910a-1f5b1e24d9d6.json,695d0b09034cf798aee613225e6853c6c2a953d58be4846281c3cac55d96d0b6
Transport,transport,"Transport, combination truck; diesel powered; Central",4c637477-f7a3-35b8-8e07-53f64c5eadf8,01.00.003,UNIT_PROCESS,USLCI,1.2026-09.0,unknown,2024-01-01,2024-12-31,Transport; combination truck; diesel powered,628c07ec-0802-39c1-ab88-1c62848ef436,1.0,t*km,False,1,PHYSICAL_ALLOCATION,https://api.nal.usda.gov/FederalLCACommonsapi/browse/National_Renewable_Energy_Laboratory/USLCI_Database_Public/PROCESS/4c637477-f7a3-35b8-8e07-53f64c5eadf8,2026-10-08,processes/4c637477-f7a3-35b8-8e07-53f64c5eadf8.json,9d63a6bdac3302502298dd867f0dabd03089c961ce5a0e1df32ee3415dc04b33
Transport,transport,Transport; average mix; other non-metallic minerals not elsewhere classified,4c712d2e-f1a7-3517-a082-b249ea18b8ae,01.01.001,UNIT_PROCESS,USLCI,1.2026-09.0,United States of America (the),2017-01-01,2017-12-31,Commodity transport; at consumer,1d6944d8-817b-3ae1-b997-68bdc265557f,1.0,kg,False,1,PHYSICAL_ALLOCATION,https://api.nal.usda.gov/FederalLCACommonsapi/browse/National_Renewable_Energy_Laboratory/USLCI_Database_Public/PROCESS/4c712d2e-f1a7-3517-a082-b249ea18b8ae,2026-10-08,processes/4c712d2e-f1a7-3517-a082-b249ea18b8ae.json,c954710c74083c0bf5f43521edd549a2bf2ae4021ef58f262dd3c7afdcbb90f4
Transport,transport,"Transport, light commercial truck; E85 powered; Central",4eac9ff3-bfe7-3441-8ed9-b2253e4c9ef5,01.00.003,UNIT_PROCESS,USLCI,1.2026-09.0,unknown,2024-01-01,2024-12-31,Transport; light commercial truck; E85 powered,0a954583-49bd-3d80-8200-847790caf5b2,1.0,t*km,False,1,PHYSICAL_ALLOCATION,https://api.nal.usda.gov/FederalLCACommonsapi/browse/National_Renewable_Energy_Laboratory/USLCI_Database_Public/PROCESS/4eac9ff3-bfe7-3441-8ed9-b2253e4c9ef5,2026-10-08,processes/4eac9ff3-bfe7-3441-8ed9-b2253e4c9ef5.json,0fecb80aa02b8315cc2b2b874f93719bb55b501c3e677700ba1826a55b62b795
Transport,transport,"Transport, light commercial truck; electricity powered; Southwest",4ed578f2-dc76-39ab-bfdd-71a0109aecdc,01.00.007,UNIT_PROCESS,USLCI,1.2026-09.0,unknown,2024-01-01,2024-12-31,Transport; light commercial truck; electricity powered,0925e27b-37eb-38b6-8710-314211416cc2,1.0,t*km,False,1,PHYSICAL_ALLOCATION,https://api.nal.usda.gov/FederalLCACommonsapi/browse/National_Renewable_Energy_Laboratory/USLCI_Database_Public/PROCESS/4ed578f2-dc76-39ab-bfdd-71a0109aecdc,2026-10-08,processes/4ed578f2-dc76-39ab-bfdd-71a0109aecdc.json,91bde7a017b41b3d58002f3155c90d0dda9a3d0fa045b2fdd706730a58e08058
Transport,transport,"Transport, combination truck; gasoline powered; Southeast",522333ad-19c6-3748-8f8b-d3e1f59c92bc,01.00.003,UNIT_PROCESS,USLCI,1.2026-09.0,unknown,2024-01-01,2024-12-31,Transport; combination truck; gasoline powered,9b20d581-cc62-3313-9412-0855be3ee7c2,1.0,t*km,False,1,PHYSICAL_ALLOCATION,https://api.nal.usda.gov/FederalLCACommonsapi/browse/National_Renewable_Energy_Laboratory/USLCI_Database_Public/PROCESS/522333ad-19c6-3748-8f8b-d3e1f59c92bc,2026-10-08,processes/522333ad-19c6-3748-8f8b-d3e1f59c92bc.json,1128b33c3054f46333593ba04486c95cb6c7b50c03d462c22a19e73cef04ae4a
Transport,transport,"Transport, transit bus; diesel powered; Alaska",5338cf67-3f06-3a0f-81ab-1f7ee8d449f7,00.00.011,UNIT_PROCESS,USLCI,1.2026-09.0,United States of America (the),2009-12-31,2009-12-31,Transport; transit bus; diesel powered,83a2d23e-a668-3b97-a037-371c67c18ccf,1.0,p*km,False,1,NO_ALLOCATION,https://api.nal.usda.gov/FederalLCACommonsapi/browse/National_Renewable_Energy_Laboratory/USLCI_Database_Public/PROCESS/5338cf67-3f06-3a0f-81ab-1f7ee8d449f7,2026-10-08,processes/5338cf67-3f06-3a0f-81ab-1f7ee8d449f7.json,b382a4cbee09d690fa19ac899a79d18dde7e2d2127f0e55989252a130b0c2fd6
Transport,transport,"Transport, refuse truck; gasoline powered",53ffa5d2-4622-30c8-8135-e1eac2d0b268,00.00.010,UNIT_PROCESS,USLCI,1.2026-09.0,United States of America (the),2009-12-31,2009-12-31,Transport; refuse truck; gasoline powered,7d9ed48b-6627-3b70-a84b-b16dbf9fbf4f,1.0,t*km,False,1,NO_ALLOCATION,https://api.nal.usda.gov/FederalLCACommonsapi/browse/National_Renewable_Energy_Laboratory/USLCI_Database_Public/PROCESS/53ffa5d2-4622-30c8-8135-e1eac2d0b268,2026-10-08,processes/53ffa5d2-4622-30c8-8135-e1eac2d0b268.json,d409d4e6381fb7774a506eda8d9d2b97e31b6cbf00cf5c988c6fb3cdc32594de
Transport,transport,"Transport, combination truck; short-haul; gasoline powered; Southeast",544f8909-5dd2-35e8-b383-c10fd32d81ea,01.00.003,UNIT_PROCESS,USLCI,1.2026-09.0,unknown,2024-01-01,2024-12-31,"Transport; combination truck, short-haul; gasoline powered",41361da6-313c-3621-bbe6-3a792f3dab6b,1.0,t*km,False,1,PHYSICAL_ALLOCATION,https://api.nal.usda.gov/FederalLCACommonsapi/browse/National_Renewable_Energy_Laboratory/USLCI_Database_Public/PROCESS/544f8909-5dd2-35e8-b383-c10fd32d81ea,2026-10-08,processes/544f8909-5dd2-35e8-b383-c10fd32d81ea.json,f226eea3f4077441d47f4fa7f3d70189c6196c4bfcfda00c4017057eeb76db1e
Transport,transport,"Transport, light commercial truck; E85 powered; East North Central",54784ec6-fabb-3fcc-bea2-c8bce7c1c335,01.00.003,UNIT_PROCESS,USLCI,1.2026-09.0,unknown,2024-01-01,2024-12-31,Transport; light commercial truck; E85 powered,0a954583-49bd-3d80-8200-847790caf5b2,1.0,t*km,False,1,PHYSICAL_ALLOCATION,https://api.nal.usda.gov/FederalLCACommonsapi/browse/National_Renewable_Energy_Laboratory/USLCI_Database_Public/PROCESS/54784ec6-fabb-3fcc-bea2-c8bce7c1c335,2026-10-08,processes/54784ec6-fabb-3fcc-bea2-c8bce7c1c335.json,a3139122efc7b253d290243362d3b0a67fa2e52eeb7844e50c0c45e644bc4157
Transport,transport,"Transport, combination truck; diesel powered; Northwest",54f1da31-7d12-318e-addc-5fe7b26ff415,01.00.003,UNIT_PROCESS,USLCI,1.2026-09.0,unknown,2024-01-01,2024-12-31,Transport; combination truck; diesel powered,628c07ec-0802-39c1-ab88-1c62848ef436,1.0,t*km,False,1,PHYSICAL_ALLOCATION,https://api.nal.usda.gov/FederalLCACommonsapi/browse/National_Renewable_Energy_Laboratory/USLCI_Database_Public/PROCESS/54f1da31-7d12-318e-addc-5fe7b26ff415,2026-10-08,processes/54f1da31-7d12-318e-addc-5fe7b26ff415.json,9e52a41eb862f7f8a9383e60480bc4341f748e892762b393646758fd85e86b14
Transport,transport,"Transport, passenger car; gasoline powered",553fff99-b003-39a4-b53e-a9b3da050c71,00.00.011,UNIT_PROCESS,USLCI,1.2026-09.0,United States of America (the),2009-12-31,2009-12-31,Transport; passenger car; gasoline powered,cf8a98c5-aa26-3276-9e95-09baf279e190,1.0,p*km,False,1,NO_ALLOCATION,https://api.nal.usda.gov/FederalLCACommonsapi/browse/National_Renewable_Energy_Laboratory/USLCI_Database_Public/PROCESS/553fff99-b003-39a4-b53e-a9b3da050c71,2026-10-08,processes/553fff99-b003-39a4-b53e-a9b3da050c71.json,b7d3aeffa63667ade1fa024957b346851a487de40e077255a2c5c0ddb175bc59
Transport,transport,"Transport, container ship; residual fuel oil powered; Africa to US East Coast",57a7e46b-7cfb-382c-b618-4cb2eb0a8016,01.00.001,UNIT_PROCESS,USLCI,1.2026-09.0,Global,2023-01-01,2023-12-31,"Transport, container ship; residual fuel oil powered",0d1b359b-72a1-3c00-aa2c-2102e8c81a17,1.0,t*km,False,1,PHYSICAL_ALLOCATION,https://api.nal.usda.gov/FederalLCACommonsapi/browse/National_Renewable_Energy_Laboratory/USLCI_Database_Public/PROCESS/57a7e46b-7cfb-382c-b618-4cb2eb0a8016,2026-10-08,processes/57a7e46b-7cfb-382c-b618-4cb2eb0a8016.json,98f048446496a977dbf7386143003613d864e4ef636e961530f6798da367343e
Transport,transport,"Transport, pipeline; natural gas",57cdac3b-a289-330e-8e55-6b7e2c6885fb,00.00.008,UNIT_PROCESS,USLCI,1.2026-09.0,Northern America,2002-12-31,2008-12-31,Transport; pipeline; natural gas,057a281a-908b-3adf-8f51-ed79fe5c5a9b,1.0,t*km,False,1,NO_ALLOCATION,https://api.nal.usda.gov/FederalLCACommonsapi/browse/National_Renewable_Energy_Laboratory/USLCI_Database_Public/PROCESS/57cdac3b-a289-330e-8e55-6b7e2c6885fb,2026-10-08,processes/57cdac3b-a289-330e-8e55-6b7e2c6885fb.json,32425c4379b87279249dbdd1ec69d7c7c131789c796233eef92907834ed543a4
Transport,transport,"Transport, refuse truck; diesel powered; Southwest",57daae53-7301-327d-9a32-b3b3ce19e04f,00.00.010,UNIT_PROCESS,USLCI,1.2026-09.0,United States of America (the),2009-12-31,2009-12-31,Transport; refuse truck; diesel powered,c99244fc-abe3-3836-9d0c-ce0872f79975,1.0,t*km,False,1,NO_ALLOCATION,https://api.nal.usda.gov/FederalLCACommonsapi/browse/National_Renewable_Energy_Laboratory/USLCI_Database_Public/PROCESS/57daae53-7301-327d-9a32-b3b3ce19e04f,2026-10-08,processes/57daae53-7301-327d-9a32-b3b3ce19e04f.json,d47ead73e08cf10b26556a53d355388917d950c461bb43658510dd538b650e2b
Transport,transport,"Transport, light commercial truck; electricity powered; South",584e72ac-e367-37c9-8fb9-12ceb749b4b9,01.00.007,UNIT_PROCESS,USLCI,1.2026-09.0,unknown,2024-01-01,2024-12-31,Transport; light commercial truck; electricity powered,0925e27b-37eb-38b6-8710-314211416cc2,1.0,t*km,False,1,PHYSICAL_ALLOCATION,https://api.nal.usda.gov/FederalLCACommonsapi/browse/National_Renewable_Energy_Laboratory/USLCI_Database_Public/PROCESS/584e72ac-e367-37c9-8fb9-12ceb749b4b9,2026-10-08,processes/584e72ac-e367-37c9-8fb9-12ceb749b4b9.json,ae73649271e41d8095e7f578621fa4d71f87466fface8e4ffc4430fe4be07ac4
Transport,transport,"Transport, combination truck; gasoline powered; Alaska",58d35077-c5ba-309f-8a43-0755518cb0ec,01.00.003,UNIT_PROCESS,USLCI,1.2026-09.0,unknown,2024-01-01,2024-12-31,Transport; combination truck; gasoline powered,9b20d581-cc62-3313-9412-0855be3ee7c2,1.0,t*km,False,1,PHYSICAL_ALLOCATION,https://api.nal.usda.gov/FederalLCACommonsapi/browse/National_Renewable_Energy_Laboratory/USLCI_Database_Public/PROCESS/58d35077-c5ba-309f-8a43-0755518cb0ec,2026-10-08,processes/58d35077-c5ba-309f-8a43-0755518cb0ec.json,505c4f3c50048b26d27a832bc6b71c7600d5086e3d77d07e31e793d9f5af919e
Transport,transport,"Transport, school bus; gasoline powered",58d87aee-291c-3c61-9d6f-e8ba8dba94cc,00.00.010,UNIT_PROCESS,USLCI,1.2026-09.0,United States of America (the),2009-12-31,2009-12-31,Transport; school bus; gasoline powered,ab10ce80-b5a6-39c7-b09f-a8891da7f908,1.0,p*km,False,1,NO_ALLOCATION,https://api.nal.usda.gov/FederalLCACommonsapi/browse/National_Renewable_Energy_Laboratory/USLCI_Database_Public/PROCESS/58d87aee-291c-3c61-9d6f-e8ba8dba94cc,2026-10-08,processes/58d87aee-291c-3c61-9d6f-e8ba8dba94cc.json,40f15dc08db122da894393e72a06af8817994189f4aeb8a10de69ce413dc9d48
Transport,transport,"Transport, combination truck; short-haul; gasoline powered; West North Central",58f347f3-07e0-39c4-bfeb-c5622795bab6,01.00.003,UNIT_PROCESS,USLCI,1.2026-09.0,unknown,2024-01-01,2024-12-31,"Transport; combination truck, short-haul; gasoline powered",41361da6-313c-3621-bbe6-3a792f3dab6b,1.0,t*km,False,1,PHYSICAL_ALLOCATION,https://api.nal.usda.gov/FederalLCACommonsapi/browse/National_Renewable_Energy_Laboratory/USLCI_Database_Public/PROCESS/58f347f3-07e0-39c4-bfeb-c5622795bab6,2026-10-08,processes/58f347f3-07e0-39c4-bfeb-c5622795bab6.json,33676a38498b5581c8ec35b5157dbc1c58562b167240b7c4c1152415831f1745
Transport,transport,"Transport, single unit truck; short-haul; compressed natural gas powered; South",5930e0ca-21e1-37ed-9f2c-ead2c9292d6c,01.00.003,UNIT_PROCESS,USLCI,1.2026-09.0,unknown,2024-01-01,2024-12-31,"Transport; single unit truck, short-haul; compressed natural gas powered",1a34089c-3f9a-3afb-9ca6-93a4c7d6424e,1.0,t*km,False,1,PHYSICAL_ALLOCATION,https://api.nal.usda.gov/FederalLCACommonsapi/browse/National_Renewable_Energy_Laboratory/USLCI_Database_Public/PROCESS/5930e0ca-21e1-37ed-9f2c-ead2c9292d6c,2026-10-08,processes/5930e0ca-21e1-37ed-9f2c-ead2c9292d6c.json,04d0031f7f8ebdb39b9a9c322c6e801e832dd56a4559df7522df7ed7a60876fc
Transport,transport,"Transport, chemical tanker; distillate powered; Pacific of Central/South America to US East Coast",59329fa8-564f-34ab-931c-ed8eade48f6a,01.00.001,UNIT_PROCESS,USLCI,1.2026-09.0,Global,2023-01-01,2023-12-31,"Transport, chemical tanker; distillate powered",ce06ec4d-91ab-387e-8dd0-4358c1ea3633,1.0,t*km,False,1,PHYSICAL_ALLOCATION,https://api.nal.usda.gov/FederalLCACommonsapi/browse/National_Renewable_Energy_Laboratory/USLCI_Database_Public/PROCESS/59329fa8-564f-34ab-931c-ed8eade48f6a,2026-10-08,processes/59329fa8-564f-34ab-931c-ed8eade48f6a.json,a34fea8142b9c2fafb4f0b63a98e94c75bf70e0246b8b68c22403d954f811222
Transport,transport,"Transport, combination truck; diesel powered; Northeast",5959c0b4-b071-3549-8596-25757731c2ba,01.00.003,UNIT_PROCESS,USLCI,1.2026-09.0,unknown,2024-01-01,2024-12-31,Transport; combination truck; diesel powered,628c07ec-0802-39c1-ab88-1c62848ef436,1.0,t*km,False,1,PHYSICAL_ALLOCATION,https://api.nal.usda.gov/FederalLCACommonsapi/browse/National_Renewable_Energy_Laboratory/USLCI_Database_Public/PROCESS/5959c0b4-b071-3549-8596-25757731c2ba,2026-10-08,processes/5959c0b4-b071-3549-8596-25757731c2ba.json,bb052e03bfd7dc64c63814f952db645dadc8f444a6a94041d60caf616d88a282
Transport,transport,"Transport, chemical tanker; residual fuel oil powered; Africa to US East Coast",5ad901fc-2890-32a6-b850-5f5c13e2f855,01.00.001,UNIT_PROCESS,USLCI,1.2026-09.0,Global,2023-01-01,2023-12-31,"Transport, chemical tanker; residual fuel oil powered",8c3474d2-9fc0-3940-a631-ec4229207e82,1.0,t*km,False,1,PHYSICAL_ALLOCATION,https://api.nal.usda.gov/FederalLCACommonsapi/browse/National_Renewable_Energy_Laboratory/USLCI_Database_Public/PROCESS/5ad901fc-2890-32a6-b850-5f5c13e2f855,2026-10-08,processes/5ad901fc-2890-32a6-b850-5f5c13e2f855.json,86903f6a2ddd51b1394e39c64fb4481239b0bac9b5d32794a5d2f057bc2f6c9d
Transport,transport,"Transport, single unit truck; gasoline powered; Northeast",5ba3337a-ae67-328a-8b7e-7f1d9a4d1837,01.00.003,UNIT_PROCESS,USLCI,1.2026-09.0,unknown,2024-01-01,2024-12-31,Transport; single unit truck; gasoline powered,30c89ffc-e08a-3d2b-8c96-33b2397b9bd8,1.0,t*km,False,1,PHYSICAL_ALLOCATION,https://api.nal.usda.gov/FederalLCACommonsapi/browse/National_Renewable_Energy_Laboratory/USLCI_Database_Public/PROCESS/5ba3337a-ae67-328a-8b7e-7f1d9a4d1837,2026-10-08,processes/5ba3337a-ae67-328a-8b7e-7f1d9a4d1837.json,a575b3ea13877e5e4c8d9a1a4ed532fdd5d3d6ed9c061db1a6bd56d21817eb2e
Transport,transport,"Transport, transit bus; diesel powered; Central",5ba6a086-dc74-3b94-918e-f09e9e8a6aae,00.00.011,UNIT_PROCESS,USLCI,1.2026-09.0,United States of America (the),2009-12-31,2009-12-31,Transport; transit bus; diesel powered,83a2d23e-a668-3b97-a037-371c67c18ccf,1.0,p*km,False,1,NO_ALLOCATION,https://api.nal.usda.gov/FederalLCACommonsapi/browse/National_Renewable_Energy_Laboratory/USLCI_Database_Public/PROCESS/5ba6a086-dc74-3b94-918e-f09e9e8a6aae,2026-10-08,processes/5ba6a086-dc74-3b94-918e-f09e9e8a6aae.json,401d47d431140a47e7bf20a4faae5e62a99277353a9e4c8555dc5cb46e19a2dd
Transport,transport,"Transport, combination truck; diesel powered; Southeast",5bda8bab-98d7-3964-929a-d1e7f2c0327c,01.00.003,UNIT_PROCESS,USLCI,1.2026-09.0,unknown,2024-01-01,2024-12-31,Transport; combination truck; diesel powered,628c07ec-0802-39c1-ab88-1c62848ef436,1.0,t*km,False,1,PHYSICAL_ALLOCATION,https://api.nal.usda.gov/FederalLCACommonsapi/browse/National_Renewable_Energy_Laboratory/USLCI_Database_Public/PROCESS/5bda8bab-98d7-3964-929a-d1e7f2c0327c,2026-10-08,processes/5bda8bab-98d7-3964-929a-d1e7f2c0327c.json,b28c1261c4b6850f8e8bb222a0bcd9388056beaba5039828ae1dd3e7f661cc28
Transport,transport,"Transport, combination truck; short-haul; diesel powered; Southwest",5c8a1525-9788-373b-9c4a-e26ba39f2442,01.00.003,UNIT_PROCESS,USLCI,1.2026-09.0,unknown,2024-01-01,2024-12-31,"Transport; combination truck, short-haul; diesel powered",59449b10-044a-3a9b-a6e6-5c5fc97b50bb,1.0,t*km,False,1,PHYSICAL_ALLOCATION,https://api.nal.usda.gov/FederalLCACommonsapi/browse/National_Renewable_Energy_Laboratory/USLCI_Database_Public/PROCESS/5c8a1525-9788-373b-9c4a-e26ba39f2442,2026-10-08,processes/5c8a1525-9788-373b-9c4a-e26ba39f2442.json,9542be302eda433b0d8873a1cccc53eb30fd6e57a3cc5501a3ac1f928ee395f0
Transport,transport,"Transport, container ship; distillate powered; Europe to US East Coast",5ca91c56-c77b-3607-8cd0-c2f6db35a0c6,01.00.001,UNIT_PROCESS,USLCI,1.2026-09.0,Global,2023-01-01,2023-12-31,"Transport, container ship; distillate powered",e46da55e-5561-37d0-8e99-71fade967cf3,1.0,t*km,False,1,PHYSICAL_ALLOCATION,https://api.nal.usda.gov/FederalLCACommonsapi/browse/National_Renewable_Energy_Laboratory/USLCI_Database_Public/PROCESS/5ca91c56-c77b-3607-8cd0-c2f6db35a0c6,2026-10-08,processes/5ca91c56-c77b-3607-8cd0-c2f6db35a0c6.json,b8eadb07dcd52508a61d94dd5ffa74adbf9d07e0a07065c399c97c967c815887
Transport,transport,"Transport, chemical tanker; residual fuel oil powered; Asia to US West Coast",5d5f0dc3-a9a8-3740-8321-e964ef96a3ce,01.00.001,UNIT_PROCESS,USLCI,1.2026-09.0,Global,2023-01-01,2023-12-31,"Transport, chemical tanker; residual fuel oil powered",8c3474d2-9fc0-3940-a631-ec4229207e82,1.0,t*km,False,1,PHYSICAL_ALLOCATION,https://api.nal.usda.gov/FederalLCACommonsapi/browse/National_Renewable_Energy_Laboratory/USLCI_Database_Public/PROCESS/5d5f0dc3-a9a8-3740-8321-e964ef96a3ce,2026-10-08,processes/5d5f0dc3-a9a8-3740-8321-e964ef96a3ce.json,996991a0df64b25ea08d77435258e67b9f0f7f41647e606bd0a7a9458c386842
Transport,transport,"Transport, single unit truck; short-haul; compressed natural gas powered; Northeast",5e69a6de-781d-31e7-9892-123562ee2f32,01.00.003,UNIT_PROCESS,USLCI,1.2026-09.0,unknown,2024-01-01,2024-12-31,"Transport; single unit truck, short-haul; compressed natural gas powered",1a34089c-3f9a-3afb-9ca6-93a4c7d6424e,1.0,t*km,False,1,PHYSICAL_ALLOCATION,https://api.nal.usda.gov/FederalLCACommonsapi/browse/National_Renewable_Energy_Laboratory/USLCI_Database_Public/PROCESS/5e69a6de-781d-31e7-9892-123562ee2f32,2026-10-08,processes/5e69a6de-781d-31e7-9892-123562ee2f32.json,ec4a741ff78d0985f62f8f5d1723209d5c62337fd143e17c616b9c13ae9589d3
Transport,transport,"Transport, single unit truck; short-haul; electricity powered; West",5efab4fc-4754-31a7-aa68-d8f8b81d0d63,01.00.007,UNIT_PROCESS,USLCI,1.2026-09.0,unknown,2024-01-01,2024-12-31,"Transport; single unit truck, short-haul; electricity powered",855b58f5-89b6-3b25-b33e-59454a0adbaa,1.0,t*km,False,1,PHYSICAL_ALLOCATION,https://api.nal.usda.gov/FederalLCACommonsapi/browse/National_Renewable_Energy_Laboratory/USLCI_Database_Public/PROCESS/5efab4fc-4754-31a7-aa68-d8f8b81d0d63,2026-10-08,processes/5efab4fc-4754-31a7-aa68-d8f8b81d0d63.json,111de7f0eee1bd5c440c0d39d570956542a6133994a7b68c365b635449f0db9a
Transport,transport,"Transport, chemical tanker; distillate powered; Europe to US East Coast",5f0ade72-d631-3663-9037-00b4405a42ee,01.00.001,UNIT_PROCESS,USLCI,1.2026-09.0,Global,2023-01-01,2023-12-31,"Transport, chemical tanker; distillate powered",ce06ec4d-91ab-387e-8dd0-4358c1ea3633,1.0,t*km,False,1,PHYSICAL_ALLOCATION,https://api.nal.usda.gov/FederalLCACommonsapi/browse/National_Renewable_Energy_Laboratory/USLCI_Database_Public/PROCESS/5f0ade72-d631-3663-9037-00b4405a42ee,2026-10-08,processes/5f0ade72-d631-3663-9037-00b4405a42ee.json,9ffec889fe415637b2fc13d1286390079515dc5ab0aca7bf333c854e1a2f76a2
Transport,transport,"Transport, combination truck; compressed natural gas powered; West North Central",5f16c25b-5e51-372f-83db-cfc97c530914,01.00.003,UNIT_PROCESS,USLCI,1.2026-09.0,unknown,2024-01-01,2024-12-31,Transport; combination truck; compressed natural gas powered,8a848faa-996b-39f4-a2ec-e9a1df693278,1.0,t*km,False,1,PHYSICAL_ALLOCATION,https://api.nal.usda.gov/FederalLCACommonsapi/browse/National_Renewable_Energy_Laboratory/USLCI_Database_Public/PROCESS/5f16c25b-5e51-372f-83db-cfc97c530914,2026-10-08,processes/5f16c25b-5e51-372f-83db-cfc97c530914.json,0e85d467d602637f9afb44492903ad049a11ad1a076b27e2420012acf330339a
Transport,transport,"Transport, single unit truck; long-haul; gasoline powered; West",5faf03a2-ab55-3768-a625-4c2a246a9a4d,01.00.003,UNIT_PROCESS,USLCI,1.2026-09.0,unknown,2024-01-01,2024-12-31,"Transport; single unit truck, long-haul; gasoline powered",9f52f8d9-5c7c-3d35-a912-376b70769a26,1.0,t*km,False,1,PHYSICAL_ALLOCATION,https://api.nal.usda.gov/FederalLCACommonsapi/browse/National_Renewable_Energy_Laboratory/USLCI_Database_Public/PROCESS/5faf03a2-ab55-3768-a625-4c2a246a9a4d,2026-10-08,processes/5faf03a2-ab55-3768-a625-4c2a246a9a4d.json,a02eb20b3b39d097251bba0e62768863223fe94bb7198bb628d900a5ae7d722e
Transport,transport,"Transport, combination truck; short-haul; diesel powered; Central",60157c4b-2824-34d2-9c23-291728d3b01e,01.00.003,UNIT_PROCESS,USLCI,1.2026-09.0,unknown,2024-01-01,2024-12-31,"Transport; combination truck, short-haul; diesel powered",59449b10-044a-3a9b-a6e6-5c5fc97b50bb,1.0,t*km,False,1,PHYSICAL_ALLOCATION,https://api.nal.usda.gov/FederalLCACommonsapi/browse/National_Renewable_Energy_Laboratory/USLCI_Database_Public/PROCESS/60157c4b-2824-34d2-9c23-291728d3b01e,2026-10-08,processes/60157c4b-2824-34d2-9c23-291728d3b01e.json,d66de2b0bcc21cfd0334a059090a04274994d6af5397901c818a813da7f103fe
Transport,transport,"Transport, combination truck; short-haul; gasoline powered",60785dad-585a-3fe9-ae8e-507f0cbc7f6f,01.00.003,UNIT_PROCESS,USLCI,1.2026-09.0,United States of America (the),2024-01-01,2024-12-31,"Transport; combination truck, short-haul; gasoline powered",41361da6-313c-3621-bbe6-3a792f3dab6b,1.0,t*km,False,1,PHYSICAL_ALLOCATION,https://api.nal.usda.gov/FederalLCACommonsapi/browse/National_Renewable_Energy_Laboratory/USLCI_Database_Public/PROCESS/60785dad-585a-3fe9-ae8e-507f0cbc7f6f,2026-10-08,processes/60785dad-585a-3fe9-ae8e-507f0cbc7f6f.json,795fe4ef096acdf1b722b74ec7f1d58e85466a583ea7a26cab6157f4a78772ad
Transport,transport,"Transport, single unit truck; electricity powered; Central",610e0b54-fd24-3153-965b-7f41e3867b24,01.00.007,UNIT_PROCESS,USLCI,1.2026-09.0,unknown,2024-01-01,2024-12-31,Transport; single unit truck; electricity powered,94755eaa-c6ec-32d3-b687-b94ed0a53e5f,1.0,t*km,False,1,PHYSICAL_ALLOCATION,https://api.nal.usda.gov/FederalLCACommonsapi/browse/National_Renewable_Energy_Laboratory/USLCI_Database_Public/PROCESS/610e0b54-fd24-3153-965b-7f41e3867b24,2026-10-08,processes/610e0b54-fd24-3153-965b-7f41e3867b24.json,67cfefa353bed7470b794bbaaa13b595fdf9fa02a21ea1f122b35834cb9d0b97
Transport,transport,"Transport, combination truck; short-haul; gasoline powered; Hawaii",614fa641-e1a1-337b-8ed3-8812880a1656,01.00.003,UNIT_PROCESS,USLCI,1.2026-09.0,unknown,2024-01-01,2024-12-31,"Transport; combination truck, short-haul; gasoline powered",41361da6-313c-3621-bbe6-3a792f3dab6b,1.0,t*km,False,1,PHYSICAL_ALLOCATION,https://api.nal.usda.gov/FederalLCACommonsapi/browse/National_Renewable_Energy_Laboratory/USLCI_Database_Public/PROCESS/614fa641-e1a1-337b-8ed3-8812880a1656,2026-10-08,processes/614fa641-e1a1-337b-8ed3-8812880a1656.json,51b6bab1641d3ceaf806c18d55a69efba178135eced3ffe1a045e3a793ff78e4
Transport,transport,"Transport, light commercial truck; diesel powered; Northeast",61f86f6a-63bd-3e94-ba1b-317849b03e46,01.00.003,UNIT_PROCESS,USLCI,1.2026-09.0,unknown,2024-01-01,2024-12-31,Transport; light commercial truck; diesel powered,35fe9caf-2ad2-3d14-ae03-21454a89da2e,1.0,t*km,False,1,PHYSICAL_ALLOCATION,https://api.nal.usda.gov/FederalLCACommonsapi/browse/National_Renewable_Energy_Laboratory/USLCI_Database_Public/PROCESS/61f86f6a-63bd-3e94-ba1b-317849b03e46,2026-10-08,processes/61f86f6a-63bd-3e94-ba1b-317849b03e46.json,707974382777ce88c1c8ca80aa150990005dec42df5494dff7fd345170d08486
Transport,transport,"Transport, aircraft; freight",61ff7eba-1846-30cb-9840-33939ee0dc26,00.00.011,UNIT_PROCESS,USLCI,1.2026-09.0,United States of America (the),2010-01-01,2021-12-31,Transport; aircraft; freight,6a71f6df-1df1-32f0-b926-6e9b932a7fe9,1.0,t*km,False,1,NO_ALLOCATION,https://api.nal.usda.gov/FederalLCACommonsapi/browse/National_Renewable_Energy_Laboratory/USLCI_Database_Public/PROCESS/61ff7eba-1846-30cb-9840-33939ee0dc26,2026-10-08,processes/61ff7eba-1846-30cb-9840-33939ee0dc26.json,2bfac2d396f4960cdb59f974d7266cedb44f4049649939e5503f0d79e1a7f1de
Transport,transport,"Transport, combination truck; electricity powered; Southeast",622e5265-a4dd-3727-b8d9-26e905f1666b,01.00.007,UNIT_PROCESS,USLCI,1.2026-09.0,unknown,2024-01-01,2024-12-31,Transport; combination truck; electricity powered,70d89027-628d-3404-8458-b209e40dd0e0,1.0,t*km,False,1,PHYSICAL_ALLOCATION,https://api.nal.usda.gov/FederalLCACommonsapi/browse/National_Renewable_Energy_Laboratory/USLCI_Database_Public/PROCESS/622e5265-a4dd-3727-b8d9-26e905f1666b,2026-10-08,processes/622e5265-a4dd-3727-b8d9-26e905f1666b.json,ea5bfccbc3777bd5ea4cdfe2da3188e19f6182ace01433617b41ad8c071b249d
Transport,transport,"Transport, single unit truck; short-haul; electricity powered; Southeast",63c20ec0-b164-33d8-8e3e-ed6959b7e25f,01.00.007,UNIT_PROCESS,USLCI,1.2026-09.0,unknown,2024-01-01,2024-12-31,"Transport; single unit truck, short-haul; electricity powered",855b58f5-89b6-3b25-b33e-59454a0adbaa,1.0,t*km,False,1,PHYSICAL_ALLOCATION,https://api.nal.usda.gov/FederalLCACommonsapi/browse/National_Renewable_Energy_Laboratory/USLCI_Database_Public/PROCESS/63c20ec0-b164-33d8-8e3e-ed6959b7e25f,2026-10-08,processes/63c20ec0-b164-33d8-8e3e-ed6959b7e25f.json,78b1fb83122004a17e0447c37a5adb23ffcbc0ccdb8d25c52ff6992a6752e472
Transport,transport,"Transport, combination truck; long-haul; compressed natural gas powered; Southeast",64029786-e754-3c97-a4c3-c73b60f77f58,01.00.003,UNIT_PROCESS,USLCI,1.2026-09.0,unknown,2024-01-01,2024-12-31,"Transport; combination truck, long-haul; compressed natural gas powered",8d49dd43-aada-36f4-9bf3-feff7e3231c3,1.0,t*km,False,1,PHYSICAL_ALLOCATION,https://api.nal.usda.gov/FederalLCACommonsapi/browse/National_Renewable_Energy_Laboratory/USLCI_Database_Public/PROCESS/64029786-e754-3c97-a4c3-c73b60f77f58,2026-10-08,processes/64029786-e754-3c97-a4c3-c73b60f77f58.json,a76a89a2ff7c2d142b1968efc220fc19b0b0ed515dea44b0d2cfe6a001967960
Transport,transport,"Transport, combination truck; compressed natural gas powered; Northwest",64c8073f-1a19-3022-a9f2-a3ebfa074d9c,01.00.003,UNIT_PROCESS,USLCI,1.2026-09.0,unknown,2024-01-01,2024-12-31,Transport; combination truck; compressed natural gas powered,8a848faa-996b-39f4-a2ec-e9a1df693278,1.0,t*km,False,1,PHYSICAL_ALLOCATION,https://api.nal.usda.gov/FederalLCACommonsapi/browse/National_Renewable_Energy_Laboratory/USLCI_Database_Public/PROCESS/64c8073f-1a19-3022-a9f2-a3ebfa074d9c,2026-10-08,processes/64c8073f-1a19-3022-a9f2-a3ebfa074d9c.json,55becbc6094d8e913c12cae445af1d16b46a5f7ca03b2cd491d6c2da22178e46
Transport,transport,"Transport, container ship; distillate powered; Atlantic of Central/South America to US East Coast",653c9135-1bca-392f-9551-e29ca8993aee,01.00.001,UNIT_PROCESS,USLCI,1.2026-09.0,Global,2023-01-01,2023-12-31,"Transport, container ship; distillate powered",e46da55e-5561-37d0-8e99-71fade967cf3,1.0,t*km,False,1,PHYSICAL_ALLOCATION,https://api.nal.usda.gov/FederalLCACommonsapi/browse/National_Renewable_Energy_Laboratory/USLCI_Database_Public/PROCESS/653c9135-1bca-392f-9551-e29ca8993aee,2026-10-08,processes/653c9135-1bca-392f-9551-e29ca8993aee.json,404f20667722d312450961519c5c613356439128c0ca2592f408f3ca2e19c212
Transport,transport,"Transport, combination truck; long-haul; electricity powered; Northeast",654da175-b520-3fa5-9efd-3fa7e72c7591,01.00.007,UNIT_PROCESS,USLCI,1.2026-09.0,unknown,2024-01-01,2024-12-31,"Transport; combination truck, long-haul; electricity powered",0e5e3079-33df-31fd-ad79-8b8feff08fb6,1.0,t*km,False,1,PHYSICAL_ALLOCATION,https://api.nal.usda.gov/FederalLCACommonsapi/browse/National_Renewable_Energy_Laboratory/USLCI_Database_Public/PROCESS/654da175-b520-3fa5-9efd-3fa7e72c7591,2026-10-08,processes/654da175-b520-3fa5-9efd-3fa7e72c7591.json,ec4ab5f594be0518546afd669d4156b1522101eab10ef3769c2c41bb480c037d
Transport,transport,"Transport, container ship; distillate powered; Western Canada to US West Coast",6627997c-756e-34b2-9671-07dbdc2dfb37,01.00.001,UNIT_PROCESS,USLCI,1.2026-09.0,Global,2023-01-01,2023-12-31,"Transport, container ship; distillate powered",e46da55e-5561-37d0-8e99-71fade967cf3,1.0,t*km,False,1,PHYSICAL_ALLOCATION,https://api.nal.usda.gov/FederalLCACommonsapi/browse/National_Renewable_Energy_Laboratory/USLCI_Database_Public/PROCESS/6627997c-756e-34b2-9671-07dbdc2dfb37,2026-10-08,processes/6627997c-756e-34b2-9671-07dbdc2dfb37.json,b547b20cd3dc3239c68bd3d1f41c19272fe3806c003a24b7414634c6c340ec4c
Transport,transport,"Transport, chemical tanker; residual fuel oil powered; Western Mexico to US West Coast",6688f5bd-4c8c-339f-a4eb-18095cfb600d,01.00.001,UNIT_PROCESS,USLCI,1.2026-09.0,Global,2023-01-01,2023-12-31,"Transport, chemical tanker; residual fuel oil powered",8c3474d2-9fc0-3940-a631-ec4229207e82,1.0,t*km,False,1,PHYSICAL_ALLOCATION,https://api.nal.usda.gov/FederalLCACommonsapi/browse/National_Renewable_Energy_Laboratory/USLCI_Database_Public/PROCESS/6688f5bd-4c8c-339f-a4eb-18095cfb600d,2026-10-08,processes/6688f5bd-4c8c-339f-a4eb-18095cfb600d.json,0ccaad9f4506f213fcbc2f321f7568c435b12445a6dffcfee0c5b892ffc2f3c9
Transport,transport,"Transport, combination truck; long-haul; diesel powered; Alaska",67759511-8607-395d-8d34-8636b1e47754,01.00.003,UNIT_PROCESS,USLCI,1.2026-09.0,unknown,2024-01-01,2024-12-31,"Transport; combination truck, long-haul; diesel powered",13ed0c67-549c-3a01-afee-7083b12dd949,1.0,t*km,False,1,PHYSICAL_ALLOCATION,https://api.nal.usda.gov/FederalLCACommonsapi/browse/National_Renewable_Energy_Laboratory/USLCI_Database_Public/PROCESS/67759511-8607-395d-8d34-8636b1e47754,2026-10-08,processes/67759511-8607-395d-8d34-8636b1e47754.json,0a2d82d321f5d99d94b0ed3a4cac3c2d2e92aaadb0f222157a862d92507b64a8
Transport,transport,Transport; average mix; logs and other wood in the rough,68f8243a-afeb-39eb-8159-278225ec3d07,01.01.001,UNIT_PROCESS,USLCI,1.2026-09.0,United States of America (the),2017-01-01,2017-12-31,Commodity transport; at consumer,1d6944d8-817b-3ae1-b997-68bdc265557f,1.0,kg,False,1,PHYSICAL_ALLOCATION,https://api.nal.usda.gov/FederalLCACommonsapi/browse/National_Renewable_Energy_Laboratory/USLCI_Database_Public/PROCESS/68f8243a-afeb-39eb-8159-278225ec3d07,2026-10-08,processes/68f8243a-afeb-39eb-8159-278225ec3d07.json,0e1b59021ba5a53147f434a75b345b705a1431904eb5892e60c39e0b81f84a22
Transport,transport,"Transport, single unit truck; long-haul; diesel powered; Central",6a01cdd9-09e7-32e8-b32f-2e85b8cd1590,01.00.003,UNIT_PROCESS,USLCI,1.2026-09.0,unknown,2024-01-01,2024-12-31,"Transport; single unit truck, long-haul; diesel powered",1c639821-1428-35ac-aaa4-277aacdc7420,1.0,t*km,False,1,PHYSICAL_ALLOCATION,https://api.nal.usda.gov/FederalLCACommonsapi/browse/National_Renewable_Energy_Laboratory/USLCI_Database_Public/PROCESS/6a01cdd9-09e7-32e8-b32f-2e85b8cd1590,2026-10-08,processes/6a01cdd9-09e7-32e8-b32f-2e85b8cd1590.json,70533901c9fe031aaec3fdb2e3d0a027c8795cd7959b620293c280031dacbe95
Transport,transport,"Transport, combination truck; short-haul; diesel powered; Northwest",6a7f6ad7-02b8-3d41-a800-1cad098783c5,01.00.003,UNIT_PROCESS,USLCI,1.2026-09.0,unknown,2024-01-01,2024-12-31,"Transport; combination truck, short-haul; diesel powered",59449b10-044a-3a9b-a6e6-5c5fc97b50bb,1.0,t*km,False,1,PHYSICAL_ALLOCATION,https://api.nal.usda.gov/FederalLCACommonsapi/browse/National_Renewable_Energy_Laboratory/USLCI_Database_Public/PROCESS/6a7f6ad7-02b8-3d41-a800-1cad098783c5,2026-10-08,processes/6a7f6ad7-02b8-3d41-a800-1cad098783c5.json,aa8bb0bb68f0291f8985c0f6fefbd6754fa14bcf5639e9f15761bd8dfb9bdfdc
Transport,transport,"Transport, single unit truck; short-haul; compressed natural gas powered; Southeast",6be06ac1-f467-3a81-ba7f-ce7c89544ffb,01.00.003,UNIT_PROCESS,USLCI,1.2026-09.0,unknown,2024-01-01,2024-12-31,"Transport; single unit truck, short-haul; compressed natural gas powered",1a34089c-3f9a-3afb-9ca6-93a4c7d6424e,1.0,t*km,False,1,PHYSICAL_ALLOCATION,https://api.nal.usda.gov/FederalLCACommonsapi/browse/National_Renewable_Energy_Laboratory/USLCI_Database_Public/PROCESS/6be06ac1-f467-3a81-ba7f-ce7c89544ffb,2026-10-08,processes/6be06ac1-f467-3a81-ba7f-ce7c89544ffb.json,69ae4f23dfdec31b17b1e98c404cf5dfe87173bdc4e4e420eba3ed4567f9c776
Transport,transport,"Transport, combination truck; long-haul; electricity powered; Alaska",6c043569-96d8-3644-81a7-f19c332e1a49,01.00.007,UNIT_PROCESS,USLCI,1.2026-09.0,unknown,2024-01-01,2024-12-31,"Transport; combination truck, long-haul; electricity powered",0e5e3079-33df-31fd-ad79-8b8feff08fb6,1.0,t*km,False,1,PHYSICAL_ALLOCATION,https://api.nal.usda.gov/FederalLCACommonsapi/browse/National_Renewable_Energy_Laboratory/USLCI_Database_Public/PROCESS/6c043569-96d8-3644-81a7-f19c332e1a49,2026-10-08,processes/6c043569-96d8-3644-81a7-f19c332e1a49.json,b8583b3faf5fda43ff4999ccd57e18d19f4bbf06838f7ea507846113dea39114
Transport,transport,"Transport, light commercial truck; gasoline powered; South",6c1fba5b-f109-3535-8e27-a8634f64b441,01.00.003,UNIT_PROCESS,USLCI,1.2026-09.0,unknown,2024-01-01,2024-12-31,Transport; light commercial truck; gasoline powered,0614f894-cf10-307e-bd58-ac507face752,1.0,t*km,False,1,PHYSICAL_ALLOCATION,https://api.nal.usda.gov/FederalLCACommonsapi/browse/National_Renewable_Energy_Laboratory/USLCI_Database_Public/PROCESS/6c1fba5b-f109-3535-8e27-a8634f64b441,2026-10-08,processes/6c1fba5b-f109-3535-8e27-a8634f64b441.json,b99613eb2c0f1df957380a5b68d7ad4cdd4dde9d5602b662a8ceb71eadadf392
Transport,transport,"Transport, single unit truck; long-haul; compressed natural gas powered; West",6c9b1825-74d8-374e-836d-340c45b2d936,01.00.003,UNIT_PROCESS,USLCI,1.2026-09.0,unknown,2024-01-01,2024-12-31,"Transport; single unit truck, long-haul; compressed natural gas powered",d0207892-1d62-3649-b2a7-4f5bd03b8a73,1.0,t*km,False,1,PHYSICAL_ALLOCATION,https://api.nal.usda.gov/FederalLCACommonsapi/browse/National_Renewable_Energy_Laboratory/USLCI_Database_Public/PROCESS/6c9b1825-74d8-374e-836d-340c45b2d936,2026-10-08,processes/6c9b1825-74d8-374e-836d-340c45b2d936.json,58b68fdb31095dda84b8cd96848aeaf7c9f80109ab8617a6294e92d7f2830b18
Transport,transport,"Transport, single unit truck; compressed natural gas powered; Northeast",6cb8e249-7ffe-3892-a3f7-fbdcbea69a6b,01.00.003,UNIT_PROCESS,USLCI,1.2026-09.0,unknown,2024-01-01,2024-12-31,Transport; single unit truck; compressed natural gas powered,cb33e8c2-2296-3c28-8015-fc08bf040845,1.0,t*km,False,1,PHYSICAL_ALLOCATION,https://api.nal.usda.gov/FederalLCACommonsapi/browse/National_Renewable_Energy_Laboratory/USLCI_Database_Public/PROCESS/6cb8e249-7ffe-3892-a3f7-fbdcbea69a6b,2026-10-08,processes/6cb8e249-7ffe-3892-a3f7-fbdcbea69a6b.json,1594a599bd19c9148c264d70ab2f45aa206244f085b62863baa233bb6d512f9c
Transport,transport,"Transport, light commercial truck; gasoline powered",6d0fc48d-a8d0-3d87-b337-d7fabf9767bc,01.00.003,UNIT_PROCESS,USLCI,1.2026-09.0,United States of America (the),2024-01-01,2024-12-31,Transport; light commercial truck; gasoline powered,0614f894-cf10-307e-bd58-ac507face752,1.0,t*km,False,1,PHYSICAL_ALLOCATION,https://api.nal.usda.gov/FederalLCACommonsapi/browse/National_Renewable_Energy_Laboratory/USLCI_Database_Public/PROCESS/6d0fc48d-a8d0-3d87-b337-d7fabf9767bc,2026-10-08,processes/6d0fc48d-a8d0-3d87-b337-d7fabf9767bc.json,5dc7dc0d36fe57ead8b2704f1cddda67242c62134e7849ee833ad3c584c02541
Transport,transport,"Transport, single unit truck; long-haul; gasoline powered; Northwest",6d60445d-fe08-3328-9757-6c63f96bf05b,01.00.003,UNIT_PROCESS,USLCI,1.2026-09.0,unknown,2024-01-01,2024-12-31,"Transport; single unit truck, long-haul; gasoline powered",9f52f8d9-5c7c-3d35-a912-376b70769a26,1.0,t*km,False,1,PHYSICAL_ALLOCATION,https://api.nal.usda.gov/FederalLCACommonsapi/browse/National_Renewable_Energy_Laboratory/USLCI_Database_Public/PROCESS/6d60445d-fe08-3328-9757-6c63f96bf05b,2026-10-08,processes/6d60445d-fe08-3328-9757-6c63f96bf05b.json,8407abd47046264bb700ca804613c3b65639ddcbfa70a83114353615c81033bb
Transport,transport,"Transport, single unit truck; long-haul; diesel powered; Alaska",6ef61870-e92e-34e0-97ba-d62962f70b3e,01.00.003,UNIT_PROCESS,USLCI,1.2026-09.0,unknown,2024-01-01,2024-12-31,"Transport; single unit truck, long-haul; diesel powered",1c639821-1428-35ac-aaa4-277aacdc7420,1.0,t*km,False,1,PHYSICAL_ALLOCATION,https://api.nal.usda.gov/FederalLCACommonsapi/browse/National_Renewable_Energy_Laboratory/USLCI_Database_Public/PROCESS/6ef61870-e92e-34e0-97ba-d62962f70b3e,2026-10-08,processes/6ef61870-e92e-34e0-97ba-d62962f70b3e.json,2ad2bf0c63c354665928547a1b9e63bc25bf2b2251395e1f8dcd9367c05db847
Transport,transport,"Transport, single unit truck; short-haul; compressed natural gas powered; Hawaii",7008f69e-79bb-3744-86b8-d43ec782ceda,01.00.003,UNIT_PROCESS,USLCI,1.2026-09.0,unknown,2024-01-01,2024-12-31,"Transport; single unit truck, short-haul; compressed natural gas powered",1a34089c-3f9a-3afb-9ca6-93a4c7d6424e,1.0,t*km,False,1,PHYSICAL_ALLOCATION,https://api.nal.usda.gov/FederalLCACommonsapi/browse/National_Renewable_Energy_Laboratory/USLCI_Database_Public/PROCESS/7008f69e-79bb-3744-86b8-d43ec782ceda,2026-10-08,processes/7008f69e-79bb-3744-86b8-d43ec782ceda.json,848e10a33196f8651315109a016f8d8254bbabd6e1dda91035da1f90ed08fc39
Transport,transport,"Transport, rail, freight; diesel powered; tier 0",704b8643-d080-3389-822d-7ecec8634ec8,01.00.001,UNIT_PROCESS,USLCI,1.2026-09.0,United States of America (the),2020-01-01,2024-12-31,"Transport, rail, freight; diesel powered",4326be78-ae8b-3446-9310-278636ee68c5,1.0,t*km,False,1,PHYSICAL_ALLOCATION,https://api.nal.usda.gov/FederalLCACommonsapi/browse/National_Renewable_Energy_Laboratory/USLCI_Database_Public/PROCESS/704b8643-d080-3389-822d-7ecec8634ec8,2026-10-08,processes/704b8643-d080-3389-822d-7ecec8634ec8.json,a8505d3579f0f9a9a4413590d2b54c13414dbee56d4c7d5813e9105ebaccc89f
Transport,transport,"Transport, single unit truck; short-haul; electricity powered; South",7063885b-47e5-31de-a984-6765f39e1387,01.00.007,UNIT_PROCESS,USLCI,1.2026-09.0,unknown,2024-01-01,2024-12-31,"Transport; single unit truck, short-haul; electricity powered",855b58f5-89b6-3b25-b33e-59454a0adbaa,1.0,t*km,False,1,PHYSICAL_ALLOCATION,https://api.nal.usda.gov/FederalLCACommonsapi/browse/National_Renewable_Energy_Laboratory/USLCI_Database_Public/PROCESS/7063885b-47e5-31de-a984-6765f39e1387,2026-10-08,processes/7063885b-47e5-31de-a984-6765f39e1387.json,9b6328493bde1d53a74e7257d0246971f67442eeb23e3d179a2dd391a337bd22
Transport,transport,"Transport, single unit truck; long-haul; gasoline powered",707525a6-c6e4-31e0-a728-5685f0133b9c,01.00.003,UNIT_PROCESS,USLCI,1.2026-09.0,United States of America (the),2024-01-01,2024-12-31,"Transport; single unit truck, long-haul; gasoline powered",9f52f8d9-5c7c-3d35-a912-376b70769a26,1.0,t*km,False,1,PHYSICAL_ALLOCATION,https://api.nal.usda.gov/FederalLCACommonsapi/browse/National_Renewable_Energy_Laboratory/USLCI_Database_Public/PROCESS/707525a6-c6e4-31e0-a728-5685f0133b9c,2026-10-08,processes/707525a6-c6e4-31e0-a728-5685f0133b9c.json,0d70f0300e03b3e09be735d42e4d9844b1e432208dd6e7d1608c7e0227515ea9
Transport,transport,"Transport, combination truck; short-haul; electricity powered; South",70876d4c-f848-3a4c-a4ef-11d54f49b7dd,01.00.007,UNIT_PROCESS,USLCI,1.2026-09.0,unknown,2024-01-01,2024-12-31,"Transport; combination truck, short-haul; electricity powered",d5ce6d5d-eea3-3c42-9999-fe46c52a1541,1.0,t*km,False,1,PHYSICAL_ALLOCATION,https://api.nal.usda.gov/FederalLCACommonsapi/browse/National_Renewable_Energy_Laboratory/USLCI_Database_Public/PROCESS/70876d4c-f848-3a4c-a4ef-11d54f49b7dd,2026-10-08,processes/70876d4c-f848-3a4c-a4ef-11d54f49b7dd.json,f0f3a7510a631928fe621a36c590a3e1cd14bde07eb9d0fe957820827e3c5ab2
Transport,transport,"Transport, combination truck; compressed natural gas powered; South",70d1768c-28e5-30e1-84ef-25bf8cb9c1f0,01.00.003,UNIT_PROCESS,USLCI,1.2026-09.0,unknown,2024-01-01,2024-12-31,Transport; combination truck; compressed natural gas powered,8a848faa-996b-39f4-a2ec-e9a1df693278,1.0,t*km,False,1,PHYSICAL_ALLOCATION,https://api.nal.usda.gov/FederalLCACommonsapi/browse/National_Renewable_Energy_Laboratory/USLCI_Database_Public/PROCESS/70d1768c-28e5-30e1-84ef-25bf8cb9c1f0,2026-10-08,processes/70d1768c-28e5-30e1-84ef-25bf8cb9c1f0.json,adc896c205e2168add74bee524f926f408adcee30d751bce2fe660be7f9b6da9
Transport,transport,"Transport, single unit truck; gasoline powered; Southeast",70ed89bd-4396-374b-bf10-23cf1c3bcf18,01.00.003,UNIT_PROCESS,USLCI,1.2026-09.0,unknown,2024-01-01,2024-12-31,Transport; single unit truck; gasoline powered,30c89ffc-e08a-3d2b-8c96-33b2397b9bd8,1.0,t*km,False,1,PHYSICAL_ALLOCATION,https://api.nal.usda.gov/FederalLCACommonsapi/browse/National_Renewable_Energy_Laboratory/USLCI_Database_Public/PROCESS/70ed89bd-4396-374b-bf10-23cf1c3bcf18,2026-10-08,processes/70ed89bd-4396-374b-bf10-23cf1c3bcf18.json,e7b67b9e479da36c3ffdabef705e4b43f05598590e187c344648a92dade1ba77
Transport,transport,"Transport, single unit truck; short-haul; diesel powered",711ab26a-94a2-33f9-89da-560c55808297,01.00.003,UNIT_PROCESS,USLCI,1.2026-09.0,United States of America (the),2024-01-01,2024-12-31,"Transport; single unit truck, short-haul; diesel powered",20567d69-c8ee-325c-a98c-43c35b8eb9f4,1.0,t*km,False,1,PHYSICAL_ALLOCATION,https://api.nal.usda.gov/FederalLCACommonsapi/browse/National_Renewable_Energy_Laboratory/USLCI_Database_Public/PROCESS/711ab26a-94a2-33f9-89da-560c55808297,2026-10-08,processes/711ab26a-94a2-33f9-89da-560c55808297.json,004b78f34cdcf63bdc7c3554a3f39d145f5ba6c4a075ffad2b6758fb90336448
Transport,transport,"Transport, transit bus; diesel powered; West",71b5dcdf-bdc9-3033-a08c-4186b675de31,00.00.011,UNIT_PROCESS,USLCI,1.2026-09.0,United States of America (the),2009-12-31,2009-12-31,Transport; transit bus; diesel powered,83a2d23e-a668-3b97-a037-371c67c18ccf,1.0,p*km,False,1,NO_ALLOCATION,https://api.nal.usda.gov/FederalLCACommonsapi/browse/National_Renewable_Energy_Laboratory/USLCI_Database_Public/PROCESS/71b5dcdf-bdc9-3033-a08c-4186b675de31,2026-10-08,processes/71b5dcdf-bdc9-3033-a08c-4186b675de31.json,8f208b36d2379206df6596a3ee49d2eb3c0bdeea3b17c81975b781b3d1520a71
Transport,transport,"Transport, chemical tanker; distillate powered; Caribbean to US Gulf",725ba817-ea29-3e40-82ba-465391699b6d,01.00.001,UNIT_PROCESS,USLCI,1.2026-09.0,Global,2023-01-01,2023-12-31,"Transport, chemical tanker; distillate powered",ce06ec4d-91ab-387e-8dd0-4358c1ea3633,1.0,t*km,False,1,PHYSICAL_ALLOCATION,https://api.nal.usda.gov/FederalLCACommonsapi/browse/National_Renewable_Energy_Laboratory/USLCI_Database_Public/PROCESS/725ba817-ea29-3e40-82ba-465391699b6d,2026-10-08,processes/725ba817-ea29-3e40-82ba-465391699b6d.json,5f5e9c3274e9c4a61898de4ea66ab40dacd623a7b15534bdb75e87d739678729
Transport,transport,"Transport, rail, freight; diesel powered; tier 2+",7285a2c7-2fca-35dc-8826-c8c769ede0d1,01.00.001,UNIT_PROCESS,USLCI,1.2026-09.0,United States of America (the),2020-01-01,2024-12-31,"Transport, rail, freight; diesel powered",4326be78-ae8b-3446-9310-278636ee68c5,1.0,t*km,False,1,PHYSICAL_ALLOCATION,https://api.nal.usda.gov/FederalLCACommonsapi/browse/National_Renewable_Energy_Laboratory/USLCI_Database_Public/PROCESS/7285a2c7-2fca-35dc-8826-c8c769ede0d1,2026-10-08,processes/7285a2c7-2fca-35dc-8826-c8c769ede0d1.json,ed79b7ecb7ea2bc9f85115528b7b57b280f8902e105ebef6614ef173f8048886
Transport,transport,"Transport, combination truck; long-haul; compressed natural gas powered",72ca8b0a-f7c6-3289-9b69-a2ce5f05395b,01.00.003,UNIT_PROCESS,USLCI,1.2026-09.0,United States of America (the),2024-01-01,2024-12-31,"Transport; combination truck, long-haul; compressed natural gas powered",8d49dd43-aada-36f4-9bf3-feff7e3231c3,1.0,t*km,False,1,PHYSICAL_ALLOCATION,https://api.nal.usda.gov/FederalLCACommonsapi/browse/National_Renewable_Energy_Laboratory/USLCI_Database_Public/PROCESS/72ca8b0a-f7c6-3289-9b69-a2ce5f05395b,2026-10-08,processes/72ca8b0a-f7c6-3289-9b69-a2ce5f05395b.json,b8e0c5a1e9a46e74f6f17aa6416711ec52681a12d0f34849ef85efd56a733091
Transport,transport,"Transport, light commercial truck; diesel powered; East North Central",75b40b26-f169-34f0-9991-c617151c7665,01.00.003,UNIT_PROCESS,USLCI,1.2026-09.0,unknown,2024-01-01,2024-12-31,Transport; light commercial truck; diesel powered,35fe9caf-2ad2-3d14-ae03-21454a89da2e,1.0,t*km,False,1,PHYSICAL_ALLOCATION,https://api.nal.usda.gov/FederalLCACommonsapi/browse/National_Renewable_Energy_Laboratory/USLCI_Database_Public/PROCESS/75b40b26-f169-34f0-9991-c617151c7665,2026-10-08,processes/75b40b26-f169-34f0-9991-c617151c7665.json,f1f05db403c298cb17a1d696416ea928de3b3a6571c62f911cbdb5e85387887b
Transport,transport,"Transport, single unit truck; compressed natural gas powered; East North Central",7612e2bb-994a-36f9-8728-9b87284ec58f,01.00.003,UNIT_PROCESS,USLCI,1.2026-09.0,unknown,2024-01-01,2024-12-31,Transport; single unit truck; compressed natural gas powered,cb33e8c2-2296-3c28-8015-fc08bf040845,1.0,t*km,False,1,PHYSICAL_ALLOCATION,https://api.nal.usda.gov/FederalLCACommonsapi/browse/National_Renewable_Energy_Laboratory/USLCI_Database_Public/PROCESS/7612e2bb-994a-36f9-8728-9b87284ec58f,2026-10-08,processes/7612e2bb-994a-36f9-8728-9b87284ec58f.json,6bf0ee2d3919eaa3b2510aec2e75aac9f12ff5da0b93631bf5ab09a0f8e22bd7
Transport,transport,"Transport, light commercial truck; diesel powered; West",7666dfe2-42e7-32b1-865c-ad7abef41db3,01.00.003,UNIT_PROCESS,USLCI,1.2026-09.0,unknown,2024-01-01,2024-12-31,Transport; light commercial truck; diesel powered,35fe9caf-2ad2-3d14-ae03-21454a89da2e,1.0,t*km,False,1,PHYSICAL_ALLOCATION,https://api.nal.usda.gov/FederalLCACommonsapi/browse/National_Renewable_Energy_Laboratory/USLCI_Database_Public/PROCESS/7666dfe2-42e7-32b1-865c-ad7abef41db3,2026-10-08,processes/7666dfe2-42e7-32b1-865c-ad7abef41db3.json,597e227c1396374401efa90f4eaff3ab85b39df7e8f2b9e0e85d4b88f835f94f
Transport,transport,"Transport, motor home; diesel powered",7687e959-9eed-3227-9fe9-29173b951f34,00.00.009,UNIT_PROCESS,USLCI,1.2026-09.0,United States of America (the),2009-12-31,2009-12-31,Transport; motor home; diesel powered,adadf282-2c56-365f-a20d-29411260d5c5,1.0,p*km,False,1,NO_ALLOCATION,https://api.nal.usda.gov/FederalLCACommonsapi/browse/National_Renewable_Energy_Laboratory/USLCI_Database_Public/PROCESS/7687e959-9eed-3227-9fe9-29173b951f34,2026-10-08,processes/7687e959-9eed-3227-9fe9-29173b951f34.json,690e4a8faa9bd1ff69f25368e40276e1b54d8d0d263294023184ecdec59a3d06
Transport,transport,"Transport, light commercial truck; E85 powered; Hawaii",76f76056-d152-36f1-9680-a7e3c11d4fd5,01.00.003,UNIT_PROCESS,USLCI,1.2026-09.0,unknown,2024-01-01,2024-12-31,Transport; light commercial truck; E85 powered,0a954583-49bd-3d80-8200-847790caf5b2,1.0,t*km,False,1,PHYSICAL_ALLOCATION,https://api.nal.usda.gov/FederalLCACommonsapi/browse/National_Renewable_Energy_Laboratory/USLCI_Database_Public/PROCESS/76f76056-d152-36f1-9680-a7e3c11d4fd5,2026-10-08,processes/76f76056-d152-36f1-9680-a7e3c11d4fd5.json,490987bd9026f85a1de9edfe09d90c444fc4cf2ff6559df1a18ee946d51536fe
Transport,transport,Transport; average mix; animals and fish (live),77957523-c919-3f39-b907-216737ded3e8,01.01.001,UNIT_PROCESS,USLCI,1.2026-09.0,United States of America (the),2017-01-01,2017-12-31,Commodity transport; at consumer,1d6944d8-817b-3ae1-b997-68bdc265557f,1.0,kg,False,1,PHYSICAL_ALLOCATION,https://api.nal.usda.gov/FederalLCACommonsapi/browse/National_Renewable_Energy_Laboratory/USLCI_Database_Public/PROCESS/77957523-c919-3f39-b907-216737ded3e8,2026-10-08,processes/77957523-c919-3f39-b907-216737ded3e8.json,d823af6bfb19f3f2010ab1ecfa9a6ef026208e095a394f23fe1d0046d5a96b12
Transport,transport,"Transport, single unit truck; diesel powered; Southwest",77a87375-d695-322a-97d8-3470855f7b5f,01.00.003,UNIT_PROCESS,USLCI,1.2026-09.0,unknown,2024-01-01,2024-12-31,Transport; single unit truck; diesel powered,bbcd8095-e1d5-3762-aa08-3efc8d1d2ec4,1.0,t*km,False,1,PHYSICAL_ALLOCATION,https://api.nal.usda.gov/FederalLCACommonsapi/browse/National_Renewable_Energy_Laboratory/USLCI_Database_Public/PROCESS/77a87375-d695-322a-97d8-3470855f7b5f,2026-10-08,processes/77a87375-d695-322a-97d8-3470855f7b5f.json,c5316f1e5d9a261ad2320359c4ed1b114e79b85a9b680932abd909ec9aa13e15
Transport,transport,"Transport, passenger truck; gasoline powered",77b42094-983d-38b5-bb10-90ae9b5f598c,00.00.010,UNIT_PROCESS,USLCI,1.2026-09.0,United States of America (the),2009-12-31,2009-12-31,Transport; passenger truck; gasoline powered,46b4563c-a86b-391a-9529-597ddfc479da,1.0,p*km,False,1,NO_ALLOCATION,https://api.nal.usda.gov/FederalLCACommonsapi/browse/National_Renewable_Energy_Laboratory/USLCI_Database_Public/PROCESS/77b42094-983d-38b5-bb10-90ae9b5f598c,2026-10-08,processes/77b42094-983d-38b5-bb10-90ae9b5f598c.json,74e2b05d0a6454b754b56dd1546aa0cc403edfe4dd87d52fcc68b8f66591ef81
Transport,transport,"Transport, transit bus; diesel powered; Northeast",7821cc71-02fd-37ae-a50d-cdd9073429bb,00.00.011,UNIT_PROCESS,USLCI,1.2026-09.0,United States of America (the),2009-12-31,2009-12-31,Transport; transit bus; diesel powered,83a2d23e-a668-3b97-a037-371c67c18ccf,1.0,p*km,False,1,NO_ALLOCATION,https://api.nal.usda.gov/FederalLCACommonsapi/browse/National_Renewable_Energy_Laboratory/USLCI_Database_Public/PROCESS/7821cc71-02fd-37ae-a50d-cdd9073429bb,2026-10-08,processes/7821cc71-02fd-37ae-a50d-cdd9073429bb.json,c5b5e8261da7735f5b19090e8a0b6e7e9aa3315a1aea842658aea614eca94c68
Transport,transport,"Transport; average mix; milled grain products and preparations, and bakery products",789137e7-3132-3183-992d-7eb3c55cf6b4,01.01.001,UNIT_PROCESS,USLCI,1.2026-09.0,United States of America (the),2017-01-01,2017-12-31,Commodity transport; at consumer,1d6944d8-817b-3ae1-b997-68bdc265557f,1.0,kg,False,1,PHYSICAL_ALLOCATION,https://api.nal.usda.gov/FederalLCACommonsapi/browse/National_Renewable_Energy_Laboratory/USLCI_Database_Public/PROCESS/789137e7-3132-3183-992d-7eb3c55cf6b4,2026-10-08,processes/789137e7-3132-3183-992d-7eb3c55cf6b4.json,961f676ef333e2a8029b70ef91e7dbc0c84c6ddc09cd41f47ec5446319df203a
Transport,transport,"Transport, school bus; diesel powered; Southeast",7a44c9fa-db0b-3bec-8086-e4b7bf60d141,00.00.010,UNIT_PROCESS,USLCI,1.2026-09.0,United States of America (the),2009-12-31,2009-12-31,Transport; school bus; diesel powered,e039be4c-037a-36c4-822a-e55803432f61,1.0,p*km,False,1,NO_ALLOCATION,https://api.nal.usda.gov/FederalLCACommonsapi/browse/National_Renewable_Energy_Laboratory/USLCI_Database_Public/PROCESS/7a44c9fa-db0b-3bec-8086-e4b7bf60d141,2026-10-08,processes/7a44c9fa-db0b-3bec-8086-e4b7bf60d141.json,ec3329ebdb06d5827d32a225a4ba163054e7cfc08b9455d6e71b5fab8605b667
Transport,transport,"Transport, refuse truck; diesel powered; Northeast region",7ac14cbe-026f-3e50-9e49-831fbc193e4b,00.00.010,UNIT_PROCESS,USLCI,1.2026-09.0,United States of America (the),2009-12-31,2009-12-31,Transport; refuse truck; diesel powered,c99244fc-abe3-3836-9d0c-ce0872f79975,1.0,t*km,False,1,NO_ALLOCATION,https://api.nal.usda.gov/FederalLCACommonsapi/browse/National_Renewable_Energy_Laboratory/USLCI_Database_Public/PROCESS/7ac14cbe-026f-3e50-9e49-831fbc193e4b,2026-10-08,processes/7ac14cbe-026f-3e50-9e49-831fbc193e4b.json,ced88ce5b973f9584f536f7507d616e3905a5ca6d1acbd05a9efbcfc53c8486e
Transport,transport,"Transport, single unit truck; long-haul; compressed natural gas powered; East North Central",7b073de5-31e4-3cdd-9054-934d7f297113,01.00.003,UNIT_PROCESS,USLCI,1.2026-09.0,unknown,2024-01-01,2024-12-31,"Transport; single unit truck, long-haul; compressed natural gas powered",d0207892-1d62-3649-b2a7-4f5bd03b8a73,1.0,t*km,False,1,PHYSICAL_ALLOCATION,https://api.nal.usda.gov/FederalLCACommonsapi/browse/National_Renewable_Energy_Laboratory/USLCI_Database_Public/PROCESS/7b073de5-31e4-3cdd-9054-934d7f297113,2026-10-08,processes/7b073de5-31e4-3cdd-9054-934d7f297113.json,aaed637a77ee85988b85457a210b50f4e7a71458a6bdb5be588e7652a8e3cb42
Transport,transport,Transport; average mix; precision instruments and apparatus,7b35b8b5-79a4-3b54-a503-0c80cc44957a,01.01.001,UNIT_PROCESS,USLCI,1.2026-09.0,United States of America (the),2017-01-01,2017-12-31,Commodity transport; at consumer,1d6944d8-817b-3ae1-b997-68bdc265557f,1.0,kg,False,1,PHYSICAL_ALLOCATION,https://api.nal.usda.gov/FederalLCACommonsapi/browse/National_Renewable_Energy_Laboratory/USLCI_Database_Public/PROCESS/7b35b8b5-79a4-3b54-a503-0c80cc44957a,2026-10-08,processes/7b35b8b5-79a4-3b54-a503-0c80cc44957a.json,57ae3e6f8c7376bdcc2603d72d3b0aeee544cbb1172d1fbcd7058ce0d02c9ac8
Transport,transport,"Transport, single unit truck; long-haul; compressed natural gas powered; Central",7b40d1a5-c8bf-396d-94bb-e94a11f0136b,01.00.003,UNIT_PROCESS,USLCI,1.2026-09.0,unknown,2024-01-01,2024-12-31,"Transport; single unit truck, long-haul; compressed natural gas powered",d0207892-1d62-3649-b2a7-4f5bd03b8a73,1.0,t*km,False,1,PHYSICAL_ALLOCATION,https://api.nal.usda.gov/FederalLCACommonsapi/browse/National_Renewable_Energy_Laboratory/USLCI_Database_Public/PROCESS/7b40d1a5-c8bf-396d-94bb-e94a11f0136b,2026-10-08,processes/7b40d1a5-c8bf-396d-94bb-e94a11f0136b.json,c52727b089243d3b126b66947f864c5c2a0ff18a6760cefd505aced102ee9ced
Transport,transport,"Transport, light commercial truck; electricity powered; West",7d0d84a9-699c-382d-99e5-36542964905a,01.00.007,UNIT_PROCESS,USLCI,1.2026-09.0,unknown,2024-01-01,2024-12-31,Transport; light commercial truck; electricity powered,0925e27b-37eb-38b6-8710-314211416cc2,1.0,t*km,False,1,PHYSICAL_ALLOCATION,https://api.nal.usda.gov/FederalLCACommonsapi/browse/National_Renewable_Energy_Laboratory/USLCI_Database_Public/PROCESS/7d0d84a9-699c-382d-99e5-36542964905a,2026-10-08,processes/7d0d84a9-699c-382d-99e5-36542964905a.json,15fc99f12b11c8bf3ca18eb2c64957bcca633326d2d78b2ea862b65dac86f1e5
Transport,transport,"Transport, combination truck; long-haul; compressed natural gas powered; Central",7d7c5506-806c-3208-95c9-3e416e713783,01.00.003,UNIT_PROCESS,USLCI,1.2026-09.0,unknown,2024-01-01,2024-12-31,"Transport; combination truck, long-haul; compressed natural gas powered",8d49dd43-aada-36f4-9bf3-feff7e3231c3,1.0,t*km,False,1,PHYSICAL_ALLOCATION,https://api.nal.usda.gov/FederalLCACommonsapi/browse/National_Renewable_Energy_Laboratory/USLCI_Database_Public/PROCESS/7d7c5506-806c-3208-95c9-3e416e713783,2026-10-08,processes/7d7c5506-806c-3208-95c9-3e416e713783.json,896d30ad590fd11788b7665cced531f89ca4e7db76fc5fb62b3d94eb14e94a30
Transport,transport,"Transport, train; diesel powered",7de9c230-fd0f-3478-be87-f80181132faa,01.01.002,UNIT_PROCESS,USLCI,1.2026-09.0,United States of America (the),2020-01-01,2024-12-31,"Transport, rail, freight; diesel powered",4326be78-ae8b-3446-9310-278636ee68c5,1.0,t*km,False,1,PHYSICAL_ALLOCATION,https://api.nal.usda.gov/FederalLCACommonsapi/browse/National_Renewable_Energy_Laboratory/USLCI_Database_Public/PROCESS/7de9c230-fd0f-3478-be87-f80181132faa,2026-10-08,processes/7de9c230-fd0f-3478-be87-f80181132faa.json,5ca0d8e6695972797b444eedde1309db2347f91b9f9f86a6d466e19f5a9e17cb
Transport,transport,Transport; average mix; paper or paperboard articles,7e1d7a2d-0303-3387-8d93-350058351e45,01.01.001,UNIT_PROCESS,USLCI,1.2026-09.0,United States of America (the),2017-01-01,2017-12-31,Commodity transport; at consumer,1d6944d8-817b-3ae1-b997-68bdc265557f,1.0,kg,False,1,PHYSICAL_ALLOCATION,https://api.nal.usda.gov/FederalLCACommonsapi/browse/National_Renewable_Energy_Laboratory/USLCI_Database_Public/PROCESS/7e1d7a2d-0303-3387-8d93-350058351e45,2026-10-08,processes/7e1d7a2d-0303-3387-8d93-350058351e45.json,2a32651878379a5ccb5698fec8b49758011e15c0c99fe1c0c284493956c0a517
Transport,transport,"Transport, combination truck; short-haul; gasoline powered; South",7e1f45b5-3e02-3c18-879f-01e06284d639,01.00.003,UNIT_PROCESS,USLCI,1.2026-09.0,unknown,2024-01-01,2024-12-31,"Transport; combination truck, short-haul; gasoline powered",41361da6-313c-3621-bbe6-3a792f3dab6b,1.0,t*km,False,1,PHYSICAL_ALLOCATION,https://api.nal.usda.gov/FederalLCACommonsapi/browse/National_Renewable_Energy_Laboratory/USLCI_Database_Public/PROCESS/7e1f45b5-3e02-3c18-879f-01e06284d639,2026-10-08,processes/7e1f45b5-3e02-3c18-879f-01e06284d639.json,4d159693b3b8bbe872c013823e70e4a7d33d21532c7f096945eca31c72fcf6c6
Transport,transport,"Transport, refuse truck; diesel powered; Central",7e58b660-7134-34da-a89f-cb6d2b81ba59,00.00.010,UNIT_PROCESS,USLCI,1.2026-09.0,United States of America (the),2009-12-31,2009-12-31,Transport; refuse truck; diesel powered,c99244fc-abe3-3836-9d0c-ce0872f79975,1.0,t*km,False,1,NO_ALLOCATION,https://api.nal.usda.gov/FederalLCACommonsapi/browse/National_Renewable_Energy_Laboratory/USLCI_Database_Public/PROCESS/7e58b660-7134-34da-a89f-cb6d2b81ba59,2026-10-08,processes/7e58b660-7134-34da-a89f-cb6d2b81ba59.json,bce4c11046bb363fa5ce366efaf485ba617ca6f31bf9b2b84d8f0545b2cb84b7
Transport,transport,"Transport, single unit truck; short-haul; diesel powered; East North Central",7e5c3461-8dcf-3ef1-b35c-514d31639f0e,01.00.003,UNIT_PROCESS,USLCI,1.2026-09.0,unknown,2024-01-01,2024-12-31,"Transport; single unit truck, short-haul; diesel powered",20567d69-c8ee-325c-a98c-43c35b8eb9f4,1.0,t*km,False,1,PHYSICAL_ALLOCATION,https://api.nal.usda.gov/FederalLCACommonsapi/browse/National_Renewable_Energy_Laboratory/USLCI_Database_Public/PROCESS/7e5c3461-8dcf-3ef1-b35c-514d31639f0e,2026-10-08,processes/7e5c3461-8dcf-3ef1-b35c-514d31639f0e.json,9fe1f387b205ee8e6e44153913a74c0c8a9e0dc20e5a74783df0b0d5ef9b5c1b
Transport,transport,"Transport, light commercial truck; electricity powered",7e7c1558-0be2-3da1-b0eb-ae41e5734fb8,01.00.007,UNIT_PROCESS,USLCI,1.2026-09.0,United States of America (the),2024-01-01,2024-12-31,Transport; light commercial truck; electricity powered,0925e27b-37eb-38b6-8710-314211416cc2,1.0,t*km,False,1,PHYSICAL_ALLOCATION,https://api.nal.usda.gov/FederalLCACommonsapi/browse/National_Renewable_Energy_Laboratory/USLCI_Database_Public/PROCESS/7e7c1558-0be2-3da1-b0eb-ae41e5734fb8,2026-10-08,processes/7e7c1558-0be2-3da1-b0eb-ae41e5734fb8.json,9374e23b9f6bfe41d85665fd9f33798ef4b6b734856f5ed227a7917ca6033d38
Transport,transport,"Transport, combination truck; compressed natural gas powered; Central",7f4b827d-fd21-3b86-8be6-a02b70c48432,01.00.003,UNIT_PROCESS,USLCI,1.2026-09.0,unknown,2024-01-01,2024-12-31,Transport; combination truck; compressed natural gas powered,8a848faa-996b-39f4-a2ec-e9a1df693278,1.0,t*km,False,1,PHYSICAL_ALLOCATION,https://api.nal.usda.gov/FederalLCACommonsapi/browse/National_Renewable_Energy_Laboratory/USLCI_Database_Public/PROCESS/7f4b827d-fd21-3b86-8be6-a02b70c48432,2026-10-08,processes/7f4b827d-fd21-3b86-8be6-a02b70c48432.json,5519ab511e1f7dd1042eb6d6cb35f9777c5c6b92c00d526a86daf19756bc9e86
Transport,transport,"Transport, combination truck; long-haul; electricity powered; West North Central",7f888907-f9d9-36b9-b975-e532c0e26937,01.00.007,UNIT_PROCESS,USLCI,1.2026-09.0,unknown,2024-01-01,2024-12-31,"Transport; combination truck, long-haul; electricity powered",0e5e3079-33df-31fd-ad79-8b8feff08fb6,1.0,t*km,False,1,PHYSICAL_ALLOCATION,https://api.nal.usda.gov/FederalLCACommonsapi/browse/National_Renewable_Energy_Laboratory/USLCI_Database_Public/PROCESS/7f888907-f9d9-36b9-b975-e532c0e26937,2026-10-08,processes/7f888907-f9d9-36b9-b975-e532c0e26937.json,3dcfa96b349b5b8e17684006f0b0aa79928c882c572e0358c41780e47bb025f0
Transport,transport,"Transport, single unit truck; gasoline powered; South",80f88f97-49db-3c03-9f6f-f156c195d89d,01.00.003,UNIT_PROCESS,USLCI,1.2026-09.0,unknown,2024-01-01,2024-12-31,Transport; single unit truck; gasoline powered,30c89ffc-e08a-3d2b-8c96-33b2397b9bd8,1.0,t*km,False,1,PHYSICAL_ALLOCATION,https://api.nal.usda.gov/FederalLCACommonsapi/browse/National_Renewable_Energy_Laboratory/USLCI_Database_Public/PROCESS/80f88f97-49db-3c03-9f6f-f156c195d89d,2026-10-08,processes/80f88f97-49db-3c03-9f6f-f156c195d89d.json,9a51cc1e888ebbfa7488dc74e11eb159cff1100a94f78ce2e72e0085aaec5f75
Transport,transport,"Transport, combination truck; short-haul; electricity powered; Southwest",8118084d-2f5c-35c8-a355-e0943a9efbe8,01.00.007,UNIT_PROCESS,USLCI,1.2026-09.0,unknown,2024-01-01,2024-12-31,"Transport; combination truck, short-haul; electricity powered",d5ce6d5d-eea3-3c42-9999-fe46c52a1541,1.0,t*km,False,1,PHYSICAL_ALLOCATION,https://api.nal.usda.gov/FederalLCACommonsapi/browse/National_Renewable_Energy_Laboratory/USLCI_Database_Public/PROCESS/8118084d-2f5c-35c8-a355-e0943a9efbe8,2026-10-08,processes/8118084d-2f5c-35c8-a355-e0943a9efbe8.json,99024962cf16b4e912685e2cf0c5460d51b5c9dc89a59407b6a324994b6dba12
Transport,transport,"Transport, combination truck; gasoline powered; West",8284dc18-f621-3a94-b82d-cdb7011c24bd,01.00.003,UNIT_PROCESS,USLCI,1.2026-09.0,unknown,2024-01-01,2024-12-31,Transport; combination truck; gasoline powered,9b20d581-cc62-3313-9412-0855be3ee7c2,1.0,t*km,False,1,PHYSICAL_ALLOCATION,https://api.nal.usda.gov/FederalLCACommonsapi/browse/National_Renewable_Energy_Laboratory/USLCI_Database_Public/PROCESS/8284dc18-f621-3a94-b82d-cdb7011c24bd,2026-10-08,processes/8284dc18-f621-3a94-b82d-cdb7011c24bd.json,3eff597226df0bd682f48954b3447801beba0b8583a0e328ab785bc6030d08be
Transport,transport,"Transport, light commercial truck; diesel powered; Northwest",829dbcc5-70eb-324d-a6c1-c20870342237,01.00.003,UNIT_PROCESS,USLCI,1.2026-09.0,unknown,2024-01-01,2024-12-31,Transport; light commercial truck; diesel powered,35fe9caf-2ad2-3d14-ae03-21454a89da2e,1.0,t*km,False,1,PHYSICAL_ALLOCATION,https://api.nal.usda.gov/FederalLCACommonsapi/browse/National_Renewable_Energy_Laboratory/USLCI_Database_Public/PROCESS/829dbcc5-70eb-324d-a6c1-c20870342237,2026-10-08,processes/829dbcc5-70eb-324d-a6c1-c20870342237.json,d8a30821cb078c7cfe442d557df35422c0e137f092f05fa1a4d134374b457e8b
Transport,transport,"Transport, combination truck; long-haul; diesel powered; Northwest",829eb677-aa4c-3a1a-9611-c03515c40326,01.00.003,UNIT_PROCESS,USLCI,1.2026-09.0,unknown,2024-01-01,2024-12-31,"Transport; combination truck, long-haul; diesel powered",13ed0c67-549c-3a01-afee-7083b12dd949,1.0,t*km,False,1,PHYSICAL_ALLOCATION,https://api.nal.usda.gov/FederalLCACommonsapi/browse/National_Renewable_Energy_Laboratory/USLCI_Database_Public/PROCESS/829eb677-aa4c-3a1a-9611-c03515c40326,2026-10-08,processes/829eb677-aa4c-3a1a-9611-c03515c40326.json,ec9349130381232f1101db7abd998ef93021606f4707eb5a7d1ce4b3b948c501
Transport,transport,"Transport, combination truck; short-haul; compressed natural gas powered; East North Central",83231290-a84c-3a4e-a4b1-a14ae3f37c3e,01.00.003,UNIT_PROCESS,USLCI,1.2026-09.0,unknown,2024-01-01,2024-12-31,"Transport; combination truck, short-haul; compressed natural gas powered",419e9d46-92be-37cf-a9a2-765076ebf9ad,1.0,t*km,False,1,PHYSICAL_ALLOCATION,https://api.nal.usda.gov/FederalLCACommonsapi/browse/National_Renewable_Energy_Laboratory/USLCI_Database_Public/PROCESS/83231290-a84c-3a4e-a4b1-a14ae3f37c3e,2026-10-08,processes/83231290-a84c-3a4e-a4b1-a14ae3f37c3e.json,794bacefad726d9023a19fbd14e80faae846de6a851b160416568288611c0bae
Transport,transport,"Transport, light commercial truck; diesel powered; Southwest",83494409-4f95-3c7d-b7d7-09653dd86919,01.00.003,UNIT_PROCESS,USLCI,1.2026-09.0,unknown,2024-01-01,2024-12-31,Transport; light commercial truck; diesel powered,35fe9caf-2ad2-3d14-ae03-21454a89da2e,1.0,t*km,False,1,PHYSICAL_ALLOCATION,https://api.nal.usda.gov/FederalLCACommonsapi/browse/National_Renewable_Energy_Laboratory/USLCI_Database_Public/PROCESS/83494409-4f95-3c7d-b7d7-09653dd86919,2026-10-08,processes/83494409-4f95-3c7d-b7d7-09653dd86919.json,652f0adec35de50e408893e6f5833f0a3ece5ab43efadb2b4da90088b5ede117
Transport,transport,"Transport, combination truck; compressed natural gas powered; Hawaii",834dde82-05d0-3cfe-aa59-0290d3e955a1,01.00.003,UNIT_PROCESS,USLCI,1.2026-09.0,unknown,2024-01-01,2024-12-31,Transport; combination truck; compressed natural gas powered,8a848faa-996b-39f4-a2ec-e9a1df693278,1.0,t*km,False,1,PHYSICAL_ALLOCATION,https://api.nal.usda.gov/FederalLCACommonsapi/browse/National_Renewable_Energy_Laboratory/USLCI_Database_Public/PROCESS/834dde82-05d0-3cfe-aa59-0290d3e955a1,2026-10-08,processes/834dde82-05d0-3cfe-aa59-0290d3e955a1.json,c0c2d0d94c96ae7b91b76fa0d4aff1fd4662c10a9e2a78024538d662a509ef9a
Transport,transport,"Transport, combination truck; short-haul; electricity powered; West North Central",839d9d0a-bdea-397a-9886-c3b86ea1ff1a,01.00.007,UNIT_PROCESS,USLCI,1.2026-09.0,unknown,2024-01-01,2024-12-31,"Transport; combination truck, short-haul; electricity powered",d5ce6d5d-eea3-3c42-9999-fe46c52a1541,1.0,t*km,False,1,PHYSICAL_ALLOCATION,https://api.nal.usda.gov/FederalLCACommonsapi/browse/National_Renewable_Energy_Laboratory/USLCI_Database_Public/PROCESS/839d9d0a-bdea-397a-9886-c3b86ea1ff1a,2026-10-08,processes/839d9d0a-bdea-397a-9886-c3b86ea1ff1a.json,e21d38be679672ab9ac7f2ebd0e441a158fec25e3d83b9352dc1fc53055a11a0
Transport,transport,"Transport, intercity bus; diesel powered; Alaska",83fff53a-ffc2-3d4f-8141-69264f86b529,00.00.010,UNIT_PROCESS,USLCI,1.2026-09.0,United States of America (the),2009-12-31,2009-12-31,Transport; intercity bus; diesel powered,b235b36a-7ade-3301-acd9-e9a91a8138e8,1.0,p*km,False,1,NO_ALLOCATION,https://api.nal.usda.gov/FederalLCACommonsapi/browse/National_Renewable_Energy_Laboratory/USLCI_Database_Public/PROCESS/83fff53a-ffc2-3d4f-8141-69264f86b529,2026-10-08,processes/83fff53a-ffc2-3d4f-8141-69264f86b529.json,cd574ab49a4b8015c680db2f8b2fee3b48bbcb64b3390703b67d26bf37757529
Transport,transport,"Transport, single unit truck; long-haul; diesel powered; South",84aeb815-88d9-3205-862b-ffb3b6b54baa,01.00.003,UNIT_PROCESS,USLCI,1.2026-09.0,unknown,2024-01-01,2024-12-31,"Transport; single unit truck, long-haul; diesel powered",1c639821-1428-35ac-aaa4-277aacdc7420,1.0,t*km,False,1,PHYSICAL_ALLOCATION,https://api.nal.usda.gov/FederalLCACommonsapi/browse/National_Renewable_Energy_Laboratory/USLCI_Database_Public/PROCESS/84aeb815-88d9-3205-862b-ffb3b6b54baa,2026-10-08,processes/84aeb815-88d9-3205-862b-ffb3b6b54baa.json,01210c57e8dff1f3ad129eaa19ff0b29c8e88c937b6caf64d6622cc22c4ec7a6
Transport,transport,"Transport, light commercial truck; diesel powered; Hawaii",85a03eac-6e0a-3c47-8a18-e71b16e913f9,01.00.003,UNIT_PROCESS,USLCI,1.2026-09.0,unknown,2024-01-01,2024-12-31,Transport; light commercial truck; diesel powered,35fe9caf-2ad2-3d14-ae03-21454a89da2e,1.0,t*km,False,1,PHYSICAL_ALLOCATION,https://api.nal.usda.gov/FederalLCACommonsapi/browse/National_Renewable_Energy_Laboratory/USLCI_Database_Public/PROCESS/85a03eac-6e0a-3c47-8a18-e71b16e913f9,2026-10-08,processes/85a03eac-6e0a-3c47-8a18-e71b16e913f9.json,efdda1838b7624fd22db8f5cf7b1c7816337a46205e9e363f1fe2ff5ee2eb95e
Transport,transport,Transport; average mix; metallic ores and concentrates,863b586c-56bb-32a5-b1ee-1b81d25640c9,01.01.001,UNIT_PROCESS,USLCI,1.2026-09.0,United States of America (the),2017-01-01,2017-12-31,Commodity transport; at consumer,1d6944d8-817b-3ae1-b997-68bdc265557f,1.0,kg,False,1,PHYSICAL_ALLOCATION,https://api.nal.usda.gov/FederalLCACommonsapi/browse/National_Renewable_Energy_Laboratory/USLCI_Database_Public/PROCESS/863b586c-56bb-32a5-b1ee-1b81d25640c9,2026-10-08,processes/863b586c-56bb-32a5-b1ee-1b81d25640c9.json,bb861525fa90b703e9966365f6f00012a1a5f9a26c71d0e4bca24001529d60f6
Transport,transport,"Transport, combination truck; short-haul; compressed natural gas powered; West North Central",8711816f-44a2-3f68-beaf-7d946b7d1a18,01.00.003,UNIT_PROCESS,USLCI,1.2026-09.0,unknown,2024-01-01,2024-12-31,"Transport; combination truck, short-haul; compressed natural gas powered",419e9d46-92be-37cf-a9a2-765076ebf9ad,1.0,t*km,False,1,PHYSICAL_ALLOCATION,https://api.nal.usda.gov/FederalLCACommonsapi/browse/National_Renewable_Energy_Laboratory/USLCI_Database_Public/PROCESS/8711816f-44a2-3f68-beaf-7d946b7d1a18,2026-10-08,processes/8711816f-44a2-3f68-beaf-7d946b7d1a18.json,77126fe0267de9f5129febc65f4dca53b31417826813dd7dfae5c62474e19070
Transport,transport,"Transport, intercity bus; diesel powered; Hawaii",873b8879-eb22-3c60-b224-1a3aa8f2eadd,00.00.010,UNIT_PROCESS,USLCI,1.2026-09.0,United States of America (the),2009-12-31,2009-12-31,Transport; intercity bus; diesel powered,b235b36a-7ade-3301-acd9-e9a91a8138e8,1.0,p*km,False,1,NO_ALLOCATION,https://api.nal.usda.gov/FederalLCACommonsapi/browse/National_Renewable_Energy_Laboratory/USLCI_Database_Public/PROCESS/873b8879-eb22-3c60-b224-1a3aa8f2eadd,2026-10-08,processes/873b8879-eb22-3c60-b224-1a3aa8f2eadd.json,fe1e7a0b7a6e808f1a580e990daa114665fcb1d4ff9fa6f0ce59c9f7fea41b49
Transport,transport,"Transport, single unit truck; long-haul; gasoline powered; Central",88a9889c-1b38-3735-8598-409e9fe1f36e,01.00.003,UNIT_PROCESS,USLCI,1.2026-09.0,unknown,2024-01-01,2024-12-31,"Transport; single unit truck, long-haul; gasoline powered",9f52f8d9-5c7c-3d35-a912-376b70769a26,1.0,t*km,False,1,PHYSICAL_ALLOCATION,https://api.nal.usda.gov/FederalLCACommonsapi/browse/National_Renewable_Energy_Laboratory/USLCI_Database_Public/PROCESS/88a9889c-1b38-3735-8598-409e9fe1f36e,2026-10-08,processes/88a9889c-1b38-3735-8598-409e9fe1f36e.json,17982abaa6768394d689c592f3da3499c50545a673079a65baa826cdbcdf6080
Transport,transport,"Transport, container ship; distillate powered; Pacific of Central/South America to US West Coast",88ece08a-8b4f-3183-9945-7d9e5a653898,01.00.001,UNIT_PROCESS,USLCI,1.2026-09.0,Global,2023-01-01,2023-12-31,"Transport, container ship; distillate powered",e46da55e-5561-37d0-8e99-71fade967cf3,1.0,t*km,False,1,PHYSICAL_ALLOCATION,https://api.nal.usda.gov/FederalLCACommonsapi/browse/National_Renewable_Energy_Laboratory/USLCI_Database_Public/PROCESS/88ece08a-8b4f-3183-9945-7d9e5a653898,2026-10-08,processes/88ece08a-8b4f-3183-9945-7d9e5a653898.json,d31c013a9d5c7f46a6bf7ef863198befd4936edcf72df9ada1af5e1c5f69baac
Transport,transport,"Transport, combination truck; short-haul; gasoline powered; West",8a003812-42fc-38bb-8b9d-fb7f48a4418f,01.00.003,UNIT_PROCESS,USLCI,1.2026-09.0,unknown,2024-01-01,2024-12-31,"Transport; combination truck, short-haul; gasoline powered",41361da6-313c-3621-bbe6-3a792f3dab6b,1.0,t*km,False,1,PHYSICAL_ALLOCATION,https://api.nal.usda.gov/FederalLCACommonsapi/browse/National_Renewable_Energy_Laboratory/USLCI_Database_Public/PROCESS/8a003812-42fc-38bb-8b9d-fb7f48a4418f,2026-10-08,processes/8a003812-42fc-38bb-8b9d-fb7f48a4418f.json,a62dc796666d75e3c3c2a33ef740cf5002668f8169daa159820910dd5bbf5916
Transport,transport,"Transport, single unit truck; long-haul; gasoline powered; South",8a219bfb-4213-3254-9f85-dd32da77d5c3,01.00.003,UNIT_PROCESS,USLCI,1.2026-09.0,unknown,2024-01-01,2024-12-31,"Transport; single unit truck, long-haul; gasoline powered",9f52f8d9-5c7c-3d35-a912-376b70769a26,1.0,t*km,False,1,PHYSICAL_ALLOCATION,https://api.nal.usda.gov/FederalLCACommonsapi/browse/National_Renewable_Energy_Laboratory/USLCI_Database_Public/PROCESS/8a219bfb-4213-3254-9f85-dd32da77d5c3,2026-10-08,processes/8a219bfb-4213-3254-9f85-dd32da77d5c3.json,f2f172650dfb37922f498e40c07bd5509c04225cad4c05e21b5287445a723560
Transport,transport,"Transport, combination truck; electricity powered; Hawaii",8b269338-a4f9-382c-8cd5-0d8dede2f9ef,01.00.007,UNIT_PROCESS,USLCI,1.2026-09.0,unknown,2024-01-01,2024-12-31,Transport; combination truck; electricity powered,70d89027-628d-3404-8458-b209e40dd0e0,1.0,t*km,False,1,PHYSICAL_ALLOCATION,https://api.nal.usda.gov/FederalLCACommonsapi/browse/National_Renewable_Energy_Laboratory/USLCI_Database_Public/PROCESS/8b269338-a4f9-382c-8cd5-0d8dede2f9ef,2026-10-08,processes/8b269338-a4f9-382c-8cd5-0d8dede2f9ef.json,32957c9968bde3989428c7f05b1fd354c8bbf95f674b2a33aa2a39192dc82ad3
Transport,transport,"Transport, single unit truck; short-haul; gasoline powered; Hawaii",8b8d5f56-82c0-3254-a22a-a0e0df0090ba,01.00.003,UNIT_PROCESS,USLCI,1.2026-09.0,unknown,2024-01-01,2024-12-31,"Transport; single unit truck, short-haul; gasoline powered",524fd4ed-beef-3c60-a17b-fa0ba1842eeb,1.0,t*km,False,1,PHYSICAL_ALLOCATION,https://api.nal.usda.gov/FederalLCACommonsapi/browse/National_Renewable_Energy_Laboratory/USLCI_Database_Public/PROCESS/8b8d5f56-82c0-3254-a22a-a0e0df0090ba,2026-10-08,processes/8b8d5f56-82c0-3254-a22a-a0e0df0090ba.json,50ba99ae7eefd33ad6a3efe9638f8b2914bfa7f229b8bc7febf2981daf9bcab7
Transport,transport,"Transport, combination truck; long-haul; diesel powered; West",8ba63664-bb54-3899-8e07-1b55737d5636,01.00.003,UNIT_PROCESS,USLCI,1.2026-09.0,unknown,2024-01-01,2024-12-31,"Transport; combination truck, long-haul; diesel powered",13ed0c67-549c-3a01-afee-7083b12dd949,1.0,t*km,False,1,PHYSICAL_ALLOCATION,https://api.nal.usda.gov/FederalLCACommonsapi/browse/National_Renewable_Energy_Laboratory/USLCI_Database_Public/PROCESS/8ba63664-bb54-3899-8e07-1b55737d5636,2026-10-08,processes/8ba63664-bb54-3899-8e07-1b55737d5636.json,3086ee4b780e4f2824e6e1e9c23832e9c5b2e22a6f6d44827ba4d83dd2b79d29
Transport,transport,"Transport, combination truck; long-haul; diesel powered; South",8bc30eb0-0fa6-3cef-8855-d8e975cd915d,01.00.003,UNIT_PROCESS,USLCI,1.2026-09.0,unknown,2024-01-01,2024-12-31,"Transport; combination truck, long-haul; diesel powered",13ed0c67-549c-3a01-afee-7083b12dd949,1.0,t*km,False,1,PHYSICAL_ALLOCATION,https://api.nal.usda.gov/FederalLCACommonsapi/browse/National_Renewable_Energy_Laboratory/USLCI_Database_Public/PROCESS/8bc30eb0-0fa6-3cef-8855-d8e975cd915d,2026-10-08,processes/8bc30eb0-0fa6-3cef-8855-d8e975cd915d.json,54f33988c555ad52c4009cbad54cb86ee052b83ec050295964ee16f094bf3836
Transport,transport,"Transport, single unit truck; short-haul; diesel powered; West North Central",8c3b113e-9ed2-3a86-af12-130b79da4b9b,01.00.003,UNIT_PROCESS,USLCI,1.2026-09.0,unknown,2024-01-01,2024-12-31,"Transport; single unit truck, short-haul; diesel powered",20567d69-c8ee-325c-a98c-43c35b8eb9f4,1.0,t*km,False,1,PHYSICAL_ALLOCATION,https://api.nal.usda.gov/FederalLCACommonsapi/browse/National_Renewable_Energy_Laboratory/USLCI_Database_Public/PROCESS/8c3b113e-9ed2-3a86-af12-130b79da4b9b,2026-10-08,processes/8c3b113e-9ed2-3a86-af12-130b79da4b9b.json,b538a5c3ba3c1805bb606795b5eb4b7430d74de11210a692d46b56f0fb33f720
Transport,transport,"Transport, single unit truck; electricity powered; Southeast",8c5f924d-f2e5-32df-9e19-d2682d2e8208,01.00.007,UNIT_PROCESS,USLCI,1.2026-09.0,unknown,2024-01-01,2024-12-31,Transport; single unit truck; electricity powered,94755eaa-c6ec-32d3-b687-b94ed0a53e5f,1.0,t*km,False,1,PHYSICAL_ALLOCATION,https://api.nal.usda.gov/FederalLCACommonsapi/browse/National_Renewable_Energy_Laboratory/USLCI_Database_Public/PROCESS/8c5f924d-f2e5-32df-9e19-d2682d2e8208,2026-10-08,processes/8c5f924d-f2e5-32df-9e19-d2682d2e8208.json,255332ef2671bc88cd50eec659822ced791ac41b8a9c0ddebebbbb5368b1d2d1
Transport,transport,"Transport, single unit truck; gasoline powered; Central",8c8138e7-7529-32c7-9000-f5542d19ef54,01.00.003,UNIT_PROCESS,USLCI,1.2026-09.0,unknown,2024-01-01,2024-12-31,Transport; single unit truck; gasoline powered,30c89ffc-e08a-3d2b-8c96-33b2397b9bd8,1.0,t*km,False,1,PHYSICAL_ALLOCATION,https://api.nal.usda.gov/FederalLCACommonsapi/browse/National_Renewable_Energy_Laboratory/USLCI_Database_Public/PROCESS/8c8138e7-7529-32c7-9000-f5542d19ef54,2026-10-08,processes/8c8138e7-7529-32c7-9000-f5542d19ef54.json,f06e68264e75eb6eb28cb5ed5ec4160fecd909776108a48fb29151292a4ab0cc
Transport,transport,"Transport, combination truck; short-haul; diesel powered",8d1daa68-bede-347a-86a4-aeca5383906c,01.00.003,UNIT_PROCESS,USLCI,1.2026-09.0,United States of America (the),2024-01-01,2024-12-31,"Transport; combination truck, short-haul; diesel powered",59449b10-044a-3a9b-a6e6-5c5fc97b50bb,1.0,t*km,False,1,PHYSICAL_ALLOCATION,https://api.nal.usda.gov/FederalLCACommonsapi/browse/National_Renewable_Energy_Laboratory/USLCI_Database_Public/PROCESS/8d1daa68-bede-347a-86a4-aeca5383906c,2026-10-08,processes/8d1daa68-bede-347a-86a4-aeca5383906c.json,560f81e9941131856b4c50a742eb577e430ced0e8ac2425f5825b706a3799077
Transport,transport,"Transport, single unit truck; short-haul; diesel powered; Alaska",8e075e04-06b4-3bdd-ac09-4c53b6c7e50a,01.00.003,UNIT_PROCESS,USLCI,1.2026-09.0,unknown,2024-01-01,2024-12-31,"Transport; single unit truck, short-haul; diesel powered",20567d69-c8ee-325c-a98c-43c35b8eb9f4,1.0,t*km,False,1,PHYSICAL_ALLOCATION,https://api.nal.usda.gov/FederalLCACommonsapi/browse/National_Renewable_Energy_Laboratory/USLCI_Database_Public/PROCESS/8e075e04-06b4-3bdd-ac09-4c53b6c7e50a,2026-10-08,processes/8e075e04-06b4-3bdd-ac09-4c53b6c7e50a.json,d0d2a58e241ca090ad167019f19dc66de25ff6cd3908c6846ffb143cf7e31279
Transport,transport,"Transport, light commercial truck; gasoline powered; Northwest",8e21a279-3c3e-3e94-901c-69322d474a1e,01.00.003,UNIT_PROCESS,USLCI,1.2026-09.0,unknown,2024-01-01,2024-12-31,Transport; light commercial truck; gasoline powered,0614f894-cf10-307e-bd58-ac507face752,1.0,t*km,False,1,PHYSICAL_ALLOCATION,https://api.nal.usda.gov/FederalLCACommonsapi/browse/National_Renewable_Energy_Laboratory/USLCI_Database_Public/PROCESS/8e21a279-3c3e-3e94-901c-69322d474a1e,2026-10-08,processes/8e21a279-3c3e-3e94-901c-69322d474a1e.json,02e12318ed222c04f021ee76cdde4b1d490aa1e0a4debbc82dd7deb168017d13
Transport,transport,"Transport, transit bus; diesel powered; Southeast",8e4ff6b0-ab17-32f5-bf1e-feea2d36ef41,00.00.011,UNIT_PROCESS,USLCI,1.2026-09.0,United States of America (the),2009-12-31,2009-12-31,Transport; transit bus; diesel powered,83a2d23e-a668-3b97-a037-371c67c18ccf,1.0,p*km,False,1,NO_ALLOCATION,https://api.nal.usda.gov/FederalLCACommonsapi/browse/National_Renewable_Energy_Laboratory/USLCI_Database_Public/PROCESS/8e4ff6b0-ab17-32f5-bf1e-feea2d36ef41,2026-10-08,processes/8e4ff6b0-ab17-32f5-bf1e-feea2d36ef41.json,5d46d2034d3ffc17cc3906308003a8ca4c5b20e81d612a2ff418ea489a0fa0eb
Transport,transport,Transport; average mix; tobacco products,8e8243b1-8788-32f4-8150-2de43d2f12d9,01.01.001,UNIT_PROCESS,USLCI,1.2026-09.0,United States of America (the),2017-01-01,2017-12-31,Commodity transport; at consumer,1d6944d8-817b-3ae1-b997-68bdc265557f,1.0,kg,False,1,PHYSICAL_ALLOCATION,https://api.nal.usda.gov/FederalLCACommonsapi/browse/National_Renewable_Energy_Laboratory/USLCI_Database_Public/PROCESS/8e8243b1-8788-32f4-8150-2de43d2f12d9,2026-10-08,processes/8e8243b1-8788-32f4-8150-2de43d2f12d9.json,ea0d5a79a1c5db61182f5a4ab4441e64183de097ff246ac32e28d187ed197c09
Transport,transport,"Transport, combination truck; compressed natural gas powered; Alaska",8f44885d-22a9-33ef-ac07-8bf8b2153054,01.00.003,UNIT_PROCESS,USLCI,1.2026-09.0,unknown,2024-01-01,2024-12-31,Transport; combination truck; compressed natural gas powered,8a848faa-996b-39f4-a2ec-e9a1df693278,1.0,t*km,False,1,PHYSICAL_ALLOCATION,https://api.nal.usda.gov/FederalLCACommonsapi/browse/National_Renewable_Energy_Laboratory/USLCI_Database_Public/PROCESS/8f44885d-22a9-33ef-ac07-8bf8b2153054,2026-10-08,processes/8f44885d-22a9-33ef-ac07-8bf8b2153054.json,e8856240b8ea5b68e177df4e8cb7d5dca83e1c2f90b530a8387e353df8d4c408
Transport,transport,"Transport, combination truck; long-haul; electricity powered; Hawaii",8f8f6e1d-d8d2-3ae9-9003-eca0c148f3ea,01.00.007,UNIT_PROCESS,USLCI,1.2026-09.0,unknown,2024-01-01,2024-12-31,"Transport; combination truck, long-haul; electricity powered",0e5e3079-33df-31fd-ad79-8b8feff08fb6,1.0,t*km,False,1,PHYSICAL_ALLOCATION,https://api.nal.usda.gov/FederalLCACommonsapi/browse/National_Renewable_Energy_Laboratory/USLCI_Database_Public/PROCESS/8f8f6e1d-d8d2-3ae9-9003-eca0c148f3ea,2026-10-08,processes/8f8f6e1d-d8d2-3ae9-9003-eca0c148f3ea.json,26eb46db4542494fed31628ec1e68ba576818c5f2d7db4c452cd84bfaf5542ea
Transport,transport,"Transport, light commercial truck; gasoline powered; Alaska",8fbb300d-2908-3dd0-97ce-0ce9eb324c44,01.00.003,UNIT_PROCESS,USLCI,1.2026-09.0,unknown,2024-01-01,2024-12-31,Transport; light commercial truck; gasoline powered,0614f894-cf10-307e-bd58-ac507face752,1.0,t*km,False,1,PHYSICAL_ALLOCATION,https://api.nal.usda.gov/FederalLCACommonsapi/browse/National_Renewable_Energy_Laboratory/USLCI_Database_Public/PROCESS/8fbb300d-2908-3dd0-97ce-0ce9eb324c44,2026-10-08,processes/8fbb300d-2908-3dd0-97ce-0ce9eb324c44.json,cad2bc2eb1f5dd5dd94f03210fad33ad09f4249671431c992aca320cb82a64ad
Transport,transport,"Transport, light commercial truck; E85 powered; West North Central",901c5aa4-1578-3198-8828-d14f5ab6ea6b,01.00.003,UNIT_PROCESS,USLCI,1.2026-09.0,unknown,2024-01-01,2024-12-31,Transport; light commercial truck; E85 powered,0a954583-49bd-3d80-8200-847790caf5b2,1.0,t*km,False,1,PHYSICAL_ALLOCATION,https://api.nal.usda.gov/FederalLCACommonsapi/browse/National_Renewable_Energy_Laboratory/USLCI_Database_Public/PROCESS/901c5aa4-1578-3198-8828-d14f5ab6ea6b,2026-10-08,processes/901c5aa4-1578-3198-8828-d14f5ab6ea6b.json,9bc26b0860e40d8a7a512da2ed73e3c361b531cd85f5196130416fcef17c545f
Transport,transport,"Transport, light commercial truck; gasoline powered; Southwest",907b7232-6adc-3e3f-b417-98a5bf5fb49a,01.00.003,UNIT_PROCESS,USLCI,1.2026-09.0,unknown,2024-01-01,2024-12-31,Transport; light commercial truck; gasoline powered,0614f894-cf10-307e-bd58-ac507face752,1.0,t*km,False,1,PHYSICAL_ALLOCATION,https://api.nal.usda.gov/FederalLCACommonsapi/browse/National_Renewable_Energy_Laboratory/USLCI_Database_Public/PROCESS/907b7232-6adc-3e3f-b417-98a5bf5fb49a,2026-10-08,processes/907b7232-6adc-3e3f-b417-98a5bf5fb49a.json,cdc1ad2025f53460158e170202645e7dbfff5eb1bfd7e4807dc288109a399549
Transport,transport,"Transport, combination truck; short-haul; gasoline powered; Alaska",90e9ed10-ddca-3812-8bde-2a1b1f3fb427,01.00.003,UNIT_PROCESS,USLCI,1.2026-09.0,unknown,2024-01-01,2024-12-31,"Transport; combination truck, short-haul; gasoline powered",41361da6-313c-3621-bbe6-3a792f3dab6b,1.0,t*km,False,1,PHYSICAL_ALLOCATION,https://api.nal.usda.gov/FederalLCACommonsapi/browse/National_Renewable_Energy_Laboratory/USLCI_Database_Public/PROCESS/90e9ed10-ddca-3812-8bde-2a1b1f3fb427,2026-10-08,processes/90e9ed10-ddca-3812-8bde-2a1b1f3fb427.json,8d5cc9dc16238b0f28ff23193901f29bce42cc635bd15061dce2a1c534839657
Transport,transport,"Transport, single unit truck; short-haul; electricity powered; Southwest",91bd69fe-faec-3f4a-b96d-4a72d0be1d07,01.00.007,UNIT_PROCESS,USLCI,1.2026-09.0,unknown,2024-01-01,2024-12-31,"Transport; single unit truck, short-haul; electricity powered",855b58f5-89b6-3b25-b33e-59454a0adbaa,1.0,t*km,False,1,PHYSICAL_ALLOCATION,https://api.nal.usda.gov/FederalLCACommonsapi/browse/National_Renewable_Energy_Laboratory/USLCI_Database_Public/PROCESS/91bd69fe-faec-3f4a-b96d-4a72d0be1d07,2026-10-08,processes/91bd69fe-faec-3f4a-b96d-4a72d0be1d07.json,5374b8657d71969881930dd3d73e882c3b46179be2554010ae788f204d287835
Transport,transport,"Transport, single unit truck; short-haul; gasoline powered; West",91f05c7b-ade4-3b04-ad3c-4ecce11f3ff4,01.00.003,UNIT_PROCESS,USLCI,1.2026-09.0,unknown,2024-01-01,2024-12-31,"Transport; single unit truck, short-haul; gasoline powered",524fd4ed-beef-3c60-a17b-fa0ba1842eeb,1.0,t*km,False,1,PHYSICAL_ALLOCATION,https://api.nal.usda.gov/FederalLCACommonsapi/browse/National_Renewable_Energy_Laboratory/USLCI_Database_Public/PROCESS/91f05c7b-ade4-3b04-ad3c-4ecce11f3ff4,2026-10-08,processes/91f05c7b-ade4-3b04-ad3c-4ecce11f3ff4.json,6c8b65dbc493bd31ba0f9cba01576c2411fb4b832f1a7f31717cb490b9376a03
Transport,transport,"Transport, combination truck; compressed natural gas powered; Northeast",921c2e4b-992f-36cb-8433-0fad28e91482,01.00.003,UNIT_PROCESS,USLCI,1.2026-09.0,unknown,2024-01-01,2024-12-31,Transport; combination truck; compressed natural gas powered,8a848faa-996b-39f4-a2ec-e9a1df693278,1.0,t*km,False,1,PHYSICAL_ALLOCATION,https://api.nal.usda.gov/FederalLCACommonsapi/browse/National_Renewable_Energy_Laboratory/USLCI_Database_Public/PROCESS/921c2e4b-992f-36cb-8433-0fad28e91482,2026-10-08,processes/921c2e4b-992f-36cb-8433-0fad28e91482.json,8cfb153d7e13e590bed35b4dd81df0257893d8b72f30f2908d168caef3e22bb0
Transport,transport,"Transport, single unit truck; compressed natural gas powered; Northwest",92a26ffb-b2ee-39e9-b4ee-983c4899e46e,01.00.003,UNIT_PROCESS,USLCI,1.2026-09.0,unknown,2024-01-01,2024-12-31,Transport; single unit truck; compressed natural gas powered,cb33e8c2-2296-3c28-8015-fc08bf040845,1.0,t*km,False,1,PHYSICAL_ALLOCATION,https://api.nal.usda.gov/FederalLCACommonsapi/browse/National_Renewable_Energy_Laboratory/USLCI_Database_Public/PROCESS/92a26ffb-b2ee-39e9-b4ee-983c4899e46e,2026-10-08,processes/92a26ffb-b2ee-39e9-b4ee-983c4899e46e.json,a1e400d37fbaa9a28c575e16f1e31b1b6d38db7fcd9576c662ac133160779d98
Transport,transport,"Transport, chemical tanker; distillate powered; Western Mexico to US West Coast",931dfdae-049a-3165-87c8-db7da2884c96,01.00.001,UNIT_PROCESS,USLCI,1.2026-09.0,Global,2023-01-01,2023-12-31,"Transport, chemical tanker; distillate powered",ce06ec4d-91ab-387e-8dd0-4358c1ea3633,1.0,t*km,False,1,PHYSICAL_ALLOCATION,https://api.nal.usda.gov/FederalLCACommonsapi/browse/National_Renewable_Energy_Laboratory/USLCI_Database_Public/PROCESS/931dfdae-049a-3165-87c8-db7da2884c96,2026-10-08,processes/931dfdae-049a-3165-87c8-db7da2884c96.json,5c345a0d8502e631d2afd64e64f34aea8840683ac95034c9338294cd62fc4602
Transport,transport,"Transport, combination truck; short-haul; electricity powered; West",935ae747-5a9c-3718-b6a4-df622378456a,01.00.007,UNIT_PROCESS,USLCI,1.2026-09.0,unknown,2024-01-01,2024-12-31,"Transport; combination truck, short-haul; electricity powered",d5ce6d5d-eea3-3c42-9999-fe46c52a1541,1.0,t*km,False,1,PHYSICAL_ALLOCATION,https://api.nal.usda.gov/FederalLCACommonsapi/browse/National_Renewable_Energy_Laboratory/USLCI_Database_Public/PROCESS/935ae747-5a9c-3718-b6a4-df622378456a,2026-10-08,processes/935ae747-5a9c-3718-b6a4-df622378456a.json,fa8862989e57222625e62f2deecdf3ef6db7400aaf3881efefcef46f1302358c
Transport,transport,"Transport, single unit truck; short-haul; electricity powered; East North Central",93664230-e60b-39d3-9cfe-d35f207c0447,01.00.007,UNIT_PROCESS,USLCI,1.2026-09.0,unknown,2024-01-01,2024-12-31,"Transport; single unit truck, short-haul; electricity powered",855b58f5-89b6-3b25-b33e-59454a0adbaa,1.0,t*km,False,1,PHYSICAL_ALLOCATION,https://api.nal.usda.gov/FederalLCACommonsapi/browse/National_Renewable_Energy_Laboratory/USLCI_Database_Public/PROCESS/93664230-e60b-39d3-9cfe-d35f207c0447,2026-10-08,processes/93664230-e60b-39d3-9cfe-d35f207c0447.json,446fa0b7e23949decc6293ea6071d3d994fd4ae245257cc61977553985b84ea7
Transport,transport,Transport; average mix; cereal grains (includes seed),942a4393-a228-3b33-9b7a-9bdc850c138f,01.01.001,UNIT_PROCESS,USLCI,1.2026-09.0,United States of America (the),2017-01-01,2017-12-31,Commodity transport; at consumer,1d6944d8-817b-3ae1-b997-68bdc265557f,1.0,kg,False,1,PHYSICAL_ALLOCATION,https://api.nal.usda.gov/FederalLCACommonsapi/browse/National_Renewable_Energy_Laboratory/USLCI_Database_Public/PROCESS/942a4393-a228-3b33-9b7a-9bdc850c138f,2026-10-08,processes/942a4393-a228-3b33-9b7a-9bdc850c138f.json,136c4199f2e065cf66425ddbd689d2c73b72906874f9c95a976d01b05fd60a04
Transport,transport,"Transport, chemical tanker; residual fuel oil powered; Pacific of Central/South America to US East Coast",945a354f-8e84-384f-a962-1898023bc9c2,01.00.001,UNIT_PROCESS,USLCI,1.2026-09.0,Global,2023-01-01,2023-12-31,"Transport, chemical tanker; residual fuel oil powered",8c3474d2-9fc0-3940-a631-ec4229207e82,1.0,t*km,False,1,PHYSICAL_ALLOCATION,https://api.nal.usda.gov/FederalLCACommonsapi/browse/National_Renewable_Energy_Laboratory/USLCI_Database_Public/PROCESS/945a354f-8e84-384f-a962-1898023bc9c2,2026-10-08,processes/945a354f-8e84-384f-a962-1898023bc9c2.json,a39507c5b5181f60c725da8caf37d7644bc0f616578e2600afddb6415aaa8340
Transport,transport,"Transport, chemical tanker; distillate powered; Africa to US East Coast",962947f6-60e5-3d2b-9476-8e7918ca8f21,01.00.001,UNIT_PROCESS,USLCI,1.2026-09.0,Global,2023-01-01,2023-12-31,"Transport, chemical tanker; distillate powered",ce06ec4d-91ab-387e-8dd0-4358c1ea3633,1.0,t*km,False,1,PHYSICAL_ALLOCATION,https://api.nal.usda.gov/FederalLCACommonsapi/browse/National_Renewable_Energy_Laboratory/USLCI_Database_Public/PROCESS/962947f6-60e5-3d2b-9476-8e7918ca8f21,2026-10-08,processes/962947f6-60e5-3d2b-9476-8e7918ca8f21.json,f7c9f8eba61543b20f0184985a6e387317e5857fea7ce7c45d0b3be8691bf38e
Transport,transport,"Transport, rail, freight; diesel powered; tier 2",96872992-4c05-3437-8d40-1e51e2cfb0f1,01.00.001,UNIT_PROCESS,USLCI,1.2026-09.0,United States of America (the),2020-01-01,2024-12-31,"Transport, rail, freight; diesel powered",4326be78-ae8b-3446-9310-278636ee68c5,1.0,t*km,False,1,PHYSICAL_ALLOCATION,https://api.nal.usda.gov/FederalLCACommonsapi/browse/National_Renewable_Energy_Laboratory/USLCI_Database_Public/PROCESS/96872992-4c05-3437-8d40-1e51e2cfb0f1,2026-10-08,processes/96872992-4c05-3437-8d40-1e51e2cfb0f1.json,c19463f7ca0189fa12bfb23482962c42b4073742ea6fba310e18b5c11424ca1e
Transport,transport,"Transport, container ship; residual fuel oil powered; Europe to US East Coast",96d7d1e5-c272-3872-a7ae-c033f94b32fe,01.00.001,UNIT_PROCESS,USLCI,1.2026-09.0,Global,2023-01-01,2023-12-31,"Transport, container ship; residual fuel oil powered",0d1b359b-72a1-3c00-aa2c-2102e8c81a17,1.0,t*km,False,1,PHYSICAL_ALLOCATION,https://api.nal.usda.gov/FederalLCACommonsapi/browse/National_Renewable_Energy_Laboratory/USLCI_Database_Public/PROCESS/96d7d1e5-c272-3872-a7ae-c033f94b32fe,2026-10-08,processes/96d7d1e5-c272-3872-a7ae-c033f94b32fe.json,0a2bf3ea56d8d71e0231622cab13ad4c7d852a7ca5ed7acbf3dbc62339160fe7
Transport,transport,"Transport, light commercial truck; diesel powered; Southeast",96f5b352-fcf1-37c0-bea1-8600ab1875e1,01.00.003,UNIT_PROCESS,USLCI,1.2026-09.0,unknown,2024-01-01,2024-12-31,Transport; light commercial truck; diesel powered,35fe9caf-2ad2-3d14-ae03-21454a89da2e,1.0,t*km,False,1,PHYSICAL_ALLOCATION,https://api.nal.usda.gov/FederalLCACommonsapi/browse/National_Renewable_Energy_Laboratory/USLCI_Database_Public/PROCESS/96f5b352-fcf1-37c0-bea1-8600ab1875e1,2026-10-08,processes/96f5b352-fcf1-37c0-bea1-8600ab1875e1.json,ec14c70b75dad04b9d40578dde4a9050dea6f068eea521e18dac8c46a51a2da3
Transport,transport,"Transport, single unit truck; short-haul; gasoline powered; Southeast",976227bd-5a7a-3e8e-9e67-7ce926b428a8,01.00.003,UNIT_PROCESS,USLCI,1.2026-09.0,unknown,2024-01-01,2024-12-31,"Transport; single unit truck, short-haul; gasoline powered",524fd4ed-beef-3c60-a17b-fa0ba1842eeb,1.0,t*km,False,1,PHYSICAL_ALLOCATION,https://api.nal.usda.gov/FederalLCACommonsapi/browse/National_Renewable_Energy_Laboratory/USLCI_Database_Public/PROCESS/976227bd-5a7a-3e8e-9e67-7ce926b428a8,2026-10-08,processes/976227bd-5a7a-3e8e-9e67-7ce926b428a8.json,b131d3a479360305d73744ce2652d4e02e3c389d69c3adba02dfd3510438efca
Transport,transport,"Transport, rail, freight; diesel powered; tier 3",9766f783-03bd-3672-aad9-e10dfbc3a8e4,01.00.001,UNIT_PROCESS,USLCI,1.2026-09.0,United States of America (the),2020-01-01,2024-12-31,"Transport, rail, freight; diesel powered",4326be78-ae8b-3446-9310-278636ee68c5,1.0,t*km,False,1,PHYSICAL_ALLOCATION,https://api.nal.usda.gov/FederalLCACommonsapi/browse/National_Renewable_Energy_Laboratory/USLCI_Database_Public/PROCESS/9766f783-03bd-3672-aad9-e10dfbc3a8e4,2026-10-08,processes/9766f783-03bd-3672-aad9-e10dfbc3a8e4.json,b1ad26b2a96e2f68a5c2620e5edfc41d99c814a3cfb8f303d38d3c126dd68b02
Transport,transport,"Transport, combination truck; short-haul; compressed natural gas powered; South",9782f9bc-0739-35dd-974e-4d625fe7b6f7,01.00.003,UNIT_PROCESS,USLCI,1.2026-09.0,unknown,2024-01-01,2024-12-31,"Transport; combination truck, short-haul; compressed natural gas powered",419e9d46-92be-37cf-a9a2-765076ebf9ad,1.0,t*km,False,1,PHYSICAL_ALLOCATION,https://api.nal.usda.gov/FederalLCACommonsapi/browse/National_Renewable_Energy_Laboratory/USLCI_Database_Public/PROCESS/9782f9bc-0739-35dd-974e-4d625fe7b6f7,2026-10-08,processes/9782f9bc-0739-35dd-974e-4d625fe7b6f7.json,3820836b3de09ad4d2f7f486c56d8bf7c29f80532fd8e2090440863d242f170b
Transport,transport,"Transport, combination truck; long-haul; electricity powered; South",9875751f-9184-361c-984a-341c293185c3,01.00.007,UNIT_PROCESS,USLCI,1.2026-09.0,unknown,2024-01-01,2024-12-31,"Transport; combination truck, long-haul; electricity powered",0e5e3079-33df-31fd-ad79-8b8feff08fb6,1.0,t*km,False,1,PHYSICAL_ALLOCATION,https://api.nal.usda.gov/FederalLCACommonsapi/browse/National_Renewable_Energy_Laboratory/USLCI_Database_Public/PROCESS/9875751f-9184-361c-984a-341c293185c3,2026-10-08,processes/9875751f-9184-361c-984a-341c293185c3.json,8999d99c7c2c0fa96627f45d7a50c32e568f6e74b8dbb56b6405640b0c50d1ae
Transport,transport,"Transport, chemical tanker; distillate powered; Western Canada to US West Coast",98c24820-6f14-397d-95a9-684612419e9a,01.00.001,UNIT_PROCESS,USLCI,1.2026-09.0,Global,2023-01-01,2023-12-31,"Transport, chemical tanker; distillate powered",ce06ec4d-91ab-387e-8dd0-4358c1ea3633,1.0,t*km,False,1,PHYSICAL_ALLOCATION,https://api.nal.usda.gov/FederalLCACommonsapi/browse/National_Renewable_Energy_Laboratory/USLCI_Database_Public/PROCESS/98c24820-6f14-397d-95a9-684612419e9a,2026-10-08,processes/98c24820-6f14-397d-95a9-684612419e9a.json,98d8be39eb6f524b0c4169343a5139fd35800b84fd5f72ad97c59e7f9b76dc57
Transport,transport,"Transport, container ship; distillate powered; Bermuda to US East Coast",999f18c6-0312-367d-8037-d4d68f58ea12,01.00.001,UNIT_PROCESS,USLCI,1.2026-09.0,Global,2023-01-01,2023-12-31,"Transport, container ship; distillate powered",e46da55e-5561-37d0-8e99-71fade967cf3,1.0,t*km,False,1,PHYSICAL_ALLOCATION,https://api.nal.usda.gov/FederalLCACommonsapi/browse/National_Renewable_Energy_Laboratory/USLCI_Database_Public/PROCESS/999f18c6-0312-367d-8037-d4d68f58ea12,2026-10-08,processes/999f18c6-0312-367d-8037-d4d68f58ea12.json,382805a174e8ce5a81698e83fe29025fcc6bf8735619025d57bbcbc6b306dfd5
Transport,transport,"Transport, single unit truck; short-haul; gasoline powered; Northeast",9a0c9355-de4f-324b-8c72-bd57a1944514,01.00.003,UNIT_PROCESS,USLCI,1.2026-09.0,unknown,2024-01-01,2024-12-31,"Transport; single unit truck, short-haul; gasoline powered",524fd4ed-beef-3c60-a17b-fa0ba1842eeb,1.0,t*km,False,1,PHYSICAL_ALLOCATION,https://api.nal.usda.gov/FederalLCACommonsapi/browse/National_Renewable_Energy_Laboratory/USLCI_Database_Public/PROCESS/9a0c9355-de4f-324b-8c72-bd57a1944514,2026-10-08,processes/9a0c9355-de4f-324b-8c72-bd57a1944514.json,2b5c9f0b29afc26838cddeb9e79604cbd4716c94cbe81fa4ff55bbb5efe0ae6a
Transport,transport,"Transport, single unit truck; electricity powered; West",9a796145-e4bc-365d-8cfa-b6d15db759d4,01.00.007,UNIT_PROCESS,USLCI,1.2026-09.0,unknown,2024-01-01,2024-12-31,Transport; single unit truck; electricity powered,94755eaa-c6ec-32d3-b687-b94ed0a53e5f,1.0,t*km,False,1,PHYSICAL_ALLOCATION,https://api.nal.usda.gov/FederalLCACommonsapi/browse/National_Renewable_Energy_Laboratory/USLCI_Database_Public/PROCESS/9a796145-e4bc-365d-8cfa-b6d15db759d4,2026-10-08,processes/9a796145-e4bc-365d-8cfa-b6d15db759d4.json,258ef4620aaa5273a6f69e28998e17c4affaae649b83bf005a88ca62c3ec7a25
Transport,transport,"Transport, combination truck; gasoline powered; Northeast",9b55b8db-4411-3cb7-bb24-1bd47f4d8c1a,01.00.003,UNIT_PROCESS,USLCI,1.2026-09.0,unknown,2024-01-01,2024-12-31,Transport; combination truck; gasoline powered,9b20d581-cc62-3313-9412-0855be3ee7c2,1.0,t*km,False,1,PHYSICAL_ALLOCATION,https://api.nal.usda.gov/FederalLCACommonsapi/browse/National_Renewable_Energy_Laboratory/USLCI_Database_Public/PROCESS/9b55b8db-4411-3cb7-bb24-1bd47f4d8c1a,2026-10-08,processes/9b55b8db-4411-3cb7-bb24-1bd47f4d8c1a.json,6f47bcb6bc18af246a4ba0a9630797ff2baaca3d521a982587e5bbd6be1f6cc8
Transport,transport,"Transport, transit bus; diesel powered; Southwest",9b7bef6f-60c3-38fa-9d32-3b1c0c82f866,00.00.011,UNIT_PROCESS,USLCI,1.2026-09.0,United States of America (the),2009-12-31,2009-12-31,Transport; transit bus; diesel powered,83a2d23e-a668-3b97-a037-371c67c18ccf,1.0,p*km,False,1,NO_ALLOCATION,https://api.nal.usda.gov/FederalLCACommonsapi/browse/National_Renewable_Energy_Laboratory/USLCI_Database_Public/PROCESS/9b7bef6f-60c3-38fa-9d32-3b1c0c82f866,2026-10-08,processes/9b7bef6f-60c3-38fa-9d32-3b1c0c82f866.json,808f12394e597d9a3cd6ec16ab73aeb9ece23c5d5760268646aaf3d742481cc1
Transport,transport,"Transport, combination truck; short-haul; diesel powered; Northeast",9be99f9e-d855-3f70-b879-9cba92fae8ee,01.00.003,UNIT_PROCESS,USLCI,1.2026-09.0,unknown,2024-01-01,2024-12-31,"Transport; combination truck, short-haul; diesel powered",59449b10-044a-3a9b-a6e6-5c5fc97b50bb,1.0,t*km,False,1,PHYSICAL_ALLOCATION,https://api.nal.usda.gov/FederalLCACommonsapi/browse/National_Renewable_Energy_Laboratory/USLCI_Database_Public/PROCESS/9be99f9e-d855-3f70-b879-9cba92fae8ee,2026-10-08,processes/9be99f9e-d855-3f70-b879-9cba92fae8ee.json,623207ef4894265490e9c4c5d7ce32d0bbe0ecdc6e2ceaab4d32ce125220d3a2
Transport,transport,Transport; average mix; fertilizers,9c4e2fd1-971b-3c6a-a192-1f2ddc67bd44,01.01.001,UNIT_PROCESS,USLCI,1.2026-09.0,United States of America (the),2017-01-01,2017-12-31,Commodity transport; at consumer,1d6944d8-817b-3ae1-b997-68bdc265557f,1.0,kg,False,1,PHYSICAL_ALLOCATION,https://api.nal.usda.gov/FederalLCACommonsapi/browse/National_Renewable_Energy_Laboratory/USLCI_Database_Public/PROCESS/9c4e2fd1-971b-3c6a-a192-1f2ddc67bd44,2026-10-08,processes/9c4e2fd1-971b-3c6a-a192-1f2ddc67bd44.json,20801eb3932acdf0d0ff5aa1bf4b0c947e7fe6d6a2503656cb33af3c27babb12
Transport,transport,Transport; average mix; mixed freight,9dee7d25-4fca-3ae6-a398-7412acf5900a,01.01.001,UNIT_PROCESS,USLCI,1.2026-09.0,United States of America (the),2017-01-01,2017-12-31,Commodity transport; at consumer,1d6944d8-817b-3ae1-b997-68bdc265557f,1.0,kg,False,1,PHYSICAL_ALLOCATION,https://api.nal.usda.gov/FederalLCACommonsapi/browse/National_Renewable_Energy_Laboratory/USLCI_Database_Public/PROCESS/9dee7d25-4fca-3ae6-a398-7412acf5900a,2026-10-08,processes/9dee7d25-4fca-3ae6-a398-7412acf5900a.json,4da6fccbee37e18fbfb0ac39498c191195ef251c297dd304caa5db648a30bf0e
Transport,transport,"Transport, container ship; residual fuel oil powered; Western Canada to US West Coast",9eb558e6-19ad-3402-8a17-a6872ea5eb53,01.00.001,UNIT_PROCESS,USLCI,1.2026-09.0,Global,2023-01-01,2023-12-31,"Transport, container ship; residual fuel oil powered",0d1b359b-72a1-3c00-aa2c-2102e8c81a17,1.0,t*km,False,1,PHYSICAL_ALLOCATION,https://api.nal.usda.gov/FederalLCACommonsapi/browse/National_Renewable_Energy_Laboratory/USLCI_Database_Public/PROCESS/9eb558e6-19ad-3402-8a17-a6872ea5eb53,2026-10-08,processes/9eb558e6-19ad-3402-8a17-a6872ea5eb53.json,05dbfd83a4ba486a2f8cbbe9da0dbe6500d0fa434ba2711433ff5822296a9d93
Transport,transport,Transport; average mix; gravel and crushed stone (excludes dolomite and slate),9f6cddf9-a122-3460-b1a1-6595fee7e444,01.01.001,UNIT_PROCESS,USLCI,1.2026-09.0,United States of America (the),2017-01-01,2017-12-31,Commodity transport; at consumer,1d6944d8-817b-3ae1-b997-68bdc265557f,1.0,kg,False,1,PHYSICAL_ALLOCATION,https://api.nal.usda.gov/FederalLCACommonsapi/browse/National_Renewable_Energy_Laboratory/USLCI_Database_Public/PROCESS/9f6cddf9-a122-3460-b1a1-6595fee7e444,2026-10-08,processes/9f6cddf9-a122-3460-b1a1-6595fee7e444.json,3fec98e9312d0ccc7e019b59f3b51550a02d1c222f7897ce3c7126139dc11b5d
Transport,transport,"Transport, single unit truck; compressed natural gas powered; South",a03573cf-b7a1-3a24-bc92-d1eafeffa261,01.00.003,UNIT_PROCESS,USLCI,1.2026-09.0,unknown,2024-01-01,2024-12-31,Transport; single unit truck; compressed natural gas powered,cb33e8c2-2296-3c28-8015-fc08bf040845,1.0,t*km,False,1,PHYSICAL_ALLOCATION,https://api.nal.usda.gov/FederalLCACommonsapi/browse/National_Renewable_Energy_Laboratory/USLCI_Database_Public/PROCESS/a03573cf-b7a1-3a24-bc92-d1eafeffa261,2026-10-08,processes/a03573cf-b7a1-3a24-bc92-d1eafeffa261.json,0453acedc655654df68864ca9eefb3525ef6069ea17ec47a83b49b1f3500064d
Transport,transport,"Transport, single unit truck; long-haul; electricity powered; South",a04b5f07-b650-3f20-9eb3-95b4dc678db0,01.00.007,UNIT_PROCESS,USLCI,1.2026-09.0,unknown,2024-01-01,2024-12-31,"Transport; single unit truck, long-haul; electricity powered",ca468bee-3878-3418-918a-6cbe82ac640c,1.0,t*km,False,1,PHYSICAL_ALLOCATION,https://api.nal.usda.gov/FederalLCACommonsapi/browse/National_Renewable_Energy_Laboratory/USLCI_Database_Public/PROCESS/a04b5f07-b650-3f20-9eb3-95b4dc678db0,2026-10-08,processes/a04b5f07-b650-3f20-9eb3-95b4dc678db0.json,8e4bfb5e4d65ec4ad6872b239f66c4d330cac3d6f7c1a392d049b46fda455532
Transport,transport,"Transport, intercity bus; diesel powered; Southeast",a0635262-38b8-31e0-8e73-a1b28437632d,00.00.011,UNIT_PROCESS,USLCI,1.2026-09.0,United States of America (the),2009-12-31,2009-12-31,Transport; intercity bus; diesel powered,b235b36a-7ade-3301-acd9-e9a91a8138e8,1.0,p*km,False,1,NO_ALLOCATION,https://api.nal.usda.gov/FederalLCACommonsapi/browse/National_Renewable_Energy_Laboratory/USLCI_Database_Public/PROCESS/a0635262-38b8-31e0-8e73-a1b28437632d,2026-10-08,processes/a0635262-38b8-31e0-8e73-a1b28437632d.json,9c4f0c992213ba4204b9d282282bda6f60c890d413fcc6fabd31c3131324f595
Transport,transport,"Transport, refuse truck; diesel powered; Northwest",a0b22839-812d-3279-839f-9388f01c96de,00.00.010,UNIT_PROCESS,USLCI,1.2026-09.0,United States of America (the),2009-12-31,2009-12-31,Transport; refuse truck; diesel powered,c99244fc-abe3-3836-9d0c-ce0872f79975,1.0,t*km,False,1,NO_ALLOCATION,https://api.nal.usda.gov/FederalLCACommonsapi/browse/National_Renewable_Energy_Laboratory/USLCI_Database_Public/PROCESS/a0b22839-812d-3279-839f-9388f01c96de,2026-10-08,processes/a0b22839-812d-3279-839f-9388f01c96de.json,19289d2702e6ec39131b0d170691bc3bbe1d86bec7788d812c4224c11569254f
Transport,transport,"Transport, single unit truck; long-haul; electricity powered",a14d95a3-cea2-33a7-ba38-f7c899d7e777,01.00.007,UNIT_PROCESS,USLCI,1.2026-09.0,United States of America (the),2024-01-01,2024-12-31,"Transport; single unit truck, long-haul; electricity powered",ca468bee-3878-3418-918a-6cbe82ac640c,1.0,t*km,False,1,PHYSICAL_ALLOCATION,https://api.nal.usda.gov/FederalLCACommonsapi/browse/National_Renewable_Energy_Laboratory/USLCI_Database_Public/PROCESS/a14d95a3-cea2-33a7-ba38-f7c899d7e777,2026-10-08,processes/a14d95a3-cea2-33a7-ba38-f7c899d7e777.json,135b2e7a2698451f731c752d1f13fe354f3db8502b702aa6a1366550943123dc
Transport,transport,"Transport, single unit truck; long-haul; diesel powered; Southeast",a17c7651-0fae-330c-bfe8-5f862200f5d2,01.00.003,UNIT_PROCESS,USLCI,1.2026-09.0,unknown,2024-01-01,2024-12-31,"Transport; single unit truck, long-haul; diesel powered",1c639821-1428-35ac-aaa4-277aacdc7420,1.0,t*km,False,1,PHYSICAL_ALLOCATION,https://api.nal.usda.gov/FederalLCACommonsapi/browse/National_Renewable_Energy_Laboratory/USLCI_Database_Public/PROCESS/a17c7651-0fae-330c-bfe8-5f862200f5d2,2026-10-08,processes/a17c7651-0fae-330c-bfe8-5f862200f5d2.json,951e73e986f7559225986d8f95c7cca69ecea03c6ed4f2027e83c85b8646863a
Transport,transport,"Transport, combination truck; long-haul; diesel powered; Southeast",a17f251a-de94-3933-b3b1-61aef7df590d,01.00.003,UNIT_PROCESS,USLCI,1.2026-09.0,unknown,2024-01-01,2024-12-31,"Transport; combination truck, long-haul; diesel powered",13ed0c67-549c-3a01-afee-7083b12dd949,1.0,t*km,False,1,PHYSICAL_ALLOCATION,https://api.nal.usda.gov/FederalLCACommonsapi/browse/National_Renewable_Energy_Laboratory/USLCI_Database_Public/PROCESS/a17f251a-de94-3933-b3b1-61aef7df590d,2026-10-08,processes/a17f251a-de94-3933-b3b1-61aef7df590d.json,60853079d4478db34932450c268a8316ebc262b3d534faff39115e65fc6474b1
Transport,transport,"Transport, container ship; distillate powered; Africa to US East Coast",a1bb8fa6-57cb-3a93-9e0b-093855c57d1e,01.00.001,UNIT_PROCESS,USLCI,1.2026-09.0,Global,2023-01-01,2023-12-31,"Transport, container ship; distillate powered",e46da55e-5561-37d0-8e99-71fade967cf3,1.0,t*km,False,1,PHYSICAL_ALLOCATION,https://api.nal.usda.gov/FederalLCACommonsapi/browse/National_Renewable_Energy_Laboratory/USLCI_Database_Public/PROCESS/a1bb8fa6-57cb-3a93-9e0b-093855c57d1e,2026-10-08,processes/a1bb8fa6-57cb-3a93-9e0b-093855c57d1e.json,47481becb533b9341f8b2b6e39e3de3c40e58a0f54806db121451cee1d559918
Transport,transport,"Transport, single unit truck; diesel powered; Southeast",a2b119d4-5dce-3cb6-a013-ad3632c06feb,01.00.003,UNIT_PROCESS,USLCI,1.2026-09.0,unknown,2024-01-01,2024-12-31,Transport; single unit truck; diesel powered,bbcd8095-e1d5-3762-aa08-3efc8d1d2ec4,1.0,t*km,False,1,PHYSICAL_ALLOCATION,https://api.nal.usda.gov/FederalLCACommonsapi/browse/National_Renewable_Energy_Laboratory/USLCI_Database_Public/PROCESS/a2b119d4-5dce-3cb6-a013-ad3632c06feb,2026-10-08,processes/a2b119d4-5dce-3cb6-a013-ad3632c06feb.json,608df3d0b2edfe0b7b4fe90a2942e165004363f086cc268a542e44c02b7807aa
Transport,transport,"Transport, combination truck; short-haul; electricity powered; Northeast",a2d522a3-27aa-371c-be65-41b683497fc3,01.00.007,UNIT_PROCESS,USLCI,1.2026-09.0,unknown,2024-01-01,2024-12-31,"Transport; combination truck, short-haul; electricity powered",d5ce6d5d-eea3-3c42-9999-fe46c52a1541,1.0,t*km,False,1,PHYSICAL_ALLOCATION,https://api.nal.usda.gov/FederalLCACommonsapi/browse/National_Renewable_Energy_Laboratory/USLCI_Database_Public/PROCESS/a2d522a3-27aa-371c-be65-41b683497fc3,2026-10-08,processes/a2d522a3-27aa-371c-be65-41b683497fc3.json,1c52283741cbb4a0f29af21b6d668025ae4ed36fee010019d9fa11401ecd8e87
Transport,transport,"Transport, chemical tanker; residual fuel oil powered; Bermuda to US East Coast",a3305e88-2858-3b52-a514-d02dd655c651,01.00.001,UNIT_PROCESS,USLCI,1.2026-09.0,Global,2023-01-01,2023-12-31,"Transport, chemical tanker; residual fuel oil powered",8c3474d2-9fc0-3940-a631-ec4229207e82,1.0,t*km,False,1,PHYSICAL_ALLOCATION,https://api.nal.usda.gov/FederalLCACommonsapi/browse/National_Renewable_Energy_Laboratory/USLCI_Database_Public/PROCESS/a3305e88-2858-3b52-a514-d02dd655c651,2026-10-08,processes/a3305e88-2858-3b52-a514-d02dd655c651.json,c14ed0a8ac5c5f6f431466d607bb691b3fe1449e39ee703b54fa8060f6626e93
Transport,transport,"Transport, refuse truck; diesel powered; Alaska",a3a1912e-3182-33e9-be73-4997c03d5261,00.00.010,UNIT_PROCESS,USLCI,1.2026-09.0,United States of America (the),2009-12-31,2009-12-31,Transport; refuse truck; diesel powered,c99244fc-abe3-3836-9d0c-ce0872f79975,1.0,t*km,False,1,NO_ALLOCATION,https://api.nal.usda.gov/FederalLCACommonsapi/browse/National_Renewable_Energy_Laboratory/USLCI_Database_Public/PROCESS/a3a1912e-3182-33e9-be73-4997c03d5261,2026-10-08,processes/a3a1912e-3182-33e9-be73-4997c03d5261.json,3cd40021bddaa71d33d1d9e6be1e3823312995caffe8334206dbb7e48e8484d2
Transport,transport,"Transport, container ship; residual fuel oil powered; Asia to US East Coast",a3d914a4-2ade-3a17-837e-d63fe4c77fbe,01.00.001,UNIT_PROCESS,USLCI,1.2026-09.0,Global,2023-01-01,2023-12-31,"Transport, container ship; residual fuel oil powered",0d1b359b-72a1-3c00-aa2c-2102e8c81a17,1.0,t*km,False,1,PHYSICAL_ALLOCATION,https://api.nal.usda.gov/FederalLCACommonsapi/browse/National_Renewable_Energy_Laboratory/USLCI_Database_Public/PROCESS/a3d914a4-2ade-3a17-837e-d63fe4c77fbe,2026-10-08,processes/a3d914a4-2ade-3a17-837e-d63fe4c77fbe.json,3dd160ef53766cf925cdd07d5f05b005378fc1325356c3e2447e8e3109ad9627
Transport,transport,"Transport, container ship; distillate powered; Western Mexico to US West Coast",a46dbc3b-463a-3152-afb8-6f672d973227,01.00.001,UNIT_PROCESS,USLCI,1.2026-09.0,Global,2023-01-01,2023-12-31,"Transport, container ship; distillate powered",e46da55e-5561-37d0-8e99-71fade967cf3,1.0,t*km,False,1,PHYSICAL_ALLOCATION,https://api.nal.usda.gov/FederalLCACommonsapi/browse/National_Renewable_Energy_Laboratory/USLCI_Database_Public/PROCESS/a46dbc3b-463a-3152-afb8-6f672d973227,2026-10-08,processes/a46dbc3b-463a-3152-afb8-6f672d973227.json,f22d4a39aedc84725b17ccebf30d92f80de11f19f66f7020ae77cedad9d6a017
Transport,transport,"Transport, combination truck; long-haul; electricity powered; Northwest",a4ede9e0-443d-3342-8cd3-6c5351afba8b,01.00.007,UNIT_PROCESS,USLCI,1.2026-09.0,unknown,2024-01-01,2024-12-31,"Transport; combination truck, long-haul; electricity powered",0e5e3079-33df-31fd-ad79-8b8feff08fb6,1.0,t*km,False,1,PHYSICAL_ALLOCATION,https://api.nal.usda.gov/FederalLCACommonsapi/browse/National_Renewable_Energy_Laboratory/USLCI_Database_Public/PROCESS/a4ede9e0-443d-3342-8cd3-6c5351afba8b,2026-10-08,processes/a4ede9e0-443d-3342-8cd3-6c5351afba8b.json,e453ec15544ca05d8c02d55a957234e830ac59bbc8d38d15227658dc74af4e7b
Transport,transport,"Transport, combination truck; compressed natural gas powered; Southwest",a4f5f3c5-8f82-38e7-b8cf-7b4f3208f5dc,01.00.003,UNIT_PROCESS,USLCI,1.2026-09.0,unknown,2024-01-01,2024-12-31,Transport; combination truck; compressed natural gas powered,8a848faa-996b-39f4-a2ec-e9a1df693278,1.0,t*km,False,1,PHYSICAL_ALLOCATION,https://api.nal.usda.gov/FederalLCACommonsapi/browse/National_Renewable_Energy_Laboratory/USLCI_Database_Public/PROCESS/a4f5f3c5-8f82-38e7-b8cf-7b4f3208f5dc,2026-10-08,processes/a4f5f3c5-8f82-38e7-b8cf-7b4f3208f5dc.json,abfad9c80a1a49d5d80cdaad81ff4e1f8fd4a2386e609ec1dbad6a5b701fbd02
Transport,transport,"Transport, light commercial truck; E85 powered; Southwest",a5865467-8794-38cb-975b-6165286aa23f,01.00.003,UNIT_PROCESS,USLCI,1.2026-09.0,unknown,2024-01-01,2024-12-31,Transport; light commercial truck; E85 powered,0a954583-49bd-3d80-8200-847790caf5b2,1.0,t*km,False,1,PHYSICAL_ALLOCATION,https://api.nal.usda.gov/FederalLCACommonsapi/browse/National_Renewable_Energy_Laboratory/USLCI_Database_Public/PROCESS/a5865467-8794-38cb-975b-6165286aa23f,2026-10-08,processes/a5865467-8794-38cb-975b-6165286aa23f.json,84da52c30c4ed62389f458f1a3c43499dbc5f53028281958eb574dba0f03772e
Transport,transport,"Transport, single unit truck; short-haul; electricity powered",a58b8442-e2fb-39b4-ab68-ac4bee6f1fcc,01.00.007,UNIT_PROCESS,USLCI,1.2026-09.0,United States of America (the),2024-01-01,2024-12-31,"Transport; single unit truck, short-haul; electricity powered",855b58f5-89b6-3b25-b33e-59454a0adbaa,1.0,t*km,False,1,PHYSICAL_ALLOCATION,https://api.nal.usda.gov/FederalLCACommonsapi/browse/National_Renewable_Energy_Laboratory/USLCI_Database_Public/PROCESS/a58b8442-e2fb-39b4-ab68-ac4bee6f1fcc,2026-10-08,processes/a58b8442-e2fb-39b4-ab68-ac4bee6f1fcc.json,74f7b28765b3dcb550344036b18b56b69fd7a3ca15446fe181eca97edab8d398
Transport,transport,"Transport, combination truck; long-haul; diesel powered",a685da05-1a42-3fe1-a68b-6db458be5e07,01.00.003,UNIT_PROCESS,USLCI,1.2026-09.0,United States of America (the),2024-01-01,2024-12-31,"Transport; combination truck, long-haul; diesel powered",13ed0c67-549c-3a01-afee-7083b12dd949,1.0,t*km,False,1,PHYSICAL_ALLOCATION,https://api.nal.usda.gov/FederalLCACommonsapi/browse/National_Renewable_Energy_Laboratory/USLCI_Database_Public/PROCESS/a685da05-1a42-3fe1-a68b-6db458be5e07,2026-10-08,processes/a685da05-1a42-3fe1-a68b-6db458be5e07.json,59e286d500f0ef834eb54e66c81630e777719cea0eead78985671bd052def7bb
Transport,transport,"Transport, combination truck; short-haul; gasoline powered; East North Central",a6ce0158-8065-352d-9a3b-c80fac6acf78,01.00.003,UNIT_PROCESS,USLCI,1.2026-09.0,unknown,2024-01-01,2024-12-31,"Transport; combination truck, short-haul; gasoline powered",41361da6-313c-3621-bbe6-3a792f3dab6b,1.0,t*km,False,1,PHYSICAL_ALLOCATION,https://api.nal.usda.gov/FederalLCACommonsapi/browse/National_Renewable_Energy_Laboratory/USLCI_Database_Public/PROCESS/a6ce0158-8065-352d-9a3b-c80fac6acf78,2026-10-08,processes/a6ce0158-8065-352d-9a3b-c80fac6acf78.json,45beed0b738aa9c8e7d020904677f6c5a6e24c635fc8fb7ff81f3a6348f825ed
Transport,transport,"Transport, single unit truck; long-haul; electricity powered; Alaska",a88d64a9-8f2c-3821-9b70-57840000db31,01.00.007,UNIT_PROCESS,USLCI,1.2026-09.0,unknown,2024-01-01,2024-12-31,"Transport; single unit truck, long-haul; electricity powered",ca468bee-3878-3418-918a-6cbe82ac640c,1.0,t*km,False,1,PHYSICAL_ALLOCATION,https://api.nal.usda.gov/FederalLCACommonsapi/browse/National_Renewable_Energy_Laboratory/USLCI_Database_Public/PROCESS/a88d64a9-8f2c-3821-9b70-57840000db31,2026-10-08,processes/a88d64a9-8f2c-3821-9b70-57840000db31.json,dc6e41a66fa8edb7599d74c52d04e8df3e41a869329cc29edff65b777718c4df
Transport,transport,"Transport, intercity bus; diesel powered; West North Central",a92f1110-9bee-3fa5-82c9-a922cfa84c06,00.00.010,UNIT_PROCESS,USLCI,1.2026-09.0,United States of America (the),2009-12-31,2009-12-31,Transport; intercity bus; diesel powered,b235b36a-7ade-3301-acd9-e9a91a8138e8,1.0,p*km,False,1,NO_ALLOCATION,https://api.nal.usda.gov/FederalLCACommonsapi/browse/National_Renewable_Energy_Laboratory/USLCI_Database_Public/PROCESS/a92f1110-9bee-3fa5-82c9-a922cfa84c06,2026-10-08,processes/a92f1110-9bee-3fa5-82c9-a922cfa84c06.json,1323ddde01c1590c5eedf0362628480bbb7480c889fc165b6e9a558c70c5092d
Transport,transport,"Transport; average mix; furniture, mattresses and mattress supports, lamps, lighting fittings, and illuminated signs",aada124a-0480-3f45-ac36-2e7c1a096d22,01.01.001,UNIT_PROCESS,USLCI,1.2026-09.0,United States of America (the),2017-01-01,2017-12-31,Commodity transport; at consumer,1d6944d8-817b-3ae1-b997-68bdc265557f,1.0,kg,False,1,PHYSICAL_ALLOCATION,https://api.nal.usda.gov/FederalLCACommonsapi/browse/National_Renewable_Energy_Laboratory/USLCI_Database_Public/PROCESS/aada124a-0480-3f45-ac36-2e7c1a096d22,2026-10-08,processes/aada124a-0480-3f45-ac36-2e7c1a096d22.json,89758874d50cb81471a510e535fa55c1018613e66bd5a0a33315b7a48454aa47
Transport,transport,"Transport, transit bus; diesel powered",ab489078-bfc7-3ff7-9af9-aaca6b225cfd,00.00.010,UNIT_PROCESS,USLCI,1.2026-09.0,United States of America (the),2009-12-31,2009-12-31,Transport; transit bus; diesel powered,83a2d23e-a668-3b97-a037-371c67c18ccf,1.0,p*km,False,1,NO_ALLOCATION,https://api.nal.usda.gov/FederalLCACommonsapi/browse/National_Renewable_Energy_Laboratory/USLCI_Database_Public/PROCESS/ab489078-bfc7-3ff7-9af9-aaca6b225cfd,2026-10-08,processes/ab489078-bfc7-3ff7-9af9-aaca6b225cfd.json,6ecee2cdeb5ec36f544b3efd4424d8defe0b4e963d6780166a4350ec65def020
Transport,transport,"Transport, single unit truck; long-haul; electricity powered; West North Central",ad18453a-694c-36d9-8acf-fe95a3bc280d,01.00.007,UNIT_PROCESS,USLCI,1.2026-09.0,unknown,2024-01-01,2024-12-31,"Transport; single unit truck, long-haul; electricity powered",ca468bee-3878-3418-918a-6cbe82ac640c,1.0,t*km,False,1,PHYSICAL_ALLOCATION,https://api.nal.usda.gov/FederalLCACommonsapi/browse/National_Renewable_Energy_Laboratory/USLCI_Database_Public/PROCESS/ad18453a-694c-36d9-8acf-fe95a3bc280d,2026-10-08,processes/ad18453a-694c-36d9-8acf-fe95a3bc280d.json,d52f287f3dfd37bb31d21783ebecb363495261201344d89cf9fe46c7ee06a8b4
Transport,transport,"Transport, combination truck; electricity powered; Southwest",ad32b6d8-b721-353b-bbda-9a43e572aa79,01.00.007,UNIT_PROCESS,USLCI,1.2026-09.0,unknown,2024-01-01,2024-12-31,Transport; combination truck; electricity powered,70d89027-628d-3404-8458-b209e40dd0e0,1.0,t*km,False,1,PHYSICAL_ALLOCATION,https://api.nal.usda.gov/FederalLCACommonsapi/browse/National_Renewable_Energy_Laboratory/USLCI_Database_Public/PROCESS/ad32b6d8-b721-353b-bbda-9a43e572aa79,2026-10-08,processes/ad32b6d8-b721-353b-bbda-9a43e572aa79.json,00eac634a7bbd09342c7e1eb57af559e384bd0cb2c3185acf817a218d0a3924c
Transport,transport,"Transport, combination truck; gasoline powered; East North Central",ad7dc241-1359-33bf-af7e-6b8461273e41,01.00.003,UNIT_PROCESS,USLCI,1.2026-09.0,unknown,2024-01-01,2024-12-31,Transport; combination truck; gasoline powered,9b20d581-cc62-3313-9412-0855be3ee7c2,1.0,t*km,False,1,PHYSICAL_ALLOCATION,https://api.nal.usda.gov/FederalLCACommonsapi/browse/National_Renewable_Energy_Laboratory/USLCI_Database_Public/PROCESS/ad7dc241-1359-33bf-af7e-6b8461273e41,2026-10-08,processes/ad7dc241-1359-33bf-af7e-6b8461273e41.json,f184bfdc0d2f86e7345405886ca50225c12741dae6e74bff070d94ecc04ad3fc
Transport,transport,"Transport, rail, freight; diesel powered; tier 4",ae023656-9a8a-32cd-be32-f7c36c847898,01.00.001,UNIT_PROCESS,USLCI,1.2026-09.0,United States of America (the),2020-01-01,2024-12-31,"Transport, rail, freight; diesel powered",4326be78-ae8b-3446-9310-278636ee68c5,1.0,t*km,False,1,PHYSICAL_ALLOCATION,https://api.nal.usda.gov/FederalLCACommonsapi/browse/National_Renewable_Energy_Laboratory/USLCI_Database_Public/PROCESS/ae023656-9a8a-32cd-be32-f7c36c847898,2026-10-08,processes/ae023656-9a8a-32cd-be32-f7c36c847898.json,0aa5c638dcf359c226ad688839a24fba0d85d40b6ddc8977480cfb579310f0ed
Transport,transport,"Transport, combination truck; compressed natural gas powered",aee013f3-6ae5-3c4c-acad-8dc891462326,01.00.003,UNIT_PROCESS,USLCI,1.2026-09.0,United States of America (the),2024-01-01,2024-12-31,Transport; combination truck; compressed natural gas powered,8a848faa-996b-39f4-a2ec-e9a1df693278,1.0,t*km,False,1,PHYSICAL_ALLOCATION,https://api.nal.usda.gov/FederalLCACommonsapi/browse/National_Renewable_Energy_Laboratory/USLCI_Database_Public/PROCESS/aee013f3-6ae5-3c4c-acad-8dc891462326,2026-10-08,processes/aee013f3-6ae5-3c4c-acad-8dc891462326.json,219da6156755176474acda7e2c7945ac7038f8ad52999755e8e864e2762cbb7c
Transport,transport,"Transport, single unit truck; long-haul; compressed natural gas powered; Northwest",afa04fc6-fc28-30de-8b2c-6845e0e668bd,01.00.003,UNIT_PROCESS,USLCI,1.2026-09.0,unknown,2024-01-01,2024-12-31,"Transport; single unit truck, long-haul; compressed natural gas powered",d0207892-1d62-3649-b2a7-4f5bd03b8a73,1.0,t*km,False,1,PHYSICAL_ALLOCATION,https://api.nal.usda.gov/FederalLCACommonsapi/browse/National_Renewable_Energy_Laboratory/USLCI_Database_Public/PROCESS/afa04fc6-fc28-30de-8b2c-6845e0e668bd,2026-10-08,processes/afa04fc6-fc28-30de-8b2c-6845e0e668bd.json,2c325d33b782c17f9b0b147d9951a6bd8bcd1725c1ea1e96b537e308a75c880c
Transport,transport,"Transport, light commercial truck; gasoline powered; West North Central",b001e212-e048-37ed-880c-6d19b0f87914,01.00.003,UNIT_PROCESS,USLCI,1.2026-09.0,unknown,2024-01-01,2024-12-31,Transport; light commercial truck; gasoline powered,0614f894-cf10-307e-bd58-ac507face752,1.0,t*km,False,1,PHYSICAL_ALLOCATION,https://api.nal.usda.gov/FederalLCACommonsapi/browse/National_Renewable_Energy_Laboratory/USLCI_Database_Public/PROCESS/b001e212-e048-37ed-880c-6d19b0f87914,2026-10-08,processes/b001e212-e048-37ed-880c-6d19b0f87914.json,25bb51c71f79acb630f36e0fcd402d663ec1bc6b7bbacdd4540947ffff62e600
Transport,transport,"Transport, single unit truck; long-haul; electricity powered; Northeast",b01df176-be02-35f9-b035-abd70b10b6e4,01.00.007,UNIT_PROCESS,USLCI,1.2026-09.0,unknown,2024-01-01,2024-12-31,"Transport; single unit truck, long-haul; electricity powered",ca468bee-3878-3418-918a-6cbe82ac640c,1.0,t*km,False,1,PHYSICAL_ALLOCATION,https://api.nal.usda.gov/FederalLCACommonsapi/browse/National_Renewable_Energy_Laboratory/USLCI_Database_Public/PROCESS/b01df176-be02-35f9-b035-abd70b10b6e4,2026-10-08,processes/b01df176-be02-35f9-b035-abd70b10b6e4.json,253fd70ea27ac9393b6698062a55b80cb1c8e4b388a16ab8d9450f756ce1b40e
Transport,transport,"Transport, single unit truck; short-haul; gasoline powered; South",b024a56f-30d2-32c7-9066-3260d390b442,01.00.003,UNIT_PROCESS,USLCI,1.2026-09.0,unknown,2024-01-01,2024-12-31,"Transport; single unit truck, short-haul; gasoline powered",524fd4ed-beef-3c60-a17b-fa0ba1842eeb,1.0,t*km,False,1,PHYSICAL_ALLOCATION,https://api.nal.usda.gov/FederalLCACommonsapi/browse/National_Renewable_Energy_Laboratory/USLCI_Database_Public/PROCESS/b024a56f-30d2-32c7-9066-3260d390b442,2026-10-08,processes/b024a56f-30d2-32c7-9066-3260d390b442.json,5e2f9a26aa0c4219c4651b86491040c0e68df2cee1f26480fcb2d6cc8229e30e
Transport,transport,"Transport, chemical tanker; distillate powered; Asia to US West Coast",b03a02f7-c419-3a3a-8c8c-9a3e91be1422,01.00.001,UNIT_PROCESS,USLCI,1.2026-09.0,Global,2023-01-01,2023-12-31,"Transport, chemical tanker; distillate powered",ce06ec4d-91ab-387e-8dd0-4358c1ea3633,1.0,t*km,False,1,PHYSICAL_ALLOCATION,https://api.nal.usda.gov/FederalLCACommonsapi/browse/National_Renewable_Energy_Laboratory/USLCI_Database_Public/PROCESS/b03a02f7-c419-3a3a-8c8c-9a3e91be1422,2026-10-08,processes/b03a02f7-c419-3a3a-8c8c-9a3e91be1422.json,bbecaddcc5eba9fed153004efb50180116f1ed079746f322370d841ccb94419b
Transport,transport,"Transport, combination truck; diesel powered; West North Central",b10f02ba-d8a4-33fc-9ad0-4ec23672f42b,01.00.003,UNIT_PROCESS,USLCI,1.2026-09.0,unknown,2024-01-01,2024-12-31,Transport; combination truck; diesel powered,628c07ec-0802-39c1-ab88-1c62848ef436,1.0,t*km,False,1,PHYSICAL_ALLOCATION,https://api.nal.usda.gov/FederalLCACommonsapi/browse/National_Renewable_Energy_Laboratory/USLCI_Database_Public/PROCESS/b10f02ba-d8a4-33fc-9ad0-4ec23672f42b,2026-10-08,processes/b10f02ba-d8a4-33fc-9ad0-4ec23672f42b.json,1e477d821900188c59129574d5e0e2cf8785a5deeb19f79e12ece4a2783559c4
Transport,transport,"Transport, container ship; distillate powered; Eastern Canada to US East Coast",b13878d6-2fde-337c-b92c-3a53bd006885,01.00.001,UNIT_PROCESS,USLCI,1.2026-09.0,Global,2023-01-01,2023-12-31,"Transport, container ship; distillate powered",e46da55e-5561-37d0-8e99-71fade967cf3,1.0,t*km,False,1,PHYSICAL_ALLOCATION,https://api.nal.usda.gov/FederalLCACommonsapi/browse/National_Renewable_Energy_Laboratory/USLCI_Database_Public/PROCESS/b13878d6-2fde-337c-b92c-3a53bd006885,2026-10-08,processes/b13878d6-2fde-337c-b92c-3a53bd006885.json,1ddcdc86be5cd2e3dc52cb2815ffd900efe216f1763499f3163d681a92b80e34
Transport,transport,"Transport, combination truck; electricity powered; Northwest",b22a873f-a468-34d6-8be1-f4579cb24e2f,01.00.007,UNIT_PROCESS,USLCI,1.2026-09.0,unknown,2024-01-01,2024-12-31,Transport; combination truck; electricity powered,70d89027-628d-3404-8458-b209e40dd0e0,1.0,t*km,False,1,PHYSICAL_ALLOCATION,https://api.nal.usda.gov/FederalLCACommonsapi/browse/National_Renewable_Energy_Laboratory/USLCI_Database_Public/PROCESS/b22a873f-a468-34d6-8be1-f4579cb24e2f,2026-10-08,processes/b22a873f-a468-34d6-8be1-f4579cb24e2f.json,70c6a3f905547de1014ed60b7ca7b32ed55b70c615ab4f933e49d9fd15dca768
Transport,transport,"Transport, transit bus; CNG powered",b27794c0-ad1c-349f-90ea-0f064082b709,00.00.008,UNIT_PROCESS,USLCI,1.2026-09.0,United States of America (the),2009-12-31,2009-12-31,Transport; transit bus; compressed natural gas powered,c8b4edca-9b7b-3006-b1cc-7a370c958544,1.0,p*km,False,1,NO_ALLOCATION,https://api.nal.usda.gov/FederalLCACommonsapi/browse/National_Renewable_Energy_Laboratory/USLCI_Database_Public/PROCESS/b27794c0-ad1c-349f-90ea-0f064082b709,2026-10-08,processes/b27794c0-ad1c-349f-90ea-0f064082b709.json,5a1cbf243531768efd7538ee528cebf8718010ad20064aa23b0d1c7476e027f7
Transport,transport,"Transport, combination truck; electricity powered; South",b2ff31a2-03d4-3a48-9400-2c59592005dc,01.00.007,UNIT_PROCESS,USLCI,1.2026-09.0,unknown,2024-01-01,2024-12-31,Transport; combination truck; electricity powered,70d89027-628d-3404-8458-b209e40dd0e0,1.0,t*km,False,1,PHYSICAL_ALLOCATION,https://api.nal.usda.gov/FederalLCACommonsapi/browse/National_Renewable_Energy_Laboratory/USLCI_Database_Public/PROCESS/b2ff31a2-03d4-3a48-9400-2c59592005dc,2026-10-08,processes/b2ff31a2-03d4-3a48-9400-2c59592005dc.json,be733b351e091a4b059da5bbb8719290d0552318338e1c702edeba69922d6328
Transport,transport,"Transport, transit bus; diesel powered; Hawaii",b3746830-f559-3e05-8df4-7eb7a7c262d1,00.00.011,UNIT_PROCESS,USLCI,1.2026-09.0,United States of America (the),2009-12-31,2009-12-31,Transport; transit bus; diesel powered,83a2d23e-a668-3b97-a037-371c67c18ccf,1.0,p*km,False,1,NO_ALLOCATION,https://api.nal.usda.gov/FederalLCACommonsapi/browse/National_Renewable_Energy_Laboratory/USLCI_Database_Public/PROCESS/b3746830-f559-3e05-8df4-7eb7a7c262d1,2026-10-08,processes/b3746830-f559-3e05-8df4-7eb7a7c262d1.json,b5a190dd528c9335ca5497d11a94edca94cf4c05fbc86f8cd6122e6aff110aac
Transport,transport,"Transport, single unit truck; long-haul; electricity powered; Northwest",b3d3db4f-a2a9-3351-ac7d-7f1ebe670ba0,01.00.007,UNIT_PROCESS,USLCI,1.2026-09.0,unknown,2024-01-01,2024-12-31,"Transport; single unit truck, long-haul; electricity powered",ca468bee-3878-3418-918a-6cbe82ac640c,1.0,t*km,False,1,PHYSICAL_ALLOCATION,https://api.nal.usda.gov/FederalLCACommonsapi/browse/National_Renewable_Energy_Laboratory/USLCI_Database_Public/PROCESS/b3d3db4f-a2a9-3351-ac7d-7f1ebe670ba0,2026-10-08,processes/b3d3db4f-a2a9-3351-ac7d-7f1ebe670ba0.json,12b55812ad3e7139918dc3e6224a35960ecaf698260764e94c6b677d1b438d34
Transport,transport,"Transport, single unit truck; short-haul; compressed natural gas powered; East North Central",b3dd9ee8-c149-3e57-ade5-386171b219e7,01.00.003,UNIT_PROCESS,USLCI,1.2026-09.0,unknown,2024-01-01,2024-12-31,"Transport; single unit truck, short-haul; compressed natural gas powered",1a34089c-3f9a-3afb-9ca6-93a4c7d6424e,1.0,t*km,False,1,PHYSICAL_ALLOCATION,https://api.nal.usda.gov/FederalLCACommonsapi/browse/National_Renewable_Energy_Laboratory/USLCI_Database_Public/PROCESS/b3dd9ee8-c149-3e57-ade5-386171b219e7,2026-10-08,processes/b3dd9ee8-c149-3e57-ade5-386171b219e7.json,9f42136661dbf1d2e4ad92f174531f821da9352668b799252e55faf9485e581f
Transport,transport,"Transport, container ship; residual fuel oil powered; Asia to US West Coast",b4008d82-d74b-3d02-bae3-16dbc21f2df4,01.00.001,UNIT_PROCESS,USLCI,1.2026-09.0,Global,2023-01-01,2023-12-31,"Transport, container ship; residual fuel oil powered",0d1b359b-72a1-3c00-aa2c-2102e8c81a17,1.0,t*km,False,1,PHYSICAL_ALLOCATION,https://api.nal.usda.gov/FederalLCACommonsapi/browse/National_Renewable_Energy_Laboratory/USLCI_Database_Public/PROCESS/b4008d82-d74b-3d02-bae3-16dbc21f2df4,2026-10-08,processes/b4008d82-d74b-3d02-bae3-16dbc21f2df4.json,20ff30e78ece1ae44bde049ce7a0ad66fcf7c09a1ca13f24f496282de6a60056
Transport,transport,"Transport, container ship; residual fuel oil powered; Pacific of Central/South America to US West Coast",b4b2e177-42af-38d0-82c8-71878c6bb8ba,01.00.001,UNIT_PROCESS,USLCI,1.2026-09.0,Global,2023-01-01,2023-12-31,"Transport, container ship; residual fuel oil powered",0d1b359b-72a1-3c00-aa2c-2102e8c81a17,1.0,t*km,False,1,PHYSICAL_ALLOCATION,https://api.nal.usda.gov/FederalLCACommonsapi/browse/National_Renewable_Energy_Laboratory/USLCI_Database_Public/PROCESS/b4b2e177-42af-38d0-82c8-71878c6bb8ba,2026-10-08,processes/b4b2e177-42af-38d0-82c8-71878c6bb8ba.json,f16bf1566707e440a8fd360ae47bdadfc04a2e9182edc1198ed751337ac620b3
Transport,transport,"Transport, single unit truck; electricity powered; South",b4db0c58-f16d-319d-b8ee-294e6fcf7745,01.00.007,UNIT_PROCESS,USLCI,1.2026-09.0,unknown,2024-01-01,2024-12-31,Transport; single unit truck; electricity powered,94755eaa-c6ec-32d3-b687-b94ed0a53e5f,1.0,t*km,False,1,PHYSICAL_ALLOCATION,https://api.nal.usda.gov/FederalLCACommonsapi/browse/National_Renewable_Energy_Laboratory/USLCI_Database_Public/PROCESS/b4db0c58-f16d-319d-b8ee-294e6fcf7745,2026-10-08,processes/b4db0c58-f16d-319d-b8ee-294e6fcf7745.json,f188e59ddceab8fb7ec2f05f6dbb0ef8f398a474a274cd69667624a00f7b48c9
Transport,transport,"Transport; average mix; agricultural products (excludes animal feed, cereal grains, and forage products)",b4dc603c-8a41-39f0-b08c-422ffefea812,01.01.001,UNIT_PROCESS,USLCI,1.2026-09.0,United States of America (the),2017-01-01,2017-12-31,Commodity transport; at consumer,1d6944d8-817b-3ae1-b997-68bdc265557f,1.0,kg,False,1,PHYSICAL_ALLOCATION,https://api.nal.usda.gov/FederalLCACommonsapi/browse/National_Renewable_Energy_Laboratory/USLCI_Database_Public/PROCESS/b4dc603c-8a41-39f0-b08c-422ffefea812,2026-10-08,processes/b4dc603c-8a41-39f0-b08c-422ffefea812.json,00b25a7aa66554ec18abc7c0fcb1196efc02c26b255d1a91d85ccd7eaca3b373
Transport,transport,"Transport, container ship; distillate powered; Caribbean to US East Coast",b566d2c8-021c-3950-b61b-8c70c7b5d3e3,01.00.001,UNIT_PROCESS,USLCI,1.2026-09.0,Global,2023-01-01,2023-12-31,"Transport, container ship; distillate powered",e46da55e-5561-37d0-8e99-71fade967cf3,1.0,t*km,False,1,PHYSICAL_ALLOCATION,https://api.nal.usda.gov/FederalLCACommonsapi/browse/National_Renewable_Energy_Laboratory/USLCI_Database_Public/PROCESS/b566d2c8-021c-3950-b61b-8c70c7b5d3e3,2026-10-08,processes/b566d2c8-021c-3950-b61b-8c70c7b5d3e3.json,9f07c37054add916ae4b48533173b3022634fe9aaef974c21af8941fc9f9f96d
Transport,transport,"Transport, combination truck; short-haul; electricity powered; Southeast",b60e52eb-01b4-3fd7-ab3f-b3290c2cab06,01.00.007,UNIT_PROCESS,USLCI,1.2026-09.0,unknown,2024-01-01,2024-12-31,"Transport; combination truck, short-haul; electricity powered",d5ce6d5d-eea3-3c42-9999-fe46c52a1541,1.0,t*km,False,1,PHYSICAL_ALLOCATION,https://api.nal.usda.gov/FederalLCACommonsapi/browse/National_Renewable_Energy_Laboratory/USLCI_Database_Public/PROCESS/b60e52eb-01b4-3fd7-ab3f-b3290c2cab06,2026-10-08,processes/b60e52eb-01b4-3fd7-ab3f-b3290c2cab06.json,62b5095360c4780121f57921fde2bb1da47c29112f1e951bcfcadec64551cbcb
Transport,transport,"Transport, single unit truck; long-haul; compressed natural gas powered; South",b797797e-814d-3e4a-867b-90bea0bcdeaa,01.00.003,UNIT_PROCESS,USLCI,1.2026-09.0,unknown,2024-01-01,2024-12-31,"Transport; single unit truck, long-haul; compressed natural gas powered",d0207892-1d62-3649-b2a7-4f5bd03b8a73,1.0,t*km,False,1,PHYSICAL_ALLOCATION,https://api.nal.usda.gov/FederalLCACommonsapi/browse/National_Renewable_Energy_Laboratory/USLCI_Database_Public/PROCESS/b797797e-814d-3e4a-867b-90bea0bcdeaa,2026-10-08,processes/b797797e-814d-3e4a-867b-90bea0bcdeaa.json,198bf044c80290e67e6b6b5b419e64009fa77f537223e55ef8738dcd48c5c0cb
Transport,transport,"Transport, single unit truck; long-haul; electricity powered; Central",b7ccc96d-a8a7-38e5-8c14-70bb9c3d2f34,01.00.007,UNIT_PROCESS,USLCI,1.2026-09.0,unknown,2024-01-01,2024-12-31,"Transport; single unit truck, long-haul; electricity powered",ca468bee-3878-3418-918a-6cbe82ac640c,1.0,t*km,False,1,PHYSICAL_ALLOCATION,https://api.nal.usda.gov/FederalLCACommonsapi/browse/National_Renewable_Energy_Laboratory/USLCI_Database_Public/PROCESS/b7ccc96d-a8a7-38e5-8c14-70bb9c3d2f34,2026-10-08,processes/b7ccc96d-a8a7-38e5-8c14-70bb9c3d2f34.json,c53aa0687fdee087573a75d6d08c6f750348394d47ee446502f035428f333ee4
Transport,transport,"Transport, single unit truck; short-haul; gasoline powered",ba328bfe-68dd-3d33-a95e-bdcd28252c39,01.00.003,UNIT_PROCESS,USLCI,1.2026-09.0,United States of America (the),2024-01-01,2024-12-31,"Transport; single unit truck, short-haul; gasoline powered",524fd4ed-beef-3c60-a17b-fa0ba1842eeb,1.0,t*km,False,1,PHYSICAL_ALLOCATION,https://api.nal.usda.gov/FederalLCACommonsapi/browse/National_Renewable_Energy_Laboratory/USLCI_Database_Public/PROCESS/ba328bfe-68dd-3d33-a95e-bdcd28252c39,2026-10-08,processes/ba328bfe-68dd-3d33-a95e-bdcd28252c39.json,d647d8ec8ff5f6d56b84fbfc7c20bb5ae9a5f18265628e18261ce9f21b4f6040
Transport,transport,"Transport, chemical tanker; distillate powered; Africa to US Gulf",ba52d07a-ffb0-3d13-b8bf-f7de2193db08,01.00.001,UNIT_PROCESS,USLCI,1.2026-09.0,Global,2023-01-01,2023-12-31,"Transport, chemical tanker; distillate powered",ce06ec4d-91ab-387e-8dd0-4358c1ea3633,1.0,t*km,False,1,PHYSICAL_ALLOCATION,https://api.nal.usda.gov/FederalLCACommonsapi/browse/National_Renewable_Energy_Laboratory/USLCI_Database_Public/PROCESS/ba52d07a-ffb0-3d13-b8bf-f7de2193db08,2026-10-08,processes/ba52d07a-ffb0-3d13-b8bf-f7de2193db08.json,c5e536e1a013a06b9766ff37642b1e7b8ef2dc75e1454a7c5d031f06dec32d30
Transport,transport,"Transport, combination truck; short-haul; electricity powered; Alaska",ba914599-c630-31ef-b30a-819a1f179c51,01.00.007,UNIT_PROCESS,USLCI,1.2026-09.0,unknown,2024-01-01,2024-12-31,"Transport; combination truck, short-haul; electricity powered",d5ce6d5d-eea3-3c42-9999-fe46c52a1541,1.0,t*km,False,1,PHYSICAL_ALLOCATION,https://api.nal.usda.gov/FederalLCACommonsapi/browse/National_Renewable_Energy_Laboratory/USLCI_Database_Public/PROCESS/ba914599-c630-31ef-b30a-819a1f179c51,2026-10-08,processes/ba914599-c630-31ef-b30a-819a1f179c51.json,394aa29e34823ca14d9da63176556849436af0e7990ecf79a3f91d6e90808e14
Transport,transport,"Transport, light commercial truck; diesel powered; Central",bbcb0128-0ea1-3ef9-9f94-889a523b7c35,01.00.003,UNIT_PROCESS,USLCI,1.2026-09.0,unknown,2024-01-01,2024-12-31,Transport; light commercial truck; diesel powered,35fe9caf-2ad2-3d14-ae03-21454a89da2e,1.0,t*km,False,1,PHYSICAL_ALLOCATION,https://api.nal.usda.gov/FederalLCACommonsapi/browse/National_Renewable_Energy_Laboratory/USLCI_Database_Public/PROCESS/bbcb0128-0ea1-3ef9-9f94-889a523b7c35,2026-10-08,processes/bbcb0128-0ea1-3ef9-9f94-889a523b7c35.json,581f575e9cc0eb684eaae5325d909ec9087bc4f6079ee422c8dc3f0cac2c2804
Transport,transport,"Transport, combination truck; electricity powered",bbd164e5-571d-3b26-be5a-9a479b24b77c,01.00.007,UNIT_PROCESS,USLCI,1.2026-09.0,United States of America (the),2024-01-01,2024-12-31,Transport; combination truck; electricity powered,70d89027-628d-3404-8458-b209e40dd0e0,1.0,t*km,False,1,PHYSICAL_ALLOCATION,https://api.nal.usda.gov/FederalLCACommonsapi/browse/National_Renewable_Energy_Laboratory/USLCI_Database_Public/PROCESS/bbd164e5-571d-3b26-be5a-9a479b24b77c,2026-10-08,processes/bbd164e5-571d-3b26-be5a-9a479b24b77c.json,e8aecffe24cc375053d45117c2504792b1ca0c2c930d0bf7f91aae659d815b3d
Transport,transport,"Transport, combination truck; short-haul; gasoline powered; Northeast",bce059b7-4de7-3505-b692-662149026a0a,01.00.003,UNIT_PROCESS,USLCI,1.2026-09.0,unknown,2024-01-01,2024-12-31,"Transport; combination truck, short-haul; gasoline powered",41361da6-313c-3621-bbe6-3a792f3dab6b,1.0,t*km,False,1,PHYSICAL_ALLOCATION,https://api.nal.usda.gov/FederalLCACommonsapi/browse/National_Renewable_Energy_Laboratory/USLCI_Database_Public/PROCESS/bce059b7-4de7-3505-b692-662149026a0a,2026-10-08,processes/bce059b7-4de7-3505-b692-662149026a0a.json,6d201a83dfbfc685ddbe4fdcca3562aebc90c97fad9e0e684754d1aaa0436e37
Transport,transport,"Transport, combination truck; diesel powered; Alaska",bd18f612-6ce3-3b2e-bb7d-c346ad6d9d75,01.00.003,UNIT_PROCESS,USLCI,1.2026-09.0,unknown,2024-01-01,2024-12-31,Transport; combination truck; diesel powered,628c07ec-0802-39c1-ab88-1c62848ef436,1.0,t*km,False,1,PHYSICAL_ALLOCATION,https://api.nal.usda.gov/FederalLCACommonsapi/browse/National_Renewable_Energy_Laboratory/USLCI_Database_Public/PROCESS/bd18f612-6ce3-3b2e-bb7d-c346ad6d9d75,2026-10-08,processes/bd18f612-6ce3-3b2e-bb7d-c346ad6d9d75.json,0874b95df2b1f33b66537214f6464f9e123dec51ed52dc62d6f86978f1b2e1b6
Transport,transport,"Transport, single unit truck; long-haul; compressed natural gas powered; Northeast",bd3a7b9b-d08d-34b1-b006-a33a2f76a09c,01.00.003,UNIT_PROCESS,USLCI,1.2026-09.0,unknown,2024-01-01,2024-12-31,"Transport; single unit truck, long-haul; compressed natural gas powered",d0207892-1d62-3649-b2a7-4f5bd03b8a73,1.0,t*km,False,1,PHYSICAL_ALLOCATION,https://api.nal.usda.gov/FederalLCACommonsapi/browse/National_Renewable_Energy_Laboratory/USLCI_Database_Public/PROCESS/bd3a7b9b-d08d-34b1-b006-a33a2f76a09c,2026-10-08,processes/bd3a7b9b-d08d-34b1-b006-a33a2f76a09c.json,77fc18e2acaa765920641821c84124b487b8bda77ee86a73db9fc3e248779fba
Transport,transport,"Transport, combination truck; short-haul; electricity powered",bdc7eae6-8024-3977-bf48-3051691a0af6,01.00.007,UNIT_PROCESS,USLCI,1.2026-09.0,United States of America (the),2024-01-01,2024-12-31,"Transport; combination truck, short-haul; electricity powered",d5ce6d5d-eea3-3c42-9999-fe46c52a1541,1.0,t*km,False,1,PHYSICAL_ALLOCATION,https://api.nal.usda.gov/FederalLCACommonsapi/browse/National_Renewable_Energy_Laboratory/USLCI_Database_Public/PROCESS/bdc7eae6-8024-3977-bf48-3051691a0af6,2026-10-08,processes/bdc7eae6-8024-3977-bf48-3051691a0af6.json,f10974016475c5c531bf83caaad35478960a74d633eff517e40ad6a88c61f56d
Transport,transport,"Transport, single unit truck; short-haul; compressed natural gas powered; Northwest",bdd2a8a5-6f7a-3884-85ad-ad28e21e5a1a,01.00.003,UNIT_PROCESS,USLCI,1.2026-09.0,unknown,2024-01-01,2024-12-31,"Transport; single unit truck, short-haul; compressed natural gas powered",1a34089c-3f9a-3afb-9ca6-93a4c7d6424e,1.0,t*km,False,1,PHYSICAL_ALLOCATION,https://api.nal.usda.gov/FederalLCACommonsapi/browse/National_Renewable_Energy_Laboratory/USLCI_Database_Public/PROCESS/bdd2a8a5-6f7a-3884-85ad-ad28e21e5a1a,2026-10-08,processes/bdd2a8a5-6f7a-3884-85ad-ad28e21e5a1a.json,c6f8d72329dbd32991591607318277aacad7e8b7deb7d0fc858cee49c9145d41
Transport,transport,"Transport, container ship; distillate powered; Atlantic of Central/South America to US Gulf",bde3cc42-c955-3511-bdc7-35f4d60fade0,01.00.001,UNIT_PROCESS,USLCI,1.2026-09.0,Global,2023-01-01,2023-12-31,"Transport, container ship; distillate powered",e46da55e-5561-37d0-8e99-71fade967cf3,1.0,t*km,False,1,PHYSICAL_ALLOCATION,https://api.nal.usda.gov/FederalLCACommonsapi/browse/National_Renewable_Energy_Laboratory/USLCI_Database_Public/PROCESS/bde3cc42-c955-3511-bdc7-35f4d60fade0,2026-10-08,processes/bde3cc42-c955-3511-bdc7-35f4d60fade0.json,e1073f988478f8acdc95c4d1bf4685a6fd4156ac76e697effc025f24163bd5b6
Transport,transport,"Transport, light commercial truck; electricity powered; Northwest",be094940-fb6d-348b-a25b-3fb8ac9b561a,01.00.007,UNIT_PROCESS,USLCI,1.2026-09.0,unknown,2024-01-01,2024-12-31,Transport; light commercial truck; electricity powered,0925e27b-37eb-38b6-8710-314211416cc2,1.0,t*km,False,1,PHYSICAL_ALLOCATION,https://api.nal.usda.gov/FederalLCACommonsapi/browse/National_Renewable_Energy_Laboratory/USLCI_Database_Public/PROCESS/be094940-fb6d-348b-a25b-3fb8ac9b561a,2026-10-08,processes/be094940-fb6d-348b-a25b-3fb8ac9b561a.json,e6c245e2ceb3a364fce275b0bdc630512f60d6ee6a5639c20cc596170333e580
Transport,transport,"Transport, single unit truck; diesel powered; Central",bed8446c-5d29-3e1a-bbd7-3d9a14721d1c,01.00.003,UNIT_PROCESS,USLCI,1.2026-09.0,unknown,2024-01-01,2024-12-31,Transport; single unit truck; diesel powered,bbcd8095-e1d5-3762-aa08-3efc8d1d2ec4,1.0,t*km,False,1,PHYSICAL_ALLOCATION,https://api.nal.usda.gov/FederalLCACommonsapi/browse/National_Renewable_Energy_Laboratory/USLCI_Database_Public/PROCESS/bed8446c-5d29-3e1a-bbd7-3d9a14721d1c,2026-10-08,processes/bed8446c-5d29-3e1a-bbd7-3d9a14721d1c.json,381569b36350497fb662a7e6a76c8dbcf7888f9124445c4fbd7c53319f48042f
Transport,transport,"Transport, light commercial truck; diesel powered",bf6e7378-4e08-3698-a3a7-c9cc90fcbc07,01.00.003,UNIT_PROCESS,USLCI,1.2026-09.0,United States of America (the),2024-01-01,2024-12-31,Transport; light commercial truck; diesel powered,35fe9caf-2ad2-3d14-ae03-21454a89da2e,1.0,t*km,False,1,PHYSICAL_ALLOCATION,https://api.nal.usda.gov/FederalLCACommonsapi/browse/National_Renewable_Energy_Laboratory/USLCI_Database_Public/PROCESS/bf6e7378-4e08-3698-a3a7-c9cc90fcbc07,2026-10-08,processes/bf6e7378-4e08-3698-a3a7-c9cc90fcbc07.json,18206475750432339f9df7e2781f9ae754a4335e3ab5a9a5488fa8799f0621d3
Transport,transport,"Transport, combination truck; short-haul; compressed natural gas powered; Northeast",c013fecd-01c9-3d27-8ab9-b3098574fdb1,01.00.003,UNIT_PROCESS,USLCI,1.2026-09.0,unknown,2024-01-01,2024-12-31,"Transport; combination truck, short-haul; compressed natural gas powered",419e9d46-92be-37cf-a9a2-765076ebf9ad,1.0,t*km,False,1,PHYSICAL_ALLOCATION,https://api.nal.usda.gov/FederalLCACommonsapi/browse/National_Renewable_Energy_Laboratory/USLCI_Database_Public/PROCESS/c013fecd-01c9-3d27-8ab9-b3098574fdb1,2026-10-08,processes/c013fecd-01c9-3d27-8ab9-b3098574fdb1.json,6ac5053a80cb9a115a8b6eb8846f40b53f9d5c0d3b5ce9edc550664e8f41014a
Transport,transport,"Transport, passenger car; diesel powered",c01e63be-688d-36c6-ba41-07d900691186,00.00.009,UNIT_PROCESS,USLCI,1.2026-09.0,United States of America (the),2009-12-31,2009-12-31,Transport; passenger car; diesel powered,19ac1c40-d97e-3a44-b978-6d8150738d52,1.0,p*km,False,1,NO_ALLOCATION,https://api.nal.usda.gov/FederalLCACommonsapi/browse/National_Renewable_Energy_Laboratory/USLCI_Database_Public/PROCESS/c01e63be-688d-36c6-ba41-07d900691186,2026-10-08,processes/c01e63be-688d-36c6-ba41-07d900691186.json,c7fb6f3843d81f1a7ebeecbaa8160cb77ce0f14446415cc5233337341e88edda
Transport,transport,"Transport, transit bus; diesel powered; West North Central",c042ca2f-0d9c-3014-b200-2093351fc4f6,00.00.011,UNIT_PROCESS,USLCI,1.2026-09.0,United States of America (the),2009-12-31,2009-12-31,Transport; transit bus; diesel powered,83a2d23e-a668-3b97-a037-371c67c18ccf,1.0,p*km,False,1,NO_ALLOCATION,https://api.nal.usda.gov/FederalLCACommonsapi/browse/National_Renewable_Energy_Laboratory/USLCI_Database_Public/PROCESS/c042ca2f-0d9c-3014-b200-2093351fc4f6,2026-10-08,processes/c042ca2f-0d9c-3014-b200-2093351fc4f6.json,7b8e067db47e8cc384782fe8d2941078a461b6b371e095d7b9e7dcfd0df7647b
Transport,transport,"Transport, combination truck; long-haul; diesel powered; Hawaii",c069b1d6-6596-356b-81f9-16f3d65bd6b1,01.00.003,UNIT_PROCESS,USLCI,1.2026-09.0,unknown,2024-01-01,2024-12-31,"Transport; combination truck, long-haul; diesel powered",13ed0c67-549c-3a01-afee-7083b12dd949,1.0,t*km,False,1,PHYSICAL_ALLOCATION,https://api.nal.usda.gov/FederalLCACommonsapi/browse/National_Renewable_Energy_Laboratory/USLCI_Database_Public/PROCESS/c069b1d6-6596-356b-81f9-16f3d65bd6b1,2026-10-08,processes/c069b1d6-6596-356b-81f9-16f3d65bd6b1.json,8acf3ca96769cb5210a3f0023c03ffb0616048181f17c44bf0de4aecb83d5167
Transport,transport,"Transport, combination truck; long-haul; electricity powered",c1053de1-15ad-3ee4-9694-0bd0610a00ed,01.00.007,UNIT_PROCESS,USLCI,1.2026-09.0,United States of America (the),2024-01-01,2024-12-31,"Transport; combination truck, long-haul; electricity powered",0e5e3079-33df-31fd-ad79-8b8feff08fb6,1.0,t*km,False,1,PHYSICAL_ALLOCATION,https://api.nal.usda.gov/FederalLCACommonsapi/browse/National_Renewable_Energy_Laboratory/USLCI_Database_Public/PROCESS/c1053de1-15ad-3ee4-9694-0bd0610a00ed,2026-10-08,processes/c1053de1-15ad-3ee4-9694-0bd0610a00ed.json,fef6e3e55e856be79bf4451e65386a364447514c6dbf5766701f90e71fca63e2
Transport,transport,"Transport, combination truck; short-haul; compressed natural gas powered; Central",c152d641-ddad-3c1b-b2f9-974d08cc8e00,01.00.003,UNIT_PROCESS,USLCI,1.2026-09.0,unknown,2024-01-01,2024-12-31,"Transport; combination truck, short-haul; compressed natural gas powered",419e9d46-92be-37cf-a9a2-765076ebf9ad,1.0,t*km,False,1,PHYSICAL_ALLOCATION,https://api.nal.usda.gov/FederalLCACommonsapi/browse/National_Renewable_Energy_Laboratory/USLCI_Database_Public/PROCESS/c152d641-ddad-3c1b-b2f9-974d08cc8e00,2026-10-08,processes/c152d641-ddad-3c1b-b2f9-974d08cc8e00.json,f7599e61296fac464974a9fcfb8ca9c31569bb9a9a8c8392d163858b83d8ffdf
Transport,transport,"Transport; average mix; animal feed, eggs, honey, and other products of animal origin",c1d11eab-b86f-3acf-9827-fd108754be4d,01.01.001,UNIT_PROCESS,USLCI,1.2026-09.0,United States of America (the),2017-01-01,2017-12-31,Commodity transport; at consumer,1d6944d8-817b-3ae1-b997-68bdc265557f,1.0,kg,False,1,PHYSICAL_ALLOCATION,https://api.nal.usda.gov/FederalLCACommonsapi/browse/National_Renewable_Energy_Laboratory/USLCI_Database_Public/PROCESS/c1d11eab-b86f-3acf-9827-fd108754be4d,2026-10-08,processes/c1d11eab-b86f-3acf-9827-fd108754be4d.json,979d92cdf830c5dea9f75577fad2437ea4950bcd85c7607920d775f0895d5ff7
Transport,transport,"Transport, container ship; residual fuel oil powered; Pacific of Central/South America to US East Coast",c1deef39-2120-3095-9180-f51a0e3bea08,01.00.001,UNIT_PROCESS,USLCI,1.2026-09.0,Global,2023-01-01,2023-12-31,"Transport, container ship; residual fuel oil powered",0d1b359b-72a1-3c00-aa2c-2102e8c81a17,1.0,t*km,False,1,PHYSICAL_ALLOCATION,https://api.nal.usda.gov/FederalLCACommonsapi/browse/National_Renewable_Energy_Laboratory/USLCI_Database_Public/PROCESS/c1deef39-2120-3095-9180-f51a0e3bea08,2026-10-08,processes/c1deef39-2120-3095-9180-f51a0e3bea08.json,629e974ce6c228ecd0ee2fd880e7eb81579d6d948a5d829493a098587e6a8f9a
Transport,transport,"Transport, combination truck; long-haul; compressed natural gas powered; Northeast",c1fcb068-310a-34da-9021-f61d875d27de,01.00.003,UNIT_PROCESS,USLCI,1.2026-09.0,unknown,2024-01-01,2024-12-31,"Transport; combination truck, long-haul; compressed natural gas powered",8d49dd43-aada-36f4-9bf3-feff7e3231c3,1.0,t*km,False,1,PHYSICAL_ALLOCATION,https://api.nal.usda.gov/FederalLCACommonsapi/browse/National_Renewable_Energy_Laboratory/USLCI_Database_Public/PROCESS/c1fcb068-310a-34da-9021-f61d875d27de,2026-10-08,processes/c1fcb068-310a-34da-9021-f61d875d27de.json,2e0e10215794d68f6634da4ea17e27a714c6097d53695ba049d4180bc34a9a78
Transport,transport,"Transport, combination truck; short-haul; gasoline powered; Southwest",c2142561-f5c2-3311-95d1-25b625576c80,01.00.003,UNIT_PROCESS,USLCI,1.2026-09.0,unknown,2024-01-01,2024-12-31,"Transport; combination truck, short-haul; gasoline powered",41361da6-313c-3621-bbe6-3a792f3dab6b,1.0,t*km,False,1,PHYSICAL_ALLOCATION,https://api.nal.usda.gov/FederalLCACommonsapi/browse/National_Renewable_Energy_Laboratory/USLCI_Database_Public/PROCESS/c2142561-f5c2-3311-95d1-25b625576c80,2026-10-08,processes/c2142561-f5c2-3311-95d1-25b625576c80.json,2cd9acde8135f5797ad0bfc2f62c0eb94e02c8584d53dfb69ee376fe438ab57a
Transport,transport,"Transport, barge; diesel powered",c2300fc3-5496-3d12-9135-67dc0ef740c9,00.00.011,UNIT_PROCESS,USLCI,1.2026-09.0,United States of America (the),2005-01-01,2013-12-31,Transport; barge; diesel powered,a1242640-8306-366c-9c55-6dfd23e77bd7,1.0,t*km,False,1,NO_ALLOCATION,https://api.nal.usda.gov/FederalLCACommonsapi/browse/National_Renewable_Energy_Laboratory/USLCI_Database_Public/PROCESS/c2300fc3-5496-3d12-9135-67dc0ef740c9,2026-10-08,processes/c2300fc3-5496-3d12-9135-67dc0ef740c9.json,c4999ef6a3125298c1b540a7c55bfe0987df70949f9c3b91fdf26b2828db2456
Transport,transport,"Transport, light commercial truck; E85 powered; Southeast",c23bad5c-5223-3ec0-a4a7-d96fc86b554f,01.00.003,UNIT_PROCESS,USLCI,1.2026-09.0,unknown,2024-01-01,2024-12-31,Transport; light commercial truck; E85 powered,0a954583-49bd-3d80-8200-847790caf5b2,1.0,t*km,False,1,PHYSICAL_ALLOCATION,https://api.nal.usda.gov/FederalLCACommonsapi/browse/National_Renewable_Energy_Laboratory/USLCI_Database_Public/PROCESS/c23bad5c-5223-3ec0-a4a7-d96fc86b554f,2026-10-08,processes/c23bad5c-5223-3ec0-a4a7-d96fc86b554f.json,6182c89e4ee13076e2569fa5f9cf38414b064dc352035e5672bee58d3de2c5a1
Transport,transport,"Transport, combination truck; long-haul; compressed natural gas powered; Alaska",c27d8678-6c60-3c55-a4bf-81093984915a,01.00.003,UNIT_PROCESS,USLCI,1.2026-09.0,unknown,2024-01-01,2024-12-31,"Transport; combination truck, long-haul; compressed natural gas powered",8d49dd43-aada-36f4-9bf3-feff7e3231c3,1.0,t*km,False,1,PHYSICAL_ALLOCATION,https://api.nal.usda.gov/FederalLCACommonsapi/browse/National_Renewable_Energy_Laboratory/USLCI_Database_Public/PROCESS/c27d8678-6c60-3c55-a4bf-81093984915a,2026-10-08,processes/c27d8678-6c60-3c55-a4bf-81093984915a.json,b7343ce1a381d284744491ba37c12848b901a05290b411bc0aed6e76fca43034
Transport,transport,"Transport, single unit truck; long-haul; diesel powered; West",c2a7ddaa-164e-3a05-b063-221f68080142,01.00.003,UNIT_PROCESS,USLCI,1.2026-09.0,unknown,2024-01-01,2024-12-31,"Transport; single unit truck, long-haul; diesel powered",1c639821-1428-35ac-aaa4-277aacdc7420,1.0,t*km,False,1,PHYSICAL_ALLOCATION,https://api.nal.usda.gov/FederalLCACommonsapi/browse/National_Renewable_Energy_Laboratory/USLCI_Database_Public/PROCESS/c2a7ddaa-164e-3a05-b063-221f68080142,2026-10-08,processes/c2a7ddaa-164e-3a05-b063-221f68080142.json,a7d3fd6479bd6a9f05a0daf69eb9ffa07fd6b4ac8e84cb437dd363443e67eca0
Transport,transport,"Transport, container ship; residual fuel oil powered; Atlantic of Central/South America to US Gulf",c2ebb6d1-a0b7-3ce4-b545-011a7a131666,01.00.001,UNIT_PROCESS,USLCI,1.2026-09.0,Global,2023-01-01,2023-12-31,"Transport, container ship; residual fuel oil powered",0d1b359b-72a1-3c00-aa2c-2102e8c81a17,1.0,t*km,False,1,PHYSICAL_ALLOCATION,https://api.nal.usda.gov/FederalLCACommonsapi/browse/National_Renewable_Energy_Laboratory/USLCI_Database_Public/PROCESS/c2ebb6d1-a0b7-3ce4-b545-011a7a131666,2026-10-08,processes/c2ebb6d1-a0b7-3ce4-b545-011a7a131666.json,7a9a8bbe73b60dabf8b945a11b08086299239a22ab6e728d4cf16df0b0032b44
Transport,transport,"Transport, chemical tanker; residual fuel oil powered; Caribbean to US East Coast",c30b795d-febb-3114-b454-f6ed51cb2efd,01.00.001,UNIT_PROCESS,USLCI,1.2026-09.0,Global,2023-01-01,2023-12-31,"Transport, chemical tanker; residual fuel oil powered",8c3474d2-9fc0-3940-a631-ec4229207e82,1.0,t*km,False,1,PHYSICAL_ALLOCATION,https://api.nal.usda.gov/FederalLCACommonsapi/browse/National_Renewable_Energy_Laboratory/USLCI_Database_Public/PROCESS/c30b795d-febb-3114-b454-f6ed51cb2efd,2026-10-08,processes/c30b795d-febb-3114-b454-f6ed51cb2efd.json,7e1d79b776c26a3cdcd930733cfc31af5018b69cc24689a2faa1aac561088b2b
Transport,transport,"Transport, single unit truck; compressed natural gas powered; Alaska",c330ff5d-bff8-326f-80f8-a51c78c853ea,01.00.003,UNIT_PROCESS,USLCI,1.2026-09.0,unknown,2024-01-01,2024-12-31,Transport; single unit truck; compressed natural gas powered,cb33e8c2-2296-3c28-8015-fc08bf040845,1.0,t*km,False,1,PHYSICAL_ALLOCATION,https://api.nal.usda.gov/FederalLCACommonsapi/browse/National_Renewable_Energy_Laboratory/USLCI_Database_Public/PROCESS/c330ff5d-bff8-326f-80f8-a51c78c853ea,2026-10-08,processes/c330ff5d-bff8-326f-80f8-a51c78c853ea.json,b426567e03d2821120a822de89f8cbcc9c0facf0cc61c97928339b244fdffc43
Transport,transport,"Transport, single unit truck; short-haul; diesel powered; Northwest",c365372e-b463-35b8-acee-d2ad71e2ccdd,01.00.003,UNIT_PROCESS,USLCI,1.2026-09.0,unknown,2024-01-01,2024-12-31,"Transport; single unit truck, short-haul; diesel powered",20567d69-c8ee-325c-a98c-43c35b8eb9f4,1.0,t*km,False,1,PHYSICAL_ALLOCATION,https://api.nal.usda.gov/FederalLCACommonsapi/browse/National_Renewable_Energy_Laboratory/USLCI_Database_Public/PROCESS/c365372e-b463-35b8-acee-d2ad71e2ccdd,2026-10-08,processes/c365372e-b463-35b8-acee-d2ad71e2ccdd.json,ae560821e3a0fb611f2a7e97f084f3004af14a847f50b742fcff984205e70004
Transport,transport,"Transport, single unit truck; electricity powered; East North Central",c3880960-a3e7-397c-b9c5-ad3ea69fa101,01.00.007,UNIT_PROCESS,USLCI,1.2026-09.0,unknown,2024-01-01,2024-12-31,Transport; single unit truck; electricity powered,94755eaa-c6ec-32d3-b687-b94ed0a53e5f,1.0,t*km,False,1,PHYSICAL_ALLOCATION,https://api.nal.usda.gov/FederalLCACommonsapi/browse/National_Renewable_Energy_Laboratory/USLCI_Database_Public/PROCESS/c3880960-a3e7-397c-b9c5-ad3ea69fa101,2026-10-08,processes/c3880960-a3e7-397c-b9c5-ad3ea69fa101.json,6b1b017a408e74fecfc6aa796fc24291d9ea1df1602f24df0be595755e7d3f4d
Transport,transport,"Transport, single unit truck; long-haul; diesel powered",c3ba0cd2-d36d-396a-8295-bd4c00979cf6,01.00.003,UNIT_PROCESS,USLCI,1.2026-09.0,United States of America (the),2024-01-01,2024-12-31,"Transport; single unit truck, long-haul; diesel powered",1c639821-1428-35ac-aaa4-277aacdc7420,1.0,t*km,False,1,PHYSICAL_ALLOCATION,https://api.nal.usda.gov/FederalLCACommonsapi/browse/National_Renewable_Energy_Laboratory/USLCI_Database_Public/PROCESS/c3ba0cd2-d36d-396a-8295-bd4c00979cf6,2026-10-08,processes/c3ba0cd2-d36d-396a-8295-bd4c00979cf6.json,7b3b8e08944e055371d10e1f4c3d552a4a29d1063a138a7fd986c0149ff6f4e5
Transport,transport,"Transport, single unit truck; long-haul; diesel powered; Northwest",c3be0482-cb54-39f8-8638-dd3a4dec68eb,01.00.003,UNIT_PROCESS,USLCI,1.2026-09.0,unknown,2024-01-01,2024-12-31,"Transport; single unit truck, long-haul; diesel powered",1c639821-1428-35ac-aaa4-277aacdc7420,1.0,t*km,False,1,PHYSICAL_ALLOCATION,https://api.nal.usda.gov/FederalLCACommonsapi/browse/National_Renewable_Energy_Laboratory/USLCI_Database_Public/PROCESS/c3be0482-cb54-39f8-8638-dd3a4dec68eb,2026-10-08,processes/c3be0482-cb54-39f8-8638-dd3a4dec68eb.json,c03c5b6d79e9651507281f6f36c2009926e9f015a99a7ba58076ce5b02989414
Transport,transport,"Transport, combination truck; short-haul; compressed natural gas powered; Hawaii",c3ef9869-9821-3051-921c-d747b1060633,01.00.003,UNIT_PROCESS,USLCI,1.2026-09.0,unknown,2024-01-01,2024-12-31,"Transport; combination truck, short-haul; compressed natural gas powered",419e9d46-92be-37cf-a9a2-765076ebf9ad,1.0,t*km,False,1,PHYSICAL_ALLOCATION,https://api.nal.usda.gov/FederalLCACommonsapi/browse/National_Renewable_Energy_Laboratory/USLCI_Database_Public/PROCESS/c3ef9869-9821-3051-921c-d747b1060633,2026-10-08,processes/c3ef9869-9821-3051-921c-d747b1060633.json,4b963ce8c4fbeef80c11105c3993128115063e58d532102cfcdb69aaed750aec
Transport,transport,"Transport, single unit truck; diesel powered; Hawaii",c4057cae-4e2c-3595-948a-ac60ec19b31d,01.00.003,UNIT_PROCESS,USLCI,1.2026-09.0,unknown,2024-01-01,2024-12-31,Transport; single unit truck; diesel powered,bbcd8095-e1d5-3762-aa08-3efc8d1d2ec4,1.0,t*km,False,1,PHYSICAL_ALLOCATION,https://api.nal.usda.gov/FederalLCACommonsapi/browse/National_Renewable_Energy_Laboratory/USLCI_Database_Public/PROCESS/c4057cae-4e2c-3595-948a-ac60ec19b31d,2026-10-08,processes/c4057cae-4e2c-3595-948a-ac60ec19b31d.json,97b4948848e32d72c852a24f5a8565f6ded4ddabc48841728e9a89817ad41bb0
Transport,transport,"Transport, single unit truck; short-haul; compressed natural gas powered",c4e79cfb-ac87-39ce-9dbb-7e7b689a9949,01.00.003,UNIT_PROCESS,USLCI,1.2026-09.0,United States of America (the),2024-01-01,2024-12-31,"Transport; single unit truck, short-haul; compressed natural gas powered",1a34089c-3f9a-3afb-9ca6-93a4c7d6424e,1.0,t*km,False,1,PHYSICAL_ALLOCATION,https://api.nal.usda.gov/FederalLCACommonsapi/browse/National_Renewable_Energy_Laboratory/USLCI_Database_Public/PROCESS/c4e79cfb-ac87-39ce-9dbb-7e7b689a9949,2026-10-08,processes/c4e79cfb-ac87-39ce-9dbb-7e7b689a9949.json,6ecb7304c3f500f2354cdd90349de0bbef6310f619f5d4baf5ba468a8c598210
Transport,transport,"Transport, light commercial truck; E85 powered; South",c53fc653-3e95-31b3-a97a-7c7d0c265242,01.00.003,UNIT_PROCESS,USLCI,1.2026-09.0,unknown,2024-01-01,2024-12-31,Transport; light commercial truck; E85 powered,0a954583-49bd-3d80-8200-847790caf5b2,1.0,t*km,False,1,PHYSICAL_ALLOCATION,https://api.nal.usda.gov/FederalLCACommonsapi/browse/National_Renewable_Energy_Laboratory/USLCI_Database_Public/PROCESS/c53fc653-3e95-31b3-a97a-7c7d0c265242,2026-10-08,processes/c53fc653-3e95-31b3-a97a-7c7d0c265242.json,62e444877b3b448a507b700dfe5a53fdc2b19a69a783b64cfee1768b60132049
Transport,transport,"Transport, light commercial truck; diesel powered; West North Central",c61964bd-2f6a-3aa4-a43c-dc215d3fce87,01.00.003,UNIT_PROCESS,USLCI,1.2026-09.0,unknown,2024-01-01,2024-12-31,Transport; light commercial truck; diesel powered,35fe9caf-2ad2-3d14-ae03-21454a89da2e,1.0,t*km,False,1,PHYSICAL_ALLOCATION,https://api.nal.usda.gov/FederalLCACommonsapi/browse/National_Renewable_Energy_Laboratory/USLCI_Database_Public/PROCESS/c61964bd-2f6a-3aa4-a43c-dc215d3fce87,2026-10-08,processes/c61964bd-2f6a-3aa4-a43c-dc215d3fce87.json,f8976f8c4b260daccef698e35b55b2872a63842e2ac42bf69452c805b9e7d3b7
Transport,transport,"Transport, combination truck; long-haul; diesel powered; Central",c61b85fc-217c-32c1-b313-ba8efb80e378,01.00.003,UNIT_PROCESS,USLCI,1.2026-09.0,unknown,2024-01-01,2024-12-31,"Transport; combination truck, long-haul; diesel powered",13ed0c67-549c-3a01-afee-7083b12dd949,1.0,t*km,False,1,PHYSICAL_ALLOCATION,https://api.nal.usda.gov/FederalLCACommonsapi/browse/National_Renewable_Energy_Laboratory/USLCI_Database_Public/PROCESS/c61b85fc-217c-32c1-b313-ba8efb80e378,2026-10-08,processes/c61b85fc-217c-32c1-b313-ba8efb80e378.json,c1b53383f04e89d6bfbeeb2e2163563804d80962cf8ac439b6e55f2f42da7dcd
Transport,transport,"Transport, single unit truck; long-haul; electricity powered; West",c66c6907-1397-325c-a4e3-35a3aee7046a,01.00.007,UNIT_PROCESS,USLCI,1.2026-09.0,unknown,2024-01-01,2024-12-31,"Transport; single unit truck, long-haul; electricity powered",ca468bee-3878-3418-918a-6cbe82ac640c,1.0,t*km,False,1,PHYSICAL_ALLOCATION,https://api.nal.usda.gov/FederalLCACommonsapi/browse/National_Renewable_Energy_Laboratory/USLCI_Database_Public/PROCESS/c66c6907-1397-325c-a4e3-35a3aee7046a,2026-10-08,processes/c66c6907-1397-325c-a4e3-35a3aee7046a.json,18cb7deff6971ee5b052b07da37876988920cd49bf32c5f77c9b2c550edcc3f8
Transport,transport,"Transport, single unit truck; gasoline powered; Hawaii",c7029ef8-6c25-3413-9b50-223d7794b393,01.00.003,UNIT_PROCESS,USLCI,1.2026-09.0,unknown,2024-01-01,2024-12-31,Transport; single unit truck; gasoline powered,30c89ffc-e08a-3d2b-8c96-33b2397b9bd8,1.0,t*km,False,1,PHYSICAL_ALLOCATION,https://api.nal.usda.gov/FederalLCACommonsapi/browse/National_Renewable_Energy_Laboratory/USLCI_Database_Public/PROCESS/c7029ef8-6c25-3413-9b50-223d7794b393,2026-10-08,processes/c7029ef8-6c25-3413-9b50-223d7794b393.json,d86093aaf5cac271966938f771ad9382777037332c5eb2c6aed4a2f13c6d5ede
Transport,transport,"Transport, rail, freight; diesel powered; tier 4C",c736f896-b6ad-3c50-8a8f-bcab7e0b1529,01.00.001,UNIT_PROCESS,USLCI,1.2026-09.0,United States of America (the),2020-01-01,2024-12-31,"Transport, rail, freight; diesel powered",4326be78-ae8b-3446-9310-278636ee68c5,1.0,t*km,False,1,PHYSICAL_ALLOCATION,https://api.nal.usda.gov/FederalLCACommonsapi/browse/National_Renewable_Energy_Laboratory/USLCI_Database_Public/PROCESS/c736f896-b6ad-3c50-8a8f-bcab7e0b1529,2026-10-08,processes/c736f896-b6ad-3c50-8a8f-bcab7e0b1529.json,05592871db205aea4797e1ab5c83a6ee9c5677dcad753a2dc14b027a7e1c7d22
Transport,transport,"Transport, single unit truck; diesel powered; East North Central",c81b7a24-a554-3523-947c-96e8eacf158b,01.00.003,UNIT_PROCESS,USLCI,1.2026-09.0,unknown,2024-01-01,2024-12-31,Transport; single unit truck; diesel powered,bbcd8095-e1d5-3762-aa08-3efc8d1d2ec4,1.0,t*km,False,1,PHYSICAL_ALLOCATION,https://api.nal.usda.gov/FederalLCACommonsapi/browse/National_Renewable_Energy_Laboratory/USLCI_Database_Public/PROCESS/c81b7a24-a554-3523-947c-96e8eacf158b,2026-10-08,processes/c81b7a24-a554-3523-947c-96e8eacf158b.json,f412f574138ce1c25a1fc3c8c8503ffc10b3c93cdf4918b1c2acea1e7a9c22db
Transport,transport,"Transport, single unit truck; diesel powered; Northwest",c8515ede-8a41-3ae9-9b69-7efb716f31ca,01.00.003,UNIT_PROCESS,USLCI,1.2026-09.0,unknown,2024-01-01,2024-12-31,Transport; single unit truck; diesel powered,bbcd8095-e1d5-3762-aa08-3efc8d1d2ec4,1.0,t*km,False,1,PHYSICAL_ALLOCATION,https://api.nal.usda.gov/FederalLCACommonsapi/browse/National_Renewable_Energy_Laboratory/USLCI_Database_Public/PROCESS/c8515ede-8a41-3ae9-9b69-7efb716f31ca,2026-10-08,processes/c8515ede-8a41-3ae9-9b69-7efb716f31ca.json,863973d6c0e36b5c4d0f3319f8c041d5ab637099a00fa48558bb12693c6bc0e2
Transport,transport,"Transport, combination truck; compressed natural gas powered; Southeast",c89719ad-de15-31f9-8519-e7d0a6c62fe3,01.00.003,UNIT_PROCESS,USLCI,1.2026-09.0,unknown,2024-01-01,2024-12-31,Transport; combination truck; compressed natural gas powered,8a848faa-996b-39f4-a2ec-e9a1df693278,1.0,t*km,False,1,PHYSICAL_ALLOCATION,https://api.nal.usda.gov/FederalLCACommonsapi/browse/National_Renewable_Energy_Laboratory/USLCI_Database_Public/PROCESS/c89719ad-de15-31f9-8519-e7d0a6c62fe3,2026-10-08,processes/c89719ad-de15-31f9-8519-e7d0a6c62fe3.json,c9a214ece7ebe2e9d11de0fe1c342c2db98a0f92d6e09e846db3168b6311c028
Transport,transport,"Transport; average mix; other prepared foodstuffs, and fats and oils",c96791fb-1167-3e98-b366-91e6e256c60d,01.01.001,UNIT_PROCESS,USLCI,1.2026-09.0,United States of America (the),2017-01-01,2017-12-31,Commodity transport; at consumer,1d6944d8-817b-3ae1-b997-68bdc265557f,1.0,kg,False,1,PHYSICAL_ALLOCATION,https://api.nal.usda.gov/FederalLCACommonsapi/browse/National_Renewable_Energy_Laboratory/USLCI_Database_Public/PROCESS/c96791fb-1167-3e98-b366-91e6e256c60d,2026-10-08,processes/c96791fb-1167-3e98-b366-91e6e256c60d.json,0280ab786733eb1617787c0f295bd2fe1ba157a4fbdd19c381abd21ef3cfb451
Transport,transport,"Transport, combination truck; gasoline powered; Northwest",c9b1a717-654b-3e4b-ab68-ab97840b0201,01.00.003,UNIT_PROCESS,USLCI,1.2026-09.0,unknown,2024-01-01,2024-12-31,Transport; combination truck; gasoline powered,9b20d581-cc62-3313-9412-0855be3ee7c2,1.0,t*km,False,1,PHYSICAL_ALLOCATION,https://api.nal.usda.gov/FederalLCACommonsapi/browse/National_Renewable_Energy_Laboratory/USLCI_Database_Public/PROCESS/c9b1a717-654b-3e4b-ab68-ab97840b0201,2026-10-08,processes/c9b1a717-654b-3e4b-ab68-ab97840b0201.json,d6dc888c4ed58cd53c29ed40413ae4082f3f9902fd82ca5fb9b35a94b59a87e7
Transport,transport,Transport; average mix; articles of base metal,c9e07e23-bba8-333c-ae51-bf51eddfd8b0,01.01.001,UNIT_PROCESS,USLCI,1.2026-09.0,United States of America (the),2017-01-01,2017-12-31,Commodity transport; at consumer,1d6944d8-817b-3ae1-b997-68bdc265557f,1.0,kg,False,1,PHYSICAL_ALLOCATION,https://api.nal.usda.gov/FederalLCACommonsapi/browse/National_Renewable_Energy_Laboratory/USLCI_Database_Public/PROCESS/c9e07e23-bba8-333c-ae51-bf51eddfd8b0,2026-10-08,processes/c9e07e23-bba8-333c-ae51-bf51eddfd8b0.json,668215071bce9495833831aa4596d1efb7c08975c330d5c468b052b20cef1fca
Transport,transport,"Transport, single unit truck; gasoline powered; West",ca0197e1-3f0c-3656-a030-348f34805139,01.00.003,UNIT_PROCESS,USLCI,1.2026-09.0,unknown,2024-01-01,2024-12-31,Transport; single unit truck; gasoline powered,30c89ffc-e08a-3d2b-8c96-33b2397b9bd8,1.0,t*km,False,1,PHYSICAL_ALLOCATION,https://api.nal.usda.gov/FederalLCACommonsapi/browse/National_Renewable_Energy_Laboratory/USLCI_Database_Public/PROCESS/ca0197e1-3f0c-3656-a030-348f34805139,2026-10-08,processes/ca0197e1-3f0c-3656-a030-348f34805139.json,bae98e34eac5e3638b87893142aa39592034725d342e03a4023134967b66aea0
Transport,transport,"Transport, rail, freight; diesel powered; tier 1+",caaa9232-39fa-3333-bb53-0a1740b237f5,01.00.001,UNIT_PROCESS,USLCI,1.2026-09.0,United States of America (the),2020-01-01,2024-12-31,"Transport, rail, freight; diesel powered",4326be78-ae8b-3446-9310-278636ee68c5,1.0,t*km,False,1,PHYSICAL_ALLOCATION,https://api.nal.usda.gov/FederalLCACommonsapi/browse/National_Renewable_Energy_Laboratory/USLCI_Database_Public/PROCESS/caaa9232-39fa-3333-bb53-0a1740b237f5,2026-10-08,processes/caaa9232-39fa-3333-bb53-0a1740b237f5.json,a64000c16501fc23d8a0ad412c966f12714850bc4e52b4bb44d3879116754156
Transport,transport,"Transport, container ship; residual fuel oil powered; Asia to Hawaii",caaffa7d-07f4-3706-b056-3c4d72d5c0b4,01.00.001,UNIT_PROCESS,USLCI,1.2026-09.0,Global,2023-01-01,2023-12-31,"Transport, container ship; residual fuel oil powered",0d1b359b-72a1-3c00-aa2c-2102e8c81a17,1.0,t*km,False,1,PHYSICAL_ALLOCATION,https://api.nal.usda.gov/FederalLCACommonsapi/browse/National_Renewable_Energy_Laboratory/USLCI_Database_Public/PROCESS/caaffa7d-07f4-3706-b056-3c4d72d5c0b4,2026-10-08,processes/caaffa7d-07f4-3706-b056-3c4d72d5c0b4.json,d484ca521154d1ed21afc32854b5a21ca1a472c9080f0f10ccae7bc3dea90154
Transport,transport,"Transport, single unit truck; compressed natural gas powered",cae11f5d-75bb-35f1-ae97-5dbd2de50fe7,01.00.003,UNIT_PROCESS,USLCI,1.2026-09.0,United States of America (the),2024-01-01,2024-12-31,Transport; single unit truck; compressed natural gas powered,cb33e8c2-2296-3c28-8015-fc08bf040845,1.0,t*km,False,1,PHYSICAL_ALLOCATION,https://api.nal.usda.gov/FederalLCACommonsapi/browse/National_Renewable_Energy_Laboratory/USLCI_Database_Public/PROCESS/cae11f5d-75bb-35f1-ae97-5dbd2de50fe7,2026-10-08,processes/cae11f5d-75bb-35f1-ae97-5dbd2de50fe7.json,faefd5862a8049675b0441e9ff945c10490dda5c7725ed8c222497f551f81434
Transport,transport,"Transport, combination truck; long-haul; compressed natural gas powered; Southwest",cb34bcac-bd43-349f-ae02-423c3d1fee2b,01.00.003,UNIT_PROCESS,USLCI,1.2026-09.0,unknown,2024-01-01,2024-12-31,"Transport; combination truck, long-haul; compressed natural gas powered",8d49dd43-aada-36f4-9bf3-feff7e3231c3,1.0,t*km,False,1,PHYSICAL_ALLOCATION,https://api.nal.usda.gov/FederalLCACommonsapi/browse/National_Renewable_Energy_Laboratory/USLCI_Database_Public/PROCESS/cb34bcac-bd43-349f-ae02-423c3d1fee2b,2026-10-08,processes/cb34bcac-bd43-349f-ae02-423c3d1fee2b.json,0f914f19b1490bce328c56b1319225eb9915447c024946c6b9d334a46311e0b2
Transport,transport,"Transport, rail, freight; diesel powered; tier 0+",cb8677bf-c20f-3a7d-b8ec-48dc10dd33f6,01.00.001,UNIT_PROCESS,USLCI,1.2026-09.0,United States of America (the),2020-01-01,2024-12-31,"Transport, rail, freight; diesel powered",4326be78-ae8b-3446-9310-278636ee68c5,1.0,t*km,False,1,PHYSICAL_ALLOCATION,https://api.nal.usda.gov/FederalLCACommonsapi/browse/National_Renewable_Energy_Laboratory/USLCI_Database_Public/PROCESS/cb8677bf-c20f-3a7d-b8ec-48dc10dd33f6,2026-10-08,processes/cb8677bf-c20f-3a7d-b8ec-48dc10dd33f6.json,ba60c06bbfe606c554802b5a5cd8425f2e1495b47a9f807c5aba500109566935
Transport,transport,"Transport, chemical tanker; residual fuel oil powered; average location mix",cbe00284-779c-4ef2-bf91-d9dbff06003a,00.00.005,UNIT_PROCESS,USLCI,1.2026-09.0,Global,2023-01-01,2023-12-31,"Transport, chemical tanker; residual fuel oil powered",8c3474d2-9fc0-3940-a631-ec4229207e82,1.0,t*km,False,1,unknown,https://api.nal.usda.gov/FederalLCACommonsapi/browse/National_Renewable_Energy_Laboratory/USLCI_Database_Public/PROCESS/cbe00284-779c-4ef2-bf91-d9dbff06003a,2026-10-08,processes/cbe00284-779c-4ef2-bf91-d9dbff06003a.json,83c86334c4a9971d3097e7d4a268542c98f87b31a5ba62fdcf26e4279a984c74
Transport,transport,"Transport, combination truck; long-haul; diesel powered; West North Central",cc8e796a-b812-31fd-b779-f0e9410bd681,01.00.003,UNIT_PROCESS,USLCI,1.2026-09.0,unknown,2024-01-01,2024-12-31,"Transport; combination truck, long-haul; diesel powered",13ed0c67-549c-3a01-afee-7083b12dd949,1.0,t*km,False,1,PHYSICAL_ALLOCATION,https://api.nal.usda.gov/FederalLCACommonsapi/browse/National_Renewable_Energy_Laboratory/USLCI_Database_Public/PROCESS/cc8e796a-b812-31fd-b779-f0e9410bd681,2026-10-08,processes/cc8e796a-b812-31fd-b779-f0e9410bd681.json,becc685ba57de3f8f6a9722127c0b81b74ed1feb0dde6e867132d781bf9f01e8
Transport,transport,"Transport, single unit truck; short-haul; electricity powered; West North Central",ccb7034a-24cb-3406-811e-641dba14e84d,01.00.007,UNIT_PROCESS,USLCI,1.2026-09.0,unknown,2024-01-01,2024-12-31,"Transport; single unit truck, short-haul; electricity powered",855b58f5-89b6-3b25-b33e-59454a0adbaa,1.0,t*km,False,1,PHYSICAL_ALLOCATION,https://api.nal.usda.gov/FederalLCACommonsapi/browse/National_Renewable_Energy_Laboratory/USLCI_Database_Public/PROCESS/ccb7034a-24cb-3406-811e-641dba14e84d,2026-10-08,processes/ccb7034a-24cb-3406-811e-641dba14e84d.json,bd8ac0ac5f391a5a132bac0d8ffc99c7a4a5a23d6dc18e4015c7e18c7432c37d
Transport,transport,"Transport, combination truck; diesel powered; Southwest",cd9dd2d7-a1c8-37c5-9be9-267548867c84,01.00.003,UNIT_PROCESS,USLCI,1.2026-09.0,unknown,2024-01-01,2024-12-31,Transport; combination truck; diesel powered,628c07ec-0802-39c1-ab88-1c62848ef436,1.0,t*km,False,1,PHYSICAL_ALLOCATION,https://api.nal.usda.gov/FederalLCACommonsapi/browse/National_Renewable_Energy_Laboratory/USLCI_Database_Public/PROCESS/cd9dd2d7-a1c8-37c5-9be9-267548867c84,2026-10-08,processes/cd9dd2d7-a1c8-37c5-9be9-267548867c84.json,16b9888b4e8ecd6263c0a1b810161d9bcca20d368d79c9627071959994996e9a
Transport,transport,"Transport, single unit truck; short-haul; diesel powered; South",cdbace4b-f0cb-3bbf-99e6-b1291b558413,01.00.003,UNIT_PROCESS,USLCI,1.2026-09.0,unknown,2024-01-01,2024-12-31,"Transport; single unit truck, short-haul; diesel powered",20567d69-c8ee-325c-a98c-43c35b8eb9f4,1.0,t*km,False,1,PHYSICAL_ALLOCATION,https://api.nal.usda.gov/FederalLCACommonsapi/browse/National_Renewable_Energy_Laboratory/USLCI_Database_Public/PROCESS/cdbace4b-f0cb-3bbf-99e6-b1291b558413,2026-10-08,processes/cdbace4b-f0cb-3bbf-99e6-b1291b558413.json,538f2b59b92cfcc5ac0ba6a8039406927a401c61de057f0d03b58e0523ae6c86
Transport,transport,"Transport, container ship; residual fuel oil powered; Atlantic of Central/South America to US East Coast",ce109a29-bf95-35d1-a180-466de69e4036,01.00.001,UNIT_PROCESS,USLCI,1.2026-09.0,Global,2023-01-01,2023-12-31,"Transport, container ship; residual fuel oil powered",0d1b359b-72a1-3c00-aa2c-2102e8c81a17,1.0,t*km,False,1,PHYSICAL_ALLOCATION,https://api.nal.usda.gov/FederalLCACommonsapi/browse/National_Renewable_Energy_Laboratory/USLCI_Database_Public/PROCESS/ce109a29-bf95-35d1-a180-466de69e4036,2026-10-08,processes/ce109a29-bf95-35d1-a180-466de69e4036.json,ef2339a5e7242482188a65f5a2ec571db70be22d99bd521695cfc88cb1f2a042
Transport,transport,"Transport, container ship; distillate powered; Asia to US West Coast",ce11a396-3eb4-35b5-832f-80bd27f0ec63,01.00.001,UNIT_PROCESS,USLCI,1.2026-09.0,Global,2023-01-01,2023-12-31,"Transport, container ship; distillate powered",e46da55e-5561-37d0-8e99-71fade967cf3,1.0,t*km,False,1,PHYSICAL_ALLOCATION,https://api.nal.usda.gov/FederalLCACommonsapi/browse/National_Renewable_Energy_Laboratory/USLCI_Database_Public/PROCESS/ce11a396-3eb4-35b5-832f-80bd27f0ec63,2026-10-08,processes/ce11a396-3eb4-35b5-832f-80bd27f0ec63.json,7b0d4a8bf964be4e8702494008e2dc1ffee37f4399c439dc86347d88d66dcdb3
Transport,transport,"Transport, single unit truck; short-haul; electricity powered; Alaska",ce1e7fde-7309-39c7-af0a-9027a44b6395,01.00.007,UNIT_PROCESS,USLCI,1.2026-09.0,unknown,2024-01-01,2024-12-31,"Transport; single unit truck, short-haul; electricity powered",855b58f5-89b6-3b25-b33e-59454a0adbaa,1.0,t*km,False,1,PHYSICAL_ALLOCATION,https://api.nal.usda.gov/FederalLCACommonsapi/browse/National_Renewable_Energy_Laboratory/USLCI_Database_Public/PROCESS/ce1e7fde-7309-39c7-af0a-9027a44b6395,2026-10-08,processes/ce1e7fde-7309-39c7-af0a-9027a44b6395.json,4787eb349533b02811ec7cab27ca7269ec2d665fc63aac56a6845c570e423314
Transport,transport,"Transport, chemical tanker; residual fuel oil powered; Asia to US Gulf",cebc60d2-1c24-3a74-9664-d12d659f69b2,01.00.001,UNIT_PROCESS,USLCI,1.2026-09.0,Global,2023-01-01,2023-12-31,"Transport, chemical tanker; residual fuel oil powered",8c3474d2-9fc0-3940-a631-ec4229207e82,1.0,t*km,False,1,PHYSICAL_ALLOCATION,https://api.nal.usda.gov/FederalLCACommonsapi/browse/National_Renewable_Energy_Laboratory/USLCI_Database_Public/PROCESS/cebc60d2-1c24-3a74-9664-d12d659f69b2,2026-10-08,processes/cebc60d2-1c24-3a74-9664-d12d659f69b2.json,0139b1d1531f3ad4fa87041fb582faf528ab3830fe7333350adfab912adb36b4
Transport,transport,"Transport, passenger truck; diesel powered",cef0fa12-65ae-3672-a989-49e304c7ba53,00.00.009,UNIT_PROCESS,USLCI,1.2026-09.0,United States of America (the),2009-12-31,2009-12-31,Transport; passenger truck; diesel powered,3a7d26fe-7290-33b8-8c1e-1b424e86d5ea,1.0,p*km,False,1,NO_ALLOCATION,https://api.nal.usda.gov/FederalLCACommonsapi/browse/National_Renewable_Energy_Laboratory/USLCI_Database_Public/PROCESS/cef0fa12-65ae-3672-a989-49e304c7ba53,2026-10-08,processes/cef0fa12-65ae-3672-a989-49e304c7ba53.json,8cfe58e134dd682b551cbe1a0a274048bd5f3f604a1b4a4848347831d96302a2
Transport,transport,"Transport, chemical tanker; distillate powered; Pacific of Central/South America to US Gulf",cf5624a5-d52a-3193-8d83-cf9b48a84366,01.00.001,UNIT_PROCESS,USLCI,1.2026-09.0,Global,2023-01-01,2023-12-31,"Transport, chemical tanker; distillate powered",ce06ec4d-91ab-387e-8dd0-4358c1ea3633,1.0,t*km,False,1,PHYSICAL_ALLOCATION,https://api.nal.usda.gov/FederalLCACommonsapi/browse/National_Renewable_Energy_Laboratory/USLCI_Database_Public/PROCESS/cf5624a5-d52a-3193-8d83-cf9b48a84366,2026-10-08,processes/cf5624a5-d52a-3193-8d83-cf9b48a84366.json,fade20b22fe505ce9cae8a7d5c3dba65336953777b833dd44c7dd5a28e1492dd
Transport,transport,"Transport, combination truck; short-haul; diesel powered; Alaska",d0bcd6e8-2dff-3800-8ea6-6d7eddb5e630,01.00.003,UNIT_PROCESS,USLCI,1.2026-09.0,unknown,2024-01-01,2024-12-31,"Transport; combination truck, short-haul; diesel powered",59449b10-044a-3a9b-a6e6-5c5fc97b50bb,1.0,t*km,False,1,PHYSICAL_ALLOCATION,https://api.nal.usda.gov/FederalLCACommonsapi/browse/National_Renewable_Energy_Laboratory/USLCI_Database_Public/PROCESS/d0bcd6e8-2dff-3800-8ea6-6d7eddb5e630,2026-10-08,processes/d0bcd6e8-2dff-3800-8ea6-6d7eddb5e630.json,1f8e2fc33bd98d3763d71aa51bffed21f1601ea582d2077b6a3e25090481b39e
Transport,transport,"Transport, single unit truck; long-haul; electricity powered; Southeast",d1fd2cc5-e679-3ff5-9a8f-0eaf378af81b,01.00.007,UNIT_PROCESS,USLCI,1.2026-09.0,unknown,2024-01-01,2024-12-31,"Transport; single unit truck, long-haul; electricity powered",ca468bee-3878-3418-918a-6cbe82ac640c,1.0,t*km,False,1,PHYSICAL_ALLOCATION,https://api.nal.usda.gov/FederalLCACommonsapi/browse/National_Renewable_Energy_Laboratory/USLCI_Database_Public/PROCESS/d1fd2cc5-e679-3ff5-9a8f-0eaf378af81b,2026-10-08,processes/d1fd2cc5-e679-3ff5-9a8f-0eaf378af81b.json,9c12c80682e48f4b98c301a39d0402795c07681a7f6392de0c57585188143f81
Transport,transport,"Aluminum recovery, transport; to plant",d20197e1-967f-35cb-95c1-0dbde806c367,00.00.007,UNIT_PROCESS,USLCI,1.2026-09.0,Northern America,2004-12-31,2004-12-31,Aluminum recovery; transport; to plant,13d77c80-5c2a-324a-b125-19dd287c71b2,1.0,kg,False,1,NO_ALLOCATION,https://api.nal.usda.gov/FederalLCACommonsapi/browse/National_Renewable_Energy_Laboratory/USLCI_Database_Public/PROCESS/d20197e1-967f-35cb-95c1-0dbde806c367,2026-10-08,processes/d20197e1-967f-35cb-95c1-0dbde806c367.json,71ab26eab53cd7df44a80b3d8be93f0438bfd55c010a48ded41e4e5da0d8f6f8
Transport,transport,"Transport, single unit truck; long-haul; compressed natural gas powered; Southeast",d3083209-fbff-3424-81ec-936d695e2969,01.00.003,UNIT_PROCESS,USLCI,1.2026-09.0,unknown,2024-01-01,2024-12-31,"Transport; single unit truck, long-haul; compressed natural gas powered",d0207892-1d62-3649-b2a7-4f5bd03b8a73,1.0,t*km,False,1,PHYSICAL_ALLOCATION,https://api.nal.usda.gov/FederalLCACommonsapi/browse/National_Renewable_Energy_Laboratory/USLCI_Database_Public/PROCESS/d3083209-fbff-3424-81ec-936d695e2969,2026-10-08,processes/d3083209-fbff-3424-81ec-936d695e2969.json,72cd022f4d4e791e59c3eb5bf38d720e49ef5a22c3d2458e6a8414f22901a783
Transport,transport,"Transport, single unit truck; gasoline powered",d397dd56-dc53-37a1-956b-5da3aaa81a6f,01.00.003,UNIT_PROCESS,USLCI,1.2026-09.0,United States of America (the),2024-01-01,2024-12-31,Transport; single unit truck; gasoline powered,30c89ffc-e08a-3d2b-8c96-33b2397b9bd8,1.0,t*km,False,1,PHYSICAL_ALLOCATION,https://api.nal.usda.gov/FederalLCACommonsapi/browse/National_Renewable_Energy_Laboratory/USLCI_Database_Public/PROCESS/d397dd56-dc53-37a1-956b-5da3aaa81a6f,2026-10-08,processes/d397dd56-dc53-37a1-956b-5da3aaa81a6f.json,b9681e74be504d7299c99dae8e173bf575bbffe713493d1760cd888446a7d0aa
Transport,transport,"Transport, combination truck; short-haul; diesel powered; Hawaii",d3a056d7-9199-3c1d-9947-c486e03d529c,01.00.003,UNIT_PROCESS,USLCI,1.2026-09.0,unknown,2024-01-01,2024-12-31,"Transport; combination truck, short-haul; diesel powered",59449b10-044a-3a9b-a6e6-5c5fc97b50bb,1.0,t*km,False,1,PHYSICAL_ALLOCATION,https://api.nal.usda.gov/FederalLCACommonsapi/browse/National_Renewable_Energy_Laboratory/USLCI_Database_Public/PROCESS/d3a056d7-9199-3c1d-9947-c486e03d529c,2026-10-08,processes/d3a056d7-9199-3c1d-9947-c486e03d529c.json,6add87d8cca0a67669e3a846cdf2cb584062e4b74509dbf93aaa174d8c402e45
Transport,transport,"Transport, chemical tanker; residual fuel oil powered; Western Canada to US West Coast",d3d42998-60ed-3d46-8756-597a5e4bd1d5,01.00.001,UNIT_PROCESS,USLCI,1.2026-09.0,Global,2023-01-01,2023-12-31,"Transport, chemical tanker; residual fuel oil powered",8c3474d2-9fc0-3940-a631-ec4229207e82,1.0,t*km,False,1,PHYSICAL_ALLOCATION,https://api.nal.usda.gov/FederalLCACommonsapi/browse/National_Renewable_Energy_Laboratory/USLCI_Database_Public/PROCESS/d3d42998-60ed-3d46-8756-597a5e4bd1d5,2026-10-08,processes/d3d42998-60ed-3d46-8756-597a5e4bd1d5.json,fdd09767ad7c6d300a7188ebc5309c58480058c0ac5e3e6fffb7337dd7e229d2
Transport,transport,"Transport, single unit truck; long-haul; compressed natural gas powered; Hawaii",d3df2050-8fe8-3b52-a486-fb5b644aaac8,01.00.003,UNIT_PROCESS,USLCI,1.2026-09.0,unknown,2024-01-01,2024-12-31,"Transport; single unit truck, long-haul; compressed natural gas powered",d0207892-1d62-3649-b2a7-4f5bd03b8a73,1.0,t*km,False,1,PHYSICAL_ALLOCATION,https://api.nal.usda.gov/FederalLCACommonsapi/browse/National_Renewable_Energy_Laboratory/USLCI_Database_Public/PROCESS/d3df2050-8fe8-3b52-a486-fb5b644aaac8,2026-10-08,processes/d3df2050-8fe8-3b52-a486-fb5b644aaac8.json,b6af6bae3003aa39bb0d735be8dfd378476a5c8e9ae501d6fb04e405016323bc
Transport,transport,"Transport, light commercial truck; gasoline powered; West",d4732ba6-12cf-359d-9993-fadd77745716,01.00.003,UNIT_PROCESS,USLCI,1.2026-09.0,unknown,2024-01-01,2024-12-31,Transport; light commercial truck; gasoline powered,0614f894-cf10-307e-bd58-ac507face752,1.0,t*km,False,1,PHYSICAL_ALLOCATION,https://api.nal.usda.gov/FederalLCACommonsapi/browse/National_Renewable_Energy_Laboratory/USLCI_Database_Public/PROCESS/d4732ba6-12cf-359d-9993-fadd77745716,2026-10-08,processes/d4732ba6-12cf-359d-9993-fadd77745716.json,77451136dcfc8b2fbd68a4b4c25d9d30f2b339406a2ebb9fb9d9196735f3a8fd
Transport,transport,"Transport, light commercial truck; diesel powered; South",d520d6bf-0b51-37d3-bc17-c7047faace09,01.00.003,UNIT_PROCESS,USLCI,1.2026-09.0,unknown,2024-01-01,2024-12-31,Transport; light commercial truck; diesel powered,35fe9caf-2ad2-3d14-ae03-21454a89da2e,1.0,t*km,False,1,PHYSICAL_ALLOCATION,https://api.nal.usda.gov/FederalLCACommonsapi/browse/National_Renewable_Energy_Laboratory/USLCI_Database_Public/PROCESS/d520d6bf-0b51-37d3-bc17-c7047faace09,2026-10-08,processes/d520d6bf-0b51-37d3-bc17-c7047faace09.json,a9f22eb604f365474cd0de0a0b2f228f1436d55be55d9636bc5fd4775216d9d2
Transport,transport,"Transport, combination truck; electricity powered; Central",d57fe4e3-0bc9-3121-aeba-dadf92520714,01.00.007,UNIT_PROCESS,USLCI,1.2026-09.0,unknown,2024-01-01,2024-12-31,Transport; combination truck; electricity powered,70d89027-628d-3404-8458-b209e40dd0e0,1.0,t*km,False,1,PHYSICAL_ALLOCATION,https://api.nal.usda.gov/FederalLCACommonsapi/browse/National_Renewable_Energy_Laboratory/USLCI_Database_Public/PROCESS/d57fe4e3-0bc9-3121-aeba-dadf92520714,2026-10-08,processes/d57fe4e3-0bc9-3121-aeba-dadf92520714.json,7835733cb416c2f10f457d0753c61eb5aa7925d174a0cd7c8219f36a587beb02
Transport,transport,"Transport, chemical tanker; distillate powered; Caribbean to US East Coast",d6bd0267-daf1-327c-bea3-892aec2c3c43,01.00.001,UNIT_PROCESS,USLCI,1.2026-09.0,Global,2023-01-01,2023-12-31,"Transport, chemical tanker; distillate powered",ce06ec4d-91ab-387e-8dd0-4358c1ea3633,1.0,t*km,False,1,PHYSICAL_ALLOCATION,https://api.nal.usda.gov/FederalLCACommonsapi/browse/National_Renewable_Energy_Laboratory/USLCI_Database_Public/PROCESS/d6bd0267-daf1-327c-bea3-892aec2c3c43,2026-10-08,processes/d6bd0267-daf1-327c-bea3-892aec2c3c43.json,3ca5e8e013bd7458c1d9ba276c6562f2e86e8cbbf1f87068145c489d9e141ff9
Transport,transport,"Transport, single unit truck; long-haul; diesel powered; Hawaii",d7ac1ad3-e087-3e08-9a5e-2474048c5ba2,01.00.003,UNIT_PROCESS,USLCI,1.2026-09.0,unknown,2024-01-01,2024-12-31,"Transport; single unit truck, long-haul; diesel powered",1c639821-1428-35ac-aaa4-277aacdc7420,1.0,t*km,False,1,PHYSICAL_ALLOCATION,https://api.nal.usda.gov/FederalLCACommonsapi/browse/National_Renewable_Energy_Laboratory/USLCI_Database_Public/PROCESS/d7ac1ad3-e087-3e08-9a5e-2474048c5ba2,2026-10-08,processes/d7ac1ad3-e087-3e08-9a5e-2474048c5ba2.json,f6ec02755e45445b6e67ba7cf119273df6072c9a4634052dcec85954fed485c1
Transport,transport,"Transport, light commercial truck; gasoline powered; Northeast",d7c148c2-8d03-3edb-817f-bc8e63621987,01.00.003,UNIT_PROCESS,USLCI,1.2026-09.0,unknown,2024-01-01,2024-12-31,Transport; light commercial truck; gasoline powered,0614f894-cf10-307e-bd58-ac507face752,1.0,t*km,False,1,PHYSICAL_ALLOCATION,https://api.nal.usda.gov/FederalLCACommonsapi/browse/National_Renewable_Energy_Laboratory/USLCI_Database_Public/PROCESS/d7c148c2-8d03-3edb-817f-bc8e63621987,2026-10-08,processes/d7c148c2-8d03-3edb-817f-bc8e63621987.json,3630c41d5f6bf0e4fb96ffebaf4b73f6b0e5fd028e020a6ac7f372549b9e25c4
Transport,transport,"Transport, single unit truck; short-haul; gasoline powered; Central",d830df5e-0121-309e-a1dc-2e6c14e7fa91,01.00.003,UNIT_PROCESS,USLCI,1.2026-09.0,unknown,2024-01-01,2024-12-31,"Transport; single unit truck, short-haul; gasoline powered",524fd4ed-beef-3c60-a17b-fa0ba1842eeb,1.0,t*km,False,1,PHYSICAL_ALLOCATION,https://api.nal.usda.gov/FederalLCACommonsapi/browse/National_Renewable_Energy_Laboratory/USLCI_Database_Public/PROCESS/d830df5e-0121-309e-a1dc-2e6c14e7fa91,2026-10-08,processes/d830df5e-0121-309e-a1dc-2e6c14e7fa91.json,5793aeb25d75b28206cf2743d42a7aeff27b89465bcf7f3846d505aa0726d46e
Transport,transport,"Transport, intercity bus; diesel powered; South",d927432a-8d91-3d3c-987f-bec808f1ec68,00.00.010,UNIT_PROCESS,USLCI,1.2026-09.0,United States of America (the),2009-12-31,2009-12-31,Transport; intercity bus; diesel powered,b235b36a-7ade-3301-acd9-e9a91a8138e8,1.0,p*km,False,1,NO_ALLOCATION,https://api.nal.usda.gov/FederalLCACommonsapi/browse/National_Renewable_Energy_Laboratory/USLCI_Database_Public/PROCESS/d927432a-8d91-3d3c-987f-bec808f1ec68,2026-10-08,processes/d927432a-8d91-3d3c-987f-bec808f1ec68.json,105033a6b88645e7d194fea7c140113c38c6703cfada7b55b6f891faca0e3543
Transport,transport,"Transport, combination truck; electricity powered; East North Central",d9873e27-06d1-3f4d-b1ce-8b5e81052a0d,01.00.007,UNIT_PROCESS,USLCI,1.2026-09.0,unknown,2024-01-01,2024-12-31,Transport; combination truck; electricity powered,70d89027-628d-3404-8458-b209e40dd0e0,1.0,t*km,False,1,PHYSICAL_ALLOCATION,https://api.nal.usda.gov/FederalLCACommonsapi/browse/National_Renewable_Energy_Laboratory/USLCI_Database_Public/PROCESS/d9873e27-06d1-3f4d-b1ce-8b5e81052a0d,2026-10-08,processes/d9873e27-06d1-3f4d-b1ce-8b5e81052a0d.json,0be8e1fdabca31e2c6c13fc37ae5e353ef3ef2465620a23745f7c39a1bb9e94d
Transport,transport,"Transport, light commercial truck; gasoline powered; Southeast",d9919764-fed6-3a87-8d64-ba028baf7183,01.00.003,UNIT_PROCESS,USLCI,1.2026-09.0,unknown,2024-01-01,2024-12-31,Transport; light commercial truck; gasoline powered,0614f894-cf10-307e-bd58-ac507face752,1.0,t*km,False,1,PHYSICAL_ALLOCATION,https://api.nal.usda.gov/FederalLCACommonsapi/browse/National_Renewable_Energy_Laboratory/USLCI_Database_Public/PROCESS/d9919764-fed6-3a87-8d64-ba028baf7183,2026-10-08,processes/d9919764-fed6-3a87-8d64-ba028baf7183.json,355bb316cb7de3fe1461b9bc4719a3a2a5f303db3592d554260f5898eca3e646
Transport,transport,"Transport, single unit truck; short-haul; compressed natural gas powered; Central",d99ce4b4-1c64-3345-9109-cc82b8665101,01.00.003,UNIT_PROCESS,USLCI,1.2026-09.0,unknown,2024-01-01,2024-12-31,"Transport; single unit truck, short-haul; compressed natural gas powered",1a34089c-3f9a-3afb-9ca6-93a4c7d6424e,1.0,t*km,False,1,PHYSICAL_ALLOCATION,https://api.nal.usda.gov/FederalLCACommonsapi/browse/National_Renewable_Energy_Laboratory/USLCI_Database_Public/PROCESS/d99ce4b4-1c64-3345-9109-cc82b8665101,2026-10-08,processes/d99ce4b4-1c64-3345-9109-cc82b8665101.json,be7abe667d83c50625c19943086f79b72e4ba35d923bef03412506502656a7a5
Transport,transport,Transport; average mix; coal,d9dcd1ad-410d-3ccd-a3d3-114a4f71459e,01.01.001,UNIT_PROCESS,USLCI,1.2026-09.0,United States of America (the),2017-01-01,2017-12-31,Commodity transport; at consumer,1d6944d8-817b-3ae1-b997-68bdc265557f,1.0,kg,False,1,PHYSICAL_ALLOCATION,https://api.nal.usda.gov/FederalLCACommonsapi/browse/National_Renewable_Energy_Laboratory/USLCI_Database_Public/PROCESS/d9dcd1ad-410d-3ccd-a3d3-114a4f71459e,2026-10-08,processes/d9dcd1ad-410d-3ccd-a3d3-114a4f71459e.json,706330f3ed718067cd813b2f142c9fa344a9c66e66e229258eb4dfbc5383fb3e
Transport,transport,"Transport, container ship; distillate powered; average location mix",da0f5501-f4ab-32d1-80b7-b70d143608f6,00.00.028,UNIT_PROCESS,USLCI,1.2026-09.0,Global,2023-01-01,2023-12-31,"Transport, container ship; distillate powered",e46da55e-5561-37d0-8e99-71fade967cf3,1.0,t*km,False,1,NO_ALLOCATION,https://api.nal.usda.gov/FederalLCACommonsapi/browse/National_Renewable_Energy_Laboratory/USLCI_Database_Public/PROCESS/da0f5501-f4ab-32d1-80b7-b70d143608f6,2026-10-08,processes/da0f5501-f4ab-32d1-80b7-b70d143608f6.json,1d4897c7c082e34f6c5267aa26b9f93e4debc4c216b873c0cf935184d75a9cb7
Transport,transport,"Transport, chemical tanker; distillate powered; Asia to US Gulf",da7dfd52-3ba8-327a-a68b-f361d6f0b412,01.00.001,UNIT_PROCESS,USLCI,1.2026-09.0,Global,2023-01-01,2023-12-31,"Transport, chemical tanker; distillate powered",ce06ec4d-91ab-387e-8dd0-4358c1ea3633,1.0,t*km,False,1,PHYSICAL_ALLOCATION,https://api.nal.usda.gov/FederalLCACommonsapi/browse/National_Renewable_Energy_Laboratory/USLCI_Database_Public/PROCESS/da7dfd52-3ba8-327a-a68b-f361d6f0b412,2026-10-08,processes/da7dfd52-3ba8-327a-a68b-f361d6f0b412.json,46ded912b523f9567eb5f8657ac7af40def2b86855fb37a0cc2c925054f173b6
Transport,transport,Transport; average mix; printed products,daaa5870-1011-3115-bfeb-456e2e7c598a,01.01.001,UNIT_PROCESS,USLCI,1.2026-09.0,United States of America (the),2017-01-01,2017-12-31,Commodity transport; at consumer,1d6944d8-817b-3ae1-b997-68bdc265557f,1.0,kg,False,1,PHYSICAL_ALLOCATION,https://api.nal.usda.gov/FederalLCACommonsapi/browse/National_Renewable_Energy_Laboratory/USLCI_Database_Public/PROCESS/daaa5870-1011-3115-bfeb-456e2e7c598a,2026-10-08,processes/daaa5870-1011-3115-bfeb-456e2e7c598a.json,28b0f705ccbba5e6179a078a4fad7bde8d3fb2719ea100c6f6e1e01d42fbfe4c
Transport,transport,"Transport, single unit truck; compressed natural gas powered; Southwest",db3e2e1b-a320-3b77-8d19-fd576b9d942c,01.00.003,UNIT_PROCESS,USLCI,1.2026-09.0,unknown,2024-01-01,2024-12-31,Transport; single unit truck; compressed natural gas powered,cb33e8c2-2296-3c28-8015-fc08bf040845,1.0,t*km,False,1,PHYSICAL_ALLOCATION,https://api.nal.usda.gov/FederalLCACommonsapi/browse/National_Renewable_Energy_Laboratory/USLCI_Database_Public/PROCESS/db3e2e1b-a320-3b77-8d19-fd576b9d942c,2026-10-08,processes/db3e2e1b-a320-3b77-8d19-fd576b9d942c.json,65407d706f4c86cdbe6a1e7f631ec67ac0114f9d1fed70688dec8aedf35a7f36
Transport,transport,"Transport, combination truck; short-haul; diesel powered; West North Central",db7c00e1-bed3-3233-a801-00b700aadeda,01.00.003,UNIT_PROCESS,USLCI,1.2026-09.0,unknown,2024-01-01,2024-12-31,"Transport; combination truck, short-haul; diesel powered",59449b10-044a-3a9b-a6e6-5c5fc97b50bb,1.0,t*km,False,1,PHYSICAL_ALLOCATION,https://api.nal.usda.gov/FederalLCACommonsapi/browse/National_Renewable_Energy_Laboratory/USLCI_Database_Public/PROCESS/db7c00e1-bed3-3233-a801-00b700aadeda,2026-10-08,processes/db7c00e1-bed3-3233-a801-00b700aadeda.json,4a734eeb24f3ec2119c8e38c1eb4f126d5f6fd5931c55c27cbd1c4074c656f3e
Transport,transport,"Transport, single unit truck; long-haul; electricity powered; Hawaii",dc75854b-3781-3bc3-847f-0aaee18a1281,01.00.007,UNIT_PROCESS,USLCI,1.2026-09.0,unknown,2024-01-01,2024-12-31,"Transport; single unit truck, long-haul; electricity powered",ca468bee-3878-3418-918a-6cbe82ac640c,1.0,t*km,False,1,PHYSICAL_ALLOCATION,https://api.nal.usda.gov/FederalLCACommonsapi/browse/National_Renewable_Energy_Laboratory/USLCI_Database_Public/PROCESS/dc75854b-3781-3bc3-847f-0aaee18a1281,2026-10-08,processes/dc75854b-3781-3bc3-847f-0aaee18a1281.json,d68316c9f5c08dc41f8ff06e40bd31ba2aa4cd6e969b4b1f0e4153d4f8dd737c
Transport,transport,"Transport, container ship; residual fuel oil powered; Western Mexico to US West Coast",dc773cf5-3681-39a3-a4ee-2d18cd2909f8,01.00.001,UNIT_PROCESS,USLCI,1.2026-09.0,Global,2023-01-01,2023-12-31,"Transport, container ship; residual fuel oil powered",0d1b359b-72a1-3c00-aa2c-2102e8c81a17,1.0,t*km,False,1,PHYSICAL_ALLOCATION,https://api.nal.usda.gov/FederalLCACommonsapi/browse/National_Renewable_Energy_Laboratory/USLCI_Database_Public/PROCESS/dc773cf5-3681-39a3-a4ee-2d18cd2909f8,2026-10-08,processes/dc773cf5-3681-39a3-a4ee-2d18cd2909f8.json,cabb77fbaeaaf3b6c49a80da130ff514ac6673715e85fa19c4f08254d06312fd
Transport,transport,"Transport, combination truck; average fuel mix",dce702f1-03a1-3fe9-bb48-94a5217fd8cb,00.00.005,UNIT_PROCESS,USLCI,1.2026-09.0,Northern America,2000-12-31,2000-12-31,Transport; combination truck; average fuel mix,2afb4e2f-b224-3900-956f-03e3f27b276b,1.0,t*km,False,1,NO_ALLOCATION,https://api.nal.usda.gov/FederalLCACommonsapi/browse/National_Renewable_Energy_Laboratory/USLCI_Database_Public/PROCESS/dce702f1-03a1-3fe9-bb48-94a5217fd8cb,2026-10-08,processes/dce702f1-03a1-3fe9-bb48-94a5217fd8cb.json,97e34951c9e7ce10496986c54f6fcdab400ddf89e836545bf120933e22320afc
Transport,transport,"Transport, transit bus; diesel powered; South",dd07a541-0512-3a69-a831-bd6d341308fe,00.00.011,UNIT_PROCESS,USLCI,1.2026-09.0,United States of America (the),2009-12-31,2009-12-31,Transport; transit bus; diesel powered,83a2d23e-a668-3b97-a037-371c67c18ccf,1.0,p*km,False,1,NO_ALLOCATION,https://api.nal.usda.gov/FederalLCACommonsapi/browse/National_Renewable_Energy_Laboratory/USLCI_Database_Public/PROCESS/dd07a541-0512-3a69-a831-bd6d341308fe,2026-10-08,processes/dd07a541-0512-3a69-a831-bd6d341308fe.json,4bab7c8ebe6bfe6b2bdf9b4b023a9856d4f4fcc71a5b5696fbfa6b3d1a35ca1f
Transport,transport,"Transport, combination truck; short-haul; electricity powered; Hawaii",ddb20acf-c476-3399-8419-65e867abe63e,01.00.007,UNIT_PROCESS,USLCI,1.2026-09.0,unknown,2024-01-01,2024-12-31,"Transport; combination truck, short-haul; electricity powered",d5ce6d5d-eea3-3c42-9999-fe46c52a1541,1.0,t*km,False,1,PHYSICAL_ALLOCATION,https://api.nal.usda.gov/FederalLCACommonsapi/browse/National_Renewable_Energy_Laboratory/USLCI_Database_Public/PROCESS/ddb20acf-c476-3399-8419-65e867abe63e,2026-10-08,processes/ddb20acf-c476-3399-8419-65e867abe63e.json,c9045cdf56a220d96276e26ff79765f35d94108855edbea83e42756f404f241e
Transport,transport,"Transport, combination truck; diesel powered; Hawaii",de52153b-dd47-3033-b4ec-7e2644b3c8ed,01.00.003,UNIT_PROCESS,USLCI,1.2026-09.0,unknown,2024-01-01,2024-12-31,Transport; combination truck; diesel powered,628c07ec-0802-39c1-ab88-1c62848ef436,1.0,t*km,False,1,PHYSICAL_ALLOCATION,https://api.nal.usda.gov/FederalLCACommonsapi/browse/National_Renewable_Energy_Laboratory/USLCI_Database_Public/PROCESS/de52153b-dd47-3033-b4ec-7e2644b3c8ed,2026-10-08,processes/de52153b-dd47-3033-b4ec-7e2644b3c8ed.json,a1628d42bb02603c8e8a328c0764c501698dde1ddf7390f93509543075ec680a
Transport,transport,"Transport, intercity bus; diesel powered; Central",df931de6-d0ae-30d4-889c-eca58275703c,00.00.010,UNIT_PROCESS,USLCI,1.2026-09.0,United States of America (the),2009-12-31,2009-12-31,Transport; intercity bus; diesel powered,b235b36a-7ade-3301-acd9-e9a91a8138e8,1.0,p*km,False,1,NO_ALLOCATION,https://api.nal.usda.gov/FederalLCACommonsapi/browse/National_Renewable_Energy_Laboratory/USLCI_Database_Public/PROCESS/df931de6-d0ae-30d4-889c-eca58275703c,2026-10-08,processes/df931de6-d0ae-30d4-889c-eca58275703c.json,1c537731b6ffdf0ea50352a5fe40c36b02a55b858240bb2b7947cea3bb66b979
Transport,transport,"Transport, single unit truck; short-haul; diesel powered; West",e0009e43-946e-3bb6-90ea-4885d1206a9f,01.00.003,UNIT_PROCESS,USLCI,1.2026-09.0,unknown,2024-01-01,2024-12-31,"Transport; single unit truck, short-haul; diesel powered",20567d69-c8ee-325c-a98c-43c35b8eb9f4,1.0,t*km,False,1,PHYSICAL_ALLOCATION,https://api.nal.usda.gov/FederalLCACommonsapi/browse/National_Renewable_Energy_Laboratory/USLCI_Database_Public/PROCESS/e0009e43-946e-3bb6-90ea-4885d1206a9f,2026-10-08,processes/e0009e43-946e-3bb6-90ea-4885d1206a9f.json,712664a891634522f332624153e03035ebc405b7c033f6b7957080d9ef521c44
Transport,transport,"Transport, combination truck; short-haul; gasoline powered; Central",e04288cf-df98-3291-8a98-7becb25a3c72,01.00.003,UNIT_PROCESS,USLCI,1.2026-09.0,unknown,2024-01-01,2024-12-31,"Transport; combination truck, short-haul; gasoline powered",41361da6-313c-3621-bbe6-3a792f3dab6b,1.0,t*km,False,1,PHYSICAL_ALLOCATION,https://api.nal.usda.gov/FederalLCACommonsapi/browse/National_Renewable_Energy_Laboratory/USLCI_Database_Public/PROCESS/e04288cf-df98-3291-8a98-7becb25a3c72,2026-10-08,processes/e04288cf-df98-3291-8a98-7becb25a3c72.json,ff28208042a0882ba273148b8b70d2fc25ecaa98b6d20ea1329170e3590a7e25
Transport,transport,"Transport, combination truck; gasoline powered; West North Central",e0b52131-01d1-313a-a8cc-844fad67227b,01.00.003,UNIT_PROCESS,USLCI,1.2026-09.0,unknown,2024-01-01,2024-12-31,Transport; combination truck; gasoline powered,9b20d581-cc62-3313-9412-0855be3ee7c2,1.0,t*km,False,1,PHYSICAL_ALLOCATION,https://api.nal.usda.gov/FederalLCACommonsapi/browse/National_Renewable_Energy_Laboratory/USLCI_Database_Public/PROCESS/e0b52131-01d1-313a-a8cc-844fad67227b,2026-10-08,processes/e0b52131-01d1-313a-a8cc-844fad67227b.json,a8b4e039e4b9181f794698846f20eac00c84fa8146b128e2e110f5d18dc60710
Transport,transport,"Transport, single unit truck; long-haul; gasoline powered; West North Central",e1d8cff3-c663-3050-898a-14d552e862f7,01.00.003,UNIT_PROCESS,USLCI,1.2026-09.0,unknown,2024-01-01,2024-12-31,"Transport; single unit truck, long-haul; gasoline powered",9f52f8d9-5c7c-3d35-a912-376b70769a26,1.0,t*km,False,1,PHYSICAL_ALLOCATION,https://api.nal.usda.gov/FederalLCACommonsapi/browse/National_Renewable_Energy_Laboratory/USLCI_Database_Public/PROCESS/e1d8cff3-c663-3050-898a-14d552e862f7,2026-10-08,processes/e1d8cff3-c663-3050-898a-14d552e862f7.json,4877297a4d0793f53abc1d6089c1262b856b5a3b856f619334035792d9547ee2
Transport,transport,"Transport, combination truck; short-haul; compressed natural gas powered; Southwest",e1f51df0-510d-3d38-b1aa-421a609a4161,01.00.003,UNIT_PROCESS,USLCI,1.2026-09.0,unknown,2024-01-01,2024-12-31,"Transport; combination truck, short-haul; compressed natural gas powered",419e9d46-92be-37cf-a9a2-765076ebf9ad,1.0,t*km,False,1,PHYSICAL_ALLOCATION,https://api.nal.usda.gov/FederalLCACommonsapi/browse/National_Renewable_Energy_Laboratory/USLCI_Database_Public/PROCESS/e1f51df0-510d-3d38-b1aa-421a609a4161,2026-10-08,processes/e1f51df0-510d-3d38-b1aa-421a609a4161.json,cb83c5539e4117dfd81603fcaf0815f376fe77a30ad4ef1a4dd6ed6caacfb46f
Transport,transport,"Transport, container ship; distillate powered; Caribbean to US Gulf",e23d763e-9406-3cf8-ac98-8fa807632813,01.00.001,UNIT_PROCESS,USLCI,1.2026-09.0,Global,2023-01-01,2023-12-31,"Transport, container ship; distillate powered",e46da55e-5561-37d0-8e99-71fade967cf3,1.0,t*km,False,1,PHYSICAL_ALLOCATION,https://api.nal.usda.gov/FederalLCACommonsapi/browse/National_Renewable_Energy_Laboratory/USLCI_Database_Public/PROCESS/e23d763e-9406-3cf8-ac98-8fa807632813,2026-10-08,processes/e23d763e-9406-3cf8-ac98-8fa807632813.json,c33655ed88e35f173470b1d21628ad4758b33933998ffdff2791d1383730deba
Transport,transport,"Transport, combination truck; diesel powered; East North Central",e3ecaa74-5c3b-3faa-b644-63d8cc02d61d,01.00.003,UNIT_PROCESS,USLCI,1.2026-09.0,unknown,2024-01-01,2024-12-31,Transport; combination truck; diesel powered,628c07ec-0802-39c1-ab88-1c62848ef436,1.0,t*km,False,1,PHYSICAL_ALLOCATION,https://api.nal.usda.gov/FederalLCACommonsapi/browse/National_Renewable_Energy_Laboratory/USLCI_Database_Public/PROCESS/e3ecaa74-5c3b-3faa-b644-63d8cc02d61d,2026-10-08,processes/e3ecaa74-5c3b-3faa-b644-63d8cc02d61d.json,081cf1d5df36d2adecc861212cf10c12b5b8ba9f482449ea945f9e113cd63b2f
Transport,transport,"Transport, single unit truck; long-haul; gasoline powered; Alaska",e418b402-e2ca-3987-a03c-752cb578aa4d,01.00.003,UNIT_PROCESS,USLCI,1.2026-09.0,unknown,2024-01-01,2024-12-31,"Transport; single unit truck, long-haul; gasoline powered",9f52f8d9-5c7c-3d35-a912-376b70769a26,1.0,t*km,False,1,PHYSICAL_ALLOCATION,https://api.nal.usda.gov/FederalLCACommonsapi/browse/National_Renewable_Energy_Laboratory/USLCI_Database_Public/PROCESS/e418b402-e2ca-3987-a03c-752cb578aa4d,2026-10-08,processes/e418b402-e2ca-3987-a03c-752cb578aa4d.json,37863673452cf8b406ddee8c2ff846cbb514c5bbcd662fdc3bd35d43855cae93
Transport,transport,"Transport, chemical tanker; residual fuel oil powered; Atlantic of Central/South America to US East Coast",e64edb36-0dc5-342b-8a9e-37c7f7cb8bdd,01.00.001,UNIT_PROCESS,USLCI,1.2026-09.0,Global,2023-01-01,2023-12-31,"Transport, chemical tanker; residual fuel oil powered",8c3474d2-9fc0-3940-a631-ec4229207e82,1.0,t*km,False,1,PHYSICAL_ALLOCATION,https://api.nal.usda.gov/FederalLCACommonsapi/browse/National_Renewable_Energy_Laboratory/USLCI_Database_Public/PROCESS/e64edb36-0dc5-342b-8a9e-37c7f7cb8bdd,2026-10-08,processes/e64edb36-0dc5-342b-8a9e-37c7f7cb8bdd.json,b7262f8fa324298d3c680af40f12d5cecc69bff712ee954b7eede0046b6dd211
Transport,transport,"Transport, chemical tanker; distillate powered; average location mix",e6db6f4c-2e90-43db-ae2c-0fb7d6ef364a,00.00.009,UNIT_PROCESS,USLCI,1.2026-09.0,Global,2023-01-01,2023-12-31,"Transport, chemical tanker; distillate powered",ce06ec4d-91ab-387e-8dd0-4358c1ea3633,1.0,t*km,False,1,unknown,https://api.nal.usda.gov/FederalLCACommonsapi/browse/National_Renewable_Energy_Laboratory/USLCI_Database_Public/PROCESS/e6db6f4c-2e90-43db-ae2c-0fb7d6ef364a,2026-10-08,processes/e6db6f4c-2e90-43db-ae2c-0fb7d6ef364a.json,616678b447d1a3b4a3755cc6076b5f6335a95f69a294dc7f041414fb243147f6
Transport,transport,Transport; average mix; pharmaceutical products,e6ea2718-594f-36ed-9305-13fa5d44b21c,01.01.001,UNIT_PROCESS,USLCI,1.2026-09.0,United States of America (the),2017-01-01,2017-12-31,Commodity transport; at consumer,1d6944d8-817b-3ae1-b997-68bdc265557f,1.0,kg,False,1,PHYSICAL_ALLOCATION,https://api.nal.usda.gov/FederalLCACommonsapi/browse/National_Renewable_Energy_Laboratory/USLCI_Database_Public/PROCESS/e6ea2718-594f-36ed-9305-13fa5d44b21c,2026-10-08,processes/e6ea2718-594f-36ed-9305-13fa5d44b21c.json,3c1e296f3929f55d32d2eb3b9495459000e923c8713c33968703d0726042ad82
Transport,transport,"Transport, combination truck; long-haul; diesel powered; Southwest",e7827862-9c3d-3c15-ac17-e1298e632788,01.00.003,UNIT_PROCESS,USLCI,1.2026-09.0,unknown,2024-01-01,2024-12-31,"Transport; combination truck, long-haul; diesel powered",13ed0c67-549c-3a01-afee-7083b12dd949,1.0,t*km,False,1,PHYSICAL_ALLOCATION,https://api.nal.usda.gov/FederalLCACommonsapi/browse/National_Renewable_Energy_Laboratory/USLCI_Database_Public/PROCESS/e7827862-9c3d-3c15-ac17-e1298e632788,2026-10-08,processes/e7827862-9c3d-3c15-ac17-e1298e632788.json,e08424f05c9a72d9950f10622fe1096e654325086a980f16425826d0db94e3e3
Transport,transport,Transport; average mix; machinery,e7f9de6a-22d7-3bdd-9e18-5de16a0692f8,01.01.001,UNIT_PROCESS,USLCI,1.2026-09.0,United States of America (the),2017-01-01,2017-12-31,Commodity transport; at consumer,1d6944d8-817b-3ae1-b997-68bdc265557f,1.0,kg,False,1,PHYSICAL_ALLOCATION,https://api.nal.usda.gov/FederalLCACommonsapi/browse/National_Renewable_Energy_Laboratory/USLCI_Database_Public/PROCESS/e7f9de6a-22d7-3bdd-9e18-5de16a0692f8,2026-10-08,processes/e7f9de6a-22d7-3bdd-9e18-5de16a0692f8.json,1ce7b9bb3eb37295a721c49b67e9edb6e5ddd868c7485a6bee09ad73da0dee19
Transport,transport,"Transport, combination truck; short-haul; diesel powered; West",e873d007-5e2a-3193-ac3e-087539227c4d,01.00.003,UNIT_PROCESS,USLCI,1.2026-09.0,unknown,2024-01-01,2024-12-31,"Transport; combination truck, short-haul; diesel powered",59449b10-044a-3a9b-a6e6-5c5fc97b50bb,1.0,t*km,False,1,PHYSICAL_ALLOCATION,https://api.nal.usda.gov/FederalLCACommonsapi/browse/National_Renewable_Energy_Laboratory/USLCI_Database_Public/PROCESS/e873d007-5e2a-3193-ac3e-087539227c4d,2026-10-08,processes/e873d007-5e2a-3193-ac3e-087539227c4d.json,33a9749dafab378c20f6897f968f51858f50a968e5472647264a73d3800e5d9f
Transport,transport,"Transport, combination truck; long-haul; compressed natural gas powered; South",e9d0fe6d-9513-3c53-9b44-fee94c32c4e6,01.00.003,UNIT_PROCESS,USLCI,1.2026-09.0,unknown,2024-01-01,2024-12-31,"Transport; combination truck, long-haul; compressed natural gas powered",8d49dd43-aada-36f4-9bf3-feff7e3231c3,1.0,t*km,False,1,PHYSICAL_ALLOCATION,https://api.nal.usda.gov/FederalLCACommonsapi/browse/National_Renewable_Energy_Laboratory/USLCI_Database_Public/PROCESS/e9d0fe6d-9513-3c53-9b44-fee94c32c4e6,2026-10-08,processes/e9d0fe6d-9513-3c53-9b44-fee94c32c4e6.json,ea458396f765dfc1c15bd18fdda0c58894e904420d2484227f2163896f9fbfa8
Transport,transport,"Transport, school bus; diesel powered; East North Central",eaf32f1e-3780-3ccc-b6b0-1e0898524284,00.00.010,UNIT_PROCESS,USLCI,1.2026-09.0,United States of America (the),2009-12-31,2009-12-31,Transport; school bus; diesel powered,e039be4c-037a-36c4-822a-e55803432f61,1.0,p*km,False,1,NO_ALLOCATION,https://api.nal.usda.gov/FederalLCACommonsapi/browse/National_Renewable_Energy_Laboratory/USLCI_Database_Public/PROCESS/eaf32f1e-3780-3ccc-b6b0-1e0898524284,2026-10-08,processes/eaf32f1e-3780-3ccc-b6b0-1e0898524284.json,648e3372105d3bfd8c34d3a7cf0efe50d26eaf8d888151941d0b87ea3633cded
Transport,transport,"Transport, barge; residual fuel oil powered",eaff3c91-b8ce-38a1-a3ba-1fe0c9d4041c,00.00.012,UNIT_PROCESS,USLCI,1.2026-09.0,United States of America (the),2005-01-01,2013-12-31,Transport; barge; residual fuel oil powered,c2cc68fe-1754-3468-a973-51c2f5c82fcd,1.0,t*km,False,1,NO_ALLOCATION,https://api.nal.usda.gov/FederalLCACommonsapi/browse/National_Renewable_Energy_Laboratory/USLCI_Database_Public/PROCESS/eaff3c91-b8ce-38a1-a3ba-1fe0c9d4041c,2026-10-08,processes/eaff3c91-b8ce-38a1-a3ba-1fe0c9d4041c.json,0955b8ab801d81b3239b65960e46ec0e258644c2df55dfd95c7d3a003806ddde
Transport,transport,"Transport, combination truck; long-haul; diesel powered; East North Central",eb180616-8607-3906-9bf7-2d97b4cca501,01.00.003,UNIT_PROCESS,USLCI,1.2026-09.0,unknown,2024-01-01,2024-12-31,"Transport; combination truck, long-haul; diesel powered",13ed0c67-549c-3a01-afee-7083b12dd949,1.0,t*km,False,1,PHYSICAL_ALLOCATION,https://api.nal.usda.gov/FederalLCACommonsapi/browse/National_Renewable_Energy_Laboratory/USLCI_Database_Public/PROCESS/eb180616-8607-3906-9bf7-2d97b4cca501,2026-10-08,processes/eb180616-8607-3906-9bf7-2d97b4cca501.json,10323f2a31367d64b416a8b745d00d4ebe3e8562a2ce9da6a636489d014778b5
Transport,transport,"Transport, single unit truck; short-haul; electricity powered; Central",eb2f04c5-84f0-3a1b-acc3-b3b9125d1258,01.00.007,UNIT_PROCESS,USLCI,1.2026-09.0,unknown,2024-01-01,2024-12-31,"Transport; single unit truck, short-haul; electricity powered",855b58f5-89b6-3b25-b33e-59454a0adbaa,1.0,t*km,False,1,PHYSICAL_ALLOCATION,https://api.nal.usda.gov/FederalLCACommonsapi/browse/National_Renewable_Energy_Laboratory/USLCI_Database_Public/PROCESS/eb2f04c5-84f0-3a1b-acc3-b3b9125d1258,2026-10-08,processes/eb2f04c5-84f0-3a1b-acc3-b3b9125d1258.json,121ca194b5b40f800037da0bdf5be6c8a7ae130ca9b0fbea5939eb455b9d3b01
Transport,transport,"Transport, single unit truck; gasoline powered; Alaska",ebe48764-9fda-3c02-9714-621f353e4484,01.00.003,UNIT_PROCESS,USLCI,1.2026-09.0,unknown,2024-01-01,2024-12-31,Transport; single unit truck; gasoline powered,30c89ffc-e08a-3d2b-8c96-33b2397b9bd8,1.0,t*km,False,1,PHYSICAL_ALLOCATION,https://api.nal.usda.gov/FederalLCACommonsapi/browse/National_Renewable_Energy_Laboratory/USLCI_Database_Public/PROCESS/ebe48764-9fda-3c02-9714-621f353e4484,2026-10-08,processes/ebe48764-9fda-3c02-9714-621f353e4484.json,f90a4084df4fca77a5b24490b53139d3b0e8897ff5149d9dc2a2b029ab74c76b
Transport,transport,"Transport, transit bus; diesel powered; Northwest",ec65cbcc-bd0f-3359-9fab-a7f89e7e0aef,00.00.011,UNIT_PROCESS,USLCI,1.2026-09.0,United States of America (the),2009-12-31,2009-12-31,Transport; transit bus; diesel powered,83a2d23e-a668-3b97-a037-371c67c18ccf,1.0,p*km,False,1,NO_ALLOCATION,https://api.nal.usda.gov/FederalLCACommonsapi/browse/National_Renewable_Energy_Laboratory/USLCI_Database_Public/PROCESS/ec65cbcc-bd0f-3359-9fab-a7f89e7e0aef,2026-10-08,processes/ec65cbcc-bd0f-3359-9fab-a7f89e7e0aef.json,9594e39fd8da6eb8d54e07422f24ca0a9f37ea5f2e8cca84952a7039a2d807fa
Transport,transport,"Transport, chemical tanker; residual fuel oil powered; Africa to US Gulf",ecdec4c4-4fba-349a-b812-c4a0182eb709,01.00.001,UNIT_PROCESS,USLCI,1.2026-09.0,Global,2023-01-01,2023-12-31,"Transport, chemical tanker; residual fuel oil powered",8c3474d2-9fc0-3940-a631-ec4229207e82,1.0,t*km,False,1,PHYSICAL_ALLOCATION,https://api.nal.usda.gov/FederalLCACommonsapi/browse/National_Renewable_Energy_Laboratory/USLCI_Database_Public/PROCESS/ecdec4c4-4fba-349a-b812-c4a0182eb709,2026-10-08,processes/ecdec4c4-4fba-349a-b812-c4a0182eb709.json,4be887d06add5cf79945ed9b0c056b42ecbb9b9d183ed48cff597c3b548b802c
Transport,transport,"Transport, single unit truck; compressed natural gas powered; West North Central",ed1e0fe6-16fb-325a-bcd4-7d40722af57b,01.00.003,UNIT_PROCESS,USLCI,1.2026-09.0,unknown,2024-01-01,2024-12-31,Transport; single unit truck; compressed natural gas powered,cb33e8c2-2296-3c28-8015-fc08bf040845,1.0,t*km,False,1,PHYSICAL_ALLOCATION,https://api.nal.usda.gov/FederalLCACommonsapi/browse/National_Renewable_Energy_Laboratory/USLCI_Database_Public/PROCESS/ed1e0fe6-16fb-325a-bcd4-7d40722af57b,2026-10-08,processes/ed1e0fe6-16fb-325a-bcd4-7d40722af57b.json,88ba96c9c52d5a1b983cfa2150e1673dbd5610259c094a0402acc31c2e923637
Transport,transport,"Transport, combination truck; short-haul; compressed natural gas powered; Northwest",ed22c2a6-1beb-3c87-b1c9-36de48fcef0d,01.00.003,UNIT_PROCESS,USLCI,1.2026-09.0,unknown,2024-01-01,2024-12-31,"Transport; combination truck, short-haul; compressed natural gas powered",419e9d46-92be-37cf-a9a2-765076ebf9ad,1.0,t*km,False,1,PHYSICAL_ALLOCATION,https://api.nal.usda.gov/FederalLCACommonsapi/browse/National_Renewable_Energy_Laboratory/USLCI_Database_Public/PROCESS/ed22c2a6-1beb-3c87-b1c9-36de48fcef0d,2026-10-08,processes/ed22c2a6-1beb-3c87-b1c9-36de48fcef0d.json,f4ce6970ae7924208bff4c4ee4b63885c59f2c8dc8a04be8628a8353558c8030
Transport,transport,"Transport, school bus; diesel powered; West",ed7627f8-4d2e-3c59-b61e-b1cc6a37f6a9,00.00.010,UNIT_PROCESS,USLCI,1.2026-09.0,United States of America (the),2009-12-31,2009-12-31,Transport; school bus; diesel powered,e039be4c-037a-36c4-822a-e55803432f61,1.0,p*km,False,1,NO_ALLOCATION,https://api.nal.usda.gov/FederalLCACommonsapi/browse/National_Renewable_Energy_Laboratory/USLCI_Database_Public/PROCESS/ed7627f8-4d2e-3c59-b61e-b1cc6a37f6a9,2026-10-08,processes/ed7627f8-4d2e-3c59-b61e-b1cc6a37f6a9.json,ab6ea2156df5c01a5f50ae0ad1cae81dea2cf87d9e8b81daae5f10bda7d3188c
Transport,transport,"Transport, single unit truck; long-haul; compressed natural gas powered; Southwest",ed895b89-119c-337b-996d-f9e68a527d70,01.00.003,UNIT_PROCESS,USLCI,1.2026-09.0,unknown,2024-01-01,2024-12-31,"Transport; single unit truck, long-haul; compressed natural gas powered",d0207892-1d62-3649-b2a7-4f5bd03b8a73,1.0,t*km,False,1,PHYSICAL_ALLOCATION,https://api.nal.usda.gov/FederalLCACommonsapi/browse/National_Renewable_Energy_Laboratory/USLCI_Database_Public/PROCESS/ed895b89-119c-337b-996d-f9e68a527d70,2026-10-08,processes/ed895b89-119c-337b-996d-f9e68a527d70.json,6fef451a87b7a3376f1ffc5befc7798fc6f66a8245b221ee6c347fd5241ea308
Transport,transport,"Transport, container ship; distillate powered; Asia to US East Coast",ee17f36b-bb54-33b7-8e80-64cc21030309,01.00.001,UNIT_PROCESS,USLCI,1.2026-09.0,Global,2023-01-01,2023-12-31,"Transport, container ship; distillate powered",e46da55e-5561-37d0-8e99-71fade967cf3,1.0,t*km,False,1,PHYSICAL_ALLOCATION,https://api.nal.usda.gov/FederalLCACommonsapi/browse/National_Renewable_Energy_Laboratory/USLCI_Database_Public/PROCESS/ee17f36b-bb54-33b7-8e80-64cc21030309,2026-10-08,processes/ee17f36b-bb54-33b7-8e80-64cc21030309.json,41be0f375425286f20e8e0df76cf3045c97b5104ec8df90739acdb5f5cc60f12
Transport,transport,"Transport, light commercial truck; diesel powered; Alaska",ee1e77e1-0b07-3a7a-ada9-0b1bef460444,01.00.003,UNIT_PROCESS,USLCI,1.2026-09.0,unknown,2024-01-01,2024-12-31,Transport; light commercial truck; diesel powered,35fe9caf-2ad2-3d14-ae03-21454a89da2e,1.0,t*km,False,1,PHYSICAL_ALLOCATION,https://api.nal.usda.gov/FederalLCACommonsapi/browse/National_Renewable_Energy_Laboratory/USLCI_Database_Public/PROCESS/ee1e77e1-0b07-3a7a-ada9-0b1bef460444,2026-10-08,processes/ee1e77e1-0b07-3a7a-ada9-0b1bef460444.json,e569dba6fbc331077e66e87cd40566540a36262972a5f5ed2a41df12d00772d7
Transport,transport,"Transport, combination truck; short-haul; compressed natural gas powered; West",ee469cfb-94a8-3469-b8c5-9f203109fb2a,01.00.003,UNIT_PROCESS,USLCI,1.2026-09.0,unknown,2024-01-01,2024-12-31,"Transport; combination truck, short-haul; compressed natural gas powered",419e9d46-92be-37cf-a9a2-765076ebf9ad,1.0,t*km,False,1,PHYSICAL_ALLOCATION,https://api.nal.usda.gov/FederalLCACommonsapi/browse/National_Renewable_Energy_Laboratory/USLCI_Database_Public/PROCESS/ee469cfb-94a8-3469-b8c5-9f203109fb2a,2026-10-08,processes/ee469cfb-94a8-3469-b8c5-9f203109fb2a.json,8b27b03210cd4205c2ba34bac7e325eb65d1db9bae3372c4e1e4d4777c33eaa3
Transport,transport,"Transport, transit bus; gasoline powered",eef0b665-299e-3de6-9edc-9e13a3adbdf0,00.00.011,UNIT_PROCESS,USLCI,1.2026-09.0,United States of America (the),2009-12-31,2009-12-31,Transport; transit bus; gasoline powered,3bc4806d-fa74-3fa8-b1a9-a9039497f0c4,1.0,p*km,False,1,NO_ALLOCATION,https://api.nal.usda.gov/FederalLCACommonsapi/browse/National_Renewable_Energy_Laboratory/USLCI_Database_Public/PROCESS/eef0b665-299e-3de6-9edc-9e13a3adbdf0,2026-10-08,processes/eef0b665-299e-3de6-9edc-9e13a3adbdf0.json,5e7286f20a65803ca132e9cd8dc3dd3cf126ae172990b8c134ff41fab543f672
Transport,transport,"Transport, combination truck; long-haul; compressed natural gas powered; East North Central",ef78fc1f-e1df-3a24-8b43-fa8637c613ec,01.00.003,UNIT_PROCESS,USLCI,1.2026-09.0,unknown,2024-01-01,2024-12-31,"Transport; combination truck, long-haul; compressed natural gas powered",8d49dd43-aada-36f4-9bf3-feff7e3231c3,1.0,t*km,False,1,PHYSICAL_ALLOCATION,https://api.nal.usda.gov/FederalLCACommonsapi/browse/National_Renewable_Energy_Laboratory/USLCI_Database_Public/PROCESS/ef78fc1f-e1df-3a24-8b43-fa8637c613ec,2026-10-08,processes/ef78fc1f-e1df-3a24-8b43-fa8637c613ec.json,6ed01ed3eefd5f312cd345667ce20cac275f13a62ac748471b3c9ef5997c6ca8
Transport,transport,"Transport, chemical tanker; distillate powered; Eastern Canada to US East Coast",efb37377-11c7-3108-983a-25e3695d826f,01.00.001,UNIT_PROCESS,USLCI,1.2026-09.0,Global,2023-01-01,2023-12-31,"Transport, chemical tanker; distillate powered",ce06ec4d-91ab-387e-8dd0-4358c1ea3633,1.0,t*km,False,1,PHYSICAL_ALLOCATION,https://api.nal.usda.gov/FederalLCACommonsapi/browse/National_Renewable_Energy_Laboratory/USLCI_Database_Public/PROCESS/efb37377-11c7-3108-983a-25e3695d826f,2026-10-08,processes/efb37377-11c7-3108-983a-25e3695d826f.json,78585a87d2f493df17683cd24e568f902e3f9bf683422c7fb75114202c65f7b9
Transport,transport,"Transport, chemical tanker; residual fuel oil powered; Asia to Hawaii",f0080671-ecdb-3c04-8835-2e4bdf50631e,01.00.001,UNIT_PROCESS,USLCI,1.2026-09.0,Global,2023-01-01,2023-12-31,"Transport, chemical tanker; residual fuel oil powered",8c3474d2-9fc0-3940-a631-ec4229207e82,1.0,t*km,False,1,PHYSICAL_ALLOCATION,https://api.nal.usda.gov/FederalLCACommonsapi/browse/National_Renewable_Energy_Laboratory/USLCI_Database_Public/PROCESS/f0080671-ecdb-3c04-8835-2e4bdf50631e,2026-10-08,processes/f0080671-ecdb-3c04-8835-2e4bdf50631e.json,0a2486085ea1e410ab28ddcad6b1a6c5f6f197d9974ab7707eb64b05fa11c5c3
Transport,transport,"Transport, single unit truck; short-haul; diesel powered; Hawaii",f012475f-903b-3e4e-9388-5200abdb7395,01.00.003,UNIT_PROCESS,USLCI,1.2026-09.0,unknown,2024-01-01,2024-12-31,"Transport; single unit truck, short-haul; diesel powered",20567d69-c8ee-325c-a98c-43c35b8eb9f4,1.0,t*km,False,1,PHYSICAL_ALLOCATION,https://api.nal.usda.gov/FederalLCACommonsapi/browse/National_Renewable_Energy_Laboratory/USLCI_Database_Public/PROCESS/f012475f-903b-3e4e-9388-5200abdb7395,2026-10-08,processes/f012475f-903b-3e4e-9388-5200abdb7395.json,03d9a64c875644bf6049612ff43a57936e95eabbf6aa466cbd7ebeac435bc2d6
Transport,transport,"Transport, refuse truck; diesel powered; East North Central",f10a3980-2f50-3f3c-be84-abb02ff0ba33,00.00.010,UNIT_PROCESS,USLCI,1.2026-09.0,United States of America (the),2009-12-31,2009-12-31,Transport; refuse truck; diesel powered,c99244fc-abe3-3836-9d0c-ce0872f79975,1.0,t*km,False,1,NO_ALLOCATION,https://api.nal.usda.gov/FederalLCACommonsapi/browse/National_Renewable_Energy_Laboratory/USLCI_Database_Public/PROCESS/f10a3980-2f50-3f3c-be84-abb02ff0ba33,2026-10-08,processes/f10a3980-2f50-3f3c-be84-abb02ff0ba33.json,dca65465a3784112a6fa43235c2c1c1e99576cf5f60e78154998cfb8359771c3
Transport,transport,"Transport, intercity bus; diesel powered; East North Central",f16cca9e-8d63-3dca-a1a6-7e3f9e54b313,00.00.010,UNIT_PROCESS,USLCI,1.2026-09.0,United States of America (the),2009-12-31,2009-12-31,Transport; intercity bus; diesel powered,b235b36a-7ade-3301-acd9-e9a91a8138e8,1.0,p*km,False,1,NO_ALLOCATION,https://api.nal.usda.gov/FederalLCACommonsapi/browse/National_Renewable_Energy_Laboratory/USLCI_Database_Public/PROCESS/f16cca9e-8d63-3dca-a1a6-7e3f9e54b313,2026-10-08,processes/f16cca9e-8d63-3dca-a1a6-7e3f9e54b313.json,11d4627d315bc23ea9ece9531fa0046ad419b985644143b1392eca54e4b1b9d9
Transport,transport,"Transport, chemical tanker; residual fuel oil powered; Pacific of Central/South America to US West Coast",f2782243-9cdf-3e93-8e79-09140b48fd4c,01.00.001,UNIT_PROCESS,USLCI,1.2026-09.0,Global,2023-01-01,2023-12-31,"Transport, chemical tanker; residual fuel oil powered",8c3474d2-9fc0-3940-a631-ec4229207e82,1.0,t*km,False,1,PHYSICAL_ALLOCATION,https://api.nal.usda.gov/FederalLCACommonsapi/browse/National_Renewable_Energy_Laboratory/USLCI_Database_Public/PROCESS/f2782243-9cdf-3e93-8e79-09140b48fd4c,2026-10-08,processes/f2782243-9cdf-3e93-8e79-09140b48fd4c.json,84ab7cf88f09863eb3783d8c87d8045a35d574b77a901371847d3222f343cb84
Transport,transport,"Transport, light commercial truck; electricity powered; Alaska",f28b8a1a-0d32-3980-9134-eef6808f70c2,01.00.007,UNIT_PROCESS,USLCI,1.2026-09.0,unknown,2024-01-01,2024-12-31,Transport; light commercial truck; electricity powered,0925e27b-37eb-38b6-8710-314211416cc2,1.0,t*km,False,1,PHYSICAL_ALLOCATION,https://api.nal.usda.gov/FederalLCACommonsapi/browse/National_Renewable_Energy_Laboratory/USLCI_Database_Public/PROCESS/f28b8a1a-0d32-3980-9134-eef6808f70c2,2026-10-08,processes/f28b8a1a-0d32-3980-9134-eef6808f70c2.json,03424fcb71e1a7dd0c18ab834882b081d629bd563d324005503ac506c6a4734d
Transport,transport,"Transport, container ship; residual fuel oil powered; Eastern Canada to US East Coast",f2d29289-0bce-3b0b-aaa8-842fda5858d2,01.00.001,UNIT_PROCESS,USLCI,1.2026-09.0,Global,2023-01-01,2023-12-31,"Transport, container ship; residual fuel oil powered",0d1b359b-72a1-3c00-aa2c-2102e8c81a17,1.0,t*km,False,1,PHYSICAL_ALLOCATION,https://api.nal.usda.gov/FederalLCACommonsapi/browse/National_Renewable_Energy_Laboratory/USLCI_Database_Public/PROCESS/f2d29289-0bce-3b0b-aaa8-842fda5858d2,2026-10-08,processes/f2d29289-0bce-3b0b-aaa8-842fda5858d2.json,dd87c8187ae38498650284589696fb8c110f1d01141c9011961116a1c2cc3a9e
Transport,transport,"Transport, single unit truck; short-haul; gasoline powered; Northwest",f311e6ec-ec13-388f-ac9f-4ed0731725c8,01.00.003,UNIT_PROCESS,USLCI,1.2026-09.0,unknown,2024-01-01,2024-12-31,"Transport; single unit truck, short-haul; gasoline powered",524fd4ed-beef-3c60-a17b-fa0ba1842eeb,1.0,t*km,False,1,PHYSICAL_ALLOCATION,https://api.nal.usda.gov/FederalLCACommonsapi/browse/National_Renewable_Energy_Laboratory/USLCI_Database_Public/PROCESS/f311e6ec-ec13-388f-ac9f-4ed0731725c8,2026-10-08,processes/f311e6ec-ec13-388f-ac9f-4ed0731725c8.json,e5fcb3c6d82b9ec11d28a3d7ac93adccde0069165c95a16695488790e167abb2
Transport,transport,"Transport, chemical tanker; distillate powered; Pacific of Central/South America to US West Coast",f4daa274-ed6d-3cb8-be97-e4dec671cb22,01.00.001,UNIT_PROCESS,USLCI,1.2026-09.0,Global,2023-01-01,2023-12-31,"Transport, chemical tanker; distillate powered",ce06ec4d-91ab-387e-8dd0-4358c1ea3633,1.0,t*km,False,1,PHYSICAL_ALLOCATION,https://api.nal.usda.gov/FederalLCACommonsapi/browse/National_Renewable_Energy_Laboratory/USLCI_Database_Public/PROCESS/f4daa274-ed6d-3cb8-be97-e4dec671cb22,2026-10-08,processes/f4daa274-ed6d-3cb8-be97-e4dec671cb22.json,920fc3129e0738f3652f242eb7372df568d43975dd9ed4d32ec2de73ae8b70aa
Transport,transport,"Transport, light commercial truck; electricity powered; Northeast",f511dd33-5e4b-37d2-b9a5-959d5f2aaf09,01.00.007,UNIT_PROCESS,USLCI,1.2026-09.0,unknown,2024-01-01,2024-12-31,Transport; light commercial truck; electricity powered,0925e27b-37eb-38b6-8710-314211416cc2,1.0,t*km,False,1,PHYSICAL_ALLOCATION,https://api.nal.usda.gov/FederalLCACommonsapi/browse/National_Renewable_Energy_Laboratory/USLCI_Database_Public/PROCESS/f511dd33-5e4b-37d2-b9a5-959d5f2aaf09,2026-10-08,processes/f511dd33-5e4b-37d2-b9a5-959d5f2aaf09.json,e6c01d9a8de46d3e835815cd6d21474ef5dce2ccfaea22d19bb9d0fb953be7dd
Transport,transport,"Transport, school bus; diesel powered; Southwest",f54c5355-f6cf-3a17-8564-d01fb359af48,00.00.010,UNIT_PROCESS,USLCI,1.2026-09.0,United States of America (the),2009-12-31,2009-12-31,Transport; school bus; diesel powered,e039be4c-037a-36c4-822a-e55803432f61,1.0,p*km,False,1,NO_ALLOCATION,https://api.nal.usda.gov/FederalLCACommonsapi/browse/National_Renewable_Energy_Laboratory/USLCI_Database_Public/PROCESS/f54c5355-f6cf-3a17-8564-d01fb359af48,2026-10-08,processes/f54c5355-f6cf-3a17-8564-d01fb359af48.json,a802335e2bc7c6cd23be72d03a23f7f57b59154b71a1178d06c198e37d4f6b3d
Transport,transport,"Transport, combination truck; electricity powered; West",f5bb9b3a-c502-3520-990a-11108f0b44c8,01.00.007,UNIT_PROCESS,USLCI,1.2026-09.0,unknown,2024-01-01,2024-12-31,Transport; combination truck; electricity powered,70d89027-628d-3404-8458-b209e40dd0e0,1.0,t*km,False,1,PHYSICAL_ALLOCATION,https://api.nal.usda.gov/FederalLCACommonsapi/browse/National_Renewable_Energy_Laboratory/USLCI_Database_Public/PROCESS/f5bb9b3a-c502-3520-990a-11108f0b44c8,2026-10-08,processes/f5bb9b3a-c502-3520-990a-11108f0b44c8.json,0ef9f5b517f66e777e9ba7133932b1defb01b142d398a67f8e5191fa455efe06
Transport,transport,"Transport, combination truck; short-haul; diesel powered; Southeast",f6cac940-4ce5-3c3c-8393-66ad74b185c9,01.00.003,UNIT_PROCESS,USLCI,1.2026-09.0,unknown,2024-01-01,2024-12-31,"Transport; combination truck, short-haul; diesel powered",59449b10-044a-3a9b-a6e6-5c5fc97b50bb,1.0,t*km,False,1,PHYSICAL_ALLOCATION,https://api.nal.usda.gov/FederalLCACommonsapi/browse/National_Renewable_Energy_Laboratory/USLCI_Database_Public/PROCESS/f6cac940-4ce5-3c3c-8393-66ad74b185c9,2026-10-08,processes/f6cac940-4ce5-3c3c-8393-66ad74b185c9.json,e3a3c290ab1e4d866c3591bdcc5d9c08141b1d79fdcf0da3a77ccc2120065eae
Transport,transport,"Transport, intercity bus; diesel powered; West",f7304101-1cce-3395-91ca-e38fbdc16abb,00.00.010,UNIT_PROCESS,USLCI,1.2026-09.0,United States of America (the),2009-12-31,2009-12-31,Transport; intercity bus; diesel powered,b235b36a-7ade-3301-acd9-e9a91a8138e8,1.0,p*km,False,1,NO_ALLOCATION,https://api.nal.usda.gov/FederalLCACommonsapi/browse/National_Renewable_Energy_Laboratory/USLCI_Database_Public/PROCESS/f7304101-1cce-3395-91ca-e38fbdc16abb,2026-10-08,processes/f7304101-1cce-3395-91ca-e38fbdc16abb.json,b91c8a7ddb5ff3f069edcc0d545f5077efa31f1b1bf3069f994e960c75a35334
Transport,transport,"Transport, intercity bus; diesel powered; Northeast",f781b4ee-27d2-32c0-a2d1-bb661f88141b,00.00.010,UNIT_PROCESS,USLCI,1.2026-09.0,United States of America (the),2009-12-31,2009-12-31,Transport; intercity bus; diesel powered,b235b36a-7ade-3301-acd9-e9a91a8138e8,1.0,p*km,False,1,NO_ALLOCATION,https://api.nal.usda.gov/FederalLCACommonsapi/browse/National_Renewable_Energy_Laboratory/USLCI_Database_Public/PROCESS/f781b4ee-27d2-32c0-a2d1-bb661f88141b,2026-10-08,processes/f781b4ee-27d2-32c0-a2d1-bb661f88141b.json,16364aa7142121b119f6678f3b6524858e38916d700ef77c661811f828d7826e
Transport,transport,"Transport, refuse truck; diesel powered; Hawaii",f7dbe13e-5a57-3360-812a-c99bd94e1e9b,00.00.010,UNIT_PROCESS,USLCI,1.2026-09.0,United States of America (the),2009-12-31,2009-12-31,Transport; refuse truck; diesel powered,c99244fc-abe3-3836-9d0c-ce0872f79975,1.0,t*km,False,1,NO_ALLOCATION,https://api.nal.usda.gov/FederalLCACommonsapi/browse/National_Renewable_Energy_Laboratory/USLCI_Database_Public/PROCESS/f7dbe13e-5a57-3360-812a-c99bd94e1e9b,2026-10-08,processes/f7dbe13e-5a57-3360-812a-c99bd94e1e9b.json,87640a57f2c3a2cd233170120696b4d983fbcca69f852adb4cf45a2a727e9a86
Transport,transport,"Transport, combination truck; long-haul; electricity powered; Southwest",f80c4468-4680-3bc9-9025-895d32394310,01.00.007,UNIT_PROCESS,USLCI,1.2026-09.0,unknown,2024-01-01,2024-12-31,"Transport; combination truck, long-haul; electricity powered",0e5e3079-33df-31fd-ad79-8b8feff08fb6,1.0,t*km,False,1,PHYSICAL_ALLOCATION,https://api.nal.usda.gov/FederalLCACommonsapi/browse/National_Renewable_Energy_Laboratory/USLCI_Database_Public/PROCESS/f80c4468-4680-3bc9-9025-895d32394310,2026-10-08,processes/f80c4468-4680-3bc9-9025-895d32394310.json,bcba264e80fb1b6fc8f037bb4144024c2d667ae0f49f512e3ff01bba25d7d47c
Transport,transport,"Transport, container ship; residual fuel oil powered; average location mix",f85fcdde-6c6b-3bbb-8efc-de6cb34c9ac7,00.00.028,UNIT_PROCESS,USLCI,1.2026-09.0,Global,2023-01-01,2023-12-31,"Transport, container ship; residual fuel oil powered",0d1b359b-72a1-3c00-aa2c-2102e8c81a17,1.0,t*km,False,1,NO_ALLOCATION,https://api.nal.usda.gov/FederalLCACommonsapi/browse/National_Renewable_Energy_Laboratory/USLCI_Database_Public/PROCESS/f85fcdde-6c6b-3bbb-8efc-de6cb34c9ac7,2026-10-08,processes/f85fcdde-6c6b-3bbb-8efc-de6cb34c9ac7.json,471aef8c4cfa158a9006eb754411827372b3878474a43639b8aafcb1a1ef5837
Transport,transport,"Transport, combination truck; short-haul; compressed natural gas powered",f91293a0-2164-34d5-a851-a15c2599c224,01.00.003,UNIT_PROCESS,USLCI,1.2026-09.0,United States of America (the),2024-01-01,2024-12-31,"Transport; combination truck, short-haul; compressed natural gas powered",419e9d46-92be-37cf-a9a2-765076ebf9ad,1.0,t*km,False,1,PHYSICAL_ALLOCATION,https://api.nal.usda.gov/FederalLCACommonsapi/browse/National_Renewable_Energy_Laboratory/USLCI_Database_Public/PROCESS/f91293a0-2164-34d5-a851-a15c2599c224,2026-10-08,processes/f91293a0-2164-34d5-a851-a15c2599c224.json,4ce50bd9014e110e496de67e03a449c657e463ad375eaba99df699ad3f42dfd6
Transport,transport,"Transport, single unit truck; compressed natural gas powered; West",f9724a57-14c5-3616-acff-f30ebb4346f0,01.00.003,UNIT_PROCESS,USLCI,1.2026-09.0,unknown,2024-01-01,2024-12-31,Transport; single unit truck; compressed natural gas powered,cb33e8c2-2296-3c28-8015-fc08bf040845,1.0,t*km,False,1,PHYSICAL_ALLOCATION,https://api.nal.usda.gov/FederalLCACommonsapi/browse/National_Renewable_Energy_Laboratory/USLCI_Database_Public/PROCESS/f9724a57-14c5-3616-acff-f30ebb4346f0,2026-10-08,processes/f9724a57-14c5-3616-acff-f30ebb4346f0.json,e10ab81ca6244b01fa205eb489e38f67a43a4d7befcd3a88752fa8dc14636d94
Transport,transport,"Transport, combination truck; diesel powered; West",f981613a-477d-3be8-9285-9e4779d1e0e8,01.00.003,UNIT_PROCESS,USLCI,1.2026-09.0,unknown,2024-01-01,2024-12-31,Transport; combination truck; diesel powered,628c07ec-0802-39c1-ab88-1c62848ef436,1.0,t*km,False,1,PHYSICAL_ALLOCATION,https://api.nal.usda.gov/FederalLCACommonsapi/browse/National_Renewable_Energy_Laboratory/USLCI_Database_Public/PROCESS/f981613a-477d-3be8-9285-9e4779d1e0e8,2026-10-08,processes/f981613a-477d-3be8-9285-9e4779d1e0e8.json,a03d6084c6170e5df4c825d6e3999cba6a235d0a90432d6d8eceb8b8df05a72d
Transport,transport,"Transport; average mix; electronic and other electrical equipment and components, and office equipment",f98e7e33-bdee-32cf-aba9-aeb30435310f,01.01.001,UNIT_PROCESS,USLCI,1.2026-09.0,United States of America (the),2017-01-01,2017-12-31,Commodity transport; at consumer,1d6944d8-817b-3ae1-b997-68bdc265557f,1.0,kg,False,1,PHYSICAL_ALLOCATION,https://api.nal.usda.gov/FederalLCACommonsapi/browse/National_Renewable_Energy_Laboratory/USLCI_Database_Public/PROCESS/f98e7e33-bdee-32cf-aba9-aeb30435310f,2026-10-08,processes/f98e7e33-bdee-32cf-aba9-aeb30435310f.json,581dd1c4369a1ecefc0189dfe2d9e1106e4806812566b16f5e707c2a72ca86ba
Transport,transport,"Transport, container ship; distillate powered; Asia to Hawaii",facc87e6-dd8e-305f-974e-410e4899681f,01.00.001,UNIT_PROCESS,USLCI,1.2026-09.0,Global,2023-01-01,2023-12-31,"Transport, container ship; distillate powered",e46da55e-5561-37d0-8e99-71fade967cf3,1.0,t*km,False,1,PHYSICAL_ALLOCATION,https://api.nal.usda.gov/FederalLCACommonsapi/browse/National_Renewable_Energy_Laboratory/USLCI_Database_Public/PROCESS/facc87e6-dd8e-305f-974e-410e4899681f,2026-10-08,processes/facc87e6-dd8e-305f-974e-410e4899681f.json,b808a6dc248256d29a7bd530c0623514e40aaa9431c0d5dec33e03b0a9e3dc39
Transport,transport,"Transport, light commercial truck; electricity powered; Hawaii",fbeb58e6-91cc-3613-bed4-7cfb9494b943,01.00.007,UNIT_PROCESS,USLCI,1.2026-09.0,unknown,2024-01-01,2024-12-31,Transport; light commercial truck; electricity powered,0925e27b-37eb-38b6-8710-314211416cc2,1.0,t*km,False,1,PHYSICAL_ALLOCATION,https://api.nal.usda.gov/FederalLCACommonsapi/browse/National_Renewable_Energy_Laboratory/USLCI_Database_Public/PROCESS/fbeb58e6-91cc-3613-bed4-7cfb9494b943,2026-10-08,processes/fbeb58e6-91cc-3613-bed4-7cfb9494b943.json,94395ffbdabd8a3bfc8d976f0401fe8414c46febdc58b009ef0db3f3f5549a21
Transport,transport,"Transport, light commercial truck; gasoline powered; Central",fcc53e1b-80ea-3c3b-8fcc-410cd543e2c7,01.00.003,UNIT_PROCESS,USLCI,1.2026-09.0,unknown,2024-01-01,2024-12-31,Transport; light commercial truck; gasoline powered,0614f894-cf10-307e-bd58-ac507face752,1.0,t*km,False,1,PHYSICAL_ALLOCATION,https://api.nal.usda.gov/FederalLCACommonsapi/browse/National_Renewable_Energy_Laboratory/USLCI_Database_Public/PROCESS/fcc53e1b-80ea-3c3b-8fcc-410cd543e2c7,2026-10-08,processes/fcc53e1b-80ea-3c3b-8fcc-410cd543e2c7.json,1a4838a63717f31343e606f56deebb2871b51286537543e495c6a1003e699185
Transport,transport,"Transport, combination truck; long-haul; electricity powered; Central",fd86b97d-1190-35fb-b3a6-61a4e290eedf,01.00.007,UNIT_PROCESS,USLCI,1.2026-09.0,unknown,2024-01-01,2024-12-31,"Transport; combination truck, long-haul; electricity powered",0e5e3079-33df-31fd-ad79-8b8feff08fb6,1.0,t*km,False,1,PHYSICAL_ALLOCATION,https://api.nal.usda.gov/FederalLCACommonsapi/browse/National_Renewable_Energy_Laboratory/USLCI_Database_Public/PROCESS/fd86b97d-1190-35fb-b3a6-61a4e290eedf,2026-10-08,processes/fd86b97d-1190-35fb-b3a6-61a4e290eedf.json,f2963751f399161358e0d661ac0aee2643e63d934bb3cae709b3c57ec2174daa
Transport,transport,"Transport, combination truck; short-haul; diesel powered; South",fe497d56-db73-3867-9356-ac5631405ab1,01.00.003,UNIT_PROCESS,USLCI,1.2026-09.0,unknown,2024-01-01,2024-12-31,"Transport; combination truck, short-haul; diesel powered",59449b10-044a-3a9b-a6e6-5c5fc97b50bb,1.0,t*km,False,1,PHYSICAL_ALLOCATION,https://api.nal.usda.gov/FederalLCACommonsapi/browse/National_Renewable_Energy_Laboratory/USLCI_Database_Public/PROCESS/fe497d56-db73-3867-9356-ac5631405ab1,2026-10-08,processes/fe497d56-db73-3867-9356-ac5631405ab1.json,e183e31c78016b9619db371db0696436fd390c9adf23b89b445dc36f73f03d95
Transport,transport,"Transport, combination truck; electricity powered; Northeast",fe76f3c7-32dc-3b08-8f7e-181410fa9a7b,01.00.007,UNIT_PROCESS,USLCI,1.2026-09.0,unknown,2024-01-01,2024-12-31,Transport; combination truck; electricity powered,70d89027-628d-3404-8458-b209e40dd0e0,1.0,t*km,False,1,PHYSICAL_ALLOCATION,https://api.nal.usda.gov/FederalLCACommonsapi/browse/National_Renewable_Energy_Laboratory/USLCI_Database_Public/PROCESS/fe76f3c7-32dc-3b08-8f7e-181410fa9a7b,2026-10-08,processes/fe76f3c7-32dc-3b08-8f7e-181410fa9a7b.json,69f992dfa0a1703e89481526abfd24ef0ce90e023b7ac0db6f32e7faabce9a86
Transport,transport,"Transport, light commercial truck; E85 powered; West",feaa7205-c1f4-3d8c-af05-562781ef8eb6,01.00.003,UNIT_PROCESS,USLCI,1.2026-09.0,unknown,2024-01-01,2024-12-31,Transport; light commercial truck; E85 powered,0a954583-49bd-3d80-8200-847790caf5b2,1.0,t*km,False,1,PHYSICAL_ALLOCATION,https://api.nal.usda.gov/FederalLCACommonsapi/browse/National_Renewable_Energy_Laboratory/USLCI_Database_Public/PROCESS/feaa7205-c1f4-3d8c-af05-562781ef8eb6,2026-10-08,processes/feaa7205-c1f4-3d8c-af05-562781ef8eb6.json,6638bcc4cdcf989763d201eee2f5663ef5eb8dfe9a10226a3e8ca1b27625e713
Transport,transport,"Transport, combination truck; short-haul; diesel powered; East North Central",fecba951-c031-36f7-abe3-007dd58adbf5,01.00.003,UNIT_PROCESS,USLCI,1.2026-09.0,unknown,2024-01-01,2024-12-31,"Transport; combination truck, short-haul; diesel powered",59449b10-044a-3a9b-a6e6-5c5fc97b50bb,1.0,t*km,False,1,PHYSICAL_ALLOCATION,https://api.nal.usda.gov/FederalLCACommonsapi/browse/National_Renewable_Energy_Laboratory/USLCI_Database_Public/PROCESS/fecba951-c031-36f7-abe3-007dd58adbf5,2026-10-08,processes/fecba951-c031-36f7-abe3-007dd58adbf5.json,3f4f248f8583c5720aa64aca2bff0c0efb3f74be089df2be804e43fdbfd3e604
Transport,transport,"Transport, single unit truck; long-haul; compressed natural gas powered",ffc91f16-4a7a-3b17-9a57-0c1308a68bfd,01.00.003,UNIT_PROCESS,USLCI,1.2026-09.0,United States of America (the),2024-01-01,2024-12-31,"Transport; single unit truck, long-haul; compressed natural gas powered",d0207892-1d62-3649-b2a7-4f5bd03b8a73,1.0,t*km,False,1,PHYSICAL_ALLOCATION,https://api.nal.usda.gov/FederalLCACommonsapi/browse/National_Renewable_Energy_Laboratory/USLCI_Database_Public/PROCESS/ffc91f16-4a7a-3b17-9a57-0c1308a68bfd,2026-10-08,processes/ffc91f16-4a7a-3b17-9a57-0c1308a68bfd.json,68a4cc7a46f090af3b0b82c41d6eaa65bb37e4fd040a8208676117ab29f0d727
Transport,transport,"Transport, container ship; residual fuel oil powered; Africa to US Gulf",ffeec8a3-6360-37d2-aaa2-dbb2b5c3d543,01.00.001,UNIT_PROCESS,USLCI,1.2026-09.0,Global,2023-01-01,2023-12-31,"Transport, container ship; residual fuel oil powered",0d1b359b-72a1-3c00-aa2c-2102e8c81a17,1.0,t*km,False,1,PHYSICAL_ALLOCATION,https://api.nal.usda.gov/FederalLCACommonsapi/browse/National_Renewable_Energy_Laboratory/USLCI_Database_Public/PROCESS/ffeec8a3-6360-37d2-aaa2-dbb2b5c3d543,2026-10-08,processes/ffeec8a3-6360-37d2-aaa2-dbb2b5c3d543.json,77cd0d8148bf9a65ad78b02a0cf2d3f98bd72ec560f332063795203150c47d65
Transport,truck,"Transport, single unit truck; long-haul; compressed natural gas powered; Alaska",00e711cb-ea71-3b0a-8dbb-2b7e9bd58c9e,01.00.003,UNIT_PROCESS,USLCI,1.2026-09.0,unknown,2024-01-01,2024-12-31,"Transport; single unit truck, long-haul; compressed natural gas powered",d0207892-1d62-3649-b2a7-4f5bd03b8a73,1.0,t*km,False,1,PHYSICAL_ALLOCATION,https://api.nal.usda.gov/FederalLCACommonsapi/browse/National_Renewable_Energy_Laboratory/USLCI_Database_Public/PROCESS/00e711cb-ea71-3b0a-8dbb-2b7e9bd58c9e,2026-10-08,processes/00e711cb-ea71-3b0a-8dbb-2b7e9bd58c9e.json,396b5cabdbd024055416c8fefef0e5fd50dd38ccbd78ba9714b6ba301ac9ed15
Transport,truck,"Transport, refuse truck; diesel powered; Southeast",015667f8-18c8-3f3c-bcb9-903185af6f04,00.00.010,UNIT_PROCESS,USLCI,1.2026-09.0,United States of America (the),2009-12-31,2009-12-31,Transport; refuse truck; diesel powered,c99244fc-abe3-3836-9d0c-ce0872f79975,1.0,t*km,False,1,NO_ALLOCATION,https://api.nal.usda.gov/FederalLCACommonsapi/browse/National_Renewable_Energy_Laboratory/USLCI_Database_Public/PROCESS/015667f8-18c8-3f3c-bcb9-903185af6f04,2026-10-08,processes/015667f8-18c8-3f3c-bcb9-903185af6f04.json,cd1884d868b46d151352df6bee119654295f4052524d1b534f3026030a969ca7
Transport,truck,"Transport, combination truck; short-haul; electricity powered; East North Central",0327b5eb-5bfe-3a79-bdb5-39b9fb42b514,01.00.007,UNIT_PROCESS,USLCI,1.2026-09.0,unknown,2024-01-01,2024-12-31,"Transport; combination truck, short-haul; electricity powered",d5ce6d5d-eea3-3c42-9999-fe46c52a1541,1.0,t*km,False,1,PHYSICAL_ALLOCATION,https://api.nal.usda.gov/FederalLCACommonsapi/browse/National_Renewable_Energy_Laboratory/USLCI_Database_Public/PROCESS/0327b5eb-5bfe-3a79-bdb5-39b9fb42b514,2026-10-08,processes/0327b5eb-5bfe-3a79-bdb5-39b9fb42b514.json,1cf67e1424e951edbfa80f57647ace5e01067ec4cbd8ece02fb7ad8fdd1772da
Transport,truck,"Transport, light commercial truck; electricity powered; East North Central",03b089f7-2073-3c62-9959-8a1949ae1c17,01.00.007,UNIT_PROCESS,USLCI,1.2026-09.0,unknown,2024-01-01,2024-12-31,Transport; light commercial truck; electricity powered,0925e27b-37eb-38b6-8710-314211416cc2,1.0,t*km,False,1,PHYSICAL_ALLOCATION,https://api.nal.usda.gov/FederalLCACommonsapi/browse/National_Renewable_Energy_Laboratory/USLCI_Database_Public/PROCESS/03b089f7-2073-3c62-9959-8a1949ae1c17,2026-10-08,processes/03b089f7-2073-3c62-9959-8a1949ae1c17.json,cd6087ffb5057711e4dfea74cc788ee706de23147d65f71fa3d7b60d411ff110
Transport,truck,"Transport, combination truck; short-haul; electricity powered; Northwest",05225f4c-0974-37f3-ad7d-8fc98840f786,01.00.007,UNIT_PROCESS,USLCI,1.2026-09.0,unknown,2024-01-01,2024-12-31,"Transport; combination truck, short-haul; electricity powered",d5ce6d5d-eea3-3c42-9999-fe46c52a1541,1.0,t*km,False,1,PHYSICAL_ALLOCATION,https://api.nal.usda.gov/FederalLCACommonsapi/browse/National_Renewable_Energy_Laboratory/USLCI_Database_Public/PROCESS/05225f4c-0974-37f3-ad7d-8fc98840f786,2026-10-08,processes/05225f4c-0974-37f3-ad7d-8fc98840f786.json,c74b3718fef15310ebf699e8c23661138e2859c901c5997d0d7d00d36f7912d7
Transport,truck,"Transport, single unit truck; compressed natural gas powered; Central",06104859-7967-3179-a4dd-3812b8912eb1,01.00.003,UNIT_PROCESS,USLCI,1.2026-09.0,unknown,2024-01-01,2024-12-31,Transport; single unit truck; compressed natural gas powered,cb33e8c2-2296-3c28-8015-fc08bf040845,1.0,t*km,False,1,PHYSICAL_ALLOCATION,https://api.nal.usda.gov/FederalLCACommonsapi/browse/National_Renewable_Energy_Laboratory/USLCI_Database_Public/PROCESS/06104859-7967-3179-a4dd-3812b8912eb1,2026-10-08,processes/06104859-7967-3179-a4dd-3812b8912eb1.json,9247e18915c10f91dbe542430ea19fa30576dfd4746169cd9924fada0f1649db
Transport,truck,"Transport, combination truck; compressed natural gas powered; East North Central",0677a98b-6f90-3e7e-acf5-3835639c7d41,01.00.003,UNIT_PROCESS,USLCI,1.2026-09.0,unknown,2024-01-01,2024-12-31,Transport; combination truck; compressed natural gas powered,8a848faa-996b-39f4-a2ec-e9a1df693278,1.0,t*km,False,1,PHYSICAL_ALLOCATION,https://api.nal.usda.gov/FederalLCACommonsapi/browse/National_Renewable_Energy_Laboratory/USLCI_Database_Public/PROCESS/0677a98b-6f90-3e7e-acf5-3835639c7d41,2026-10-08,processes/0677a98b-6f90-3e7e-acf5-3835639c7d41.json,071377547bde9f02507ae478bbe4eefd703fdac443de121cabf0a8b6c68077dc
Transport,truck,"Transport, single unit truck; electricity powered; Northwest",06d76688-f853-3631-b003-f1f125d082d3,01.00.007,UNIT_PROCESS,USLCI,1.2026-09.0,unknown,2024-01-01,2024-12-31,Transport; single unit truck; electricity powered,94755eaa-c6ec-32d3-b687-b94ed0a53e5f,1.0,t*km,False,1,PHYSICAL_ALLOCATION,https://api.nal.usda.gov/FederalLCACommonsapi/browse/National_Renewable_Energy_Laboratory/USLCI_Database_Public/PROCESS/06d76688-f853-3631-b003-f1f125d082d3,2026-10-08,processes/06d76688-f853-3631-b003-f1f125d082d3.json,5b881cb1b0137b536ba13e6e5a941aca8ada16f1a18157e538a8f0fe1936694f
Transport,truck,"Transport, refuse truck; diesel powered; West North Central",077f9944-eca8-3f2d-b1ee-cdbc115ff0eb,00.00.010,UNIT_PROCESS,USLCI,1.2026-09.0,United States of America (the),2009-12-31,2009-12-31,Transport; refuse truck; diesel powered,c99244fc-abe3-3836-9d0c-ce0872f79975,1.0,t*km,False,1,NO_ALLOCATION,https://api.nal.usda.gov/FederalLCACommonsapi/browse/National_Renewable_Energy_Laboratory/USLCI_Database_Public/PROCESS/077f9944-eca8-3f2d-b1ee-cdbc115ff0eb,2026-10-08,processes/077f9944-eca8-3f2d-b1ee-cdbc115ff0eb.json,53e9cdfe690cfb4f8ccd20d41adce4c26ab5b1d4084fed7a5f224b9e129e00a6
Transport,truck,"Transport, combination truck; short-haul; gasoline powered; Northwest",08376114-0ea1-32d1-a3ab-f2cca7c71f31,01.00.003,UNIT_PROCESS,USLCI,1.2026-09.0,unknown,2024-01-01,2024-12-31,"Transport; combination truck, short-haul; gasoline powered",41361da6-313c-3621-bbe6-3a792f3dab6b,1.0,t*km,False,1,PHYSICAL_ALLOCATION,https://api.nal.usda.gov/FederalLCACommonsapi/browse/National_Renewable_Energy_Laboratory/USLCI_Database_Public/PROCESS/08376114-0ea1-32d1-a3ab-f2cca7c71f31,2026-10-08,processes/08376114-0ea1-32d1-a3ab-f2cca7c71f31.json,2a8508add530baa89c2a4940e33c8e5946514fe52a081fd75ce4da8886cd0416
Transport,truck,"Transport, combination truck; gasoline powered; Central",083dc6b7-fd49-3db9-89bb-7dce3a052fcc,01.00.003,UNIT_PROCESS,USLCI,1.2026-09.0,unknown,2024-01-01,2024-12-31,Transport; combination truck; gasoline powered,9b20d581-cc62-3313-9412-0855be3ee7c2,1.0,t*km,False,1,PHYSICAL_ALLOCATION,https://api.nal.usda.gov/FederalLCACommonsapi/browse/National_Renewable_Energy_Laboratory/USLCI_Database_Public/PROCESS/083dc6b7-fd49-3db9-89bb-7dce3a052fcc,2026-10-08,processes/083dc6b7-fd49-3db9-89bb-7dce3a052fcc.json,bdc8651b2c443c4aefaa24d3c4fb750c9f58ff7975c1d697777c2505f82136f5
Transport,truck,"Transport, single unit truck; compressed natural gas powered; Southeast",0862a9d5-7ba3-33f1-8d88-d80ca1d98e5f,01.00.003,UNIT_PROCESS,USLCI,1.2026-09.0,unknown,2024-01-01,2024-12-31,Transport; single unit truck; compressed natural gas powered,cb33e8c2-2296-3c28-8015-fc08bf040845,1.0,t*km,False,1,PHYSICAL_ALLOCATION,https://api.nal.usda.gov/FederalLCACommonsapi/browse/National_Renewable_Energy_Laboratory/USLCI_Database_Public/PROCESS/0862a9d5-7ba3-33f1-8d88-d80ca1d98e5f,2026-10-08,processes/0862a9d5-7ba3-33f1-8d88-d80ca1d98e5f.json,03ef919bf8a2df7f4dd27e02e20250f1281a48a55c6cb237108d5a81a675e449
Transport,truck,"Transport, single unit truck; electricity powered; Hawaii",08fe00bb-6180-36d8-95c3-74972c809fff,01.00.007,UNIT_PROCESS,USLCI,1.2026-09.0,unknown,2024-01-01,2024-12-31,Transport; single unit truck; electricity powered,94755eaa-c6ec-32d3-b687-b94ed0a53e5f,1.0,t*km,False,1,PHYSICAL_ALLOCATION,https://api.nal.usda.gov/FederalLCACommonsapi/browse/National_Renewable_Energy_Laboratory/USLCI_Database_Public/PROCESS/08fe00bb-6180-36d8-95c3-74972c809fff,2026-10-08,processes/08fe00bb-6180-36d8-95c3-74972c809fff.json,201e2a94ad0ece230e27ab5d02a73efa99613ce26cd0202365254c578a897e56
Transport,truck,"Transport, combination truck; electricity powered; West North Central",0a09c686-8aee-31dc-b8d9-33dcd61a7dfe,01.00.007,UNIT_PROCESS,USLCI,1.2026-09.0,unknown,2024-01-01,2024-12-31,Transport; combination truck; electricity powered,70d89027-628d-3404-8458-b209e40dd0e0,1.0,t*km,False,1,PHYSICAL_ALLOCATION,https://api.nal.usda.gov/FederalLCACommonsapi/browse/National_Renewable_Energy_Laboratory/USLCI_Database_Public/PROCESS/0a09c686-8aee-31dc-b8d9-33dcd61a7dfe,2026-10-08,processes/0a09c686-8aee-31dc-b8d9-33dcd61a7dfe.json,2bca0af3510eb7078da55e8179f426f20748a4f31bc853eb8861f688bcfb0465
Transport,truck,"Transport, single unit truck; long-haul; electricity powered; Southwest",0c00fec3-3286-3ceb-98ef-36fa7411ba2f,01.00.007,UNIT_PROCESS,USLCI,1.2026-09.0,unknown,2024-01-01,2024-12-31,"Transport; single unit truck, long-haul; electricity powered",ca468bee-3878-3418-918a-6cbe82ac640c,1.0,t*km,False,1,PHYSICAL_ALLOCATION,https://api.nal.usda.gov/FederalLCACommonsapi/browse/National_Renewable_Energy_Laboratory/USLCI_Database_Public/PROCESS/0c00fec3-3286-3ceb-98ef-36fa7411ba2f,2026-10-08,processes/0c00fec3-3286-3ceb-98ef-36fa7411ba2f.json,9babad6da3b816bfeaec835384327fa1481fe2343157d2a09b8f6b223f57c96c
Transport,truck,"Transport, single unit truck; electricity powered; Alaska",0d8e9e8d-f3a7-3781-af23-306523811c4a,01.00.007,UNIT_PROCESS,USLCI,1.2026-09.0,unknown,2024-01-01,2024-12-31,Transport; single unit truck; electricity powered,94755eaa-c6ec-32d3-b687-b94ed0a53e5f,1.0,t*km,False,1,PHYSICAL_ALLOCATION,https://api.nal.usda.gov/FederalLCACommonsapi/browse/National_Renewable_Energy_Laboratory/USLCI_Database_Public/PROCESS/0d8e9e8d-f3a7-3781-af23-306523811c4a,2026-10-08,processes/0d8e9e8d-f3a7-3781-af23-306523811c4a.json,bcaaf0e46f62d42e5e5678221bd25de197194399d4819993bd8f1e167685bcec
Transport,truck,"Transport, single unit truck; long-haul; gasoline powered; Hawaii",0e9b8277-83e7-3961-a7bb-ceda124189a9,01.00.003,UNIT_PROCESS,USLCI,1.2026-09.0,unknown,2024-01-01,2024-12-31,"Transport; single unit truck, long-haul; gasoline powered",9f52f8d9-5c7c-3d35-a912-376b70769a26,1.0,t*km,False,1,PHYSICAL_ALLOCATION,https://api.nal.usda.gov/FederalLCACommonsapi/browse/National_Renewable_Energy_Laboratory/USLCI_Database_Public/PROCESS/0e9b8277-83e7-3961-a7bb-ceda124189a9,2026-10-08,processes/0e9b8277-83e7-3961-a7bb-ceda124189a9.json,eecb8937428949c656fc61221ee40012557bbb03da3d16749b3bb0b75a4e9f46
Transport,truck,"Transport, single unit truck; short-haul; electricity powered; Northwest",0ec0a537-945a-3336-b174-f4074201483e,01.00.007,UNIT_PROCESS,USLCI,1.2026-09.0,unknown,2024-01-01,2024-12-31,"Transport; single unit truck, short-haul; electricity powered",855b58f5-89b6-3b25-b33e-59454a0adbaa,1.0,t*km,False,1,PHYSICAL_ALLOCATION,https://api.nal.usda.gov/FederalLCACommonsapi/browse/National_Renewable_Energy_Laboratory/USLCI_Database_Public/PROCESS/0ec0a537-945a-3336-b174-f4074201483e,2026-10-08,processes/0ec0a537-945a-3336-b174-f4074201483e.json,66e8ce6a2e616f7f4e6e942e06de5810e335bc3bec197f94ee03ce713d8a6163
Transport,truck,"Transport, single unit truck; short-haul; gasoline powered; Alaska",0ee63a7f-7646-3daa-b359-4116bd9f2929,01.00.003,UNIT_PROCESS,USLCI,1.2026-09.0,unknown,2024-01-01,2024-12-31,"Transport; single unit truck, short-haul; gasoline powered",524fd4ed-beef-3c60-a17b-fa0ba1842eeb,1.0,t*km,False,1,PHYSICAL_ALLOCATION,https://api.nal.usda.gov/FederalLCACommonsapi/browse/National_Renewable_Energy_Laboratory/USLCI_Database_Public/PROCESS/0ee63a7f-7646-3daa-b359-4116bd9f2929,2026-10-08,processes/0ee63a7f-7646-3daa-b359-4116bd9f2929.json,a1af4497557de69495808ffdb713a096813e8fca6495f6a63bcfbb1662992ad6
Transport,truck,"Transport, combination truck; electricity powered; Alaska",103485be-194e-395a-a504-7d3f3bc7a7b3,01.00.007,UNIT_PROCESS,USLCI,1.2026-09.0,unknown,2024-01-01,2024-12-31,Transport; combination truck; electricity powered,70d89027-628d-3404-8458-b209e40dd0e0,1.0,t*km,False,1,PHYSICAL_ALLOCATION,https://api.nal.usda.gov/FederalLCACommonsapi/browse/National_Renewable_Energy_Laboratory/USLCI_Database_Public/PROCESS/103485be-194e-395a-a504-7d3f3bc7a7b3,2026-10-08,processes/103485be-194e-395a-a504-7d3f3bc7a7b3.json,0c2018d2581e48c8da48b694814c4493e487cb05c8c3e505c8bd31fc01c02a97
Transport,truck,"Transport, single unit truck; short-haul; electricity powered; Northeast",103e5c10-96c9-3a1f-bf8b-7054873ee7ec,01.00.007,UNIT_PROCESS,USLCI,1.2026-09.0,unknown,2024-01-01,2024-12-31,"Transport; single unit truck, short-haul; electricity powered",855b58f5-89b6-3b25-b33e-59454a0adbaa,1.0,t*km,False,1,PHYSICAL_ALLOCATION,https://api.nal.usda.gov/FederalLCACommonsapi/browse/National_Renewable_Energy_Laboratory/USLCI_Database_Public/PROCESS/103e5c10-96c9-3a1f-bf8b-7054873ee7ec,2026-10-08,processes/103e5c10-96c9-3a1f-bf8b-7054873ee7ec.json,92b33ec36163f609b47e27860978dbccb38678cfff3f69a824f0040c22d5e59b
Transport,truck,"Transport, single unit truck; electricity powered; Southwest",13fa7cd1-3ccd-3b21-8b38-2ab4a7b95cd8,01.00.007,UNIT_PROCESS,USLCI,1.2026-09.0,unknown,2024-01-01,2024-12-31,Transport; single unit truck; electricity powered,94755eaa-c6ec-32d3-b687-b94ed0a53e5f,1.0,t*km,False,1,PHYSICAL_ALLOCATION,https://api.nal.usda.gov/FederalLCACommonsapi/browse/National_Renewable_Energy_Laboratory/USLCI_Database_Public/PROCESS/13fa7cd1-3ccd-3b21-8b38-2ab4a7b95cd8,2026-10-08,processes/13fa7cd1-3ccd-3b21-8b38-2ab4a7b95cd8.json,45a934cbf3061553677807c5cfa70666ad05c8a1454aee2e26d2b30f7b911f3b
Transport,truck,"Transport, single unit truck; short-haul; gasoline powered; East North Central",152b86c1-c318-3027-baf7-863ea194b59f,01.00.003,UNIT_PROCESS,USLCI,1.2026-09.0,unknown,2024-01-01,2024-12-31,"Transport; single unit truck, short-haul; gasoline powered",524fd4ed-beef-3c60-a17b-fa0ba1842eeb,1.0,t*km,False,1,PHYSICAL_ALLOCATION,https://api.nal.usda.gov/FederalLCACommonsapi/browse/National_Renewable_Energy_Laboratory/USLCI_Database_Public/PROCESS/152b86c1-c318-3027-baf7-863ea194b59f,2026-10-08,processes/152b86c1-c318-3027-baf7-863ea194b59f.json,3f6aaef8bed699ed9b69ccefffbc0436fa06118adb0a93bfe43b8ab81678e449
Transport,truck,"Transport, light commercial truck; E85 powered; Northeast",15893aef-a669-3f54-ab00-55f4ae6a842b,01.00.003,UNIT_PROCESS,USLCI,1.2026-09.0,unknown,2024-01-01,2024-12-31,Transport; light commercial truck; E85 powered,0a954583-49bd-3d80-8200-847790caf5b2,1.0,t*km,False,1,PHYSICAL_ALLOCATION,https://api.nal.usda.gov/FederalLCACommonsapi/browse/National_Renewable_Energy_Laboratory/USLCI_Database_Public/PROCESS/15893aef-a669-3f54-ab00-55f4ae6a842b,2026-10-08,processes/15893aef-a669-3f54-ab00-55f4ae6a842b.json,5d7f0fd6b2d36d827b205443320a2a92dce5268dff5d0188ee8a6eae10962153
Transport,truck,"Transport, single unit truck; gasoline powered; East North Central",1639dd55-400f-334f-af48-f8236eaef45e,01.00.003,UNIT_PROCESS,USLCI,1.2026-09.0,unknown,2024-01-01,2024-12-31,Transport; single unit truck; gasoline powered,30c89ffc-e08a-3d2b-8c96-33b2397b9bd8,1.0,t*km,False,1,PHYSICAL_ALLOCATION,https://api.nal.usda.gov/FederalLCACommonsapi/browse/National_Renewable_Energy_Laboratory/USLCI_Database_Public/PROCESS/1639dd55-400f-334f-af48-f8236eaef45e,2026-10-08,processes/1639dd55-400f-334f-af48-f8236eaef45e.json,5d2cec2205d08ac8bc3ba39631970728f36c127f400b6c10179460fbc8de1c81
Transport,truck,"Transport, single unit truck; short-haul; diesel powered; Southwest",16c70e02-29b3-3bec-9b39-b09415d02281,01.00.003,UNIT_PROCESS,USLCI,1.2026-09.0,unknown,2024-01-01,2024-12-31,"Transport; single unit truck, short-haul; diesel powered",20567d69-c8ee-325c-a98c-43c35b8eb9f4,1.0,t*km,False,1,PHYSICAL_ALLOCATION,https://api.nal.usda.gov/FederalLCACommonsapi/browse/National_Renewable_Energy_Laboratory/USLCI_Database_Public/PROCESS/16c70e02-29b3-3bec-9b39-b09415d02281,2026-10-08,processes/16c70e02-29b3-3bec-9b39-b09415d02281.json,a0b146df835dd313ca434adfc9659c7c2afc11fae463b6f88d7da4280484cf6a
Transport,truck,"Transport, refuse truck; diesel powered",16d56c2f-7a14-33c1-863d-baecbc1b5170,00.00.009,UNIT_PROCESS,USLCI,1.2026-09.0,United States of America (the),2009-12-31,2009-12-31,Transport; refuse truck; diesel powered,c99244fc-abe3-3836-9d0c-ce0872f79975,1.0,t*km,False,1,NO_ALLOCATION,https://api.nal.usda.gov/FederalLCACommonsapi/browse/National_Renewable_Energy_Laboratory/USLCI_Database_Public/PROCESS/16d56c2f-7a14-33c1-863d-baecbc1b5170,2026-10-08,processes/16d56c2f-7a14-33c1-863d-baecbc1b5170.json,b41f62eae9ffd94f97d4783fddc1867595b229f469adb93cfe24cb1701f1a176
Transport,truck,"Transport, combination truck; compressed natural gas powered; West",1728bfb7-f37e-3c33-a360-e1aed7ad91cc,01.00.003,UNIT_PROCESS,USLCI,1.2026-09.0,unknown,2024-01-01,2024-12-31,Transport; combination truck; compressed natural gas powered,8a848faa-996b-39f4-a2ec-e9a1df693278,1.0,t*km,False,1,PHYSICAL_ALLOCATION,https://api.nal.usda.gov/FederalLCACommonsapi/browse/National_Renewable_Energy_Laboratory/USLCI_Database_Public/PROCESS/1728bfb7-f37e-3c33-a360-e1aed7ad91cc,2026-10-08,processes/1728bfb7-f37e-3c33-a360-e1aed7ad91cc.json,9cc00ad396f6c267c3e473d598a9a7f9ff9e54d157604ea01c8f918f956fc7c9
Transport,truck,"Transport, light commercial truck; E85 powered",17873317-3d74-3ebb-809e-d080b87d5a09,01.00.003,UNIT_PROCESS,USLCI,1.2026-09.0,United States of America (the),2024-01-01,2024-12-31,Transport; light commercial truck; E85 powered,0a954583-49bd-3d80-8200-847790caf5b2,1.0,t*km,False,1,PHYSICAL_ALLOCATION,https://api.nal.usda.gov/FederalLCACommonsapi/browse/National_Renewable_Energy_Laboratory/USLCI_Database_Public/PROCESS/17873317-3d74-3ebb-809e-d080b87d5a09,2026-10-08,processes/17873317-3d74-3ebb-809e-d080b87d5a09.json,6e3e626ce28f8faa098dc127564ba8cd2ab089f626794afd3a090b4b9598da6d
Transport,truck,"Transport, single unit truck; short-haul; gasoline powered; Southwest",17b1790d-9a4f-329c-8feb-20aad7a41bb3,01.00.003,UNIT_PROCESS,USLCI,1.2026-09.0,unknown,2024-01-01,2024-12-31,"Transport; single unit truck, short-haul; gasoline powered",524fd4ed-beef-3c60-a17b-fa0ba1842eeb,1.0,t*km,False,1,PHYSICAL_ALLOCATION,https://api.nal.usda.gov/FederalLCACommonsapi/browse/National_Renewable_Energy_Laboratory/USLCI_Database_Public/PROCESS/17b1790d-9a4f-329c-8feb-20aad7a41bb3,2026-10-08,processes/17b1790d-9a4f-329c-8feb-20aad7a41bb3.json,6cb6649850108590239fab49bea31ca53ad81dd2df90fc84d35d0f3a6a873677
Transport,truck,"Transport, light commercial truck; electricity powered; West North Central",17d2f2a1-ef2f-3368-a501-fbd4979c3c3a,01.00.007,UNIT_PROCESS,USLCI,1.2026-09.0,unknown,2024-01-01,2024-12-31,Transport; light commercial truck; electricity powered,0925e27b-37eb-38b6-8710-314211416cc2,1.0,t*km,False,1,PHYSICAL_ALLOCATION,https://api.nal.usda.gov/FederalLCACommonsapi/browse/National_Renewable_Energy_Laboratory/USLCI_Database_Public/PROCESS/17d2f2a1-ef2f-3368-a501-fbd4979c3c3a,2026-10-08,processes/17d2f2a1-ef2f-3368-a501-fbd4979c3c3a.json,cef9425594722f9432a23f871722f47099c83ab5c9a2bf227f1cd2877026c4b8
Transport,truck,"Transport, single unit truck; diesel powered; West",18879d9d-a1bc-308f-b078-f66d5a738758,01.00.003,UNIT_PROCESS,USLCI,1.2026-09.0,unknown,2024-01-01,2024-12-31,Transport; single unit truck; diesel powered,bbcd8095-e1d5-3762-aa08-3efc8d1d2ec4,1.0,t*km,False,1,PHYSICAL_ALLOCATION,https://api.nal.usda.gov/FederalLCACommonsapi/browse/National_Renewable_Energy_Laboratory/USLCI_Database_Public/PROCESS/18879d9d-a1bc-308f-b078-f66d5a738758,2026-10-08,processes/18879d9d-a1bc-308f-b078-f66d5a738758.json,2d525d913971fa67a964ca330e15ecd32e1b956c9ec31e2fb388e6ecdfccba89
Transport,truck,"Transport, single unit truck; long-haul; diesel powered; East North Central",1b6a6391-2477-3898-8b92-e6621739797a,01.00.003,UNIT_PROCESS,USLCI,1.2026-09.0,unknown,2024-01-01,2024-12-31,"Transport; single unit truck, long-haul; diesel powered",1c639821-1428-35ac-aaa4-277aacdc7420,1.0,t*km,False,1,PHYSICAL_ALLOCATION,https://api.nal.usda.gov/FederalLCACommonsapi/browse/National_Renewable_Energy_Laboratory/USLCI_Database_Public/PROCESS/1b6a6391-2477-3898-8b92-e6621739797a,2026-10-08,processes/1b6a6391-2477-3898-8b92-e6621739797a.json,2a87ad7614c21a41fcf8e2df75e28d1fe33bbf9b314bf839e57162bf978451db
Transport,truck,"Transport, single unit truck; short-haul; gasoline powered; West North Central",1b8aeea1-53ae-3834-8162-4dd62dd2eefc,01.00.003,UNIT_PROCESS,USLCI,1.2026-09.0,unknown,2024-01-01,2024-12-31,"Transport; single unit truck, short-haul; gasoline powered",524fd4ed-beef-3c60-a17b-fa0ba1842eeb,1.0,t*km,False,1,PHYSICAL_ALLOCATION,https://api.nal.usda.gov/FederalLCACommonsapi/browse/National_Renewable_Energy_Laboratory/USLCI_Database_Public/PROCESS/1b8aeea1-53ae-3834-8162-4dd62dd2eefc,2026-10-08,processes/1b8aeea1-53ae-3834-8162-4dd62dd2eefc.json,9aeb55d526143b0059dfa240ace052d7cee9fd516f561a2e3dd59fc76503a3fd
Transport,truck,"Transport, single unit truck; short-haul; diesel powered; Central",1cb962d8-c4ea-39cf-be3f-9062109feb1d,01.00.003,UNIT_PROCESS,USLCI,1.2026-09.0,unknown,2024-01-01,2024-12-31,"Transport; single unit truck, short-haul; diesel powered",20567d69-c8ee-325c-a98c-43c35b8eb9f4,1.0,t*km,False,1,PHYSICAL_ALLOCATION,https://api.nal.usda.gov/FederalLCACommonsapi/browse/National_Renewable_Energy_Laboratory/USLCI_Database_Public/PROCESS/1cb962d8-c4ea-39cf-be3f-9062109feb1d,2026-10-08,processes/1cb962d8-c4ea-39cf-be3f-9062109feb1d.json,d8bb997623b6831c48b998b739ea56e7bb007bec8af57465b2e35ef4725c4b67
Transport,truck,"Transport, combination truck; short-haul; compressed natural gas powered; Alaska",1eee817f-45fe-3144-90d5-ddd7d0ae7939,01.00.003,UNIT_PROCESS,USLCI,1.2026-09.0,unknown,2024-01-01,2024-12-31,"Transport; combination truck, short-haul; compressed natural gas powered",419e9d46-92be-37cf-a9a2-765076ebf9ad,1.0,t*km,False,1,PHYSICAL_ALLOCATION,https://api.nal.usda.gov/FederalLCACommonsapi/browse/National_Renewable_Energy_Laboratory/USLCI_Database_Public/PROCESS/1eee817f-45fe-3144-90d5-ddd7d0ae7939,2026-10-08,processes/1eee817f-45fe-3144-90d5-ddd7d0ae7939.json,71bb5ed28c44e9b2349ee4f121b035ab1c8e6623742a95d36d4aaee79d47886a
Transport,truck,"Transport, single unit truck; short-haul; compressed natural gas powered; West North Central",1fc01f75-1abe-356c-81d1-3a8758c150e0,01.00.003,UNIT_PROCESS,USLCI,1.2026-09.0,unknown,2024-01-01,2024-12-31,"Transport; single unit truck, short-haul; compressed natural gas powered",1a34089c-3f9a-3afb-9ca6-93a4c7d6424e,1.0,t*km,False,1,PHYSICAL_ALLOCATION,https://api.nal.usda.gov/FederalLCACommonsapi/browse/National_Renewable_Energy_Laboratory/USLCI_Database_Public/PROCESS/1fc01f75-1abe-356c-81d1-3a8758c150e0,2026-10-08,processes/1fc01f75-1abe-356c-81d1-3a8758c150e0.json,24ce02f35881e6a5638c149519ec6fa639351a602415e33f31724a50b48590c1
Transport,truck,"Transport, single unit truck; long-haul; diesel powered; Northeast",1ff386a3-2d0c-3a73-97b1-cf3c6fa10d2c,01.00.003,UNIT_PROCESS,USLCI,1.2026-09.0,unknown,2024-01-01,2024-12-31,"Transport; single unit truck, long-haul; diesel powered",1c639821-1428-35ac-aaa4-277aacdc7420,1.0,t*km,False,1,PHYSICAL_ALLOCATION,https://api.nal.usda.gov/FederalLCACommonsapi/browse/National_Renewable_Energy_Laboratory/USLCI_Database_Public/PROCESS/1ff386a3-2d0c-3a73-97b1-cf3c6fa10d2c,2026-10-08,processes/1ff386a3-2d0c-3a73-97b1-cf3c6fa10d2c.json,7f68ed8940f05f54836a078e928f87d9772b931d2053c54d3ad82ff9d0089b20
Transport,truck,"Transport, single unit truck; long-haul; diesel powered; Southwest",2036751b-b50e-3bbd-8106-6744c4149453,01.00.003,UNIT_PROCESS,USLCI,1.2026-09.0,unknown,2024-01-01,2024-12-31,"Transport; single unit truck, long-haul; diesel powered",1c639821-1428-35ac-aaa4-277aacdc7420,1.0,t*km,False,1,PHYSICAL_ALLOCATION,https://api.nal.usda.gov/FederalLCACommonsapi/browse/National_Renewable_Energy_Laboratory/USLCI_Database_Public/PROCESS/2036751b-b50e-3bbd-8106-6744c4149453,2026-10-08,processes/2036751b-b50e-3bbd-8106-6744c4149453.json,5dab4d1cbcd61e4c50dece1deb2de8e7a0a0ddf5ff342df35b617d0c8521a33f
Transport,truck,"Transport, light commercial truck; electricity powered; Central",208689c1-63e5-31da-ada3-655d737f6d15,01.00.007,UNIT_PROCESS,USLCI,1.2026-09.0,unknown,2024-01-01,2024-12-31,Transport; light commercial truck; electricity powered,0925e27b-37eb-38b6-8710-314211416cc2,1.0,t*km,False,1,PHYSICAL_ALLOCATION,https://api.nal.usda.gov/FederalLCACommonsapi/browse/National_Renewable_Energy_Laboratory/USLCI_Database_Public/PROCESS/208689c1-63e5-31da-ada3-655d737f6d15,2026-10-08,processes/208689c1-63e5-31da-ada3-655d737f6d15.json,569096f65af32d83cce847cc796d201a3c291e7cff2d0394d86af566e3863718
Transport,truck,"Transport, combination truck; long-haul; electricity powered; West",21c927a3-8144-3c8f-aff0-c3821ca21298,01.00.007,UNIT_PROCESS,USLCI,1.2026-09.0,unknown,2024-01-01,2024-12-31,"Transport; combination truck, long-haul; electricity powered",0e5e3079-33df-31fd-ad79-8b8feff08fb6,1.0,t*km,False,1,PHYSICAL_ALLOCATION,https://api.nal.usda.gov/FederalLCACommonsapi/browse/National_Renewable_Energy_Laboratory/USLCI_Database_Public/PROCESS/21c927a3-8144-3c8f-aff0-c3821ca21298,2026-10-08,processes/21c927a3-8144-3c8f-aff0-c3821ca21298.json,ce01646754d8216cb881baff09fdca338437ae5501400087a8de22711255791e
Transport,truck,"Transport, single unit truck; gasoline powered; Southwest",22d74d98-9339-36a9-b5af-5d91a54f9b00,01.00.003,UNIT_PROCESS,USLCI,1.2026-09.0,unknown,2024-01-01,2024-12-31,Transport; single unit truck; gasoline powered,30c89ffc-e08a-3d2b-8c96-33b2397b9bd8,1.0,t*km,False,1,PHYSICAL_ALLOCATION,https://api.nal.usda.gov/FederalLCACommonsapi/browse/National_Renewable_Energy_Laboratory/USLCI_Database_Public/PROCESS/22d74d98-9339-36a9-b5af-5d91a54f9b00,2026-10-08,processes/22d74d98-9339-36a9-b5af-5d91a54f9b00.json,b60629b393a223a2e918c9eec6f0f5f5dcfcf66ebb0f2849cef72f4a25720173
Transport,truck,"Transport, single unit truck; short-haul; compressed natural gas powered; Alaska",236e954e-0405-3aee-be13-c6ad01322a06,01.00.003,UNIT_PROCESS,USLCI,1.2026-09.0,unknown,2024-01-01,2024-12-31,"Transport; single unit truck, short-haul; compressed natural gas powered",1a34089c-3f9a-3afb-9ca6-93a4c7d6424e,1.0,t*km,False,1,PHYSICAL_ALLOCATION,https://api.nal.usda.gov/FederalLCACommonsapi/browse/National_Renewable_Energy_Laboratory/USLCI_Database_Public/PROCESS/236e954e-0405-3aee-be13-c6ad01322a06,2026-10-08,processes/236e954e-0405-3aee-be13-c6ad01322a06.json,84d747a51788d93e96d75f523702c4d8c7a72813879e8ca89ac2f2b839c5e782
Transport,truck,"Transport, combination truck; long-haul; electricity powered; Southeast",2711233c-17bb-37cd-b330-58118351e726,01.00.007,UNIT_PROCESS,USLCI,1.2026-09.0,unknown,2024-01-01,2024-12-31,"Transport; combination truck, long-haul; electricity powered",0e5e3079-33df-31fd-ad79-8b8feff08fb6,1.0,t*km,False,1,PHYSICAL_ALLOCATION,https://api.nal.usda.gov/FederalLCACommonsapi/browse/National_Renewable_Energy_Laboratory/USLCI_Database_Public/PROCESS/2711233c-17bb-37cd-b330-58118351e726,2026-10-08,processes/2711233c-17bb-37cd-b330-58118351e726.json,23b20e94468fb16cc58d0bb71bc94d016d1cfb1f4de699ae0dc35fa821df3d6f
Transport,truck,"Transport, light commercial truck; gasoline powered; East North Central",2901993d-1852-3184-897e-5a30203714e8,01.00.003,UNIT_PROCESS,USLCI,1.2026-09.0,unknown,2024-01-01,2024-12-31,Transport; light commercial truck; gasoline powered,0614f894-cf10-307e-bd58-ac507face752,1.0,t*km,False,1,PHYSICAL_ALLOCATION,https://api.nal.usda.gov/FederalLCACommonsapi/browse/National_Renewable_Energy_Laboratory/USLCI_Database_Public/PROCESS/2901993d-1852-3184-897e-5a30203714e8,2026-10-08,processes/2901993d-1852-3184-897e-5a30203714e8.json,7c3f20c9d61a423757690abeeadce4b4d3de824aa5c6c689710fbaba8eef8b39
Transport,truck,"Transport, single unit truck; short-haul; diesel powered; Northeast",2962a2fb-4a99-3f77-b999-629bef8eb124,01.00.003,UNIT_PROCESS,USLCI,1.2026-09.0,unknown,2024-01-01,2024-12-31,"Transport; single unit truck, short-haul; diesel powered",20567d69-c8ee-325c-a98c-43c35b8eb9f4,1.0,t*km,False,1,PHYSICAL_ALLOCATION,https://api.nal.usda.gov/FederalLCACommonsapi/browse/National_Renewable_Energy_Laboratory/USLCI_Database_Public/PROCESS/2962a2fb-4a99-3f77-b999-629bef8eb124,2026-10-08,processes/2962a2fb-4a99-3f77-b999-629bef8eb124.json,15bf7b49e0d94470ec24b93ae45165324835ee9b1a55bcda3617af49032ebae4
Transport,truck,"Transport, light commercial truck; E85 powered; Northwest",299736d6-0d55-3842-b25e-aaeff1f1be28,01.00.003,UNIT_PROCESS,USLCI,1.2026-09.0,unknown,2024-01-01,2024-12-31,Transport; light commercial truck; E85 powered,0a954583-49bd-3d80-8200-847790caf5b2,1.0,t*km,False,1,PHYSICAL_ALLOCATION,https://api.nal.usda.gov/FederalLCACommonsapi/browse/National_Renewable_Energy_Laboratory/USLCI_Database_Public/PROCESS/299736d6-0d55-3842-b25e-aaeff1f1be28,2026-10-08,processes/299736d6-0d55-3842-b25e-aaeff1f1be28.json,7c0dbada2810e01118309616d9b92c0f24ebb1da9cd009a032f9f4156669232d
Transport,truck,"Transport, single unit truck; long-haul; diesel powered; West North Central",2afa4806-2633-3beb-8842-13326d66ed0a,01.00.003,UNIT_PROCESS,USLCI,1.2026-09.0,unknown,2024-01-01,2024-12-31,"Transport; single unit truck, long-haul; diesel powered",1c639821-1428-35ac-aaa4-277aacdc7420,1.0,t*km,False,1,PHYSICAL_ALLOCATION,https://api.nal.usda.gov/FederalLCACommonsapi/browse/National_Renewable_Energy_Laboratory/USLCI_Database_Public/PROCESS/2afa4806-2633-3beb-8842-13326d66ed0a,2026-10-08,processes/2afa4806-2633-3beb-8842-13326d66ed0a.json,fad9ea36202fa4526ad8be1c0984cdf1bdbecda9b9a6c4269b151806a17be557
Transport,truck,"Transport, combination truck; long-haul; diesel powered; Northeast",2b3fcaef-9b14-3a05-9208-ef23cf7ebdea,01.00.003,UNIT_PROCESS,USLCI,1.2026-09.0,unknown,2024-01-01,2024-12-31,"Transport; combination truck, long-haul; diesel powered",13ed0c67-549c-3a01-afee-7083b12dd949,1.0,t*km,False,1,PHYSICAL_ALLOCATION,https://api.nal.usda.gov/FederalLCACommonsapi/browse/National_Renewable_Energy_Laboratory/USLCI_Database_Public/PROCESS/2b3fcaef-9b14-3a05-9208-ef23cf7ebdea,2026-10-08,processes/2b3fcaef-9b14-3a05-9208-ef23cf7ebdea.json,ea106058c8a0d3e77fad03466a12368ad1c59ef39290234c34efb977c88477b4
Transport,truck,"Transport, single unit truck; short-haul; compressed natural gas powered; Southwest",2eb3f900-1329-34d7-8378-a685177338b7,01.00.003,UNIT_PROCESS,USLCI,1.2026-09.0,unknown,2024-01-01,2024-12-31,"Transport; single unit truck, short-haul; compressed natural gas powered",1a34089c-3f9a-3afb-9ca6-93a4c7d6424e,1.0,t*km,False,1,PHYSICAL_ALLOCATION,https://api.nal.usda.gov/FederalLCACommonsapi/browse/National_Renewable_Energy_Laboratory/USLCI_Database_Public/PROCESS/2eb3f900-1329-34d7-8378-a685177338b7,2026-10-08,processes/2eb3f900-1329-34d7-8378-a685177338b7.json,05a6d00c973bf9355b746623ace2bd2a6977eb57d4fc8ea6002640932ccf9757
Transport,truck,"Transport, single unit truck; long-haul; gasoline powered; Northeast",2f115eab-83cd-3f13-89bc-acd5c80f8642,01.00.003,UNIT_PROCESS,USLCI,1.2026-09.0,unknown,2024-01-01,2024-12-31,"Transport; single unit truck, long-haul; gasoline powered",9f52f8d9-5c7c-3d35-a912-376b70769a26,1.0,t*km,False,1,PHYSICAL_ALLOCATION,https://api.nal.usda.gov/FederalLCACommonsapi/browse/National_Renewable_Energy_Laboratory/USLCI_Database_Public/PROCESS/2f115eab-83cd-3f13-89bc-acd5c80f8642,2026-10-08,processes/2f115eab-83cd-3f13-89bc-acd5c80f8642.json,1e2dd229587cd57b1df3ddd06f4684d98be3c9ef7fc89d173e3af2f9176e0ae9
Transport,truck,"Transport, refuse truck; diesel powered; South",305caade-c895-33b0-90d7-4641bcf4741e,00.00.010,UNIT_PROCESS,USLCI,1.2026-09.0,United States of America (the),2009-12-31,2009-12-31,Transport; refuse truck; diesel powered,c99244fc-abe3-3836-9d0c-ce0872f79975,1.0,t*km,False,1,NO_ALLOCATION,https://api.nal.usda.gov/FederalLCACommonsapi/browse/National_Renewable_Energy_Laboratory/USLCI_Database_Public/PROCESS/305caade-c895-33b0-90d7-4641bcf4741e,2026-10-08,processes/305caade-c895-33b0-90d7-4641bcf4741e.json,5c1bb9564ecce8ae685fbc07023cc2b0cec877e8886a913aac7c20435e2c827e
Transport,truck,"Transport, single unit truck; diesel powered; Alaska",30fcb6c2-cb44-342f-8ce3-a7e3a2358bdc,01.00.003,UNIT_PROCESS,USLCI,1.2026-09.0,unknown,2024-01-01,2024-12-31,Transport; single unit truck; diesel powered,bbcd8095-e1d5-3762-aa08-3efc8d1d2ec4,1.0,t*km,False,1,PHYSICAL_ALLOCATION,https://api.nal.usda.gov/FederalLCACommonsapi/browse/National_Renewable_Energy_Laboratory/USLCI_Database_Public/PROCESS/30fcb6c2-cb44-342f-8ce3-a7e3a2358bdc,2026-10-08,processes/30fcb6c2-cb44-342f-8ce3-a7e3a2358bdc.json,28cf4769f26d9caa60d60c94d9c17f5e55c0b0e169eacec32619d62155156172
Transport,truck,"Transport, single unit truck; short-haul; electricity powered; Hawaii",3286f1e2-d87d-3ce6-8f19-406ffc88af07,01.00.007,UNIT_PROCESS,USLCI,1.2026-09.0,unknown,2024-01-01,2024-12-31,"Transport; single unit truck, short-haul; electricity powered",855b58f5-89b6-3b25-b33e-59454a0adbaa,1.0,t*km,False,1,PHYSICAL_ALLOCATION,https://api.nal.usda.gov/FederalLCACommonsapi/browse/National_Renewable_Energy_Laboratory/USLCI_Database_Public/PROCESS/3286f1e2-d87d-3ce6-8f19-406ffc88af07,2026-10-08,processes/3286f1e2-d87d-3ce6-8f19-406ffc88af07.json,691ceb48d17464e848d5eff304343b98cd2191a49bd440c6e3f090d38f29ef2e
Transport,truck,"Transport, combination truck; diesel powered; South",32f675d4-b1c1-3d61-8fb2-5e4181c932fe,01.00.003,UNIT_PROCESS,USLCI,1.2026-09.0,unknown,2024-01-01,2024-12-31,Transport; combination truck; diesel powered,628c07ec-0802-39c1-ab88-1c62848ef436,1.0,t*km,False,1,PHYSICAL_ALLOCATION,https://api.nal.usda.gov/FederalLCACommonsapi/browse/National_Renewable_Energy_Laboratory/USLCI_Database_Public/PROCESS/32f675d4-b1c1-3d61-8fb2-5e4181c932fe,2026-10-08,processes/32f675d4-b1c1-3d61-8fb2-5e4181c932fe.json,2c028399a29304143e6039ae718d3b5cd713b59b7f6ffad2a7d74917fe7f49c5
Transport,truck,"Transport, combination truck; diesel powered",34156f3c-28ef-33db-9ad0-6293a2aa0d52,01.00.003,UNIT_PROCESS,USLCI,1.2026-09.0,United States of America (the),2024-01-01,2024-12-31,Transport; combination truck; diesel powered,628c07ec-0802-39c1-ab88-1c62848ef436,1.0,t*km,False,1,PHYSICAL_ALLOCATION,https://api.nal.usda.gov/FederalLCACommonsapi/browse/National_Renewable_Energy_Laboratory/USLCI_Database_Public/PROCESS/34156f3c-28ef-33db-9ad0-6293a2aa0d52,2026-10-08,processes/34156f3c-28ef-33db-9ad0-6293a2aa0d52.json,280a651e5ff20864b3bec19010fe16edff8b316b26ddc8cd672361ef46010b27
Transport,truck,"Transport, single unit truck; electricity powered; Northeast",345cbd68-3b1b-3c19-b27c-91e9d9851c0c,01.00.007,UNIT_PROCESS,USLCI,1.2026-09.0,unknown,2024-01-01,2024-12-31,Transport; single unit truck; electricity powered,94755eaa-c6ec-32d3-b687-b94ed0a53e5f,1.0,t*km,False,1,PHYSICAL_ALLOCATION,https://api.nal.usda.gov/FederalLCACommonsapi/browse/National_Renewable_Energy_Laboratory/USLCI_Database_Public/PROCESS/345cbd68-3b1b-3c19-b27c-91e9d9851c0c,2026-10-08,processes/345cbd68-3b1b-3c19-b27c-91e9d9851c0c.json,ce8d5a6c5bcbc991b11ffc43250906c20046d7c073195cead1e582b52dab5d36
Transport,truck,"Transport, combination truck; gasoline powered; Southwest",3631420d-233a-3cfe-a093-5a0b09ec9e5e,01.00.003,UNIT_PROCESS,USLCI,1.2026-09.0,unknown,2024-01-01,2024-12-31,Transport; combination truck; gasoline powered,9b20d581-cc62-3313-9412-0855be3ee7c2,1.0,t*km,False,1,PHYSICAL_ALLOCATION,https://api.nal.usda.gov/FederalLCACommonsapi/browse/National_Renewable_Energy_Laboratory/USLCI_Database_Public/PROCESS/3631420d-233a-3cfe-a093-5a0b09ec9e5e,2026-10-08,processes/3631420d-233a-3cfe-a093-5a0b09ec9e5e.json,5ab3611aa0d483c4903550a6bd796c00b0a273699042c1ae50d44bafd3db3ee1
Transport,truck,"Transport, single unit truck; long-haul; compressed natural gas powered; West North Central",37bc3b3d-32db-328b-9442-737919bb813f,01.00.003,UNIT_PROCESS,USLCI,1.2026-09.0,unknown,2024-01-01,2024-12-31,"Transport; single unit truck, long-haul; compressed natural gas powered",d0207892-1d62-3649-b2a7-4f5bd03b8a73,1.0,t*km,False,1,PHYSICAL_ALLOCATION,https://api.nal.usda.gov/FederalLCACommonsapi/browse/National_Renewable_Energy_Laboratory/USLCI_Database_Public/PROCESS/37bc3b3d-32db-328b-9442-737919bb813f,2026-10-08,processes/37bc3b3d-32db-328b-9442-737919bb813f.json,1497ceca852f81eec072177b54e5c477f260784b61b2f77d544373751e4f1a35
Transport,truck,"Transport, combination truck; short-haul; electricity powered; Central",381c0eb6-aa6b-3c7f-9c0c-75b0ddc70fd8,01.00.007,UNIT_PROCESS,USLCI,1.2026-09.0,unknown,2024-01-01,2024-12-31,"Transport; combination truck, short-haul; electricity powered",d5ce6d5d-eea3-3c42-9999-fe46c52a1541,1.0,t*km,False,1,PHYSICAL_ALLOCATION,https://api.nal.usda.gov/FederalLCACommonsapi/browse/National_Renewable_Energy_Laboratory/USLCI_Database_Public/PROCESS/381c0eb6-aa6b-3c7f-9c0c-75b0ddc70fd8,2026-10-08,processes/381c0eb6-aa6b-3c7f-9c0c-75b0ddc70fd8.json,b624f8e9238a96ed2f50b6f9fea4c88216c17752eb1a7e0755d47cb57249bc4b
Transport,truck,"Transport, combination truck; long-haul; compressed natural gas powered; West",3887c923-10ac-3903-90b6-15a51889c53b,01.00.003,UNIT_PROCESS,USLCI,1.2026-09.0,unknown,2024-01-01,2024-12-31,"Transport; combination truck, long-haul; compressed natural gas powered",8d49dd43-aada-36f4-9bf3-feff7e3231c3,1.0,t*km,False,1,PHYSICAL_ALLOCATION,https://api.nal.usda.gov/FederalLCACommonsapi/browse/National_Renewable_Energy_Laboratory/USLCI_Database_Public/PROCESS/3887c923-10ac-3903-90b6-15a51889c53b,2026-10-08,processes/3887c923-10ac-3903-90b6-15a51889c53b.json,75bb258d0a6aa975bcebe9ad59d1a6737ae2e10ac30d132df112054bfca1012c
Transport,truck,"Transport, combination truck; long-haul; compressed natural gas powered; West North Central",3892f258-a96b-395b-8d4e-7ff853ebb700,01.00.003,UNIT_PROCESS,USLCI,1.2026-09.0,unknown,2024-01-01,2024-12-31,"Transport; combination truck, long-haul; compressed natural gas powered",8d49dd43-aada-36f4-9bf3-feff7e3231c3,1.0,t*km,False,1,PHYSICAL_ALLOCATION,https://api.nal.usda.gov/FederalLCACommonsapi/browse/National_Renewable_Energy_Laboratory/USLCI_Database_Public/PROCESS/3892f258-a96b-395b-8d4e-7ff853ebb700,2026-10-08,processes/3892f258-a96b-395b-8d4e-7ff853ebb700.json,2b9cac0338243035eee530eb0362241f019178c8fc61a46a3a16a096d763e4f0
Transport,truck,"Transport, refuse truck; diesel powered; West region",39ed6465-2011-3119-8d81-df93767acb0d,00.00.010,UNIT_PROCESS,USLCI,1.2026-09.0,United States of America (the),2009-12-31,2009-12-31,Transport; refuse truck; diesel powered,c99244fc-abe3-3836-9d0c-ce0872f79975,1.0,t*km,False,1,NO_ALLOCATION,https://api.nal.usda.gov/FederalLCACommonsapi/browse/National_Renewable_Energy_Laboratory/USLCI_Database_Public/PROCESS/39ed6465-2011-3119-8d81-df93767acb0d,2026-10-08,processes/39ed6465-2011-3119-8d81-df93767acb0d.json,902e6bd121306ef10006be58bd188f12508793cae7309a77757dc2ca4e8611c7
Transport,truck,"Transport, single unit truck; gasoline powered; Northwest",3aa4fa75-15ca-38d5-aa15-fe8e2675780c,01.00.003,UNIT_PROCESS,USLCI,1.2026-09.0,unknown,2024-01-01,2024-12-31,Transport; single unit truck; gasoline powered,30c89ffc-e08a-3d2b-8c96-33b2397b9bd8,1.0,t*km,False,1,PHYSICAL_ALLOCATION,https://api.nal.usda.gov/FederalLCACommonsapi/browse/National_Renewable_Energy_Laboratory/USLCI_Database_Public/PROCESS/3aa4fa75-15ca-38d5-aa15-fe8e2675780c,2026-10-08,processes/3aa4fa75-15ca-38d5-aa15-fe8e2675780c.json,de4fea5a676527a930f7e7952929b15a1096567e047f213840cbe175d582f559
Transport,truck,"Transport, combination truck; gasoline powered; South",3c16eddd-fb1b-3e27-b3aa-837a59863b11,01.00.003,UNIT_PROCESS,USLCI,1.2026-09.0,unknown,2024-01-01,2024-12-31,Transport; combination truck; gasoline powered,9b20d581-cc62-3313-9412-0855be3ee7c2,1.0,t*km,False,1,PHYSICAL_ALLOCATION,https://api.nal.usda.gov/FederalLCACommonsapi/browse/National_Renewable_Energy_Laboratory/USLCI_Database_Public/PROCESS/3c16eddd-fb1b-3e27-b3aa-837a59863b11,2026-10-08,processes/3c16eddd-fb1b-3e27-b3aa-837a59863b11.json,623b673f38644452ab6892b15311bad1b3f1e7550831be57bb9785ec9b316e22
Transport,truck,"Transport, combination truck; short-haul; compressed natural gas powered; Southeast",3e52e325-3d79-37a6-8c3b-7d66b205e3cf,01.00.003,UNIT_PROCESS,USLCI,1.2026-09.0,unknown,2024-01-01,2024-12-31,"Transport; combination truck, short-haul; compressed natural gas powered",419e9d46-92be-37cf-a9a2-765076ebf9ad,1.0,t*km,False,1,PHYSICAL_ALLOCATION,https://api.nal.usda.gov/FederalLCACommonsapi/browse/National_Renewable_Energy_Laboratory/USLCI_Database_Public/PROCESS/3e52e325-3d79-37a6-8c3b-7d66b205e3cf,2026-10-08,processes/3e52e325-3d79-37a6-8c3b-7d66b205e3cf.json,f0fc9325a1ddf8175735909b43adf3a941228b7213cfb2a51d63f74b6a92389c
Transport,truck,"Transport, combination truck; long-haul; compressed natural gas powered; Hawaii",3f67aa9a-8e22-3928-8bf5-b169baa0528f,01.00.003,UNIT_PROCESS,USLCI,1.2026-09.0,unknown,2024-01-01,2024-12-31,"Transport; combination truck, long-haul; compressed natural gas powered",8d49dd43-aada-36f4-9bf3-feff7e3231c3,1.0,t*km,False,1,PHYSICAL_ALLOCATION,https://api.nal.usda.gov/FederalLCACommonsapi/browse/National_Renewable_Energy_Laboratory/USLCI_Database_Public/PROCESS/3f67aa9a-8e22-3928-8bf5-b169baa0528f,2026-10-08,processes/3f67aa9a-8e22-3928-8bf5-b169baa0528f.json,f6167e6e22e4f3875bc76c86fe6322118c6a2bbad183568d6a42098431e3bbf4
Transport,truck,"Transport, single unit truck; long-haul; electricity powered; East North Central",3fdb5887-dd2d-343b-8365-81625c88e2d1,01.00.007,UNIT_PROCESS,USLCI,1.2026-09.0,unknown,2024-01-01,2024-12-31,"Transport; single unit truck, long-haul; electricity powered",ca468bee-3878-3418-918a-6cbe82ac640c,1.0,t*km,False,1,PHYSICAL_ALLOCATION,https://api.nal.usda.gov/FederalLCACommonsapi/browse/National_Renewable_Energy_Laboratory/USLCI_Database_Public/PROCESS/3fdb5887-dd2d-343b-8365-81625c88e2d1,2026-10-08,processes/3fdb5887-dd2d-343b-8365-81625c88e2d1.json,c3d7f65ac1ad0ab415dddd1094055d0172f039e6e4b2af8877ed14a86a1f78e0
Transport,truck,"Transport, single unit truck; diesel powered; West North Central",41dc4819-351b-3ed6-bf7f-62efb7e41a88,01.00.003,UNIT_PROCESS,USLCI,1.2026-09.0,unknown,2024-01-01,2024-12-31,Transport; single unit truck; diesel powered,bbcd8095-e1d5-3762-aa08-3efc8d1d2ec4,1.0,t*km,False,1,PHYSICAL_ALLOCATION,https://api.nal.usda.gov/FederalLCACommonsapi/browse/National_Renewable_Energy_Laboratory/USLCI_Database_Public/PROCESS/41dc4819-351b-3ed6-bf7f-62efb7e41a88,2026-10-08,processes/41dc4819-351b-3ed6-bf7f-62efb7e41a88.json,805d5c9635053e7fd8ad3e531cb4d2fa225f19d160f8a1d0c9094d21851b1573
Transport,truck,"Transport, single unit truck; long-haul; gasoline powered; East North Central",428e0fa8-88bc-3c04-b793-179db3a02f66,01.00.003,UNIT_PROCESS,USLCI,1.2026-09.0,unknown,2024-01-01,2024-12-31,"Transport; single unit truck, long-haul; gasoline powered",9f52f8d9-5c7c-3d35-a912-376b70769a26,1.0,t*km,False,1,PHYSICAL_ALLOCATION,https://api.nal.usda.gov/FederalLCACommonsapi/browse/National_Renewable_Energy_Laboratory/USLCI_Database_Public/PROCESS/428e0fa8-88bc-3c04-b793-179db3a02f66,2026-10-08,processes/428e0fa8-88bc-3c04-b793-179db3a02f66.json,e1798022b60fdc665e73535fc9a5167ac9ac7f0792752c3ee3f8e2033fb14f57
Transport,truck,"Transport, single unit truck; compressed natural gas powered; Hawaii",42ed7acb-0b02-3f2a-aead-6b5a3b9bc8a9,01.00.003,UNIT_PROCESS,USLCI,1.2026-09.0,unknown,2024-01-01,2024-12-31,Transport; single unit truck; compressed natural gas powered,cb33e8c2-2296-3c28-8015-fc08bf040845,1.0,t*km,False,1,PHYSICAL_ALLOCATION,https://api.nal.usda.gov/FederalLCACommonsapi/browse/National_Renewable_Energy_Laboratory/USLCI_Database_Public/PROCESS/42ed7acb-0b02-3f2a-aead-6b5a3b9bc8a9,2026-10-08,processes/42ed7acb-0b02-3f2a-aead-6b5a3b9bc8a9.json,e7db977584c6be1a2b8c133579b37d39b819075248fa51746cf39b30fb4604d6
Transport,truck,"Transport, single unit truck; long-haul; gasoline powered; Southeast",43ec3512-f8e1-3fba-84ea-5db46f154cd4,01.00.003,UNIT_PROCESS,USLCI,1.2026-09.0,unknown,2024-01-01,2024-12-31,"Transport; single unit truck, long-haul; gasoline powered",9f52f8d9-5c7c-3d35-a912-376b70769a26,1.0,t*km,False,1,PHYSICAL_ALLOCATION,https://api.nal.usda.gov/FederalLCACommonsapi/browse/National_Renewable_Energy_Laboratory/USLCI_Database_Public/PROCESS/43ec3512-f8e1-3fba-84ea-5db46f154cd4,2026-10-08,processes/43ec3512-f8e1-3fba-84ea-5db46f154cd4.json,bf4adc8c0c6ac05b19a17d235677e9f637b17e895b8ce505c0c1d8cd856be06a
Transport,truck,"Transport, combination truck; gasoline powered; Hawaii",43f4d42a-0145-309d-bd89-0abfffadf4e8,01.00.003,UNIT_PROCESS,USLCI,1.2026-09.0,unknown,2024-01-01,2024-12-31,Transport; combination truck; gasoline powered,9b20d581-cc62-3313-9412-0855be3ee7c2,1.0,t*km,False,1,PHYSICAL_ALLOCATION,https://api.nal.usda.gov/FederalLCACommonsapi/browse/National_Renewable_Energy_Laboratory/USLCI_Database_Public/PROCESS/43f4d42a-0145-309d-bd89-0abfffadf4e8,2026-10-08,processes/43f4d42a-0145-309d-bd89-0abfffadf4e8.json,c4efa0dbebbc41d2ef7c597f3b8aadcc17a4c6fd5237c65c7d2ef61e921fcb5a
Transport,truck,"Transport, single unit truck; short-haul; diesel powered; Southeast",44757f0f-dde7-3b14-a8ac-a017ee01808e,01.00.003,UNIT_PROCESS,USLCI,1.2026-09.0,unknown,2024-01-01,2024-12-31,"Transport; single unit truck, short-haul; diesel powered",20567d69-c8ee-325c-a98c-43c35b8eb9f4,1.0,t*km,False,1,PHYSICAL_ALLOCATION,https://api.nal.usda.gov/FederalLCACommonsapi/browse/National_Renewable_Energy_Laboratory/USLCI_Database_Public/PROCESS/44757f0f-dde7-3b14-a8ac-a017ee01808e,2026-10-08,processes/44757f0f-dde7-3b14-a8ac-a017ee01808e.json,5f1c4eac3426df90bbccf78a4146578c93acdef59ada1f937c148d24628f5dbb
Transport,truck,"Transport, combination truck; long-haul; electricity powered; East North Central",44e83e53-58b1-31e6-a947-caa9a4335961,01.00.007,UNIT_PROCESS,USLCI,1.2026-09.0,unknown,2024-01-01,2024-12-31,"Transport; combination truck, long-haul; electricity powered",0e5e3079-33df-31fd-ad79-8b8feff08fb6,1.0,t*km,False,1,PHYSICAL_ALLOCATION,https://api.nal.usda.gov/FederalLCACommonsapi/browse/National_Renewable_Energy_Laboratory/USLCI_Database_Public/PROCESS/44e83e53-58b1-31e6-a947-caa9a4335961,2026-10-08,processes/44e83e53-58b1-31e6-a947-caa9a4335961.json,ebb6861a3a58314638eac083383a59b9f6629fee78cd445c1994b1fd7858323e
Transport,truck,"Transport, single unit truck; diesel powered",45b70b50-20a0-341b-8e2f-c196974d1541,01.00.003,UNIT_PROCESS,USLCI,1.2026-09.0,United States of America (the),2024-01-01,2024-12-31,Transport; single unit truck; diesel powered,bbcd8095-e1d5-3762-aa08-3efc8d1d2ec4,1.0,t*km,False,1,PHYSICAL_ALLOCATION,https://api.nal.usda.gov/FederalLCACommonsapi/browse/National_Renewable_Energy_Laboratory/USLCI_Database_Public/PROCESS/45b70b50-20a0-341b-8e2f-c196974d1541,2026-10-08,processes/45b70b50-20a0-341b-8e2f-c196974d1541.json,725d1d8b53d620561e096b518152018104759d2ccb7ae64a1b75c8b09efc0738
Transport,truck,"Transport, light commercial truck; electricity powered; Southeast",45fb1ede-00f7-3297-9766-a0aba77c4024,01.00.007,UNIT_PROCESS,USLCI,1.2026-09.0,unknown,2024-01-01,2024-12-31,Transport; light commercial truck; electricity powered,0925e27b-37eb-38b6-8710-314211416cc2,1.0,t*km,False,1,PHYSICAL_ALLOCATION,https://api.nal.usda.gov/FederalLCACommonsapi/browse/National_Renewable_Energy_Laboratory/USLCI_Database_Public/PROCESS/45fb1ede-00f7-3297-9766-a0aba77c4024,2026-10-08,processes/45fb1ede-00f7-3297-9766-a0aba77c4024.json,7e1d908e071bba1a9f8e08df5efa132d7e0fd10a24e1d09402ff20faa757894d
Transport,truck,"Transport, light commercial truck; E85 powered; Alaska",46006dd8-bd9c-3670-8853-02bc888aeb3d,01.00.003,UNIT_PROCESS,USLCI,1.2026-09.0,unknown,2024-01-01,2024-12-31,Transport; light commercial truck; E85 powered,0a954583-49bd-3d80-8200-847790caf5b2,1.0,t*km,False,1,PHYSICAL_ALLOCATION,https://api.nal.usda.gov/FederalLCACommonsapi/browse/National_Renewable_Energy_Laboratory/USLCI_Database_Public/PROCESS/46006dd8-bd9c-3670-8853-02bc888aeb3d,2026-10-08,processes/46006dd8-bd9c-3670-8853-02bc888aeb3d.json,2e025710caa2bf593f3046cdfc980366f8e446579ac7183c4f467a91a83b732b
Transport,truck,"Transport, combination truck; gasoline powered",463d05c9-8c19-3030-8b9f-380c098f5116,01.00.003,UNIT_PROCESS,USLCI,1.2026-09.0,United States of America (the),2024-01-01,2024-12-31,Transport; combination truck; gasoline powered,9b20d581-cc62-3313-9412-0855be3ee7c2,1.0,t*km,False,1,PHYSICAL_ALLOCATION,https://api.nal.usda.gov/FederalLCACommonsapi/browse/National_Renewable_Energy_Laboratory/USLCI_Database_Public/PROCESS/463d05c9-8c19-3030-8b9f-380c098f5116,2026-10-08,processes/463d05c9-8c19-3030-8b9f-380c098f5116.json,d9476bd7c25b90ca6914b4695cf080d8fb935fd78f75b5f227fab64095a36b35
Transport,truck,"Transport, combination truck; long-haul; compressed natural gas powered; Northwest",47a2f5b9-2ac3-3634-99a3-1c91b3575843,01.00.003,UNIT_PROCESS,USLCI,1.2026-09.0,unknown,2024-01-01,2024-12-31,"Transport; combination truck, long-haul; compressed natural gas powered",8d49dd43-aada-36f4-9bf3-feff7e3231c3,1.0,t*km,False,1,PHYSICAL_ALLOCATION,https://api.nal.usda.gov/FederalLCACommonsapi/browse/National_Renewable_Energy_Laboratory/USLCI_Database_Public/PROCESS/47a2f5b9-2ac3-3634-99a3-1c91b3575843,2026-10-08,processes/47a2f5b9-2ac3-3634-99a3-1c91b3575843.json,d22164db2c49b6b9af8b09af752bbd977be2d7381e93fbb535a0f83f6e7723d5
Transport,truck,"Transport, light commercial truck; gasoline powered; Hawaii",489c875b-7e8d-3cd7-a9ef-82f71a8bdb69,01.00.003,UNIT_PROCESS,USLCI,1.2026-09.0,unknown,2024-01-01,2024-12-31,Transport; light commercial truck; gasoline powered,0614f894-cf10-307e-bd58-ac507face752,1.0,t*km,False,1,PHYSICAL_ALLOCATION,https://api.nal.usda.gov/FederalLCACommonsapi/browse/National_Renewable_Energy_Laboratory/USLCI_Database_Public/PROCESS/489c875b-7e8d-3cd7-a9ef-82f71a8bdb69,2026-10-08,processes/489c875b-7e8d-3cd7-a9ef-82f71a8bdb69.json,74e14b5d77173fb810821e85d85f897fd179225ee458ae80c4be1722dcb49585
Transport,truck,"Transport, single unit truck; diesel powered; South",497c5ac2-d3e3-3c98-b3dc-46b9e01a384c,01.00.003,UNIT_PROCESS,USLCI,1.2026-09.0,unknown,2024-01-01,2024-12-31,Transport; single unit truck; diesel powered,bbcd8095-e1d5-3762-aa08-3efc8d1d2ec4,1.0,t*km,False,1,PHYSICAL_ALLOCATION,https://api.nal.usda.gov/FederalLCACommonsapi/browse/National_Renewable_Energy_Laboratory/USLCI_Database_Public/PROCESS/497c5ac2-d3e3-3c98-b3dc-46b9e01a384c,2026-10-08,processes/497c5ac2-d3e3-3c98-b3dc-46b9e01a384c.json,aca64e7f4ba076d3dfbab444ee30d4c7025fea11b7c43f3f468f2d47a10ac285
Transport,truck,"Transport, single unit truck; diesel powered; Northeast",498ab4cc-9aaf-3db0-8a99-12fc691efcd1,01.00.003,UNIT_PROCESS,USLCI,1.2026-09.0,unknown,2024-01-01,2024-12-31,Transport; single unit truck; diesel powered,bbcd8095-e1d5-3762-aa08-3efc8d1d2ec4,1.0,t*km,False,1,PHYSICAL_ALLOCATION,https://api.nal.usda.gov/FederalLCACommonsapi/browse/National_Renewable_Energy_Laboratory/USLCI_Database_Public/PROCESS/498ab4cc-9aaf-3db0-8a99-12fc691efcd1,2026-10-08,processes/498ab4cc-9aaf-3db0-8a99-12fc691efcd1.json,f670f4bd932254029b0ba72bd441e849f9b81612ce9042f9efa88050d51814f6
Transport,truck,"Transport, single unit truck; long-haul; gasoline powered; Southwest",49ecf1ea-a971-3332-9c6a-9f8d1153d62e,01.00.003,UNIT_PROCESS,USLCI,1.2026-09.0,unknown,2024-01-01,2024-12-31,"Transport; single unit truck, long-haul; gasoline powered",9f52f8d9-5c7c-3d35-a912-376b70769a26,1.0,t*km,False,1,PHYSICAL_ALLOCATION,https://api.nal.usda.gov/FederalLCACommonsapi/browse/National_Renewable_Energy_Laboratory/USLCI_Database_Public/PROCESS/49ecf1ea-a971-3332-9c6a-9f8d1153d62e,2026-10-08,processes/49ecf1ea-a971-3332-9c6a-9f8d1153d62e.json,c2fe22f2e413729a81dc11d749cae2fa5b190a958eff8140134c966f14897335
Transport,truck,"Transport, single unit truck; electricity powered; West North Central",4ab1ad08-f644-3b59-a327-c19846c4e997,01.00.007,UNIT_PROCESS,USLCI,1.2026-09.0,unknown,2024-01-01,2024-12-31,Transport; single unit truck; electricity powered,94755eaa-c6ec-32d3-b687-b94ed0a53e5f,1.0,t*km,False,1,PHYSICAL_ALLOCATION,https://api.nal.usda.gov/FederalLCACommonsapi/browse/National_Renewable_Energy_Laboratory/USLCI_Database_Public/PROCESS/4ab1ad08-f644-3b59-a327-c19846c4e997,2026-10-08,processes/4ab1ad08-f644-3b59-a327-c19846c4e997.json,be40c79bd1e359d2502a6830caa70b6840c05e098fa01591a143976dcf2447c3
Transport,truck,"Transport, single unit truck; gasoline powered; West North Central",4b138f69-86f6-3c38-a343-35449faffe49,01.00.003,UNIT_PROCESS,USLCI,1.2026-09.0,unknown,2024-01-01,2024-12-31,Transport; single unit truck; gasoline powered,30c89ffc-e08a-3d2b-8c96-33b2397b9bd8,1.0,t*km,False,1,PHYSICAL_ALLOCATION,https://api.nal.usda.gov/FederalLCACommonsapi/browse/National_Renewable_Energy_Laboratory/USLCI_Database_Public/PROCESS/4b138f69-86f6-3c38-a343-35449faffe49,2026-10-08,processes/4b138f69-86f6-3c38-a343-35449faffe49.json,9b1237f44653fd6a99bf0cc5f7131a94510a27f3bae0d74f2cede1c614074d4d
Transport,truck,"Transport, single unit truck; electricity powered",4b69ede6-bc6f-3897-81eb-9bf156b2fd4b,01.00.007,UNIT_PROCESS,USLCI,1.2026-09.0,United States of America (the),2024-01-01,2024-12-31,Transport; single unit truck; electricity powered,94755eaa-c6ec-32d3-b687-b94ed0a53e5f,1.0,t*km,False,1,PHYSICAL_ALLOCATION,https://api.nal.usda.gov/FederalLCACommonsapi/browse/National_Renewable_Energy_Laboratory/USLCI_Database_Public/PROCESS/4b69ede6-bc6f-3897-81eb-9bf156b2fd4b,2026-10-08,processes/4b69ede6-bc6f-3897-81eb-9bf156b2fd4b.json,d98223b89aae7aaaf43df5d671844aecccd14b27c6b95305be8a75d54be89126
Transport,truck,"Transport, single unit truck; short-haul; compressed natural gas powered; West",4bf31707-0a50-3cd8-8e87-0887e4ba8a86,01.00.003,UNIT_PROCESS,USLCI,1.2026-09.0,unknown,2024-01-01,2024-12-31,"Transport; single unit truck, short-haul; compressed natural gas powered",1a34089c-3f9a-3afb-9ca6-93a4c7d6424e,1.0,t*km,False,1,PHYSICAL_ALLOCATION,https://api.nal.usda.gov/FederalLCACommonsapi/browse/National_Renewable_Energy_Laboratory/USLCI_Database_Public/PROCESS/4bf31707-0a50-3cd8-8e87-0887e4ba8a86,2026-10-08,processes/4bf31707-0a50-3cd8-8e87-0887e4ba8a86.json,620ec9c12147c10929a1f83470677e5d3e1afa29273fcf85181d1b8798cbfd93
Transport,truck,"Transport, combination truck; diesel powered; Central",4c637477-f7a3-35b8-8e07-53f64c5eadf8,01.00.003,UNIT_PROCESS,USLCI,1.2026-09.0,unknown,2024-01-01,2024-12-31,Transport; combination truck; diesel powered,628c07ec-0802-39c1-ab88-1c62848ef436,1.0,t*km,False,1,PHYSICAL_ALLOCATION,https://api.nal.usda.gov/FederalLCACommonsapi/browse/National_Renewable_Energy_Laboratory/USLCI_Database_Public/PROCESS/4c637477-f7a3-35b8-8e07-53f64c5eadf8,2026-10-08,processes/4c637477-f7a3-35b8-8e07-53f64c5eadf8.json,9d63a6bdac3302502298dd867f0dabd03089c961ce5a0e1df32ee3415dc04b33
Transport,truck,"Transport, light commercial truck; E85 powered; Central",4eac9ff3-bfe7-3441-8ed9-b2253e4c9ef5,01.00.003,UNIT_PROCESS,USLCI,1.2026-09.0,unknown,2024-01-01,2024-12-31,Transport; light commercial truck; E85 powered,0a954583-49bd-3d80-8200-847790caf5b2,1.0,t*km,False,1,PHYSICAL_ALLOCATION,https://api.nal.usda.gov/FederalLCACommonsapi/browse/National_Renewable_Energy_Laboratory/USLCI_Database_Public/PROCESS/4eac9ff3-bfe7-3441-8ed9-b2253e4c9ef5,2026-10-08,processes/4eac9ff3-bfe7-3441-8ed9-b2253e4c9ef5.json,0fecb80aa02b8315cc2b2b874f93719bb55b501c3e677700ba1826a55b62b795
Transport,truck,"Transport, light commercial truck; electricity powered; Southwest",4ed578f2-dc76-39ab-bfdd-71a0109aecdc,01.00.007,UNIT_PROCESS,USLCI,1.2026-09.0,unknown,2024-01-01,2024-12-31,Transport; light commercial truck; electricity powered,0925e27b-37eb-38b6-8710-314211416cc2,1.0,t*km,False,1,PHYSICAL_ALLOCATION,https://api.nal.usda.gov/FederalLCACommonsapi/browse/National_Renewable_Energy_Laboratory/USLCI_Database_Public/PROCESS/4ed578f2-dc76-39ab-bfdd-71a0109aecdc,2026-10-08,processes/4ed578f2-dc76-39ab-bfdd-71a0109aecdc.json,91bde7a017b41b3d58002f3155c90d0dda9a3d0fa045b2fdd706730a58e08058
Transport,truck,"Transport, combination truck; gasoline powered; Southeast",522333ad-19c6-3748-8f8b-d3e1f59c92bc,01.00.003,UNIT_PROCESS,USLCI,1.2026-09.0,unknown,2024-01-01,2024-12-31,Transport; combination truck; gasoline powered,9b20d581-cc62-3313-9412-0855be3ee7c2,1.0,t*km,False,1,PHYSICAL_ALLOCATION,https://api.nal.usda.gov/FederalLCACommonsapi/browse/National_Renewable_Energy_Laboratory/USLCI_Database_Public/PROCESS/522333ad-19c6-3748-8f8b-d3e1f59c92bc,2026-10-08,processes/522333ad-19c6-3748-8f8b-d3e1f59c92bc.json,1128b33c3054f46333593ba04486c95cb6c7b50c03d462c22a19e73cef04ae4a
Transport,truck,"Transport, refuse truck; gasoline powered",53ffa5d2-4622-30c8-8135-e1eac2d0b268,00.00.010,UNIT_PROCESS,USLCI,1.2026-09.0,United States of America (the),2009-12-31,2009-12-31,Transport; refuse truck; gasoline powered,7d9ed48b-6627-3b70-a84b-b16dbf9fbf4f,1.0,t*km,False,1,NO_ALLOCATION,https://api.nal.usda.gov/FederalLCACommonsapi/browse/National_Renewable_Energy_Laboratory/USLCI_Database_Public/PROCESS/53ffa5d2-4622-30c8-8135-e1eac2d0b268,2026-10-08,processes/53ffa5d2-4622-30c8-8135-e1eac2d0b268.json,d409d4e6381fb7774a506eda8d9d2b97e31b6cbf00cf5c988c6fb3cdc32594de
Transport,truck,"Transport, combination truck; short-haul; gasoline powered; Southeast",544f8909-5dd2-35e8-b383-c10fd32d81ea,01.00.003,UNIT_PROCESS,USLCI,1.2026-09.0,unknown,2024-01-01,2024-12-31,"Transport; combination truck, short-haul; gasoline powered",41361da6-313c-3621-bbe6-3a792f3dab6b,1.0,t*km,False,1,PHYSICAL_ALLOCATION,https://api.nal.usda.gov/FederalLCACommonsapi/browse/National_Renewable_Energy_Laboratory/USLCI_Database_Public/PROCESS/544f8909-5dd2-35e8-b383-c10fd32d81ea,2026-10-08,processes/544f8909-5dd2-35e8-b383-c10fd32d81ea.json,f226eea3f4077441d47f4fa7f3d70189c6196c4bfcfda00c4017057eeb76db1e
Transport,truck,"Transport, light commercial truck; E85 powered; East North Central",54784ec6-fabb-3fcc-bea2-c8bce7c1c335,01.00.003,UNIT_PROCESS,USLCI,1.2026-09.0,unknown,2024-01-01,2024-12-31,Transport; light commercial truck; E85 powered,0a954583-49bd-3d80-8200-847790caf5b2,1.0,t*km,False,1,PHYSICAL_ALLOCATION,https://api.nal.usda.gov/FederalLCACommonsapi/browse/National_Renewable_Energy_Laboratory/USLCI_Database_Public/PROCESS/54784ec6-fabb-3fcc-bea2-c8bce7c1c335,2026-10-08,processes/54784ec6-fabb-3fcc-bea2-c8bce7c1c335.json,a3139122efc7b253d290243362d3b0a67fa2e52eeb7844e50c0c45e644bc4157
Transport,truck,"Transport, combination truck; diesel powered; Northwest",54f1da31-7d12-318e-addc-5fe7b26ff415,01.00.003,UNIT_PROCESS,USLCI,1.2026-09.0,unknown,2024-01-01,2024-12-31,Transport; combination truck; diesel powered,628c07ec-0802-39c1-ab88-1c62848ef436,1.0,t*km,False,1,PHYSICAL_ALLOCATION,https://api.nal.usda.gov/FederalLCACommonsapi/browse/National_Renewable_Energy_Laboratory/USLCI_Database_Public/PROCESS/54f1da31-7d12-318e-addc-5fe7b26ff415,2026-10-08,processes/54f1da31-7d12-318e-addc-5fe7b26ff415.json,9e52a41eb862f7f8a9383e60480bc4341f748e892762b393646758fd85e86b14
Transport,truck,"Transport, refuse truck; diesel powered; Southwest",57daae53-7301-327d-9a32-b3b3ce19e04f,00.00.010,UNIT_PROCESS,USLCI,1.2026-09.0,United States of America (the),2009-12-31,2009-12-31,Transport; refuse truck; diesel powered,c99244fc-abe3-3836-9d0c-ce0872f79975,1.0,t*km,False,1,NO_ALLOCATION,https://api.nal.usda.gov/FederalLCACommonsapi/browse/National_Renewable_Energy_Laboratory/USLCI_Database_Public/PROCESS/57daae53-7301-327d-9a32-b3b3ce19e04f,2026-10-08,processes/57daae53-7301-327d-9a32-b3b3ce19e04f.json,d47ead73e08cf10b26556a53d355388917d950c461bb43658510dd538b650e2b
Transport,truck,"Transport, light commercial truck; electricity powered; South",584e72ac-e367-37c9-8fb9-12ceb749b4b9,01.00.007,UNIT_PROCESS,USLCI,1.2026-09.0,unknown,2024-01-01,2024-12-31,Transport; light commercial truck; electricity powered,0925e27b-37eb-38b6-8710-314211416cc2,1.0,t*km,False,1,PHYSICAL_ALLOCATION,https://api.nal.usda.gov/FederalLCACommonsapi/browse/National_Renewable_Energy_Laboratory/USLCI_Database_Public/PROCESS/584e72ac-e367-37c9-8fb9-12ceb749b4b9,2026-10-08,processes/584e72ac-e367-37c9-8fb9-12ceb749b4b9.json,ae73649271e41d8095e7f578621fa4d71f87466fface8e4ffc4430fe4be07ac4
Transport,truck,"Transport, combination truck; gasoline powered; Alaska",58d35077-c5ba-309f-8a43-0755518cb0ec,01.00.003,UNIT_PROCESS,USLCI,1.2026-09.0,unknown,2024-01-01,2024-12-31,Transport; combination truck; gasoline powered,9b20d581-cc62-3313-9412-0855be3ee7c2,1.0,t*km,False,1,PHYSICAL_ALLOCATION,https://api.nal.usda.gov/FederalLCACommonsapi/browse/National_Renewable_Energy_Laboratory/USLCI_Database_Public/PROCESS/58d35077-c5ba-309f-8a43-0755518cb0ec,2026-10-08,processes/58d35077-c5ba-309f-8a43-0755518cb0ec.json,505c4f3c50048b26d27a832bc6b71c7600d5086e3d77d07e31e793d9f5af919e
Transport,truck,"Transport, combination truck; short-haul; gasoline powered; West North Central",58f347f3-07e0-39c4-bfeb-c5622795bab6,01.00.003,UNIT_PROCESS,USLCI,1.2026-09.0,unknown,2024-01-01,2024-12-31,"Transport; combination truck, short-haul; gasoline powered",41361da6-313c-3621-bbe6-3a792f3dab6b,1.0,t*km,False,1,PHYSICAL_ALLOCATION,https://api.nal.usda.gov/FederalLCACommonsapi/browse/National_Renewable_Energy_Laboratory/USLCI_Database_Public/PROCESS/58f347f3-07e0-39c4-bfeb-c5622795bab6,2026-10-08,processes/58f347f3-07e0-39c4-bfeb-c5622795bab6.json,33676a38498b5581c8ec35b5157dbc1c58562b167240b7c4c1152415831f1745
Transport,truck,"Transport, single unit truck; short-haul; compressed natural gas powered; South",5930e0ca-21e1-37ed-9f2c-ead2c9292d6c,01.00.003,UNIT_PROCESS,USLCI,1.2026-09.0,unknown,2024-01-01,2024-12-31,"Transport; single unit truck, short-haul; compressed natural gas powered",1a34089c-3f9a-3afb-9ca6-93a4c7d6424e,1.0,t*km,False,1,PHYSICAL_ALLOCATION,https://api.nal.usda.gov/FederalLCACommonsapi/browse/National_Renewable_Energy_Laboratory/USLCI_Database_Public/PROCESS/5930e0ca-21e1-37ed-9f2c-ead2c9292d6c,2026-10-08,processes/5930e0ca-21e1-37ed-9f2c-ead2c9292d6c.json,04d0031f7f8ebdb39b9a9c322c6e801e832dd56a4559df7522df7ed7a60876fc
Transport,truck,"Transport, combination truck; diesel powered; Northeast",5959c0b4-b071-3549-8596-25757731c2ba,01.00.003,UNIT_PROCESS,USLCI,1.2026-09.0,unknown,2024-01-01,2024-12-31,Transport; combination truck; diesel powered,628c07ec-0802-39c1-ab88-1c62848ef436,1.0,t*km,False,1,PHYSICAL_ALLOCATION,https://api.nal.usda.gov/FederalLCACommonsapi/browse/National_Renewable_Energy_Laboratory/USLCI_Database_Public/PROCESS/5959c0b4-b071-3549-8596-25757731c2ba,2026-10-08,processes/5959c0b4-b071-3549-8596-25757731c2ba.json,bb052e03bfd7dc64c63814f952db645dadc8f444a6a94041d60caf616d88a282
Transport,truck,"Transport, single unit truck; gasoline powered; Northeast",5ba3337a-ae67-328a-8b7e-7f1d9a4d1837,01.00.003,UNIT_PROCESS,USLCI,1.2026-09.0,unknown,2024-01-01,2024-12-31,Transport; single unit truck; gasoline powered,30c89ffc-e08a-3d2b-8c96-33b2397b9bd8,1.0,t*km,False,1,PHYSICAL_ALLOCATION,https://api.nal.usda.gov/FederalLCACommonsapi/browse/National_Renewable_Energy_Laboratory/USLCI_Database_Public/PROCESS/5ba3337a-ae67-328a-8b7e-7f1d9a4d1837,2026-10-08,processes/5ba3337a-ae67-328a-8b7e-7f1d9a4d1837.json,a575b3ea13877e5e4c8d9a1a4ed532fdd5d3d6ed9c061db1a6bd56d21817eb2e
Transport,truck,"Transport, combination truck; diesel powered; Southeast",5bda8bab-98d7-3964-929a-d1e7f2c0327c,01.00.003,UNIT_PROCESS,USLCI,1.2026-09.0,unknown,2024-01-01,2024-12-31,Transport; combination truck; diesel powered,628c07ec-0802-39c1-ab88-1c62848ef436,1.0,t*km,False,1,PHYSICAL_ALLOCATION,https://api.nal.usda.gov/FederalLCACommonsapi/browse/National_Renewable_Energy_Laboratory/USLCI_Database_Public/PROCESS/5bda8bab-98d7-3964-929a-d1e7f2c0327c,2026-10-08,processes/5bda8bab-98d7-3964-929a-d1e7f2c0327c.json,b28c1261c4b6850f8e8bb222a0bcd9388056beaba5039828ae1dd3e7f661cc28
Transport,truck,"Transport, combination truck; short-haul; diesel powered; Southwest",5c8a1525-9788-373b-9c4a-e26ba39f2442,01.00.003,UNIT_PROCESS,USLCI,1.2026-09.0,unknown,2024-01-01,2024-12-31,"Transport; combination truck, short-haul; diesel powered",59449b10-044a-3a9b-a6e6-5c5fc97b50bb,1.0,t*km,False,1,PHYSICAL_ALLOCATION,https://api.nal.usda.gov/FederalLCACommonsapi/browse/National_Renewable_Energy_Laboratory/USLCI_Database_Public/PROCESS/5c8a1525-9788-373b-9c4a-e26ba39f2442,2026-10-08,processes/5c8a1525-9788-373b-9c4a-e26ba39f2442.json,9542be302eda433b0d8873a1cccc53eb30fd6e57a3cc5501a3ac1f928ee395f0
Transport,truck,"Transport, single unit truck; short-haul; compressed natural gas powered; Northeast",5e69a6de-781d-31e7-9892-123562ee2f32,01.00.003,UNIT_PROCESS,USLCI,1.2026-09.0,unknown,2024-01-01,2024-12-31,"Transport; single unit truck, short-haul; compressed natural gas powered",1a34089c-3f9a-3afb-9ca6-93a4c7d6424e,1.0,t*km,False,1,PHYSICAL_ALLOCATION,https://api.nal.usda.gov/FederalLCACommonsapi/browse/National_Renewable_Energy_Laboratory/USLCI_Database_Public/PROCESS/5e69a6de-781d-31e7-9892-123562ee2f32,2026-10-08,processes/5e69a6de-781d-31e7-9892-123562ee2f32.json,ec4a741ff78d0985f62f8f5d1723209d5c62337fd143e17c616b9c13ae9589d3
Transport,truck,"Transport, single unit truck; short-haul; electricity powered; West",5efab4fc-4754-31a7-aa68-d8f8b81d0d63,01.00.007,UNIT_PROCESS,USLCI,1.2026-09.0,unknown,2024-01-01,2024-12-31,"Transport; single unit truck, short-haul; electricity powered",855b58f5-89b6-3b25-b33e-59454a0adbaa,1.0,t*km,False,1,PHYSICAL_ALLOCATION,https://api.nal.usda.gov/FederalLCACommonsapi/browse/National_Renewable_Energy_Laboratory/USLCI_Database_Public/PROCESS/5efab4fc-4754-31a7-aa68-d8f8b81d0d63,2026-10-08,processes/5efab4fc-4754-31a7-aa68-d8f8b81d0d63.json,111de7f0eee1bd5c440c0d39d570956542a6133994a7b68c365b635449f0db9a
Transport,truck,"Transport, combination truck; compressed natural gas powered; West North Central",5f16c25b-5e51-372f-83db-cfc97c530914,01.00.003,UNIT_PROCESS,USLCI,1.2026-09.0,unknown,2024-01-01,2024-12-31,Transport; combination truck; compressed natural gas powered,8a848faa-996b-39f4-a2ec-e9a1df693278,1.0,t*km,False,1,PHYSICAL_ALLOCATION,https://api.nal.usda.gov/FederalLCACommonsapi/browse/National_Renewable_Energy_Laboratory/USLCI_Database_Public/PROCESS/5f16c25b-5e51-372f-83db-cfc97c530914,2026-10-08,processes/5f16c25b-5e51-372f-83db-cfc97c530914.json,0e85d467d602637f9afb44492903ad049a11ad1a076b27e2420012acf330339a
Transport,truck,"Transport, single unit truck; long-haul; gasoline powered; West",5faf03a2-ab55-3768-a625-4c2a246a9a4d,01.00.003,UNIT_PROCESS,USLCI,1.2026-09.0,unknown,2024-01-01,2024-12-31,"Transport; single unit truck, long-haul; gasoline powered",9f52f8d9-5c7c-3d35-a912-376b70769a26,1.0,t*km,False,1,PHYSICAL_ALLOCATION,https://api.nal.usda.gov/FederalLCACommonsapi/browse/National_Renewable_Energy_Laboratory/USLCI_Database_Public/PROCESS/5faf03a2-ab55-3768-a625-4c2a246a9a4d,2026-10-08,processes/5faf03a2-ab55-3768-a625-4c2a246a9a4d.json,a02eb20b3b39d097251bba0e62768863223fe94bb7198bb628d900a5ae7d722e
Transport,truck,"Transport, combination truck; short-haul; diesel powered; Central",60157c4b-2824-34d2-9c23-291728d3b01e,01.00.003,UNIT_PROCESS,USLCI,1.2026-09.0,unknown,2024-01-01,2024-12-31,"Transport; combination truck, short-haul; diesel powered",59449b10-044a-3a9b-a6e6-5c5fc97b50bb,1.0,t*km,False,1,PHYSICAL_ALLOCATION,https://api.nal.usda.gov/FederalLCACommonsapi/browse/National_Renewable_Energy_Laboratory/USLCI_Database_Public/PROCESS/60157c4b-2824-34d2-9c23-291728d3b01e,2026-10-08,processes/60157c4b-2824-34d2-9c23-291728d3b01e.json,d66de2b0bcc21cfd0334a059090a04274994d6af5397901c818a813da7f103fe
Transport,truck,"Transport, combination truck; short-haul; gasoline powered",60785dad-585a-3fe9-ae8e-507f0cbc7f6f,01.00.003,UNIT_PROCESS,USLCI,1.2026-09.0,United States of America (the),2024-01-01,2024-12-31,"Transport; combination truck, short-haul; gasoline powered",41361da6-313c-3621-bbe6-3a792f3dab6b,1.0,t*km,False,1,PHYSICAL_ALLOCATION,https://api.nal.usda.gov/FederalLCACommonsapi/browse/National_Renewable_Energy_Laboratory/USLCI_Database_Public/PROCESS/60785dad-585a-3fe9-ae8e-507f0cbc7f6f,2026-10-08,processes/60785dad-585a-3fe9-ae8e-507f0cbc7f6f.json,795fe4ef096acdf1b722b74ec7f1d58e85466a583ea7a26cab6157f4a78772ad
Transport,truck,"Transport, single unit truck; electricity powered; Central",610e0b54-fd24-3153-965b-7f41e3867b24,01.00.007,UNIT_PROCESS,USLCI,1.2026-09.0,unknown,2024-01-01,2024-12-31,Transport; single unit truck; electricity powered,94755eaa-c6ec-32d3-b687-b94ed0a53e5f,1.0,t*km,False,1,PHYSICAL_ALLOCATION,https://api.nal.usda.gov/FederalLCACommonsapi/browse/National_Renewable_Energy_Laboratory/USLCI_Database_Public/PROCESS/610e0b54-fd24-3153-965b-7f41e3867b24,2026-10-08,processes/610e0b54-fd24-3153-965b-7f41e3867b24.json,67cfefa353bed7470b794bbaaa13b595fdf9fa02a21ea1f122b35834cb9d0b97
Transport,truck,"Transport, combination truck; short-haul; gasoline powered; Hawaii",614fa641-e1a1-337b-8ed3-8812880a1656,01.00.003,UNIT_PROCESS,USLCI,1.2026-09.0,unknown,2024-01-01,2024-12-31,"Transport; combination truck, short-haul; gasoline powered",41361da6-313c-3621-bbe6-3a792f3dab6b,1.0,t*km,False,1,PHYSICAL_ALLOCATION,https://api.nal.usda.gov/FederalLCACommonsapi/browse/National_Renewable_Energy_Laboratory/USLCI_Database_Public/PROCESS/614fa641-e1a1-337b-8ed3-8812880a1656,2026-10-08,processes/614fa641-e1a1-337b-8ed3-8812880a1656.json,51b6bab1641d3ceaf806c18d55a69efba178135eced3ffe1a045e3a793ff78e4
Transport,truck,"Transport, light commercial truck; diesel powered; Northeast",61f86f6a-63bd-3e94-ba1b-317849b03e46,01.00.003,UNIT_PROCESS,USLCI,1.2026-09.0,unknown,2024-01-01,2024-12-31,Transport; light commercial truck; diesel powered,35fe9caf-2ad2-3d14-ae03-21454a89da2e,1.0,t*km,False,1,PHYSICAL_ALLOCATION,https://api.nal.usda.gov/FederalLCACommonsapi/browse/National_Renewable_Energy_Laboratory/USLCI_Database_Public/PROCESS/61f86f6a-63bd-3e94-ba1b-317849b03e46,2026-10-08,processes/61f86f6a-63bd-3e94-ba1b-317849b03e46.json,707974382777ce88c1c8ca80aa150990005dec42df5494dff7fd345170d08486
Transport,truck,"Transport, combination truck; electricity powered; Southeast",622e5265-a4dd-3727-b8d9-26e905f1666b,01.00.007,UNIT_PROCESS,USLCI,1.2026-09.0,unknown,2024-01-01,2024-12-31,Transport; combination truck; electricity powered,70d89027-628d-3404-8458-b209e40dd0e0,1.0,t*km,False,1,PHYSICAL_ALLOCATION,https://api.nal.usda.gov/FederalLCACommonsapi/browse/National_Renewable_Energy_Laboratory/USLCI_Database_Public/PROCESS/622e5265-a4dd-3727-b8d9-26e905f1666b,2026-10-08,processes/622e5265-a4dd-3727-b8d9-26e905f1666b.json,ea5bfccbc3777bd5ea4cdfe2da3188e19f6182ace01433617b41ad8c071b249d
Transport,truck,"Transport, single unit truck; short-haul; electricity powered; Southeast",63c20ec0-b164-33d8-8e3e-ed6959b7e25f,01.00.007,UNIT_PROCESS,USLCI,1.2026-09.0,unknown,2024-01-01,2024-12-31,"Transport; single unit truck, short-haul; electricity powered",855b58f5-89b6-3b25-b33e-59454a0adbaa,1.0,t*km,False,1,PHYSICAL_ALLOCATION,https://api.nal.usda.gov/FederalLCACommonsapi/browse/National_Renewable_Energy_Laboratory/USLCI_Database_Public/PROCESS/63c20ec0-b164-33d8-8e3e-ed6959b7e25f,2026-10-08,processes/63c20ec0-b164-33d8-8e3e-ed6959b7e25f.json,78b1fb83122004a17e0447c37a5adb23ffcbc0ccdb8d25c52ff6992a6752e472
Transport,truck,"Transport, combination truck; long-haul; compressed natural gas powered; Southeast",64029786-e754-3c97-a4c3-c73b60f77f58,01.00.003,UNIT_PROCESS,USLCI,1.2026-09.0,unknown,2024-01-01,2024-12-31,"Transport; combination truck, long-haul; compressed natural gas powered",8d49dd43-aada-36f4-9bf3-feff7e3231c3,1.0,t*km,False,1,PHYSICAL_ALLOCATION,https://api.nal.usda.gov/FederalLCACommonsapi/browse/National_Renewable_Energy_Laboratory/USLCI_Database_Public/PROCESS/64029786-e754-3c97-a4c3-c73b60f77f58,2026-10-08,processes/64029786-e754-3c97-a4c3-c73b60f77f58.json,a76a89a2ff7c2d142b1968efc220fc19b0b0ed515dea44b0d2cfe6a001967960
Transport,truck,"Transport, combination truck; compressed natural gas powered; Northwest",64c8073f-1a19-3022-a9f2-a3ebfa074d9c,01.00.003,UNIT_PROCESS,USLCI,1.2026-09.0,unknown,2024-01-01,2024-12-31,Transport; combination truck; compressed natural gas powered,8a848faa-996b-39f4-a2ec-e9a1df693278,1.0,t*km,False,1,PHYSICAL_ALLOCATION,https://api.nal.usda.gov/FederalLCACommonsapi/browse/National_Renewable_Energy_Laboratory/USLCI_Database_Public/PROCESS/64c8073f-1a19-3022-a9f2-a3ebfa074d9c,2026-10-08,processes/64c8073f-1a19-3022-a9f2-a3ebfa074d9c.json,55becbc6094d8e913c12cae445af1d16b46a5f7ca03b2cd491d6c2da22178e46
Transport,truck,"Transport, combination truck; long-haul; electricity powered; Northeast",654da175-b520-3fa5-9efd-3fa7e72c7591,01.00.007,UNIT_PROCESS,USLCI,1.2026-09.0,unknown,2024-01-01,2024-12-31,"Transport; combination truck, long-haul; electricity powered",0e5e3079-33df-31fd-ad79-8b8feff08fb6,1.0,t*km,False,1,PHYSICAL_ALLOCATION,https://api.nal.usda.gov/FederalLCACommonsapi/browse/National_Renewable_Energy_Laboratory/USLCI_Database_Public/PROCESS/654da175-b520-3fa5-9efd-3fa7e72c7591,2026-10-08,processes/654da175-b520-3fa5-9efd-3fa7e72c7591.json,ec4ab5f594be0518546afd669d4156b1522101eab10ef3769c2c41bb480c037d
Transport,truck,"Transport, combination truck; long-haul; diesel powered; Alaska",67759511-8607-395d-8d34-8636b1e47754,01.00.003,UNIT_PROCESS,USLCI,1.2026-09.0,unknown,2024-01-01,2024-12-31,"Transport; combination truck, long-haul; diesel powered",13ed0c67-549c-3a01-afee-7083b12dd949,1.0,t*km,False,1,PHYSICAL_ALLOCATION,https://api.nal.usda.gov/FederalLCACommonsapi/browse/National_Renewable_Energy_Laboratory/USLCI_Database_Public/PROCESS/67759511-8607-395d-8d34-8636b1e47754,2026-10-08,processes/67759511-8607-395d-8d34-8636b1e47754.json,0a2d82d321f5d99d94b0ed3a4cac3c2d2e92aaadb0f222157a862d92507b64a8
Transport,truck,"Transport, single unit truck; long-haul; diesel powered; Central",6a01cdd9-09e7-32e8-b32f-2e85b8cd1590,01.00.003,UNIT_PROCESS,USLCI,1.2026-09.0,unknown,2024-01-01,2024-12-31,"Transport; single unit truck, long-haul; diesel powered",1c639821-1428-35ac-aaa4-277aacdc7420,1.0,t*km,False,1,PHYSICAL_ALLOCATION,https://api.nal.usda.gov/FederalLCACommonsapi/browse/National_Renewable_Energy_Laboratory/USLCI_Database_Public/PROCESS/6a01cdd9-09e7-32e8-b32f-2e85b8cd1590,2026-10-08,processes/6a01cdd9-09e7-32e8-b32f-2e85b8cd1590.json,70533901c9fe031aaec3fdb2e3d0a027c8795cd7959b620293c280031dacbe95
Transport,truck,"Transport, combination truck; short-haul; diesel powered; Northwest",6a7f6ad7-02b8-3d41-a800-1cad098783c5,01.00.003,UNIT_PROCESS,USLCI,1.2026-09.0,unknown,2024-01-01,2024-12-31,"Transport; combination truck, short-haul; diesel powered",59449b10-044a-3a9b-a6e6-5c5fc97b50bb,1.0,t*km,False,1,PHYSICAL_ALLOCATION,https://api.nal.usda.gov/FederalLCACommonsapi/browse/National_Renewable_Energy_Laboratory/USLCI_Database_Public/PROCESS/6a7f6ad7-02b8-3d41-a800-1cad098783c5,2026-10-08,processes/6a7f6ad7-02b8-3d41-a800-1cad098783c5.json,aa8bb0bb68f0291f8985c0f6fefbd6754fa14bcf5639e9f15761bd8dfb9bdfdc
Transport,truck,"Transport, single unit truck; short-haul; compressed natural gas powered; Southeast",6be06ac1-f467-3a81-ba7f-ce7c89544ffb,01.00.003,UNIT_PROCESS,USLCI,1.2026-09.0,unknown,2024-01-01,2024-12-31,"Transport; single unit truck, short-haul; compressed natural gas powered",1a34089c-3f9a-3afb-9ca6-93a4c7d6424e,1.0,t*km,False,1,PHYSICAL_ALLOCATION,https://api.nal.usda.gov/FederalLCACommonsapi/browse/National_Renewable_Energy_Laboratory/USLCI_Database_Public/PROCESS/6be06ac1-f467-3a81-ba7f-ce7c89544ffb,2026-10-08,processes/6be06ac1-f467-3a81-ba7f-ce7c89544ffb.json,69ae4f23dfdec31b17b1e98c404cf5dfe87173bdc4e4e420eba3ed4567f9c776
Transport,truck,"Transport, combination truck; long-haul; electricity powered; Alaska",6c043569-96d8-3644-81a7-f19c332e1a49,01.00.007,UNIT_PROCESS,USLCI,1.2026-09.0,unknown,2024-01-01,2024-12-31,"Transport; combination truck, long-haul; electricity powered",0e5e3079-33df-31fd-ad79-8b8feff08fb6,1.0,t*km,False,1,PHYSICAL_ALLOCATION,https://api.nal.usda.gov/FederalLCACommonsapi/browse/National_Renewable_Energy_Laboratory/USLCI_Database_Public/PROCESS/6c043569-96d8-3644-81a7-f19c332e1a49,2026-10-08,processes/6c043569-96d8-3644-81a7-f19c332e1a49.json,b8583b3faf5fda43ff4999ccd57e18d19f4bbf06838f7ea507846113dea39114
Transport,truck,"Transport, light commercial truck; gasoline powered; South",6c1fba5b-f109-3535-8e27-a8634f64b441,01.00.003,UNIT_PROCESS,USLCI,1.2026-09.0,unknown,2024-01-01,2024-12-31,Transport; light commercial truck; gasoline powered,0614f894-cf10-307e-bd58-ac507face752,1.0,t*km,False,1,PHYSICAL_ALLOCATION,https://api.nal.usda.gov/FederalLCACommonsapi/browse/National_Renewable_Energy_Laboratory/USLCI_Database_Public/PROCESS/6c1fba5b-f109-3535-8e27-a8634f64b441,2026-10-08,processes/6c1fba5b-f109-3535-8e27-a8634f64b441.json,b99613eb2c0f1df957380a5b68d7ad4cdd4dde9d5602b662a8ceb71eadadf392
Transport,truck,"Transport, single unit truck; long-haul; compressed natural gas powered; West",6c9b1825-74d8-374e-836d-340c45b2d936,01.00.003,UNIT_PROCESS,USLCI,1.2026-09.0,unknown,2024-01-01,2024-12-31,"Transport; single unit truck, long-haul; compressed natural gas powered",d0207892-1d62-3649-b2a7-4f5bd03b8a73,1.0,t*km,False,1,PHYSICAL_ALLOCATION,https://api.nal.usda.gov/FederalLCACommonsapi/browse/National_Renewable_Energy_Laboratory/USLCI_Database_Public/PROCESS/6c9b1825-74d8-374e-836d-340c45b2d936,2026-10-08,processes/6c9b1825-74d8-374e-836d-340c45b2d936.json,58b68fdb31095dda84b8cd96848aeaf7c9f80109ab8617a6294e92d7f2830b18
Transport,truck,"Transport, single unit truck; compressed natural gas powered; Northeast",6cb8e249-7ffe-3892-a3f7-fbdcbea69a6b,01.00.003,UNIT_PROCESS,USLCI,1.2026-09.0,unknown,2024-01-01,2024-12-31,Transport; single unit truck; compressed natural gas powered,cb33e8c2-2296-3c28-8015-fc08bf040845,1.0,t*km,False,1,PHYSICAL_ALLOCATION,https://api.nal.usda.gov/FederalLCACommonsapi/browse/National_Renewable_Energy_Laboratory/USLCI_Database_Public/PROCESS/6cb8e249-7ffe-3892-a3f7-fbdcbea69a6b,2026-10-08,processes/6cb8e249-7ffe-3892-a3f7-fbdcbea69a6b.json,1594a599bd19c9148c264d70ab2f45aa206244f085b62863baa233bb6d512f9c
Transport,truck,"Transport, light commercial truck; gasoline powered",6d0fc48d-a8d0-3d87-b337-d7fabf9767bc,01.00.003,UNIT_PROCESS,USLCI,1.2026-09.0,United States of America (the),2024-01-01,2024-12-31,Transport; light commercial truck; gasoline powered,0614f894-cf10-307e-bd58-ac507face752,1.0,t*km,False,1,PHYSICAL_ALLOCATION,https://api.nal.usda.gov/FederalLCACommonsapi/browse/National_Renewable_Energy_Laboratory/USLCI_Database_Public/PROCESS/6d0fc48d-a8d0-3d87-b337-d7fabf9767bc,2026-10-08,processes/6d0fc48d-a8d0-3d87-b337-d7fabf9767bc.json,5dc7dc0d36fe57ead8b2704f1cddda67242c62134e7849ee833ad3c584c02541
Transport,truck,"Transport, single unit truck; long-haul; gasoline powered; Northwest",6d60445d-fe08-3328-9757-6c63f96bf05b,01.00.003,UNIT_PROCESS,USLCI,1.2026-09.0,unknown,2024-01-01,2024-12-31,"Transport; single unit truck, long-haul; gasoline powered",9f52f8d9-5c7c-3d35-a912-376b70769a26,1.0,t*km,False,1,PHYSICAL_ALLOCATION,https://api.nal.usda.gov/FederalLCACommonsapi/browse/National_Renewable_Energy_Laboratory/USLCI_Database_Public/PROCESS/6d60445d-fe08-3328-9757-6c63f96bf05b,2026-10-08,processes/6d60445d-fe08-3328-9757-6c63f96bf05b.json,8407abd47046264bb700ca804613c3b65639ddcbfa70a83114353615c81033bb
Transport,truck,"Transport, single unit truck; long-haul; diesel powered; Alaska",6ef61870-e92e-34e0-97ba-d62962f70b3e,01.00.003,UNIT_PROCESS,USLCI,1.2026-09.0,unknown,2024-01-01,2024-12-31,"Transport; single unit truck, long-haul; diesel powered",1c639821-1428-35ac-aaa4-277aacdc7420,1.0,t*km,False,1,PHYSICAL_ALLOCATION,https://api.nal.usda.gov/FederalLCACommonsapi/browse/National_Renewable_Energy_Laboratory/USLCI_Database_Public/PROCESS/6ef61870-e92e-34e0-97ba-d62962f70b3e,2026-10-08,processes/6ef61870-e92e-34e0-97ba-d62962f70b3e.json,2ad2bf0c63c354665928547a1b9e63bc25bf2b2251395e1f8dcd9367c05db847
Transport,truck,"Transport, single unit truck; short-haul; compressed natural gas powered; Hawaii",7008f69e-79bb-3744-86b8-d43ec782ceda,01.00.003,UNIT_PROCESS,USLCI,1.2026-09.0,unknown,2024-01-01,2024-12-31,"Transport; single unit truck, short-haul; compressed natural gas powered",1a34089c-3f9a-3afb-9ca6-93a4c7d6424e,1.0,t*km,False,1,PHYSICAL_ALLOCATION,https://api.nal.usda.gov/FederalLCACommonsapi/browse/National_Renewable_Energy_Laboratory/USLCI_Database_Public/PROCESS/7008f69e-79bb-3744-86b8-d43ec782ceda,2026-10-08,processes/7008f69e-79bb-3744-86b8-d43ec782ceda.json,848e10a33196f8651315109a016f8d8254bbabd6e1dda91035da1f90ed08fc39
Transport,truck,"Transport, single unit truck; short-haul; electricity powered; South",7063885b-47e5-31de-a984-6765f39e1387,01.00.007,UNIT_PROCESS,USLCI,1.2026-09.0,unknown,2024-01-01,2024-12-31,"Transport; single unit truck, short-haul; electricity powered",855b58f5-89b6-3b25-b33e-59454a0adbaa,1.0,t*km,False,1,PHYSICAL_ALLOCATION,https://api.nal.usda.gov/FederalLCACommonsapi/browse/National_Renewable_Energy_Laboratory/USLCI_Database_Public/PROCESS/7063885b-47e5-31de-a984-6765f39e1387,2026-10-08,processes/7063885b-47e5-31de-a984-6765f39e1387.json,9b6328493bde1d53a74e7257d0246971f67442eeb23e3d179a2dd391a337bd22
Transport,truck,"Transport, single unit truck; long-haul; gasoline powered",707525a6-c6e4-31e0-a728-5685f0133b9c,01.00.003,UNIT_PROCESS,USLCI,1.2026-09.0,United States of America (the),2024-01-01,2024-12-31,"Transport; single unit truck, long-haul; gasoline powered",9f52f8d9-5c7c-3d35-a912-376b70769a26,1.0,t*km,False,1,PHYSICAL_ALLOCATION,https://api.nal.usda.gov/FederalLCACommonsapi/browse/National_Renewable_Energy_Laboratory/USLCI_Database_Public/PROCESS/707525a6-c6e4-31e0-a728-5685f0133b9c,2026-10-08,processes/707525a6-c6e4-31e0-a728-5685f0133b9c.json,0d70f0300e03b3e09be735d42e4d9844b1e432208dd6e7d1608c7e0227515ea9
Transport,truck,"Transport, combination truck; short-haul; electricity powered; South",70876d4c-f848-3a4c-a4ef-11d54f49b7dd,01.00.007,UNIT_PROCESS,USLCI,1.2026-09.0,unknown,2024-01-01,2024-12-31,"Transport; combination truck, short-haul; electricity powered",d5ce6d5d-eea3-3c42-9999-fe46c52a1541,1.0,t*km,False,1,PHYSICAL_ALLOCATION,https://api.nal.usda.gov/FederalLCACommonsapi/browse/National_Renewable_Energy_Laboratory/USLCI_Database_Public/PROCESS/70876d4c-f848-3a4c-a4ef-11d54f49b7dd,2026-10-08,processes/70876d4c-f848-3a4c-a4ef-11d54f49b7dd.json,f0f3a7510a631928fe621a36c590a3e1cd14bde07eb9d0fe957820827e3c5ab2
Transport,truck,"Transport, combination truck; compressed natural gas powered; South",70d1768c-28e5-30e1-84ef-25bf8cb9c1f0,01.00.003,UNIT_PROCESS,USLCI,1.2026-09.0,unknown,2024-01-01,2024-12-31,Transport; combination truck; compressed natural gas powered,8a848faa-996b-39f4-a2ec-e9a1df693278,1.0,t*km,False,1,PHYSICAL_ALLOCATION,https://api.nal.usda.gov/FederalLCACommonsapi/browse/National_Renewable_Energy_Laboratory/USLCI_Database_Public/PROCESS/70d1768c-28e5-30e1-84ef-25bf8cb9c1f0,2026-10-08,processes/70d1768c-28e5-30e1-84ef-25bf8cb9c1f0.json,adc896c205e2168add74bee524f926f408adcee30d751bce2fe660be7f9b6da9
Transport,truck,"Transport, single unit truck; gasoline powered; Southeast",70ed89bd-4396-374b-bf10-23cf1c3bcf18,01.00.003,UNIT_PROCESS,USLCI,1.2026-09.0,unknown,2024-01-01,2024-12-31,Transport; single unit truck; gasoline powered,30c89ffc-e08a-3d2b-8c96-33b2397b9bd8,1.0,t*km,False,1,PHYSICAL_ALLOCATION,https://api.nal.usda.gov/FederalLCACommonsapi/browse/National_Renewable_Energy_Laboratory/USLCI_Database_Public/PROCESS/70ed89bd-4396-374b-bf10-23cf1c3bcf18,2026-10-08,processes/70ed89bd-4396-374b-bf10-23cf1c3bcf18.json,e7b67b9e479da36c3ffdabef705e4b43f05598590e187c344648a92dade1ba77
Transport,truck,"Transport, single unit truck; short-haul; diesel powered",711ab26a-94a2-33f9-89da-560c55808297,01.00.003,UNIT_PROCESS,USLCI,1.2026-09.0,United States of America (the),2024-01-01,2024-12-31,"Transport; single unit truck, short-haul; diesel powered",20567d69-c8ee-325c-a98c-43c35b8eb9f4,1.0,t*km,False,1,PHYSICAL_ALLOCATION,https://api.nal.usda.gov/FederalLCACommonsapi/browse/National_Renewable_Energy_Laboratory/USLCI_Database_Public/PROCESS/711ab26a-94a2-33f9-89da-560c55808297,2026-10-08,processes/711ab26a-94a2-33f9-89da-560c55808297.json,004b78f34cdcf63bdc7c3554a3f39d145f5ba6c4a075ffad2b6758fb90336448
Transport,truck,"Transport, combination truck; long-haul; compressed natural gas powered",72ca8b0a-f7c6-3289-9b69-a2ce5f05395b,01.00.003,UNIT_PROCESS,USLCI,1.2026-09.0,United States of America (the),2024-01-01,2024-12-31,"Transport; combination truck, long-haul; compressed natural gas powered",8d49dd43-aada-36f4-9bf3-feff7e3231c3,1.0,t*km,False,1,PHYSICAL_ALLOCATION,https://api.nal.usda.gov/FederalLCACommonsapi/browse/National_Renewable_Energy_Laboratory/USLCI_Database_Public/PROCESS/72ca8b0a-f7c6-3289-9b69-a2ce5f05395b,2026-10-08,processes/72ca8b0a-f7c6-3289-9b69-a2ce5f05395b.json,b8e0c5a1e9a46e74f6f17aa6416711ec52681a12d0f34849ef85efd56a733091
Transport,truck,"Transport, light commercial truck; diesel powered; East North Central",75b40b26-f169-34f0-9991-c617151c7665,01.00.003,UNIT_PROCESS,USLCI,1.2026-09.0,unknown,2024-01-01,2024-12-31,Transport; light commercial truck; diesel powered,35fe9caf-2ad2-3d14-ae03-21454a89da2e,1.0,t*km,False,1,PHYSICAL_ALLOCATION,https://api.nal.usda.gov/FederalLCACommonsapi/browse/National_Renewable_Energy_Laboratory/USLCI_Database_Public/PROCESS/75b40b26-f169-34f0-9991-c617151c7665,2026-10-08,processes/75b40b26-f169-34f0-9991-c617151c7665.json,f1f05db403c298cb17a1d696416ea928de3b3a6571c62f911cbdb5e85387887b
Transport,truck,"Transport, single unit truck; compressed natural gas powered; East North Central",7612e2bb-994a-36f9-8728-9b87284ec58f,01.00.003,UNIT_PROCESS,USLCI,1.2026-09.0,unknown,2024-01-01,2024-12-31,Transport; single unit truck; compressed natural gas powered,cb33e8c2-2296-3c28-8015-fc08bf040845,1.0,t*km,False,1,PHYSICAL_ALLOCATION,https://api.nal.usda.gov/FederalLCACommonsapi/browse/National_Renewable_Energy_Laboratory/USLCI_Database_Public/PROCESS/7612e2bb-994a-36f9-8728-9b87284ec58f,2026-10-08,processes/7612e2bb-994a-36f9-8728-9b87284ec58f.json,6bf0ee2d3919eaa3b2510aec2e75aac9f12ff5da0b93631bf5ab09a0f8e22bd7
Transport,truck,"Transport, light commercial truck; diesel powered; West",7666dfe2-42e7-32b1-865c-ad7abef41db3,01.00.003,UNIT_PROCESS,USLCI,1.2026-09.0,unknown,2024-01-01,2024-12-31,Transport; light commercial truck; diesel powered,35fe9caf-2ad2-3d14-ae03-21454a89da2e,1.0,t*km,False,1,PHYSICAL_ALLOCATION,https://api.nal.usda.gov/FederalLCACommonsapi/browse/National_Renewable_Energy_Laboratory/USLCI_Database_Public/PROCESS/7666dfe2-42e7-32b1-865c-ad7abef41db3,2026-10-08,processes/7666dfe2-42e7-32b1-865c-ad7abef41db3.json,597e227c1396374401efa90f4eaff3ab85b39df7e8f2b9e0e85d4b88f835f94f
Transport,truck,"Transport, light commercial truck; E85 powered; Hawaii",76f76056-d152-36f1-9680-a7e3c11d4fd5,01.00.003,UNIT_PROCESS,USLCI,1.2026-09.0,unknown,2024-01-01,2024-12-31,Transport; light commercial truck; E85 powered,0a954583-49bd-3d80-8200-847790caf5b2,1.0,t*km,False,1,PHYSICAL_ALLOCATION,https://api.nal.usda.gov/FederalLCACommonsapi/browse/National_Renewable_Energy_Laboratory/USLCI_Database_Public/PROCESS/76f76056-d152-36f1-9680-a7e3c11d4fd5,2026-10-08,processes/76f76056-d152-36f1-9680-a7e3c11d4fd5.json,490987bd9026f85a1de9edfe09d90c444fc4cf2ff6559df1a18ee946d51536fe
Transport,truck,"Transport, single unit truck; diesel powered; Southwest",77a87375-d695-322a-97d8-3470855f7b5f,01.00.003,UNIT_PROCESS,USLCI,1.2026-09.0,unknown,2024-01-01,2024-12-31,Transport; single unit truck; diesel powered,bbcd8095-e1d5-3762-aa08-3efc8d1d2ec4,1.0,t*km,False,1,PHYSICAL_ALLOCATION,https://api.nal.usda.gov/FederalLCACommonsapi/browse/National_Renewable_Energy_Laboratory/USLCI_Database_Public/PROCESS/77a87375-d695-322a-97d8-3470855f7b5f,2026-10-08,processes/77a87375-d695-322a-97d8-3470855f7b5f.json,c5316f1e5d9a261ad2320359c4ed1b114e79b85a9b680932abd909ec9aa13e15
Transport,truck,"Transport, passenger truck; gasoline powered",77b42094-983d-38b5-bb10-90ae9b5f598c,00.00.010,UNIT_PROCESS,USLCI,1.2026-09.0,United States of America (the),2009-12-31,2009-12-31,Transport; passenger truck; gasoline powered,46b4563c-a86b-391a-9529-597ddfc479da,1.0,p*km,False,1,NO_ALLOCATION,https://api.nal.usda.gov/FederalLCACommonsapi/browse/National_Renewable_Energy_Laboratory/USLCI_Database_Public/PROCESS/77b42094-983d-38b5-bb10-90ae9b5f598c,2026-10-08,processes/77b42094-983d-38b5-bb10-90ae9b5f598c.json,74e2b05d0a6454b754b56dd1546aa0cc403edfe4dd87d52fcc68b8f66591ef81
Transport,truck,"Transport, refuse truck; diesel powered; Northeast region",7ac14cbe-026f-3e50-9e49-831fbc193e4b,00.00.010,UNIT_PROCESS,USLCI,1.2026-09.0,United States of America (the),2009-12-31,2009-12-31,Transport; refuse truck; diesel powered,c99244fc-abe3-3836-9d0c-ce0872f79975,1.0,t*km,False,1,NO_ALLOCATION,https://api.nal.usda.gov/FederalLCACommonsapi/browse/National_Renewable_Energy_Laboratory/USLCI_Database_Public/PROCESS/7ac14cbe-026f-3e50-9e49-831fbc193e4b,2026-10-08,processes/7ac14cbe-026f-3e50-9e49-831fbc193e4b.json,ced88ce5b973f9584f536f7507d616e3905a5ca6d1acbd05a9efbcfc53c8486e
Transport,truck,"Transport, single unit truck; long-haul; compressed natural gas powered; East North Central",7b073de5-31e4-3cdd-9054-934d7f297113,01.00.003,UNIT_PROCESS,USLCI,1.2026-09.0,unknown,2024-01-01,2024-12-31,"Transport; single unit truck, long-haul; compressed natural gas powered",d0207892-1d62-3649-b2a7-4f5bd03b8a73,1.0,t*km,False,1,PHYSICAL_ALLOCATION,https://api.nal.usda.gov/FederalLCACommonsapi/browse/National_Renewable_Energy_Laboratory/USLCI_Database_Public/PROCESS/7b073de5-31e4-3cdd-9054-934d7f297113,2026-10-08,processes/7b073de5-31e4-3cdd-9054-934d7f297113.json,aaed637a77ee85988b85457a210b50f4e7a71458a6bdb5be588e7652a8e3cb42
Transport,truck,"Transport, single unit truck; long-haul; compressed natural gas powered; Central",7b40d1a5-c8bf-396d-94bb-e94a11f0136b,01.00.003,UNIT_PROCESS,USLCI,1.2026-09.0,unknown,2024-01-01,2024-12-31,"Transport; single unit truck, long-haul; compressed natural gas powered",d0207892-1d62-3649-b2a7-4f5bd03b8a73,1.0,t*km,False,1,PHYSICAL_ALLOCATION,https://api.nal.usda.gov/FederalLCACommonsapi/browse/National_Renewable_Energy_Laboratory/USLCI_Database_Public/PROCESS/7b40d1a5-c8bf-396d-94bb-e94a11f0136b,2026-10-08,processes/7b40d1a5-c8bf-396d-94bb-e94a11f0136b.json,c52727b089243d3b126b66947f864c5c2a0ff18a6760cefd505aced102ee9ced
Transport,truck,"Transport, light commercial truck; electricity powered; West",7d0d84a9-699c-382d-99e5-36542964905a,01.00.007,UNIT_PROCESS,USLCI,1.2026-09.0,unknown,2024-01-01,2024-12-31,Transport; light commercial truck; electricity powered,0925e27b-37eb-38b6-8710-314211416cc2,1.0,t*km,False,1,PHYSICAL_ALLOCATION,https://api.nal.usda.gov/FederalLCACommonsapi/browse/National_Renewable_Energy_Laboratory/USLCI_Database_Public/PROCESS/7d0d84a9-699c-382d-99e5-36542964905a,2026-10-08,processes/7d0d84a9-699c-382d-99e5-36542964905a.json,15fc99f12b11c8bf3ca18eb2c64957bcca633326d2d78b2ea862b65dac86f1e5
Transport,truck,"Transport, combination truck; long-haul; compressed natural gas powered; Central",7d7c5506-806c-3208-95c9-3e416e713783,01.00.003,UNIT_PROCESS,USLCI,1.2026-09.0,unknown,2024-01-01,2024-12-31,"Transport; combination truck, long-haul; compressed natural gas powered",8d49dd43-aada-36f4-9bf3-feff7e3231c3,1.0,t*km,False,1,PHYSICAL_ALLOCATION,https://api.nal.usda.gov/FederalLCACommonsapi/browse/National_Renewable_Energy_Laboratory/USLCI_Database_Public/PROCESS/7d7c5506-806c-3208-95c9-3e416e713783,2026-10-08,processes/7d7c5506-806c-3208-95c9-3e416e713783.json,896d30ad590fd11788b7665cced531f89ca4e7db76fc5fb62b3d94eb14e94a30
Transport,truck,"Transport, combination truck; short-haul; gasoline powered; South",7e1f45b5-3e02-3c18-879f-01e06284d639,01.00.003,UNIT_PROCESS,USLCI,1.2026-09.0,unknown,2024-01-01,2024-12-31,"Transport; combination truck, short-haul; gasoline powered",41361da6-313c-3621-bbe6-3a792f3dab6b,1.0,t*km,False,1,PHYSICAL_ALLOCATION,https://api.nal.usda.gov/FederalLCACommonsapi/browse/National_Renewable_Energy_Laboratory/USLCI_Database_Public/PROCESS/7e1f45b5-3e02-3c18-879f-01e06284d639,2026-10-08,processes/7e1f45b5-3e02-3c18-879f-01e06284d639.json,4d159693b3b8bbe872c013823e70e4a7d33d21532c7f096945eca31c72fcf6c6
Transport,truck,"Transport, refuse truck; diesel powered; Central",7e58b660-7134-34da-a89f-cb6d2b81ba59,00.00.010,UNIT_PROCESS,USLCI,1.2026-09.0,United States of America (the),2009-12-31,2009-12-31,Transport; refuse truck; diesel powered,c99244fc-abe3-3836-9d0c-ce0872f79975,1.0,t*km,False,1,NO_ALLOCATION,https://api.nal.usda.gov/FederalLCACommonsapi/browse/National_Renewable_Energy_Laboratory/USLCI_Database_Public/PROCESS/7e58b660-7134-34da-a89f-cb6d2b81ba59,2026-10-08,processes/7e58b660-7134-34da-a89f-cb6d2b81ba59.json,bce4c11046bb363fa5ce366efaf485ba617ca6f31bf9b2b84d8f0545b2cb84b7
Transport,truck,"Transport, single unit truck; short-haul; diesel powered; East North Central",7e5c3461-8dcf-3ef1-b35c-514d31639f0e,01.00.003,UNIT_PROCESS,USLCI,1.2026-09.0,unknown,2024-01-01,2024-12-31,"Transport; single unit truck, short-haul; diesel powered",20567d69-c8ee-325c-a98c-43c35b8eb9f4,1.0,t*km,False,1,PHYSICAL_ALLOCATION,https://api.nal.usda.gov/FederalLCACommonsapi/browse/National_Renewable_Energy_Laboratory/USLCI_Database_Public/PROCESS/7e5c3461-8dcf-3ef1-b35c-514d31639f0e,2026-10-08,processes/7e5c3461-8dcf-3ef1-b35c-514d31639f0e.json,9fe1f387b205ee8e6e44153913a74c0c8a9e0dc20e5a74783df0b0d5ef9b5c1b
Transport,truck,"Transport, light commercial truck; electricity powered",7e7c1558-0be2-3da1-b0eb-ae41e5734fb8,01.00.007,UNIT_PROCESS,USLCI,1.2026-09.0,United States of America (the),2024-01-01,2024-12-31,Transport; light commercial truck; electricity powered,0925e27b-37eb-38b6-8710-314211416cc2,1.0,t*km,False,1,PHYSICAL_ALLOCATION,https://api.nal.usda.gov/FederalLCACommonsapi/browse/National_Renewable_Energy_Laboratory/USLCI_Database_Public/PROCESS/7e7c1558-0be2-3da1-b0eb-ae41e5734fb8,2026-10-08,processes/7e7c1558-0be2-3da1-b0eb-ae41e5734fb8.json,9374e23b9f6bfe41d85665fd9f33798ef4b6b734856f5ed227a7917ca6033d38
Transport,truck,"Transport, combination truck; compressed natural gas powered; Central",7f4b827d-fd21-3b86-8be6-a02b70c48432,01.00.003,UNIT_PROCESS,USLCI,1.2026-09.0,unknown,2024-01-01,2024-12-31,Transport; combination truck; compressed natural gas powered,8a848faa-996b-39f4-a2ec-e9a1df693278,1.0,t*km,False,1,PHYSICAL_ALLOCATION,https://api.nal.usda.gov/FederalLCACommonsapi/browse/National_Renewable_Energy_Laboratory/USLCI_Database_Public/PROCESS/7f4b827d-fd21-3b86-8be6-a02b70c48432,2026-10-08,processes/7f4b827d-fd21-3b86-8be6-a02b70c48432.json,5519ab511e1f7dd1042eb6d6cb35f9777c5c6b92c00d526a86daf19756bc9e86
Transport,truck,"Transport, combination truck; long-haul; electricity powered; West North Central",7f888907-f9d9-36b9-b975-e532c0e26937,01.00.007,UNIT_PROCESS,USLCI,1.2026-09.0,unknown,2024-01-01,2024-12-31,"Transport; combination truck, long-haul; electricity powered",0e5e3079-33df-31fd-ad79-8b8feff08fb6,1.0,t*km,False,1,PHYSICAL_ALLOCATION,https://api.nal.usda.gov/FederalLCACommonsapi/browse/National_Renewable_Energy_Laboratory/USLCI_Database_Public/PROCESS/7f888907-f9d9-36b9-b975-e532c0e26937,2026-10-08,processes/7f888907-f9d9-36b9-b975-e532c0e26937.json,3dcfa96b349b5b8e17684006f0b0aa79928c882c572e0358c41780e47bb025f0
Transport,truck,"Transport, single unit truck; gasoline powered; South",80f88f97-49db-3c03-9f6f-f156c195d89d,01.00.003,UNIT_PROCESS,USLCI,1.2026-09.0,unknown,2024-01-01,2024-12-31,Transport; single unit truck; gasoline powered,30c89ffc-e08a-3d2b-8c96-33b2397b9bd8,1.0,t*km,False,1,PHYSICAL_ALLOCATION,https://api.nal.usda.gov/FederalLCACommonsapi/browse/National_Renewable_Energy_Laboratory/USLCI_Database_Public/PROCESS/80f88f97-49db-3c03-9f6f-f156c195d89d,2026-10-08,processes/80f88f97-49db-3c03-9f6f-f156c195d89d.json,9a51cc1e888ebbfa7488dc74e11eb159cff1100a94f78ce2e72e0085aaec5f75
Transport,truck,"Transport, combination truck; short-haul; electricity powered; Southwest",8118084d-2f5c-35c8-a355-e0943a9efbe8,01.00.007,UNIT_PROCESS,USLCI,1.2026-09.0,unknown,2024-01-01,2024-12-31,"Transport; combination truck, short-haul; electricity powered",d5ce6d5d-eea3-3c42-9999-fe46c52a1541,1.0,t*km,False,1,PHYSICAL_ALLOCATION,https://api.nal.usda.gov/FederalLCACommonsapi/browse/National_Renewable_Energy_Laboratory/USLCI_Database_Public/PROCESS/8118084d-2f5c-35c8-a355-e0943a9efbe8,2026-10-08,processes/8118084d-2f5c-35c8-a355-e0943a9efbe8.json,99024962cf16b4e912685e2cf0c5460d51b5c9dc89a59407b6a324994b6dba12
Transport,truck,"Transport, combination truck; gasoline powered; West",8284dc18-f621-3a94-b82d-cdb7011c24bd,01.00.003,UNIT_PROCESS,USLCI,1.2026-09.0,unknown,2024-01-01,2024-12-31,Transport; combination truck; gasoline powered,9b20d581-cc62-3313-9412-0855be3ee7c2,1.0,t*km,False,1,PHYSICAL_ALLOCATION,https://api.nal.usda.gov/FederalLCACommonsapi/browse/National_Renewable_Energy_Laboratory/USLCI_Database_Public/PROCESS/8284dc18-f621-3a94-b82d-cdb7011c24bd,2026-10-08,processes/8284dc18-f621-3a94-b82d-cdb7011c24bd.json,3eff597226df0bd682f48954b3447801beba0b8583a0e328ab785bc6030d08be
Transport,truck,"Transport, light commercial truck; diesel powered; Northwest",829dbcc5-70eb-324d-a6c1-c20870342237,01.00.003,UNIT_PROCESS,USLCI,1.2026-09.0,unknown,2024-01-01,2024-12-31,Transport; light commercial truck; diesel powered,35fe9caf-2ad2-3d14-ae03-21454a89da2e,1.0,t*km,False,1,PHYSICAL_ALLOCATION,https://api.nal.usda.gov/FederalLCACommonsapi/browse/National_Renewable_Energy_Laboratory/USLCI_Database_Public/PROCESS/829dbcc5-70eb-324d-a6c1-c20870342237,2026-10-08,processes/829dbcc5-70eb-324d-a6c1-c20870342237.json,d8a30821cb078c7cfe442d557df35422c0e137f092f05fa1a4d134374b457e8b
Transport,truck,"Transport, combination truck; long-haul; diesel powered; Northwest",829eb677-aa4c-3a1a-9611-c03515c40326,01.00.003,UNIT_PROCESS,USLCI,1.2026-09.0,unknown,2024-01-01,2024-12-31,"Transport; combination truck, long-haul; diesel powered",13ed0c67-549c-3a01-afee-7083b12dd949,1.0,t*km,False,1,PHYSICAL_ALLOCATION,https://api.nal.usda.gov/FederalLCACommonsapi/browse/National_Renewable_Energy_Laboratory/USLCI_Database_Public/PROCESS/829eb677-aa4c-3a1a-9611-c03515c40326,2026-10-08,processes/829eb677-aa4c-3a1a-9611-c03515c40326.json,ec9349130381232f1101db7abd998ef93021606f4707eb5a7d1ce4b3b948c501
Transport,truck,"Transport, combination truck; short-haul; compressed natural gas powered; East North Central",83231290-a84c-3a4e-a4b1-a14ae3f37c3e,01.00.003,UNIT_PROCESS,USLCI,1.2026-09.0,unknown,2024-01-01,2024-12-31,"Transport; combination truck, short-haul; compressed natural gas powered",419e9d46-92be-37cf-a9a2-765076ebf9ad,1.0,t*km,False,1,PHYSICAL_ALLOCATION,https://api.nal.usda.gov/FederalLCACommonsapi/browse/National_Renewable_Energy_Laboratory/USLCI_Database_Public/PROCESS/83231290-a84c-3a4e-a4b1-a14ae3f37c3e,2026-10-08,processes/83231290-a84c-3a4e-a4b1-a14ae3f37c3e.json,794bacefad726d9023a19fbd14e80faae846de6a851b160416568288611c0bae
Transport,truck,"Transport, light commercial truck; diesel powered; Southwest",83494409-4f95-3c7d-b7d7-09653dd86919,01.00.003,UNIT_PROCESS,USLCI,1.2026-09.0,unknown,2024-01-01,2024-12-31,Transport; light commercial truck; diesel powered,35fe9caf-2ad2-3d14-ae03-21454a89da2e,1.0,t*km,False,1,PHYSICAL_ALLOCATION,https://api.nal.usda.gov/FederalLCACommonsapi/browse/National_Renewable_Energy_Laboratory/USLCI_Database_Public/PROCESS/83494409-4f95-3c7d-b7d7-09653dd86919,2026-10-08,processes/83494409-4f95-3c7d-b7d7-09653dd86919.json,652f0adec35de50e408893e6f5833f0a3ece5ab43efadb2b4da90088b5ede117
Transport,truck,"Transport, combination truck; compressed natural gas powered; Hawaii",834dde82-05d0-3cfe-aa59-0290d3e955a1,01.00.003,UNIT_PROCESS,USLCI,1.2026-09.0,unknown,2024-01-01,2024-12-31,Transport; combination truck; compressed natural gas powered,8a848faa-996b-39f4-a2ec-e9a1df693278,1.0,t*km,False,1,PHYSICAL_ALLOCATION,https://api.nal.usda.gov/FederalLCACommonsapi/browse/National_Renewable_Energy_Laboratory/USLCI_Database_Public/PROCESS/834dde82-05d0-3cfe-aa59-0290d3e955a1,2026-10-08,processes/834dde82-05d0-3cfe-aa59-0290d3e955a1.json,c0c2d0d94c96ae7b91b76fa0d4aff1fd4662c10a9e2a78024538d662a509ef9a
Transport,truck,"Transport, combination truck; short-haul; electricity powered; West North Central",839d9d0a-bdea-397a-9886-c3b86ea1ff1a,01.00.007,UNIT_PROCESS,USLCI,1.2026-09.0,unknown,2024-01-01,2024-12-31,"Transport; combination truck, short-haul; electricity powered",d5ce6d5d-eea3-3c42-9999-fe46c52a1541,1.0,t*km,False,1,PHYSICAL_ALLOCATION,https://api.nal.usda.gov/FederalLCACommonsapi/browse/National_Renewable_Energy_Laboratory/USLCI_Database_Public/PROCESS/839d9d0a-bdea-397a-9886-c3b86ea1ff1a,2026-10-08,processes/839d9d0a-bdea-397a-9886-c3b86ea1ff1a.json,e21d38be679672ab9ac7f2ebd0e441a158fec25e3d83b9352dc1fc53055a11a0
Transport,truck,"Transport, single unit truck; long-haul; diesel powered; South",84aeb815-88d9-3205-862b-ffb3b6b54baa,01.00.003,UNIT_PROCESS,USLCI,1.2026-09.0,unknown,2024-01-01,2024-12-31,"Transport; single unit truck, long-haul; diesel powered",1c639821-1428-35ac-aaa4-277aacdc7420,1.0,t*km,False,1,PHYSICAL_ALLOCATION,https://api.nal.usda.gov/FederalLCACommonsapi/browse/National_Renewable_Energy_Laboratory/USLCI_Database_Public/PROCESS/84aeb815-88d9-3205-862b-ffb3b6b54baa,2026-10-08,processes/84aeb815-88d9-3205-862b-ffb3b6b54baa.json,01210c57e8dff1f3ad129eaa19ff0b29c8e88c937b6caf64d6622cc22c4ec7a6
Transport,truck,"Transport, light commercial truck; diesel powered; Hawaii",85a03eac-6e0a-3c47-8a18-e71b16e913f9,01.00.003,UNIT_PROCESS,USLCI,1.2026-09.0,unknown,2024-01-01,2024-12-31,Transport; light commercial truck; diesel powered,35fe9caf-2ad2-3d14-ae03-21454a89da2e,1.0,t*km,False,1,PHYSICAL_ALLOCATION,https://api.nal.usda.gov/FederalLCACommonsapi/browse/National_Renewable_Energy_Laboratory/USLCI_Database_Public/PROCESS/85a03eac-6e0a-3c47-8a18-e71b16e913f9,2026-10-08,processes/85a03eac-6e0a-3c47-8a18-e71b16e913f9.json,efdda1838b7624fd22db8f5cf7b1c7816337a46205e9e363f1fe2ff5ee2eb95e
Transport,truck,"Transport, combination truck; short-haul; compressed natural gas powered; West North Central",8711816f-44a2-3f68-beaf-7d946b7d1a18,01.00.003,UNIT_PROCESS,USLCI,1.2026-09.0,unknown,2024-01-01,2024-12-31,"Transport; combination truck, short-haul; compressed natural gas powered",419e9d46-92be-37cf-a9a2-765076ebf9ad,1.0,t*km,False,1,PHYSICAL_ALLOCATION,https://api.nal.usda.gov/FederalLCACommonsapi/browse/National_Renewable_Energy_Laboratory/USLCI_Database_Public/PROCESS/8711816f-44a2-3f68-beaf-7d946b7d1a18,2026-10-08,processes/8711816f-44a2-3f68-beaf-7d946b7d1a18.json,77126fe0267de9f5129febc65f4dca53b31417826813dd7dfae5c62474e19070
Transport,truck,"Transport, single unit truck; long-haul; gasoline powered; Central",88a9889c-1b38-3735-8598-409e9fe1f36e,01.00.003,UNIT_PROCESS,USLCI,1.2026-09.0,unknown,2024-01-01,2024-12-31,"Transport; single unit truck, long-haul; gasoline powered",9f52f8d9-5c7c-3d35-a912-376b70769a26,1.0,t*km,False,1,PHYSICAL_ALLOCATION,https://api.nal.usda.gov/FederalLCACommonsapi/browse/National_Renewable_Energy_Laboratory/USLCI_Database_Public/PROCESS/88a9889c-1b38-3735-8598-409e9fe1f36e,2026-10-08,processes/88a9889c-1b38-3735-8598-409e9fe1f36e.json,17982abaa6768394d689c592f3da3499c50545a673079a65baa826cdbcdf6080
Transport,truck,"Transport, combination truck; short-haul; gasoline powered; West",8a003812-42fc-38bb-8b9d-fb7f48a4418f,01.00.003,UNIT_PROCESS,USLCI,1.2026-09.0,unknown,2024-01-01,2024-12-31,"Transport; combination truck, short-haul; gasoline powered",41361da6-313c-3621-bbe6-3a792f3dab6b,1.0,t*km,False,1,PHYSICAL_ALLOCATION,https://api.nal.usda.gov/FederalLCACommonsapi/browse/National_Renewable_Energy_Laboratory/USLCI_Database_Public/PROCESS/8a003812-42fc-38bb-8b9d-fb7f48a4418f,2026-10-08,processes/8a003812-42fc-38bb-8b9d-fb7f48a4418f.json,a62dc796666d75e3c3c2a33ef740cf5002668f8169daa159820910dd5bbf5916
Transport,truck,"Transport, single unit truck; long-haul; gasoline powered; South",8a219bfb-4213-3254-9f85-dd32da77d5c3,01.00.003,UNIT_PROCESS,USLCI,1.2026-09.0,unknown,2024-01-01,2024-12-31,"Transport; single unit truck, long-haul; gasoline powered",9f52f8d9-5c7c-3d35-a912-376b70769a26,1.0,t*km,False,1,PHYSICAL_ALLOCATION,https://api.nal.usda.gov/FederalLCACommonsapi/browse/National_Renewable_Energy_Laboratory/USLCI_Database_Public/PROCESS/8a219bfb-4213-3254-9f85-dd32da77d5c3,2026-10-08,processes/8a219bfb-4213-3254-9f85-dd32da77d5c3.json,f2f172650dfb37922f498e40c07bd5509c04225cad4c05e21b5287445a723560
Transport,truck,"Transport, combination truck; electricity powered; Hawaii",8b269338-a4f9-382c-8cd5-0d8dede2f9ef,01.00.007,UNIT_PROCESS,USLCI,1.2026-09.0,unknown,2024-01-01,2024-12-31,Transport; combination truck; electricity powered,70d89027-628d-3404-8458-b209e40dd0e0,1.0,t*km,False,1,PHYSICAL_ALLOCATION,https://api.nal.usda.gov/FederalLCACommonsapi/browse/National_Renewable_Energy_Laboratory/USLCI_Database_Public/PROCESS/8b269338-a4f9-382c-8cd5-0d8dede2f9ef,2026-10-08,processes/8b269338-a4f9-382c-8cd5-0d8dede2f9ef.json,32957c9968bde3989428c7f05b1fd354c8bbf95f674b2a33aa2a39192dc82ad3
Transport,truck,"Transport, single unit truck; short-haul; gasoline powered; Hawaii",8b8d5f56-82c0-3254-a22a-a0e0df0090ba,01.00.003,UNIT_PROCESS,USLCI,1.2026-09.0,unknown,2024-01-01,2024-12-31,"Transport; single unit truck, short-haul; gasoline powered",524fd4ed-beef-3c60-a17b-fa0ba1842eeb,1.0,t*km,False,1,PHYSICAL_ALLOCATION,https://api.nal.usda.gov/FederalLCACommonsapi/browse/National_Renewable_Energy_Laboratory/USLCI_Database_Public/PROCESS/8b8d5f56-82c0-3254-a22a-a0e0df0090ba,2026-10-08,processes/8b8d5f56-82c0-3254-a22a-a0e0df0090ba.json,50ba99ae7eefd33ad6a3efe9638f8b2914bfa7f229b8bc7febf2981daf9bcab7
Transport,truck,"Transport, combination truck; long-haul; diesel powered; West",8ba63664-bb54-3899-8e07-1b55737d5636,01.00.003,UNIT_PROCESS,USLCI,1.2026-09.0,unknown,2024-01-01,2024-12-31,"Transport; combination truck, long-haul; diesel powered",13ed0c67-549c-3a01-afee-7083b12dd949,1.0,t*km,False,1,PHYSICAL_ALLOCATION,https://api.nal.usda.gov/FederalLCACommonsapi/browse/National_Renewable_Energy_Laboratory/USLCI_Database_Public/PROCESS/8ba63664-bb54-3899-8e07-1b55737d5636,2026-10-08,processes/8ba63664-bb54-3899-8e07-1b55737d5636.json,3086ee4b780e4f2824e6e1e9c23832e9c5b2e22a6f6d44827ba4d83dd2b79d29
Transport,truck,"Transport, combination truck; long-haul; diesel powered; South",8bc30eb0-0fa6-3cef-8855-d8e975cd915d,01.00.003,UNIT_PROCESS,USLCI,1.2026-09.0,unknown,2024-01-01,2024-12-31,"Transport; combination truck, long-haul; diesel powered",13ed0c67-549c-3a01-afee-7083b12dd949,1.0,t*km,False,1,PHYSICAL_ALLOCATION,https://api.nal.usda.gov/FederalLCACommonsapi/browse/National_Renewable_Energy_Laboratory/USLCI_Database_Public/PROCESS/8bc30eb0-0fa6-3cef-8855-d8e975cd915d,2026-10-08,processes/8bc30eb0-0fa6-3cef-8855-d8e975cd915d.json,54f33988c555ad52c4009cbad54cb86ee052b83ec050295964ee16f094bf3836
Transport,truck,"Transport, single unit truck; short-haul; diesel powered; West North Central",8c3b113e-9ed2-3a86-af12-130b79da4b9b,01.00.003,UNIT_PROCESS,USLCI,1.2026-09.0,unknown,2024-01-01,2024-12-31,"Transport; single unit truck, short-haul; diesel powered",20567d69-c8ee-325c-a98c-43c35b8eb9f4,1.0,t*km,False,1,PHYSICAL_ALLOCATION,https://api.nal.usda.gov/FederalLCACommonsapi/browse/National_Renewable_Energy_Laboratory/USLCI_Database_Public/PROCESS/8c3b113e-9ed2-3a86-af12-130b79da4b9b,2026-10-08,processes/8c3b113e-9ed2-3a86-af12-130b79da4b9b.json,b538a5c3ba3c1805bb606795b5eb4b7430d74de11210a692d46b56f0fb33f720
Transport,truck,"Transport, single unit truck; electricity powered; Southeast",8c5f924d-f2e5-32df-9e19-d2682d2e8208,01.00.007,UNIT_PROCESS,USLCI,1.2026-09.0,unknown,2024-01-01,2024-12-31,Transport; single unit truck; electricity powered,94755eaa-c6ec-32d3-b687-b94ed0a53e5f,1.0,t*km,False,1,PHYSICAL_ALLOCATION,https://api.nal.usda.gov/FederalLCACommonsapi/browse/National_Renewable_Energy_Laboratory/USLCI_Database_Public/PROCESS/8c5f924d-f2e5-32df-9e19-d2682d2e8208,2026-10-08,processes/8c5f924d-f2e5-32df-9e19-d2682d2e8208.json,255332ef2671bc88cd50eec659822ced791ac41b8a9c0ddebebbbb5368b1d2d1
Transport,truck,"Transport, single unit truck; gasoline powered; Central",8c8138e7-7529-32c7-9000-f5542d19ef54,01.00.003,UNIT_PROCESS,USLCI,1.2026-09.0,unknown,2024-01-01,2024-12-31,Transport; single unit truck; gasoline powered,30c89ffc-e08a-3d2b-8c96-33b2397b9bd8,1.0,t*km,False,1,PHYSICAL_ALLOCATION,https://api.nal.usda.gov/FederalLCACommonsapi/browse/National_Renewable_Energy_Laboratory/USLCI_Database_Public/PROCESS/8c8138e7-7529-32c7-9000-f5542d19ef54,2026-10-08,processes/8c8138e7-7529-32c7-9000-f5542d19ef54.json,f06e68264e75eb6eb28cb5ed5ec4160fecd909776108a48fb29151292a4ab0cc
Transport,truck,"Transport, combination truck; short-haul; diesel powered",8d1daa68-bede-347a-86a4-aeca5383906c,01.00.003,UNIT_PROCESS,USLCI,1.2026-09.0,United States of America (the),2024-01-01,2024-12-31,"Transport; combination truck, short-haul; diesel powered",59449b10-044a-3a9b-a6e6-5c5fc97b50bb,1.0,t*km,False,1,PHYSICAL_ALLOCATION,https://api.nal.usda.gov/FederalLCACommonsapi/browse/National_Renewable_Energy_Laboratory/USLCI_Database_Public/PROCESS/8d1daa68-bede-347a-86a4-aeca5383906c,2026-10-08,processes/8d1daa68-bede-347a-86a4-aeca5383906c.json,560f81e9941131856b4c50a742eb577e430ced0e8ac2425f5825b706a3799077
Transport,truck,"Transport, single unit truck; short-haul; diesel powered; Alaska",8e075e04-06b4-3bdd-ac09-4c53b6c7e50a,01.00.003,UNIT_PROCESS,USLCI,1.2026-09.0,unknown,2024-01-01,2024-12-31,"Transport; single unit truck, short-haul; diesel powered",20567d69-c8ee-325c-a98c-43c35b8eb9f4,1.0,t*km,False,1,PHYSICAL_ALLOCATION,https://api.nal.usda.gov/FederalLCACommonsapi/browse/National_Renewable_Energy_Laboratory/USLCI_Database_Public/PROCESS/8e075e04-06b4-3bdd-ac09-4c53b6c7e50a,2026-10-08,processes/8e075e04-06b4-3bdd-ac09-4c53b6c7e50a.json,d0d2a58e241ca090ad167019f19dc66de25ff6cd3908c6846ffb143cf7e31279
Transport,truck,"Transport, light commercial truck; gasoline powered; Northwest",8e21a279-3c3e-3e94-901c-69322d474a1e,01.00.003,UNIT_PROCESS,USLCI,1.2026-09.0,unknown,2024-01-01,2024-12-31,Transport; light commercial truck; gasoline powered,0614f894-cf10-307e-bd58-ac507face752,1.0,t*km,False,1,PHYSICAL_ALLOCATION,https://api.nal.usda.gov/FederalLCACommonsapi/browse/National_Renewable_Energy_Laboratory/USLCI_Database_Public/PROCESS/8e21a279-3c3e-3e94-901c-69322d474a1e,2026-10-08,processes/8e21a279-3c3e-3e94-901c-69322d474a1e.json,02e12318ed222c04f021ee76cdde4b1d490aa1e0a4debbc82dd7deb168017d13
Transport,truck,"Transport, combination truck; compressed natural gas powered; Alaska",8f44885d-22a9-33ef-ac07-8bf8b2153054,01.00.003,UNIT_PROCESS,USLCI,1.2026-09.0,unknown,2024-01-01,2024-12-31,Transport; combination truck; compressed natural gas powered,8a848faa-996b-39f4-a2ec-e9a1df693278,1.0,t*km,False,1,PHYSICAL_ALLOCATION,https://api.nal.usda.gov/FederalLCACommonsapi/browse/National_Renewable_Energy_Laboratory/USLCI_Database_Public/PROCESS/8f44885d-22a9-33ef-ac07-8bf8b2153054,2026-10-08,processes/8f44885d-22a9-33ef-ac07-8bf8b2153054.json,e8856240b8ea5b68e177df4e8cb7d5dca83e1c2f90b530a8387e353df8d4c408
Transport,truck,"Transport, combination truck; long-haul; electricity powered; Hawaii",8f8f6e1d-d8d2-3ae9-9003-eca0c148f3ea,01.00.007,UNIT_PROCESS,USLCI,1.2026-09.0,unknown,2024-01-01,2024-12-31,"Transport; combination truck, long-haul; electricity powered",0e5e3079-33df-31fd-ad79-8b8feff08fb6,1.0,t*km,False,1,PHYSICAL_ALLOCATION,https://api.nal.usda.gov/FederalLCACommonsapi/browse/National_Renewable_Energy_Laboratory/USLCI_Database_Public/PROCESS/8f8f6e1d-d8d2-3ae9-9003-eca0c148f3ea,2026-10-08,processes/8f8f6e1d-d8d2-3ae9-9003-eca0c148f3ea.json,26eb46db4542494fed31628ec1e68ba576818c5f2d7db4c452cd84bfaf5542ea
Transport,truck,"Transport, light commercial truck; gasoline powered; Alaska",8fbb300d-2908-3dd0-97ce-0ce9eb324c44,01.00.003,UNIT_PROCESS,USLCI,1.2026-09.0,unknown,2024-01-01,2024-12-31,Transport; light commercial truck; gasoline powered,0614f894-cf10-307e-bd58-ac507face752,1.0,t*km,False,1,PHYSICAL_ALLOCATION,https://api.nal.usda.gov/FederalLCACommonsapi/browse/National_Renewable_Energy_Laboratory/USLCI_Database_Public/PROCESS/8fbb300d-2908-3dd0-97ce-0ce9eb324c44,2026-10-08,processes/8fbb300d-2908-3dd0-97ce-0ce9eb324c44.json,cad2bc2eb1f5dd5dd94f03210fad33ad09f4249671431c992aca320cb82a64ad
Transport,truck,"Transport, light commercial truck; E85 powered; West North Central",901c5aa4-1578-3198-8828-d14f5ab6ea6b,01.00.003,UNIT_PROCESS,USLCI,1.2026-09.0,unknown,2024-01-01,2024-12-31,Transport; light commercial truck; E85 powered,0a954583-49bd-3d80-8200-847790caf5b2,1.0,t*km,False,1,PHYSICAL_ALLOCATION,https://api.nal.usda.gov/FederalLCACommonsapi/browse/National_Renewable_Energy_Laboratory/USLCI_Database_Public/PROCESS/901c5aa4-1578-3198-8828-d14f5ab6ea6b,2026-10-08,processes/901c5aa4-1578-3198-8828-d14f5ab6ea6b.json,9bc26b0860e40d8a7a512da2ed73e3c361b531cd85f5196130416fcef17c545f
Transport,truck,"Transport, light commercial truck; gasoline powered; Southwest",907b7232-6adc-3e3f-b417-98a5bf5fb49a,01.00.003,UNIT_PROCESS,USLCI,1.2026-09.0,unknown,2024-01-01,2024-12-31,Transport; light commercial truck; gasoline powered,0614f894-cf10-307e-bd58-ac507face752,1.0,t*km,False,1,PHYSICAL_ALLOCATION,https://api.nal.usda.gov/FederalLCACommonsapi/browse/National_Renewable_Energy_Laboratory/USLCI_Database_Public/PROCESS/907b7232-6adc-3e3f-b417-98a5bf5fb49a,2026-10-08,processes/907b7232-6adc-3e3f-b417-98a5bf5fb49a.json,cdc1ad2025f53460158e170202645e7dbfff5eb1bfd7e4807dc288109a399549
Transport,truck,"Transport, combination truck; short-haul; gasoline powered; Alaska",90e9ed10-ddca-3812-8bde-2a1b1f3fb427,01.00.003,UNIT_PROCESS,USLCI,1.2026-09.0,unknown,2024-01-01,2024-12-31,"Transport; combination truck, short-haul; gasoline powered",41361da6-313c-3621-bbe6-3a792f3dab6b,1.0,t*km,False,1,PHYSICAL_ALLOCATION,https://api.nal.usda.gov/FederalLCACommonsapi/browse/National_Renewable_Energy_Laboratory/USLCI_Database_Public/PROCESS/90e9ed10-ddca-3812-8bde-2a1b1f3fb427,2026-10-08,processes/90e9ed10-ddca-3812-8bde-2a1b1f3fb427.json,8d5cc9dc16238b0f28ff23193901f29bce42cc635bd15061dce2a1c534839657
Transport,truck,"Transport, single unit truck; short-haul; electricity powered; Southwest",91bd69fe-faec-3f4a-b96d-4a72d0be1d07,01.00.007,UNIT_PROCESS,USLCI,1.2026-09.0,unknown,2024-01-01,2024-12-31,"Transport; single unit truck, short-haul; electricity powered",855b58f5-89b6-3b25-b33e-59454a0adbaa,1.0,t*km,False,1,PHYSICAL_ALLOCATION,https://api.nal.usda.gov/FederalLCACommonsapi/browse/National_Renewable_Energy_Laboratory/USLCI_Database_Public/PROCESS/91bd69fe-faec-3f4a-b96d-4a72d0be1d07,2026-10-08,processes/91bd69fe-faec-3f4a-b96d-4a72d0be1d07.json,5374b8657d71969881930dd3d73e882c3b46179be2554010ae788f204d287835
Transport,truck,"Transport, single unit truck; short-haul; gasoline powered; West",91f05c7b-ade4-3b04-ad3c-4ecce11f3ff4,01.00.003,UNIT_PROCESS,USLCI,1.2026-09.0,unknown,2024-01-01,2024-12-31,"Transport; single unit truck, short-haul; gasoline powered",524fd4ed-beef-3c60-a17b-fa0ba1842eeb,1.0,t*km,False,1,PHYSICAL_ALLOCATION,https://api.nal.usda.gov/FederalLCACommonsapi/browse/National_Renewable_Energy_Laboratory/USLCI_Database_Public/PROCESS/91f05c7b-ade4-3b04-ad3c-4ecce11f3ff4,2026-10-08,processes/91f05c7b-ade4-3b04-ad3c-4ecce11f3ff4.json,6c8b65dbc493bd31ba0f9cba01576c2411fb4b832f1a7f31717cb490b9376a03
Transport,truck,"Transport, combination truck; compressed natural gas powered; Northeast",921c2e4b-992f-36cb-8433-0fad28e91482,01.00.003,UNIT_PROCESS,USLCI,1.2026-09.0,unknown,2024-01-01,2024-12-31,Transport; combination truck; compressed natural gas powered,8a848faa-996b-39f4-a2ec-e9a1df693278,1.0,t*km,False,1,PHYSICAL_ALLOCATION,https://api.nal.usda.gov/FederalLCACommonsapi/browse/National_Renewable_Energy_Laboratory/USLCI_Database_Public/PROCESS/921c2e4b-992f-36cb-8433-0fad28e91482,2026-10-08,processes/921c2e4b-992f-36cb-8433-0fad28e91482.json,8cfb153d7e13e590bed35b4dd81df0257893d8b72f30f2908d168caef3e22bb0
Transport,truck,"Transport, single unit truck; compressed natural gas powered; Northwest",92a26ffb-b2ee-39e9-b4ee-983c4899e46e,01.00.003,UNIT_PROCESS,USLCI,1.2026-09.0,unknown,2024-01-01,2024-12-31,Transport; single unit truck; compressed natural gas powered,cb33e8c2-2296-3c28-8015-fc08bf040845,1.0,t*km,False,1,PHYSICAL_ALLOCATION,https://api.nal.usda.gov/FederalLCACommonsapi/browse/National_Renewable_Energy_Laboratory/USLCI_Database_Public/PROCESS/92a26ffb-b2ee-39e9-b4ee-983c4899e46e,2026-10-08,processes/92a26ffb-b2ee-39e9-b4ee-983c4899e46e.json,a1e400d37fbaa9a28c575e16f1e31b1b6d38db7fcd9576c662ac133160779d98
Transport,truck,"Transport, combination truck; short-haul; electricity powered; West",935ae747-5a9c-3718-b6a4-df622378456a,01.00.007,UNIT_PROCESS,USLCI,1.2026-09.0,unknown,2024-01-01,2024-12-31,"Transport; combination truck, short-haul; electricity powered",d5ce6d5d-eea3-3c42-9999-fe46c52a1541,1.0,t*km,False,1,PHYSICAL_ALLOCATION,https://api.nal.usda.gov/FederalLCACommonsapi/browse/National_Renewable_Energy_Laboratory/USLCI_Database_Public/PROCESS/935ae747-5a9c-3718-b6a4-df622378456a,2026-10-08,processes/935ae747-5a9c-3718-b6a4-df622378456a.json,fa8862989e57222625e62f2deecdf3ef6db7400aaf3881efefcef46f1302358c
Transport,truck,"Transport, single unit truck; short-haul; electricity powered; East North Central",93664230-e60b-39d3-9cfe-d35f207c0447,01.00.007,UNIT_PROCESS,USLCI,1.2026-09.0,unknown,2024-01-01,2024-12-31,"Transport; single unit truck, short-haul; electricity powered",855b58f5-89b6-3b25-b33e-59454a0adbaa,1.0,t*km,False,1,PHYSICAL_ALLOCATION,https://api.nal.usda.gov/FederalLCACommonsapi/browse/National_Renewable_Energy_Laboratory/USLCI_Database_Public/PROCESS/93664230-e60b-39d3-9cfe-d35f207c0447,2026-10-08,processes/93664230-e60b-39d3-9cfe-d35f207c0447.json,446fa0b7e23949decc6293ea6071d3d994fd4ae245257cc61977553985b84ea7
Transport,truck,"Transport, light commercial truck; diesel powered; Southeast",96f5b352-fcf1-37c0-bea1-8600ab1875e1,01.00.003,UNIT_PROCESS,USLCI,1.2026-09.0,unknown,2024-01-01,2024-12-31,Transport; light commercial truck; diesel powered,35fe9caf-2ad2-3d14-ae03-21454a89da2e,1.0,t*km,False,1,PHYSICAL_ALLOCATION,https://api.nal.usda.gov/FederalLCACommonsapi/browse/National_Renewable_Energy_Laboratory/USLCI_Database_Public/PROCESS/96f5b352-fcf1-37c0-bea1-8600ab1875e1,2026-10-08,processes/96f5b352-fcf1-37c0-bea1-8600ab1875e1.json,ec14c70b75dad04b9d40578dde4a9050dea6f068eea521e18dac8c46a51a2da3
Transport,truck,"Transport, single unit truck; short-haul; gasoline powered; Southeast",976227bd-5a7a-3e8e-9e67-7ce926b428a8,01.00.003,UNIT_PROCESS,USLCI,1.2026-09.0,unknown,2024-01-01,2024-12-31,"Transport; single unit truck, short-haul; gasoline powered",524fd4ed-beef-3c60-a17b-fa0ba1842eeb,1.0,t*km,False,1,PHYSICAL_ALLOCATION,https://api.nal.usda.gov/FederalLCACommonsapi/browse/National_Renewable_Energy_Laboratory/USLCI_Database_Public/PROCESS/976227bd-5a7a-3e8e-9e67-7ce926b428a8,2026-10-08,processes/976227bd-5a7a-3e8e-9e67-7ce926b428a8.json,b131d3a479360305d73744ce2652d4e02e3c389d69c3adba02dfd3510438efca
Transport,truck,"Transport, combination truck; short-haul; compressed natural gas powered; South",9782f9bc-0739-35dd-974e-4d625fe7b6f7,01.00.003,UNIT_PROCESS,USLCI,1.2026-09.0,unknown,2024-01-01,2024-12-31,"Transport; combination truck, short-haul; compressed natural gas powered",419e9d46-92be-37cf-a9a2-765076ebf9ad,1.0,t*km,False,1,PHYSICAL_ALLOCATION,https://api.nal.usda.gov/FederalLCACommonsapi/browse/National_Renewable_Energy_Laboratory/USLCI_Database_Public/PROCESS/9782f9bc-0739-35dd-974e-4d625fe7b6f7,2026-10-08,processes/9782f9bc-0739-35dd-974e-4d625fe7b6f7.json,3820836b3de09ad4d2f7f486c56d8bf7c29f80532fd8e2090440863d242f170b
Transport,truck,"Transport, combination truck; long-haul; electricity powered; South",9875751f-9184-361c-984a-341c293185c3,01.00.007,UNIT_PROCESS,USLCI,1.2026-09.0,unknown,2024-01-01,2024-12-31,"Transport; combination truck, long-haul; electricity powered",0e5e3079-33df-31fd-ad79-8b8feff08fb6,1.0,t*km,False,1,PHYSICAL_ALLOCATION,https://api.nal.usda.gov/FederalLCACommonsapi/browse/National_Renewable_Energy_Laboratory/USLCI_Database_Public/PROCESS/9875751f-9184-361c-984a-341c293185c3,2026-10-08,processes/9875751f-9184-361c-984a-341c293185c3.json,8999d99c7c2c0fa96627f45d7a50c32e568f6e74b8dbb56b6405640b0c50d1ae
Transport,truck,"Transport, single unit truck; short-haul; gasoline powered; Northeast",9a0c9355-de4f-324b-8c72-bd57a1944514,01.00.003,UNIT_PROCESS,USLCI,1.2026-09.0,unknown,2024-01-01,2024-12-31,"Transport; single unit truck, short-haul; gasoline powered",524fd4ed-beef-3c60-a17b-fa0ba1842eeb,1.0,t*km,False,1,PHYSICAL_ALLOCATION,https://api.nal.usda.gov/FederalLCACommonsapi/browse/National_Renewable_Energy_Laboratory/USLCI_Database_Public/PROCESS/9a0c9355-de4f-324b-8c72-bd57a1944514,2026-10-08,processes/9a0c9355-de4f-324b-8c72-bd57a1944514.json,2b5c9f0b29afc26838cddeb9e79604cbd4716c94cbe81fa4ff55bbb5efe0ae6a
Transport,truck,"Transport, single unit truck; electricity powered; West",9a796145-e4bc-365d-8cfa-b6d15db759d4,01.00.007,UNIT_PROCESS,USLCI,1.2026-09.0,unknown,2024-01-01,2024-12-31,Transport; single unit truck; electricity powered,94755eaa-c6ec-32d3-b687-b94ed0a53e5f,1.0,t*km,False,1,PHYSICAL_ALLOCATION,https://api.nal.usda.gov/FederalLCACommonsapi/browse/National_Renewable_Energy_Laboratory/USLCI_Database_Public/PROCESS/9a796145-e4bc-365d-8cfa-b6d15db759d4,2026-10-08,processes/9a796145-e4bc-365d-8cfa-b6d15db759d4.json,258ef4620aaa5273a6f69e28998e17c4affaae649b83bf005a88ca62c3ec7a25
Transport,truck,"Transport, combination truck; gasoline powered; Northeast",9b55b8db-4411-3cb7-bb24-1bd47f4d8c1a,01.00.003,UNIT_PROCESS,USLCI,1.2026-09.0,unknown,2024-01-01,2024-12-31,Transport; combination truck; gasoline powered,9b20d581-cc62-3313-9412-0855be3ee7c2,1.0,t*km,False,1,PHYSICAL_ALLOCATION,https://api.nal.usda.gov/FederalLCACommonsapi/browse/National_Renewable_Energy_Laboratory/USLCI_Database_Public/PROCESS/9b55b8db-4411-3cb7-bb24-1bd47f4d8c1a,2026-10-08,processes/9b55b8db-4411-3cb7-bb24-1bd47f4d8c1a.json,6f47bcb6bc18af246a4ba0a9630797ff2baaca3d521a982587e5bbd6be1f6cc8
Transport,truck,"Transport, combination truck; short-haul; diesel powered; Northeast",9be99f9e-d855-3f70-b879-9cba92fae8ee,01.00.003,UNIT_PROCESS,USLCI,1.2026-09.0,unknown,2024-01-01,2024-12-31,"Transport; combination truck, short-haul; diesel powered",59449b10-044a-3a9b-a6e6-5c5fc97b50bb,1.0,t*km,False,1,PHYSICAL_ALLOCATION,https://api.nal.usda.gov/FederalLCACommonsapi/browse/National_Renewable_Energy_Laboratory/USLCI_Database_Public/PROCESS/9be99f9e-d855-3f70-b879-9cba92fae8ee,2026-10-08,processes/9be99f9e-d855-3f70-b879-9cba92fae8ee.json,623207ef4894265490e9c4c5d7ce32d0bbe0ecdc6e2ceaab4d32ce125220d3a2
Transport,truck,"Transport, single unit truck; compressed natural gas powered; South",a03573cf-b7a1-3a24-bc92-d1eafeffa261,01.00.003,UNIT_PROCESS,USLCI,1.2026-09.0,unknown,2024-01-01,2024-12-31,Transport; single unit truck; compressed natural gas powered,cb33e8c2-2296-3c28-8015-fc08bf040845,1.0,t*km,False,1,PHYSICAL_ALLOCATION,https://api.nal.usda.gov/FederalLCACommonsapi/browse/National_Renewable_Energy_Laboratory/USLCI_Database_Public/PROCESS/a03573cf-b7a1-3a24-bc92-d1eafeffa261,2026-10-08,processes/a03573cf-b7a1-3a24-bc92-d1eafeffa261.json,0453acedc655654df68864ca9eefb3525ef6069ea17ec47a83b49b1f3500064d
Transport,truck,"Transport, single unit truck; long-haul; electricity powered; South",a04b5f07-b650-3f20-9eb3-95b4dc678db0,01.00.007,UNIT_PROCESS,USLCI,1.2026-09.0,unknown,2024-01-01,2024-12-31,"Transport; single unit truck, long-haul; electricity powered",ca468bee-3878-3418-918a-6cbe82ac640c,1.0,t*km,False,1,PHYSICAL_ALLOCATION,https://api.nal.usda.gov/FederalLCACommonsapi/browse/National_Renewable_Energy_Laboratory/USLCI_Database_Public/PROCESS/a04b5f07-b650-3f20-9eb3-95b4dc678db0,2026-10-08,processes/a04b5f07-b650-3f20-9eb3-95b4dc678db0.json,8e4bfb5e4d65ec4ad6872b239f66c4d330cac3d6f7c1a392d049b46fda455532
Transport,truck,"Transport, refuse truck; diesel powered; Northwest",a0b22839-812d-3279-839f-9388f01c96de,00.00.010,UNIT_PROCESS,USLCI,1.2026-09.0,United States of America (the),2009-12-31,2009-12-31,Transport; refuse truck; diesel powered,c99244fc-abe3-3836-9d0c-ce0872f79975,1.0,t*km,False,1,NO_ALLOCATION,https://api.nal.usda.gov/FederalLCACommonsapi/browse/National_Renewable_Energy_Laboratory/USLCI_Database_Public/PROCESS/a0b22839-812d-3279-839f-9388f01c96de,2026-10-08,processes/a0b22839-812d-3279-839f-9388f01c96de.json,19289d2702e6ec39131b0d170691bc3bbe1d86bec7788d812c4224c11569254f
Transport,truck,"Transport, single unit truck; long-haul; electricity powered",a14d95a3-cea2-33a7-ba38-f7c899d7e777,01.00.007,UNIT_PROCESS,USLCI,1.2026-09.0,United States of America (the),2024-01-01,2024-12-31,"Transport; single unit truck, long-haul; electricity powered",ca468bee-3878-3418-918a-6cbe82ac640c,1.0,t*km,False,1,PHYSICAL_ALLOCATION,https://api.nal.usda.gov/FederalLCACommonsapi/browse/National_Renewable_Energy_Laboratory/USLCI_Database_Public/PROCESS/a14d95a3-cea2-33a7-ba38-f7c899d7e777,2026-10-08,processes/a14d95a3-cea2-33a7-ba38-f7c899d7e777.json,135b2e7a2698451f731c752d1f13fe354f3db8502b702aa6a1366550943123dc
Transport,truck,"Transport, single unit truck; long-haul; diesel powered; Southeast",a17c7651-0fae-330c-bfe8-5f862200f5d2,01.00.003,UNIT_PROCESS,USLCI,1.2026-09.0,unknown,2024-01-01,2024-12-31,"Transport; single unit truck, long-haul; diesel powered",1c639821-1428-35ac-aaa4-277aacdc7420,1.0,t*km,False,1,PHYSICAL_ALLOCATION,https://api.nal.usda.gov/FederalLCACommonsapi/browse/National_Renewable_Energy_Laboratory/USLCI_Database_Public/PROCESS/a17c7651-0fae-330c-bfe8-5f862200f5d2,2026-10-08,processes/a17c7651-0fae-330c-bfe8-5f862200f5d2.json,951e73e986f7559225986d8f95c7cca69ecea03c6ed4f2027e83c85b8646863a
Transport,truck,"Transport, combination truck; long-haul; diesel powered; Southeast",a17f251a-de94-3933-b3b1-61aef7df590d,01.00.003,UNIT_PROCESS,USLCI,1.2026-09.0,unknown,2024-01-01,2024-12-31,"Transport; combination truck, long-haul; diesel powered",13ed0c67-549c-3a01-afee-7083b12dd949,1.0,t*km,False,1,PHYSICAL_ALLOCATION,https://api.nal.usda.gov/FederalLCACommonsapi/browse/National_Renewable_Energy_Laboratory/USLCI_Database_Public/PROCESS/a17f251a-de94-3933-b3b1-61aef7df590d,2026-10-08,processes/a17f251a-de94-3933-b3b1-61aef7df590d.json,60853079d4478db34932450c268a8316ebc262b3d534faff39115e65fc6474b1
Transport,truck,"Transport, single unit truck; diesel powered; Southeast",a2b119d4-5dce-3cb6-a013-ad3632c06feb,01.00.003,UNIT_PROCESS,USLCI,1.2026-09.0,unknown,2024-01-01,2024-12-31,Transport; single unit truck; diesel powered,bbcd8095-e1d5-3762-aa08-3efc8d1d2ec4,1.0,t*km,False,1,PHYSICAL_ALLOCATION,https://api.nal.usda.gov/FederalLCACommonsapi/browse/National_Renewable_Energy_Laboratory/USLCI_Database_Public/PROCESS/a2b119d4-5dce-3cb6-a013-ad3632c06feb,2026-10-08,processes/a2b119d4-5dce-3cb6-a013-ad3632c06feb.json,608df3d0b2edfe0b7b4fe90a2942e165004363f086cc268a542e44c02b7807aa
Transport,truck,"Transport, combination truck; short-haul; electricity powered; Northeast",a2d522a3-27aa-371c-be65-41b683497fc3,01.00.007,UNIT_PROCESS,USLCI,1.2026-09.0,unknown,2024-01-01,2024-12-31,"Transport; combination truck, short-haul; electricity powered",d5ce6d5d-eea3-3c42-9999-fe46c52a1541,1.0,t*km,False,1,PHYSICAL_ALLOCATION,https://api.nal.usda.gov/FederalLCACommonsapi/browse/National_Renewable_Energy_Laboratory/USLCI_Database_Public/PROCESS/a2d522a3-27aa-371c-be65-41b683497fc3,2026-10-08,processes/a2d522a3-27aa-371c-be65-41b683497fc3.json,1c52283741cbb4a0f29af21b6d668025ae4ed36fee010019d9fa11401ecd8e87
Transport,truck,"Transport, refuse truck; diesel powered; Alaska",a3a1912e-3182-33e9-be73-4997c03d5261,00.00.010,UNIT_PROCESS,USLCI,1.2026-09.0,United States of America (the),2009-12-31,2009-12-31,Transport; refuse truck; diesel powered,c99244fc-abe3-3836-9d0c-ce0872f79975,1.0,t*km,False,1,NO_ALLOCATION,https://api.nal.usda.gov/FederalLCACommonsapi/browse/National_Renewable_Energy_Laboratory/USLCI_Database_Public/PROCESS/a3a1912e-3182-33e9-be73-4997c03d5261,2026-10-08,processes/a3a1912e-3182-33e9-be73-4997c03d5261.json,3cd40021bddaa71d33d1d9e6be1e3823312995caffe8334206dbb7e48e8484d2
Transport,truck,"Transport, combination truck; long-haul; electricity powered; Northwest",a4ede9e0-443d-3342-8cd3-6c5351afba8b,01.00.007,UNIT_PROCESS,USLCI,1.2026-09.0,unknown,2024-01-01,2024-12-31,"Transport; combination truck, long-haul; electricity powered",0e5e3079-33df-31fd-ad79-8b8feff08fb6,1.0,t*km,False,1,PHYSICAL_ALLOCATION,https://api.nal.usda.gov/FederalLCACommonsapi/browse/National_Renewable_Energy_Laboratory/USLCI_Database_Public/PROCESS/a4ede9e0-443d-3342-8cd3-6c5351afba8b,2026-10-08,processes/a4ede9e0-443d-3342-8cd3-6c5351afba8b.json,e453ec15544ca05d8c02d55a957234e830ac59bbc8d38d15227658dc74af4e7b
Transport,truck,"Transport, combination truck; compressed natural gas powered; Southwest",a4f5f3c5-8f82-38e7-b8cf-7b4f3208f5dc,01.00.003,UNIT_PROCESS,USLCI,1.2026-09.0,unknown,2024-01-01,2024-12-31,Transport; combination truck; compressed natural gas powered,8a848faa-996b-39f4-a2ec-e9a1df693278,1.0,t*km,False,1,PHYSICAL_ALLOCATION,https://api.nal.usda.gov/FederalLCACommonsapi/browse/National_Renewable_Energy_Laboratory/USLCI_Database_Public/PROCESS/a4f5f3c5-8f82-38e7-b8cf-7b4f3208f5dc,2026-10-08,processes/a4f5f3c5-8f82-38e7-b8cf-7b4f3208f5dc.json,abfad9c80a1a49d5d80cdaad81ff4e1f8fd4a2386e609ec1dbad6a5b701fbd02
Transport,truck,"Transport, light commercial truck; E85 powered; Southwest",a5865467-8794-38cb-975b-6165286aa23f,01.00.003,UNIT_PROCESS,USLCI,1.2026-09.0,unknown,2024-01-01,2024-12-31,Transport; light commercial truck; E85 powered,0a954583-49bd-3d80-8200-847790caf5b2,1.0,t*km,False,1,PHYSICAL_ALLOCATION,https://api.nal.usda.gov/FederalLCACommonsapi/browse/National_Renewable_Energy_Laboratory/USLCI_Database_Public/PROCESS/a5865467-8794-38cb-975b-6165286aa23f,2026-10-08,processes/a5865467-8794-38cb-975b-6165286aa23f.json,84da52c30c4ed62389f458f1a3c43499dbc5f53028281958eb574dba0f03772e
Transport,truck,"Transport, single unit truck; short-haul; electricity powered",a58b8442-e2fb-39b4-ab68-ac4bee6f1fcc,01.00.007,UNIT_PROCESS,USLCI,1.2026-09.0,United States of America (the),2024-01-01,2024-12-31,"Transport; single unit truck, short-haul; electricity powered",855b58f5-89b6-3b25-b33e-59454a0adbaa,1.0,t*km,False,1,PHYSICAL_ALLOCATION,https://api.nal.usda.gov/FederalLCACommonsapi/browse/National_Renewable_Energy_Laboratory/USLCI_Database_Public/PROCESS/a58b8442-e2fb-39b4-ab68-ac4bee6f1fcc,2026-10-08,processes/a58b8442-e2fb-39b4-ab68-ac4bee6f1fcc.json,74f7b28765b3dcb550344036b18b56b69fd7a3ca15446fe181eca97edab8d398
Transport,truck,"Transport, combination truck; long-haul; diesel powered",a685da05-1a42-3fe1-a68b-6db458be5e07,01.00.003,UNIT_PROCESS,USLCI,1.2026-09.0,United States of America (the),2024-01-01,2024-12-31,"Transport; combination truck, long-haul; diesel powered",13ed0c67-549c-3a01-afee-7083b12dd949,1.0,t*km,False,1,PHYSICAL_ALLOCATION,https://api.nal.usda.gov/FederalLCACommonsapi/browse/National_Renewable_Energy_Laboratory/USLCI_Database_Public/PROCESS/a685da05-1a42-3fe1-a68b-6db458be5e07,2026-10-08,processes/a685da05-1a42-3fe1-a68b-6db458be5e07.json,59e286d500f0ef834eb54e66c81630e777719cea0eead78985671bd052def7bb
Transport,truck,"Transport, combination truck; short-haul; gasoline powered; East North Central",a6ce0158-8065-352d-9a3b-c80fac6acf78,01.00.003,UNIT_PROCESS,USLCI,1.2026-09.0,unknown,2024-01-01,2024-12-31,"Transport; combination truck, short-haul; gasoline powered",41361da6-313c-3621-bbe6-3a792f3dab6b,1.0,t*km,False,1,PHYSICAL_ALLOCATION,https://api.nal.usda.gov/FederalLCACommonsapi/browse/National_Renewable_Energy_Laboratory/USLCI_Database_Public/PROCESS/a6ce0158-8065-352d-9a3b-c80fac6acf78,2026-10-08,processes/a6ce0158-8065-352d-9a3b-c80fac6acf78.json,45beed0b738aa9c8e7d020904677f6c5a6e24c635fc8fb7ff81f3a6348f825ed
Transport,truck,"Transport, single unit truck; long-haul; electricity powered; Alaska",a88d64a9-8f2c-3821-9b70-57840000db31,01.00.007,UNIT_PROCESS,USLCI,1.2026-09.0,unknown,2024-01-01,2024-12-31,"Transport; single unit truck, long-haul; electricity powered",ca468bee-3878-3418-918a-6cbe82ac640c,1.0,t*km,False,1,PHYSICAL_ALLOCATION,https://api.nal.usda.gov/FederalLCACommonsapi/browse/National_Renewable_Energy_Laboratory/USLCI_Database_Public/PROCESS/a88d64a9-8f2c-3821-9b70-57840000db31,2026-10-08,processes/a88d64a9-8f2c-3821-9b70-57840000db31.json,dc6e41a66fa8edb7599d74c52d04e8df3e41a869329cc29edff65b777718c4df
Transport,truck,"Transport, single unit truck; long-haul; electricity powered; West North Central",ad18453a-694c-36d9-8acf-fe95a3bc280d,01.00.007,UNIT_PROCESS,USLCI,1.2026-09.0,unknown,2024-01-01,2024-12-31,"Transport; single unit truck, long-haul; electricity powered",ca468bee-3878-3418-918a-6cbe82ac640c,1.0,t*km,False,1,PHYSICAL_ALLOCATION,https://api.nal.usda.gov/FederalLCACommonsapi/browse/National_Renewable_Energy_Laboratory/USLCI_Database_Public/PROCESS/ad18453a-694c-36d9-8acf-fe95a3bc280d,2026-10-08,processes/ad18453a-694c-36d9-8acf-fe95a3bc280d.json,d52f287f3dfd37bb31d21783ebecb363495261201344d89cf9fe46c7ee06a8b4
Transport,truck,"Transport, combination truck; electricity powered; Southwest",ad32b6d8-b721-353b-bbda-9a43e572aa79,01.00.007,UNIT_PROCESS,USLCI,1.2026-09.0,unknown,2024-01-01,2024-12-31,Transport; combination truck; electricity powered,70d89027-628d-3404-8458-b209e40dd0e0,1.0,t*km,False,1,PHYSICAL_ALLOCATION,https://api.nal.usda.gov/FederalLCACommonsapi/browse/National_Renewable_Energy_Laboratory/USLCI_Database_Public/PROCESS/ad32b6d8-b721-353b-bbda-9a43e572aa79,2026-10-08,processes/ad32b6d8-b721-353b-bbda-9a43e572aa79.json,00eac634a7bbd09342c7e1eb57af559e384bd0cb2c3185acf817a218d0a3924c
Transport,truck,"Transport, combination truck; gasoline powered; East North Central",ad7dc241-1359-33bf-af7e-6b8461273e41,01.00.003,UNIT_PROCESS,USLCI,1.2026-09.0,unknown,2024-01-01,2024-12-31,Transport; combination truck; gasoline powered,9b20d581-cc62-3313-9412-0855be3ee7c2,1.0,t*km,False,1,PHYSICAL_ALLOCATION,https://api.nal.usda.gov/FederalLCACommonsapi/browse/National_Renewable_Energy_Laboratory/USLCI_Database_Public/PROCESS/ad7dc241-1359-33bf-af7e-6b8461273e41,2026-10-08,processes/ad7dc241-1359-33bf-af7e-6b8461273e41.json,f184bfdc0d2f86e7345405886ca50225c12741dae6e74bff070d94ecc04ad3fc
Transport,truck,"Transport, combination truck; compressed natural gas powered",aee013f3-6ae5-3c4c-acad-8dc891462326,01.00.003,UNIT_PROCESS,USLCI,1.2026-09.0,United States of America (the),2024-01-01,2024-12-31,Transport; combination truck; compressed natural gas powered,8a848faa-996b-39f4-a2ec-e9a1df693278,1.0,t*km,False,1,PHYSICAL_ALLOCATION,https://api.nal.usda.gov/FederalLCACommonsapi/browse/National_Renewable_Energy_Laboratory/USLCI_Database_Public/PROCESS/aee013f3-6ae5-3c4c-acad-8dc891462326,2026-10-08,processes/aee013f3-6ae5-3c4c-acad-8dc891462326.json,219da6156755176474acda7e2c7945ac7038f8ad52999755e8e864e2762cbb7c
Transport,truck,"Transport, single unit truck; long-haul; compressed natural gas powered; Northwest",afa04fc6-fc28-30de-8b2c-6845e0e668bd,01.00.003,UNIT_PROCESS,USLCI,1.2026-09.0,unknown,2024-01-01,2024-12-31,"Transport; single unit truck, long-haul; compressed natural gas powered",d0207892-1d62-3649-b2a7-4f5bd03b8a73,1.0,t*km,False,1,PHYSICAL_ALLOCATION,https://api.nal.usda.gov/FederalLCACommonsapi/browse/National_Renewable_Energy_Laboratory/USLCI_Database_Public/PROCESS/afa04fc6-fc28-30de-8b2c-6845e0e668bd,2026-10-08,processes/afa04fc6-fc28-30de-8b2c-6845e0e668bd.json,2c325d33b782c17f9b0b147d9951a6bd8bcd1725c1ea1e96b537e308a75c880c
Transport,truck,"Transport, light commercial truck; gasoline powered; West North Central",b001e212-e048-37ed-880c-6d19b0f87914,01.00.003,UNIT_PROCESS,USLCI,1.2026-09.0,unknown,2024-01-01,2024-12-31,Transport; light commercial truck; gasoline powered,0614f894-cf10-307e-bd58-ac507face752,1.0,t*km,False,1,PHYSICAL_ALLOCATION,https://api.nal.usda.gov/FederalLCACommonsapi/browse/National_Renewable_Energy_Laboratory/USLCI_Database_Public/PROCESS/b001e212-e048-37ed-880c-6d19b0f87914,2026-10-08,processes/b001e212-e048-37ed-880c-6d19b0f87914.json,25bb51c71f79acb630f36e0fcd402d663ec1bc6b7bbacdd4540947ffff62e600
Transport,truck,"Transport, single unit truck; long-haul; electricity powered; Northeast",b01df176-be02-35f9-b035-abd70b10b6e4,01.00.007,UNIT_PROCESS,USLCI,1.2026-09.0,unknown,2024-01-01,2024-12-31,"Transport; single unit truck, long-haul; electricity powered",ca468bee-3878-3418-918a-6cbe82ac640c,1.0,t*km,False,1,PHYSICAL_ALLOCATION,https://api.nal.usda.gov/FederalLCACommonsapi/browse/National_Renewable_Energy_Laboratory/USLCI_Database_Public/PROCESS/b01df176-be02-35f9-b035-abd70b10b6e4,2026-10-08,processes/b01df176-be02-35f9-b035-abd70b10b6e4.json,253fd70ea27ac9393b6698062a55b80cb1c8e4b388a16ab8d9450f756ce1b40e
Transport,truck,"Transport, single unit truck; short-haul; gasoline powered; South",b024a56f-30d2-32c7-9066-3260d390b442,01.00.003,UNIT_PROCESS,USLCI,1.2026-09.0,unknown,2024-01-01,2024-12-31,"Transport; single unit truck, short-haul; gasoline powered",524fd4ed-beef-3c60-a17b-fa0ba1842eeb,1.0,t*km,False,1,PHYSICAL_ALLOCATION,https://api.nal.usda.gov/FederalLCACommonsapi/browse/National_Renewable_Energy_Laboratory/USLCI_Database_Public/PROCESS/b024a56f-30d2-32c7-9066-3260d390b442,2026-10-08,processes/b024a56f-30d2-32c7-9066-3260d390b442.json,5e2f9a26aa0c4219c4651b86491040c0e68df2cee1f26480fcb2d6cc8229e30e
Transport,truck,"Transport, combination truck; diesel powered; West North Central",b10f02ba-d8a4-33fc-9ad0-4ec23672f42b,01.00.003,UNIT_PROCESS,USLCI,1.2026-09.0,unknown,2024-01-01,2024-12-31,Transport; combination truck; diesel powered,628c07ec-0802-39c1-ab88-1c62848ef436,1.0,t*km,False,1,PHYSICAL_ALLOCATION,https://api.nal.usda.gov/FederalLCACommonsapi/browse/National_Renewable_Energy_Laboratory/USLCI_Database_Public/PROCESS/b10f02ba-d8a4-33fc-9ad0-4ec23672f42b,2026-10-08,processes/b10f02ba-d8a4-33fc-9ad0-4ec23672f42b.json,1e477d821900188c59129574d5e0e2cf8785a5deeb19f79e12ece4a2783559c4
Transport,truck,"Transport, combination truck; electricity powered; Northwest",b22a873f-a468-34d6-8be1-f4579cb24e2f,01.00.007,UNIT_PROCESS,USLCI,1.2026-09.0,unknown,2024-01-01,2024-12-31,Transport; combination truck; electricity powered,70d89027-628d-3404-8458-b209e40dd0e0,1.0,t*km,False,1,PHYSICAL_ALLOCATION,https://api.nal.usda.gov/FederalLCACommonsapi/browse/National_Renewable_Energy_Laboratory/USLCI_Database_Public/PROCESS/b22a873f-a468-34d6-8be1-f4579cb24e2f,2026-10-08,processes/b22a873f-a468-34d6-8be1-f4579cb24e2f.json,70c6a3f905547de1014ed60b7ca7b32ed55b70c615ab4f933e49d9fd15dca768
Transport,truck,"Transport, combination truck; electricity powered; South",b2ff31a2-03d4-3a48-9400-2c59592005dc,01.00.007,UNIT_PROCESS,USLCI,1.2026-09.0,unknown,2024-01-01,2024-12-31,Transport; combination truck; electricity powered,70d89027-628d-3404-8458-b209e40dd0e0,1.0,t*km,False,1,PHYSICAL_ALLOCATION,https://api.nal.usda.gov/FederalLCACommonsapi/browse/National_Renewable_Energy_Laboratory/USLCI_Database_Public/PROCESS/b2ff31a2-03d4-3a48-9400-2c59592005dc,2026-10-08,processes/b2ff31a2-03d4-3a48-9400-2c59592005dc.json,be733b351e091a4b059da5bbb8719290d0552318338e1c702edeba69922d6328
Transport,truck,"Transport, single unit truck; long-haul; electricity powered; Northwest",b3d3db4f-a2a9-3351-ac7d-7f1ebe670ba0,01.00.007,UNIT_PROCESS,USLCI,1.2026-09.0,unknown,2024-01-01,2024-12-31,"Transport; single unit truck, long-haul; electricity powered",ca468bee-3878-3418-918a-6cbe82ac640c,1.0,t*km,False,1,PHYSICAL_ALLOCATION,https://api.nal.usda.gov/FederalLCACommonsapi/browse/National_Renewable_Energy_Laboratory/USLCI_Database_Public/PROCESS/b3d3db4f-a2a9-3351-ac7d-7f1ebe670ba0,2026-10-08,processes/b3d3db4f-a2a9-3351-ac7d-7f1ebe670ba0.json,12b55812ad3e7139918dc3e6224a35960ecaf698260764e94c6b677d1b438d34
Transport,truck,"Transport, single unit truck; short-haul; compressed natural gas powered; East North Central",b3dd9ee8-c149-3e57-ade5-386171b219e7,01.00.003,UNIT_PROCESS,USLCI,1.2026-09.0,unknown,2024-01-01,2024-12-31,"Transport; single unit truck, short-haul; compressed natural gas powered",1a34089c-3f9a-3afb-9ca6-93a4c7d6424e,1.0,t*km,False,1,PHYSICAL_ALLOCATION,https://api.nal.usda.gov/FederalLCACommonsapi/browse/National_Renewable_Energy_Laboratory/USLCI_Database_Public/PROCESS/b3dd9ee8-c149-3e57-ade5-386171b219e7,2026-10-08,processes/b3dd9ee8-c149-3e57-ade5-386171b219e7.json,9f42136661dbf1d2e4ad92f174531f821da9352668b799252e55faf9485e581f
Transport,truck,"Transport, single unit truck; electricity powered; South",b4db0c58-f16d-319d-b8ee-294e6fcf7745,01.00.007,UNIT_PROCESS,USLCI,1.2026-09.0,unknown,2024-01-01,2024-12-31,Transport; single unit truck; electricity powered,94755eaa-c6ec-32d3-b687-b94ed0a53e5f,1.0,t*km,False,1,PHYSICAL_ALLOCATION,https://api.nal.usda.gov/FederalLCACommonsapi/browse/National_Renewable_Energy_Laboratory/USLCI_Database_Public/PROCESS/b4db0c58-f16d-319d-b8ee-294e6fcf7745,2026-10-08,processes/b4db0c58-f16d-319d-b8ee-294e6fcf7745.json,f188e59ddceab8fb7ec2f05f6dbb0ef8f398a474a274cd69667624a00f7b48c9
Transport,truck,"Transport, combination truck; short-haul; electricity powered; Southeast",b60e52eb-01b4-3fd7-ab3f-b3290c2cab06,01.00.007,UNIT_PROCESS,USLCI,1.2026-09.0,unknown,2024-01-01,2024-12-31,"Transport; combination truck, short-haul; electricity powered",d5ce6d5d-eea3-3c42-9999-fe46c52a1541,1.0,t*km,False,1,PHYSICAL_ALLOCATION,https://api.nal.usda.gov/FederalLCACommonsapi/browse/National_Renewable_Energy_Laboratory/USLCI_Database_Public/PROCESS/b60e52eb-01b4-3fd7-ab3f-b3290c2cab06,2026-10-08,processes/b60e52eb-01b4-3fd7-ab3f-b3290c2cab06.json,62b5095360c4780121f57921fde2bb1da47c29112f1e951bcfcadec64551cbcb
Transport,truck,"Transport, single unit truck; long-haul; compressed natural gas powered; South",b797797e-814d-3e4a-867b-90bea0bcdeaa,01.00.003,UNIT_PROCESS,USLCI,1.2026-09.0,unknown,2024-01-01,2024-12-31,"Transport; single unit truck, long-haul; compressed natural gas powered",d0207892-1d62-3649-b2a7-4f5bd03b8a73,1.0,t*km,False,1,PHYSICAL_ALLOCATION,https://api.nal.usda.gov/FederalLCACommonsapi/browse/National_Renewable_Energy_Laboratory/USLCI_Database_Public/PROCESS/b797797e-814d-3e4a-867b-90bea0bcdeaa,2026-10-08,processes/b797797e-814d-3e4a-867b-90bea0bcdeaa.json,198bf044c80290e67e6b6b5b419e64009fa77f537223e55ef8738dcd48c5c0cb
Transport,truck,"Transport, single unit truck; long-haul; electricity powered; Central",b7ccc96d-a8a7-38e5-8c14-70bb9c3d2f34,01.00.007,UNIT_PROCESS,USLCI,1.2026-09.0,unknown,2024-01-01,2024-12-31,"Transport; single unit truck, long-haul; electricity powered",ca468bee-3878-3418-918a-6cbe82ac640c,1.0,t*km,False,1,PHYSICAL_ALLOCATION,https://api.nal.usda.gov/FederalLCACommonsapi/browse/National_Renewable_Energy_Laboratory/USLCI_Database_Public/PROCESS/b7ccc96d-a8a7-38e5-8c14-70bb9c3d2f34,2026-10-08,processes/b7ccc96d-a8a7-38e5-8c14-70bb9c3d2f34.json,c53aa0687fdee087573a75d6d08c6f750348394d47ee446502f035428f333ee4
Transport,truck,"Transport, single unit truck; short-haul; gasoline powered",ba328bfe-68dd-3d33-a95e-bdcd28252c39,01.00.003,UNIT_PROCESS,USLCI,1.2026-09.0,United States of America (the),2024-01-01,2024-12-31,"Transport; single unit truck, short-haul; gasoline powered",524fd4ed-beef-3c60-a17b-fa0ba1842eeb,1.0,t*km,False,1,PHYSICAL_ALLOCATION,https://api.nal.usda.gov/FederalLCACommonsapi/browse/National_Renewable_Energy_Laboratory/USLCI_Database_Public/PROCESS/ba328bfe-68dd-3d33-a95e-bdcd28252c39,2026-10-08,processes/ba328bfe-68dd-3d33-a95e-bdcd28252c39.json,d647d8ec8ff5f6d56b84fbfc7c20bb5ae9a5f18265628e18261ce9f21b4f6040
Transport,truck,"Transport, combination truck; short-haul; electricity powered; Alaska",ba914599-c630-31ef-b30a-819a1f179c51,01.00.007,UNIT_PROCESS,USLCI,1.2026-09.0,unknown,2024-01-01,2024-12-31,"Transport; combination truck, short-haul; electricity powered",d5ce6d5d-eea3-3c42-9999-fe46c52a1541,1.0,t*km,False,1,PHYSICAL_ALLOCATION,https://api.nal.usda.gov/FederalLCACommonsapi/browse/National_Renewable_Energy_Laboratory/USLCI_Database_Public/PROCESS/ba914599-c630-31ef-b30a-819a1f179c51,2026-10-08,processes/ba914599-c630-31ef-b30a-819a1f179c51.json,394aa29e34823ca14d9da63176556849436af0e7990ecf79a3f91d6e90808e14
Transport,truck,"Transport, light commercial truck; diesel powered; Central",bbcb0128-0ea1-3ef9-9f94-889a523b7c35,01.00.003,UNIT_PROCESS,USLCI,1.2026-09.0,unknown,2024-01-01,2024-12-31,Transport; light commercial truck; diesel powered,35fe9caf-2ad2-3d14-ae03-21454a89da2e,1.0,t*km,False,1,PHYSICAL_ALLOCATION,https://api.nal.usda.gov/FederalLCACommonsapi/browse/National_Renewable_Energy_Laboratory/USLCI_Database_Public/PROCESS/bbcb0128-0ea1-3ef9-9f94-889a523b7c35,2026-10-08,processes/bbcb0128-0ea1-3ef9-9f94-889a523b7c35.json,581f575e9cc0eb684eaae5325d909ec9087bc4f6079ee422c8dc3f0cac2c2804
Transport,truck,"Transport, combination truck; electricity powered",bbd164e5-571d-3b26-be5a-9a479b24b77c,01.00.007,UNIT_PROCESS,USLCI,1.2026-09.0,United States of America (the),2024-01-01,2024-12-31,Transport; combination truck; electricity powered,70d89027-628d-3404-8458-b209e40dd0e0,1.0,t*km,False,1,PHYSICAL_ALLOCATION,https://api.nal.usda.gov/FederalLCACommonsapi/browse/National_Renewable_Energy_Laboratory/USLCI_Database_Public/PROCESS/bbd164e5-571d-3b26-be5a-9a479b24b77c,2026-10-08,processes/bbd164e5-571d-3b26-be5a-9a479b24b77c.json,e8aecffe24cc375053d45117c2504792b1ca0c2c930d0bf7f91aae659d815b3d
Transport,truck,"Transport, combination truck; short-haul; gasoline powered; Northeast",bce059b7-4de7-3505-b692-662149026a0a,01.00.003,UNIT_PROCESS,USLCI,1.2026-09.0,unknown,2024-01-01,2024-12-31,"Transport; combination truck, short-haul; gasoline powered",41361da6-313c-3621-bbe6-3a792f3dab6b,1.0,t*km,False,1,PHYSICAL_ALLOCATION,https://api.nal.usda.gov/FederalLCACommonsapi/browse/National_Renewable_Energy_Laboratory/USLCI_Database_Public/PROCESS/bce059b7-4de7-3505-b692-662149026a0a,2026-10-08,processes/bce059b7-4de7-3505-b692-662149026a0a.json,6d201a83dfbfc685ddbe4fdcca3562aebc90c97fad9e0e684754d1aaa0436e37
Transport,truck,"Transport, combination truck; diesel powered; Alaska",bd18f612-6ce3-3b2e-bb7d-c346ad6d9d75,01.00.003,UNIT_PROCESS,USLCI,1.2026-09.0,unknown,2024-01-01,2024-12-31,Transport; combination truck; diesel powered,628c07ec-0802-39c1-ab88-1c62848ef436,1.0,t*km,False,1,PHYSICAL_ALLOCATION,https://api.nal.usda.gov/FederalLCACommonsapi/browse/National_Renewable_Energy_Laboratory/USLCI_Database_Public/PROCESS/bd18f612-6ce3-3b2e-bb7d-c346ad6d9d75,2026-10-08,processes/bd18f612-6ce3-3b2e-bb7d-c346ad6d9d75.json,0874b95df2b1f33b66537214f6464f9e123dec51ed52dc62d6f86978f1b2e1b6
Transport,truck,"Transport, single unit truck; long-haul; compressed natural gas powered; Northeast",bd3a7b9b-d08d-34b1-b006-a33a2f76a09c,01.00.003,UNIT_PROCESS,USLCI,1.2026-09.0,unknown,2024-01-01,2024-12-31,"Transport; single unit truck, long-haul; compressed natural gas powered",d0207892-1d62-3649-b2a7-4f5bd03b8a73,1.0,t*km,False,1,PHYSICAL_ALLOCATION,https://api.nal.usda.gov/FederalLCACommonsapi/browse/National_Renewable_Energy_Laboratory/USLCI_Database_Public/PROCESS/bd3a7b9b-d08d-34b1-b006-a33a2f76a09c,2026-10-08,processes/bd3a7b9b-d08d-34b1-b006-a33a2f76a09c.json,77fc18e2acaa765920641821c84124b487b8bda77ee86a73db9fc3e248779fba
Transport,truck,"Transport, combination truck; short-haul; electricity powered",bdc7eae6-8024-3977-bf48-3051691a0af6,01.00.007,UNIT_PROCESS,USLCI,1.2026-09.0,United States of America (the),2024-01-01,2024-12-31,"Transport; combination truck, short-haul; electricity powered",d5ce6d5d-eea3-3c42-9999-fe46c52a1541,1.0,t*km,False,1,PHYSICAL_ALLOCATION,https://api.nal.usda.gov/FederalLCACommonsapi/browse/National_Renewable_Energy_Laboratory/USLCI_Database_Public/PROCESS/bdc7eae6-8024-3977-bf48-3051691a0af6,2026-10-08,processes/bdc7eae6-8024-3977-bf48-3051691a0af6.json,f10974016475c5c531bf83caaad35478960a74d633eff517e40ad6a88c61f56d
Transport,truck,"Transport, single unit truck; short-haul; compressed natural gas powered; Northwest",bdd2a8a5-6f7a-3884-85ad-ad28e21e5a1a,01.00.003,UNIT_PROCESS,USLCI,1.2026-09.0,unknown,2024-01-01,2024-12-31,"Transport; single unit truck, short-haul; compressed natural gas powered",1a34089c-3f9a-3afb-9ca6-93a4c7d6424e,1.0,t*km,False,1,PHYSICAL_ALLOCATION,https://api.nal.usda.gov/FederalLCACommonsapi/browse/National_Renewable_Energy_Laboratory/USLCI_Database_Public/PROCESS/bdd2a8a5-6f7a-3884-85ad-ad28e21e5a1a,2026-10-08,processes/bdd2a8a5-6f7a-3884-85ad-ad28e21e5a1a.json,c6f8d72329dbd32991591607318277aacad7e8b7deb7d0fc858cee49c9145d41
Transport,truck,"Transport, light commercial truck; electricity powered; Northwest",be094940-fb6d-348b-a25b-3fb8ac9b561a,01.00.007,UNIT_PROCESS,USLCI,1.2026-09.0,unknown,2024-01-01,2024-12-31,Transport; light commercial truck; electricity powered,0925e27b-37eb-38b6-8710-314211416cc2,1.0,t*km,False,1,PHYSICAL_ALLOCATION,https://api.nal.usda.gov/FederalLCACommonsapi/browse/National_Renewable_Energy_Laboratory/USLCI_Database_Public/PROCESS/be094940-fb6d-348b-a25b-3fb8ac9b561a,2026-10-08,processes/be094940-fb6d-348b-a25b-3fb8ac9b561a.json,e6c245e2ceb3a364fce275b0bdc630512f60d6ee6a5639c20cc596170333e580
Transport,truck,"Transport, single unit truck; diesel powered; Central",bed8446c-5d29-3e1a-bbd7-3d9a14721d1c,01.00.003,UNIT_PROCESS,USLCI,1.2026-09.0,unknown,2024-01-01,2024-12-31,Transport; single unit truck; diesel powered,bbcd8095-e1d5-3762-aa08-3efc8d1d2ec4,1.0,t*km,False,1,PHYSICAL_ALLOCATION,https://api.nal.usda.gov/FederalLCACommonsapi/browse/National_Renewable_Energy_Laboratory/USLCI_Database_Public/PROCESS/bed8446c-5d29-3e1a-bbd7-3d9a14721d1c,2026-10-08,processes/bed8446c-5d29-3e1a-bbd7-3d9a14721d1c.json,381569b36350497fb662a7e6a76c8dbcf7888f9124445c4fbd7c53319f48042f
Transport,truck,"Transport, light commercial truck; diesel powered",bf6e7378-4e08-3698-a3a7-c9cc90fcbc07,01.00.003,UNIT_PROCESS,USLCI,1.2026-09.0,United States of America (the),2024-01-01,2024-12-31,Transport; light commercial truck; diesel powered,35fe9caf-2ad2-3d14-ae03-21454a89da2e,1.0,t*km,False,1,PHYSICAL_ALLOCATION,https://api.nal.usda.gov/FederalLCACommonsapi/browse/National_Renewable_Energy_Laboratory/USLCI_Database_Public/PROCESS/bf6e7378-4e08-3698-a3a7-c9cc90fcbc07,2026-10-08,processes/bf6e7378-4e08-3698-a3a7-c9cc90fcbc07.json,18206475750432339f9df7e2781f9ae754a4335e3ab5a9a5488fa8799f0621d3
Transport,truck,"Transport, combination truck; short-haul; compressed natural gas powered; Northeast",c013fecd-01c9-3d27-8ab9-b3098574fdb1,01.00.003,UNIT_PROCESS,USLCI,1.2026-09.0,unknown,2024-01-01,2024-12-31,"Transport; combination truck, short-haul; compressed natural gas powered",419e9d46-92be-37cf-a9a2-765076ebf9ad,1.0,t*km,False,1,PHYSICAL_ALLOCATION,https://api.nal.usda.gov/FederalLCACommonsapi/browse/National_Renewable_Energy_Laboratory/USLCI_Database_Public/PROCESS/c013fecd-01c9-3d27-8ab9-b3098574fdb1,2026-10-08,processes/c013fecd-01c9-3d27-8ab9-b3098574fdb1.json,6ac5053a80cb9a115a8b6eb8846f40b53f9d5c0d3b5ce9edc550664e8f41014a
Transport,truck,"Transport, combination truck; long-haul; diesel powered; Hawaii",c069b1d6-6596-356b-81f9-16f3d65bd6b1,01.00.003,UNIT_PROCESS,USLCI,1.2026-09.0,unknown,2024-01-01,2024-12-31,"Transport; combination truck, long-haul; diesel powered",13ed0c67-549c-3a01-afee-7083b12dd949,1.0,t*km,False,1,PHYSICAL_ALLOCATION,https://api.nal.usda.gov/FederalLCACommonsapi/browse/National_Renewable_Energy_Laboratory/USLCI_Database_Public/PROCESS/c069b1d6-6596-356b-81f9-16f3d65bd6b1,2026-10-08,processes/c069b1d6-6596-356b-81f9-16f3d65bd6b1.json,8acf3ca96769cb5210a3f0023c03ffb0616048181f17c44bf0de4aecb83d5167
Transport,truck,"Transport, combination truck; long-haul; electricity powered",c1053de1-15ad-3ee4-9694-0bd0610a00ed,01.00.007,UNIT_PROCESS,USLCI,1.2026-09.0,United States of America (the),2024-01-01,2024-12-31,"Transport; combination truck, long-haul; electricity powered",0e5e3079-33df-31fd-ad79-8b8feff08fb6,1.0,t*km,False,1,PHYSICAL_ALLOCATION,https://api.nal.usda.gov/FederalLCACommonsapi/browse/National_Renewable_Energy_Laboratory/USLCI_Database_Public/PROCESS/c1053de1-15ad-3ee4-9694-0bd0610a00ed,2026-10-08,processes/c1053de1-15ad-3ee4-9694-0bd0610a00ed.json,fef6e3e55e856be79bf4451e65386a364447514c6dbf5766701f90e71fca63e2
Transport,truck,"Transport, combination truck; short-haul; compressed natural gas powered; Central",c152d641-ddad-3c1b-b2f9-974d08cc8e00,01.00.003,UNIT_PROCESS,USLCI,1.2026-09.0,unknown,2024-01-01,2024-12-31,"Transport; combination truck, short-haul; compressed natural gas powered",419e9d46-92be-37cf-a9a2-765076ebf9ad,1.0,t*km,False,1,PHYSICAL_ALLOCATION,https://api.nal.usda.gov/FederalLCACommonsapi/browse/National_Renewable_Energy_Laboratory/USLCI_Database_Public/PROCESS/c152d641-ddad-3c1b-b2f9-974d08cc8e00,2026-10-08,processes/c152d641-ddad-3c1b-b2f9-974d08cc8e00.json,f7599e61296fac464974a9fcfb8ca9c31569bb9a9a8c8392d163858b83d8ffdf
Transport,truck,"Transport, combination truck; long-haul; compressed natural gas powered; Northeast",c1fcb068-310a-34da-9021-f61d875d27de,01.00.003,UNIT_PROCESS,USLCI,1.2026-09.0,unknown,2024-01-01,2024-12-31,"Transport; combination truck, long-haul; compressed natural gas powered",8d49dd43-aada-36f4-9bf3-feff7e3231c3,1.0,t*km,False,1,PHYSICAL_ALLOCATION,https://api.nal.usda.gov/FederalLCACommonsapi/browse/National_Renewable_Energy_Laboratory/USLCI_Database_Public/PROCESS/c1fcb068-310a-34da-9021-f61d875d27de,2026-10-08,processes/c1fcb068-310a-34da-9021-f61d875d27de.json,2e0e10215794d68f6634da4ea17e27a714c6097d53695ba049d4180bc34a9a78
Transport,truck,"Transport, combination truck; short-haul; gasoline powered; Southwest",c2142561-f5c2-3311-95d1-25b625576c80,01.00.003,UNIT_PROCESS,USLCI,1.2026-09.0,unknown,2024-01-01,2024-12-31,"Transport; combination truck, short-haul; gasoline powered",41361da6-313c-3621-bbe6-3a792f3dab6b,1.0,t*km,False,1,PHYSICAL_ALLOCATION,https://api.nal.usda.gov/FederalLCACommonsapi/browse/National_Renewable_Energy_Laboratory/USLCI_Database_Public/PROCESS/c2142561-f5c2-3311-95d1-25b625576c80,2026-10-08,processes/c2142561-f5c2-3311-95d1-25b625576c80.json,2cd9acde8135f5797ad0bfc2f62c0eb94e02c8584d53dfb69ee376fe438ab57a
Transport,truck,"Transport, light commercial truck; E85 powered; Southeast",c23bad5c-5223-3ec0-a4a7-d96fc86b554f,01.00.003,UNIT_PROCESS,USLCI,1.2026-09.0,unknown,2024-01-01,2024-12-31,Transport; light commercial truck; E85 powered,0a954583-49bd-3d80-8200-847790caf5b2,1.0,t*km,False,1,PHYSICAL_ALLOCATION,https://api.nal.usda.gov/FederalLCACommonsapi/browse/National_Renewable_Energy_Laboratory/USLCI_Database_Public/PROCESS/c23bad5c-5223-3ec0-a4a7-d96fc86b554f,2026-10-08,processes/c23bad5c-5223-3ec0-a4a7-d96fc86b554f.json,6182c89e4ee13076e2569fa5f9cf38414b064dc352035e5672bee58d3de2c5a1
Transport,truck,"Transport, combination truck; long-haul; compressed natural gas powered; Alaska",c27d8678-6c60-3c55-a4bf-81093984915a,01.00.003,UNIT_PROCESS,USLCI,1.2026-09.0,unknown,2024-01-01,2024-12-31,"Transport; combination truck, long-haul; compressed natural gas powered",8d49dd43-aada-36f4-9bf3-feff7e3231c3,1.0,t*km,False,1,PHYSICAL_ALLOCATION,https://api.nal.usda.gov/FederalLCACommonsapi/browse/National_Renewable_Energy_Laboratory/USLCI_Database_Public/PROCESS/c27d8678-6c60-3c55-a4bf-81093984915a,2026-10-08,processes/c27d8678-6c60-3c55-a4bf-81093984915a.json,b7343ce1a381d284744491ba37c12848b901a05290b411bc0aed6e76fca43034
Transport,truck,"Transport, single unit truck; long-haul; diesel powered; West",c2a7ddaa-164e-3a05-b063-221f68080142,01.00.003,UNIT_PROCESS,USLCI,1.2026-09.0,unknown,2024-01-01,2024-12-31,"Transport; single unit truck, long-haul; diesel powered",1c639821-1428-35ac-aaa4-277aacdc7420,1.0,t*km,False,1,PHYSICAL_ALLOCATION,https://api.nal.usda.gov/FederalLCACommonsapi/browse/National_Renewable_Energy_Laboratory/USLCI_Database_Public/PROCESS/c2a7ddaa-164e-3a05-b063-221f68080142,2026-10-08,processes/c2a7ddaa-164e-3a05-b063-221f68080142.json,a7d3fd6479bd6a9f05a0daf69eb9ffa07fd6b4ac8e84cb437dd363443e67eca0
Transport,truck,"Transport, single unit truck; compressed natural gas powered; Alaska",c330ff5d-bff8-326f-80f8-a51c78c853ea,01.00.003,UNIT_PROCESS,USLCI,1.2026-09.0,unknown,2024-01-01,2024-12-31,Transport; single unit truck; compressed natural gas powered,cb33e8c2-2296-3c28-8015-fc08bf040845,1.0,t*km,False,1,PHYSICAL_ALLOCATION,https://api.nal.usda.gov/FederalLCACommonsapi/browse/National_Renewable_Energy_Laboratory/USLCI_Database_Public/PROCESS/c330ff5d-bff8-326f-80f8-a51c78c853ea,2026-10-08,processes/c330ff5d-bff8-326f-80f8-a51c78c853ea.json,b426567e03d2821120a822de89f8cbcc9c0facf0cc61c97928339b244fdffc43
Transport,truck,"Transport, single unit truck; short-haul; diesel powered; Northwest",c365372e-b463-35b8-acee-d2ad71e2ccdd,01.00.003,UNIT_PROCESS,USLCI,1.2026-09.0,unknown,2024-01-01,2024-12-31,"Transport; single unit truck, short-haul; diesel powered",20567d69-c8ee-325c-a98c-43c35b8eb9f4,1.0,t*km,False,1,PHYSICAL_ALLOCATION,https://api.nal.usda.gov/FederalLCACommonsapi/browse/National_Renewable_Energy_Laboratory/USLCI_Database_Public/PROCESS/c365372e-b463-35b8-acee-d2ad71e2ccdd,2026-10-08,processes/c365372e-b463-35b8-acee-d2ad71e2ccdd.json,ae560821e3a0fb611f2a7e97f084f3004af14a847f50b742fcff984205e70004
Transport,truck,"Transport, single unit truck; electricity powered; East North Central",c3880960-a3e7-397c-b9c5-ad3ea69fa101,01.00.007,UNIT_PROCESS,USLCI,1.2026-09.0,unknown,2024-01-01,2024-12-31,Transport; single unit truck; electricity powered,94755eaa-c6ec-32d3-b687-b94ed0a53e5f,1.0,t*km,False,1,PHYSICAL_ALLOCATION,https://api.nal.usda.gov/FederalLCACommonsapi/browse/National_Renewable_Energy_Laboratory/USLCI_Database_Public/PROCESS/c3880960-a3e7-397c-b9c5-ad3ea69fa101,2026-10-08,processes/c3880960-a3e7-397c-b9c5-ad3ea69fa101.json,6b1b017a408e74fecfc6aa796fc24291d9ea1df1602f24df0be595755e7d3f4d
Transport,truck,"Transport, single unit truck; long-haul; diesel powered",c3ba0cd2-d36d-396a-8295-bd4c00979cf6,01.00.003,UNIT_PROCESS,USLCI,1.2026-09.0,United States of America (the),2024-01-01,2024-12-31,"Transport; single unit truck, long-haul; diesel powered",1c639821-1428-35ac-aaa4-277aacdc7420,1.0,t*km,False,1,PHYSICAL_ALLOCATION,https://api.nal.usda.gov/FederalLCACommonsapi/browse/National_Renewable_Energy_Laboratory/USLCI_Database_Public/PROCESS/c3ba0cd2-d36d-396a-8295-bd4c00979cf6,2026-10-08,processes/c3ba0cd2-d36d-396a-8295-bd4c00979cf6.json,7b3b8e08944e055371d10e1f4c3d552a4a29d1063a138a7fd986c0149ff6f4e5
Transport,truck,"Transport, single unit truck; long-haul; diesel powered; Northwest",c3be0482-cb54-39f8-8638-dd3a4dec68eb,01.00.003,UNIT_PROCESS,USLCI,1.2026-09.0,unknown,2024-01-01,2024-12-31,"Transport; single unit truck, long-haul; diesel powered",1c639821-1428-35ac-aaa4-277aacdc7420,1.0,t*km,False,1,PHYSICAL_ALLOCATION,https://api.nal.usda.gov/FederalLCACommonsapi/browse/National_Renewable_Energy_Laboratory/USLCI_Database_Public/PROCESS/c3be0482-cb54-39f8-8638-dd3a4dec68eb,2026-10-08,processes/c3be0482-cb54-39f8-8638-dd3a4dec68eb.json,c03c5b6d79e9651507281f6f36c2009926e9f015a99a7ba58076ce5b02989414
Transport,truck,"Transport, combination truck; short-haul; compressed natural gas powered; Hawaii",c3ef9869-9821-3051-921c-d747b1060633,01.00.003,UNIT_PROCESS,USLCI,1.2026-09.0,unknown,2024-01-01,2024-12-31,"Transport; combination truck, short-haul; compressed natural gas powered",419e9d46-92be-37cf-a9a2-765076ebf9ad,1.0,t*km,False,1,PHYSICAL_ALLOCATION,https://api.nal.usda.gov/FederalLCACommonsapi/browse/National_Renewable_Energy_Laboratory/USLCI_Database_Public/PROCESS/c3ef9869-9821-3051-921c-d747b1060633,2026-10-08,processes/c3ef9869-9821-3051-921c-d747b1060633.json,4b963ce8c4fbeef80c11105c3993128115063e58d532102cfcdb69aaed750aec
Transport,truck,"Transport, single unit truck; diesel powered; Hawaii",c4057cae-4e2c-3595-948a-ac60ec19b31d,01.00.003,UNIT_PROCESS,USLCI,1.2026-09.0,unknown,2024-01-01,2024-12-31,Transport; single unit truck; diesel powered,bbcd8095-e1d5-3762-aa08-3efc8d1d2ec4,1.0,t*km,False,1,PHYSICAL_ALLOCATION,https://api.nal.usda.gov/FederalLCACommonsapi/browse/National_Renewable_Energy_Laboratory/USLCI_Database_Public/PROCESS/c4057cae-4e2c-3595-948a-ac60ec19b31d,2026-10-08,processes/c4057cae-4e2c-3595-948a-ac60ec19b31d.json,97b4948848e32d72c852a24f5a8565f6ded4ddabc48841728e9a89817ad41bb0
Transport,truck,"Transport, single unit truck; short-haul; compressed natural gas powered",c4e79cfb-ac87-39ce-9dbb-7e7b689a9949,01.00.003,UNIT_PROCESS,USLCI,1.2026-09.0,United States of America (the),2024-01-01,2024-12-31,"Transport; single unit truck, short-haul; compressed natural gas powered",1a34089c-3f9a-3afb-9ca6-93a4c7d6424e,1.0,t*km,False,1,PHYSICAL_ALLOCATION,https://api.nal.usda.gov/FederalLCACommonsapi/browse/National_Renewable_Energy_Laboratory/USLCI_Database_Public/PROCESS/c4e79cfb-ac87-39ce-9dbb-7e7b689a9949,2026-10-08,processes/c4e79cfb-ac87-39ce-9dbb-7e7b689a9949.json,6ecb7304c3f500f2354cdd90349de0bbef6310f619f5d4baf5ba468a8c598210
Transport,truck,"Transport, light commercial truck; E85 powered; South",c53fc653-3e95-31b3-a97a-7c7d0c265242,01.00.003,UNIT_PROCESS,USLCI,1.2026-09.0,unknown,2024-01-01,2024-12-31,Transport; light commercial truck; E85 powered,0a954583-49bd-3d80-8200-847790caf5b2,1.0,t*km,False,1,PHYSICAL_ALLOCATION,https://api.nal.usda.gov/FederalLCACommonsapi/browse/National_Renewable_Energy_Laboratory/USLCI_Database_Public/PROCESS/c53fc653-3e95-31b3-a97a-7c7d0c265242,2026-10-08,processes/c53fc653-3e95-31b3-a97a-7c7d0c265242.json,62e444877b3b448a507b700dfe5a53fdc2b19a69a783b64cfee1768b60132049
Transport,truck,"Transport, light commercial truck; diesel powered; West North Central",c61964bd-2f6a-3aa4-a43c-dc215d3fce87,01.00.003,UNIT_PROCESS,USLCI,1.2026-09.0,unknown,2024-01-01,2024-12-31,Transport; light commercial truck; diesel powered,35fe9caf-2ad2-3d14-ae03-21454a89da2e,1.0,t*km,False,1,PHYSICAL_ALLOCATION,https://api.nal.usda.gov/FederalLCACommonsapi/browse/National_Renewable_Energy_Laboratory/USLCI_Database_Public/PROCESS/c61964bd-2f6a-3aa4-a43c-dc215d3fce87,2026-10-08,processes/c61964bd-2f6a-3aa4-a43c-dc215d3fce87.json,f8976f8c4b260daccef698e35b55b2872a63842e2ac42bf69452c805b9e7d3b7
Transport,truck,"Transport, combination truck; long-haul; diesel powered; Central",c61b85fc-217c-32c1-b313-ba8efb80e378,01.00.003,UNIT_PROCESS,USLCI,1.2026-09.0,unknown,2024-01-01,2024-12-31,"Transport; combination truck, long-haul; diesel powered",13ed0c67-549c-3a01-afee-7083b12dd949,1.0,t*km,False,1,PHYSICAL_ALLOCATION,https://api.nal.usda.gov/FederalLCACommonsapi/browse/National_Renewable_Energy_Laboratory/USLCI_Database_Public/PROCESS/c61b85fc-217c-32c1-b313-ba8efb80e378,2026-10-08,processes/c61b85fc-217c-32c1-b313-ba8efb80e378.json,c1b53383f04e89d6bfbeeb2e2163563804d80962cf8ac439b6e55f2f42da7dcd
Transport,truck,"Transport, single unit truck; long-haul; electricity powered; West",c66c6907-1397-325c-a4e3-35a3aee7046a,01.00.007,UNIT_PROCESS,USLCI,1.2026-09.0,unknown,2024-01-01,2024-12-31,"Transport; single unit truck, long-haul; electricity powered",ca468bee-3878-3418-918a-6cbe82ac640c,1.0,t*km,False,1,PHYSICAL_ALLOCATION,https://api.nal.usda.gov/FederalLCACommonsapi/browse/National_Renewable_Energy_Laboratory/USLCI_Database_Public/PROCESS/c66c6907-1397-325c-a4e3-35a3aee7046a,2026-10-08,processes/c66c6907-1397-325c-a4e3-35a3aee7046a.json,18cb7deff6971ee5b052b07da37876988920cd49bf32c5f77c9b2c550edcc3f8
Transport,truck,"Transport, single unit truck; gasoline powered; Hawaii",c7029ef8-6c25-3413-9b50-223d7794b393,01.00.003,UNIT_PROCESS,USLCI,1.2026-09.0,unknown,2024-01-01,2024-12-31,Transport; single unit truck; gasoline powered,30c89ffc-e08a-3d2b-8c96-33b2397b9bd8,1.0,t*km,False,1,PHYSICAL_ALLOCATION,https://api.nal.usda.gov/FederalLCACommonsapi/browse/National_Renewable_Energy_Laboratory/USLCI_Database_Public/PROCESS/c7029ef8-6c25-3413-9b50-223d7794b393,2026-10-08,processes/c7029ef8-6c25-3413-9b50-223d7794b393.json,d86093aaf5cac271966938f771ad9382777037332c5eb2c6aed4a2f13c6d5ede
Transport,truck,"Transport, single unit truck; diesel powered; East North Central",c81b7a24-a554-3523-947c-96e8eacf158b,01.00.003,UNIT_PROCESS,USLCI,1.2026-09.0,unknown,2024-01-01,2024-12-31,Transport; single unit truck; diesel powered,bbcd8095-e1d5-3762-aa08-3efc8d1d2ec4,1.0,t*km,False,1,PHYSICAL_ALLOCATION,https://api.nal.usda.gov/FederalLCACommonsapi/browse/National_Renewable_Energy_Laboratory/USLCI_Database_Public/PROCESS/c81b7a24-a554-3523-947c-96e8eacf158b,2026-10-08,processes/c81b7a24-a554-3523-947c-96e8eacf158b.json,f412f574138ce1c25a1fc3c8c8503ffc10b3c93cdf4918b1c2acea1e7a9c22db
Transport,truck,"Transport, single unit truck; diesel powered; Northwest",c8515ede-8a41-3ae9-9b69-7efb716f31ca,01.00.003,UNIT_PROCESS,USLCI,1.2026-09.0,unknown,2024-01-01,2024-12-31,Transport; single unit truck; diesel powered,bbcd8095-e1d5-3762-aa08-3efc8d1d2ec4,1.0,t*km,False,1,PHYSICAL_ALLOCATION,https://api.nal.usda.gov/FederalLCACommonsapi/browse/National_Renewable_Energy_Laboratory/USLCI_Database_Public/PROCESS/c8515ede-8a41-3ae9-9b69-7efb716f31ca,2026-10-08,processes/c8515ede-8a41-3ae9-9b69-7efb716f31ca.json,863973d6c0e36b5c4d0f3319f8c041d5ab637099a00fa48558bb12693c6bc0e2
Transport,truck,"Transport, combination truck; compressed natural gas powered; Southeast",c89719ad-de15-31f9-8519-e7d0a6c62fe3,01.00.003,UNIT_PROCESS,USLCI,1.2026-09.0,unknown,2024-01-01,2024-12-31,Transport; combination truck; compressed natural gas powered,8a848faa-996b-39f4-a2ec-e9a1df693278,1.0,t*km,False,1,PHYSICAL_ALLOCATION,https://api.nal.usda.gov/FederalLCACommonsapi/browse/National_Renewable_Energy_Laboratory/USLCI_Database_Public/PROCESS/c89719ad-de15-31f9-8519-e7d0a6c62fe3,2026-10-08,processes/c89719ad-de15-31f9-8519-e7d0a6c62fe3.json,c9a214ece7ebe2e9d11de0fe1c342c2db98a0f92d6e09e846db3168b6311c028
Transport,truck,"Transport, combination truck; gasoline powered; Northwest",c9b1a717-654b-3e4b-ab68-ab97840b0201,01.00.003,UNIT_PROCESS,USLCI,1.2026-09.0,unknown,2024-01-01,2024-12-31,Transport; combination truck; gasoline powered,9b20d581-cc62-3313-9412-0855be3ee7c2,1.0,t*km,False,1,PHYSICAL_ALLOCATION,https://api.nal.usda.gov/FederalLCACommonsapi/browse/National_Renewable_Energy_Laboratory/USLCI_Database_Public/PROCESS/c9b1a717-654b-3e4b-ab68-ab97840b0201,2026-10-08,processes/c9b1a717-654b-3e4b-ab68-ab97840b0201.json,d6dc888c4ed58cd53c29ed40413ae4082f3f9902fd82ca5fb9b35a94b59a87e7
Transport,truck,"Transport, single unit truck; gasoline powered; West",ca0197e1-3f0c-3656-a030-348f34805139,01.00.003,UNIT_PROCESS,USLCI,1.2026-09.0,unknown,2024-01-01,2024-12-31,Transport; single unit truck; gasoline powered,30c89ffc-e08a-3d2b-8c96-33b2397b9bd8,1.0,t*km,False,1,PHYSICAL_ALLOCATION,https://api.nal.usda.gov/FederalLCACommonsapi/browse/National_Renewable_Energy_Laboratory/USLCI_Database_Public/PROCESS/ca0197e1-3f0c-3656-a030-348f34805139,2026-10-08,processes/ca0197e1-3f0c-3656-a030-348f34805139.json,bae98e34eac5e3638b87893142aa39592034725d342e03a4023134967b66aea0
Transport,truck,"Transport, single unit truck; compressed natural gas powered",cae11f5d-75bb-35f1-ae97-5dbd2de50fe7,01.00.003,UNIT_PROCESS,USLCI,1.2026-09.0,United States of America (the),2024-01-01,2024-12-31,Transport; single unit truck; compressed natural gas powered,cb33e8c2-2296-3c28-8015-fc08bf040845,1.0,t*km,False,1,PHYSICAL_ALLOCATION,https://api.nal.usda.gov/FederalLCACommonsapi/browse/National_Renewable_Energy_Laboratory/USLCI_Database_Public/PROCESS/cae11f5d-75bb-35f1-ae97-5dbd2de50fe7,2026-10-08,processes/cae11f5d-75bb-35f1-ae97-5dbd2de50fe7.json,faefd5862a8049675b0441e9ff945c10490dda5c7725ed8c222497f551f81434
Transport,truck,"Transport, combination truck; long-haul; compressed natural gas powered; Southwest",cb34bcac-bd43-349f-ae02-423c3d1fee2b,01.00.003,UNIT_PROCESS,USLCI,1.2026-09.0,unknown,2024-01-01,2024-12-31,"Transport; combination truck, long-haul; compressed natural gas powered",8d49dd43-aada-36f4-9bf3-feff7e3231c3,1.0,t*km,False,1,PHYSICAL_ALLOCATION,https://api.nal.usda.gov/FederalLCACommonsapi/browse/National_Renewable_Energy_Laboratory/USLCI_Database_Public/PROCESS/cb34bcac-bd43-349f-ae02-423c3d1fee2b,2026-10-08,processes/cb34bcac-bd43-349f-ae02-423c3d1fee2b.json,0f914f19b1490bce328c56b1319225eb9915447c024946c6b9d334a46311e0b2
Transport,truck,"Transport, combination truck; long-haul; diesel powered; West North Central",cc8e796a-b812-31fd-b779-f0e9410bd681,01.00.003,UNIT_PROCESS,USLCI,1.2026-09.0,unknown,2024-01-01,2024-12-31,"Transport; combination truck, long-haul; diesel powered",13ed0c67-549c-3a01-afee-7083b12dd949,1.0,t*km,False,1,PHYSICAL_ALLOCATION,https://api.nal.usda.gov/FederalLCACommonsapi/browse/National_Renewable_Energy_Laboratory/USLCI_Database_Public/PROCESS/cc8e796a-b812-31fd-b779-f0e9410bd681,2026-10-08,processes/cc8e796a-b812-31fd-b779-f0e9410bd681.json,becc685ba57de3f8f6a9722127c0b81b74ed1feb0dde6e867132d781bf9f01e8
Transport,truck,"Transport, single unit truck; short-haul; electricity powered; West North Central",ccb7034a-24cb-3406-811e-641dba14e84d,01.00.007,UNIT_PROCESS,USLCI,1.2026-09.0,unknown,2024-01-01,2024-12-31,"Transport; single unit truck, short-haul; electricity powered",855b58f5-89b6-3b25-b33e-59454a0adbaa,1.0,t*km,False,1,PHYSICAL_ALLOCATION,https://api.nal.usda.gov/FederalLCACommonsapi/browse/National_Renewable_Energy_Laboratory/USLCI_Database_Public/PROCESS/ccb7034a-24cb-3406-811e-641dba14e84d,2026-10-08,processes/ccb7034a-24cb-3406-811e-641dba14e84d.json,bd8ac0ac5f391a5a132bac0d8ffc99c7a4a5a23d6dc18e4015c7e18c7432c37d
Transport,truck,"Transport, combination truck; diesel powered; Southwest",cd9dd2d7-a1c8-37c5-9be9-267548867c84,01.00.003,UNIT_PROCESS,USLCI,1.2026-09.0,unknown,2024-01-01,2024-12-31,Transport; combination truck; diesel powered,628c07ec-0802-39c1-ab88-1c62848ef436,1.0,t*km,False,1,PHYSICAL_ALLOCATION,https://api.nal.usda.gov/FederalLCACommonsapi/browse/National_Renewable_Energy_Laboratory/USLCI_Database_Public/PROCESS/cd9dd2d7-a1c8-37c5-9be9-267548867c84,2026-10-08,processes/cd9dd2d7-a1c8-37c5-9be9-267548867c84.json,16b9888b4e8ecd6263c0a1b810161d9bcca20d368d79c9627071959994996e9a
Transport,truck,"Transport, single unit truck; short-haul; diesel powered; South",cdbace4b-f0cb-3bbf-99e6-b1291b558413,01.00.003,UNIT_PROCESS,USLCI,1.2026-09.0,unknown,2024-01-01,2024-12-31,"Transport; single unit truck, short-haul; diesel powered",20567d69-c8ee-325c-a98c-43c35b8eb9f4,1.0,t*km,False,1,PHYSICAL_ALLOCATION,https://api.nal.usda.gov/FederalLCACommonsapi/browse/National_Renewable_Energy_Laboratory/USLCI_Database_Public/PROCESS/cdbace4b-f0cb-3bbf-99e6-b1291b558413,2026-10-08,processes/cdbace4b-f0cb-3bbf-99e6-b1291b558413.json,538f2b59b92cfcc5ac0ba6a8039406927a401c61de057f0d03b58e0523ae6c86
Transport,truck,"Transport, single unit truck; short-haul; electricity powered; Alaska",ce1e7fde-7309-39c7-af0a-9027a44b6395,01.00.007,UNIT_PROCESS,USLCI,1.2026-09.0,unknown,2024-01-01,2024-12-31,"Transport; single unit truck, short-haul; electricity powered",855b58f5-89b6-3b25-b33e-59454a0adbaa,1.0,t*km,False,1,PHYSICAL_ALLOCATION,https://api.nal.usda.gov/FederalLCACommonsapi/browse/National_Renewable_Energy_Laboratory/USLCI_Database_Public/PROCESS/ce1e7fde-7309-39c7-af0a-9027a44b6395,2026-10-08,processes/ce1e7fde-7309-39c7-af0a-9027a44b6395.json,4787eb349533b02811ec7cab27ca7269ec2d665fc63aac56a6845c570e423314
Transport,truck,"Transport, passenger truck; diesel powered",cef0fa12-65ae-3672-a989-49e304c7ba53,00.00.009,UNIT_PROCESS,USLCI,1.2026-09.0,United States of America (the),2009-12-31,2009-12-31,Transport; passenger truck; diesel powered,3a7d26fe-7290-33b8-8c1e-1b424e86d5ea,1.0,p*km,False,1,NO_ALLOCATION,https://api.nal.usda.gov/FederalLCACommonsapi/browse/National_Renewable_Energy_Laboratory/USLCI_Database_Public/PROCESS/cef0fa12-65ae-3672-a989-49e304c7ba53,2026-10-08,processes/cef0fa12-65ae-3672-a989-49e304c7ba53.json,8cfe58e134dd682b551cbe1a0a274048bd5f3f604a1b4a4848347831d96302a2
Transport,truck,"Transport, combination truck; short-haul; diesel powered; Alaska",d0bcd6e8-2dff-3800-8ea6-6d7eddb5e630,01.00.003,UNIT_PROCESS,USLCI,1.2026-09.0,unknown,2024-01-01,2024-12-31,"Transport; combination truck, short-haul; diesel powered",59449b10-044a-3a9b-a6e6-5c5fc97b50bb,1.0,t*km,False,1,PHYSICAL_ALLOCATION,https://api.nal.usda.gov/FederalLCACommonsapi/browse/National_Renewable_Energy_Laboratory/USLCI_Database_Public/PROCESS/d0bcd6e8-2dff-3800-8ea6-6d7eddb5e630,2026-10-08,processes/d0bcd6e8-2dff-3800-8ea6-6d7eddb5e630.json,1f8e2fc33bd98d3763d71aa51bffed21f1601ea582d2077b6a3e25090481b39e
Transport,truck,"Transport, single unit truck; long-haul; electricity powered; Southeast",d1fd2cc5-e679-3ff5-9a8f-0eaf378af81b,01.00.007,UNIT_PROCESS,USLCI,1.2026-09.0,unknown,2024-01-01,2024-12-31,"Transport; single unit truck, long-haul; electricity powered",ca468bee-3878-3418-918a-6cbe82ac640c,1.0,t*km,False,1,PHYSICAL_ALLOCATION,https://api.nal.usda.gov/FederalLCACommonsapi/browse/National_Renewable_Energy_Laboratory/USLCI_Database_Public/PROCESS/d1fd2cc5-e679-3ff5-9a8f-0eaf378af81b,2026-10-08,processes/d1fd2cc5-e679-3ff5-9a8f-0eaf378af81b.json,9c12c80682e48f4b98c301a39d0402795c07681a7f6392de0c57585188143f81
Transport,truck,"Transport, single unit truck; long-haul; compressed natural gas powered; Southeast",d3083209-fbff-3424-81ec-936d695e2969,01.00.003,UNIT_PROCESS,USLCI,1.2026-09.0,unknown,2024-01-01,2024-12-31,"Transport; single unit truck, long-haul; compressed natural gas powered",d0207892-1d62-3649-b2a7-4f5bd03b8a73,1.0,t*km,False,1,PHYSICAL_ALLOCATION,https://api.nal.usda.gov/FederalLCACommonsapi/browse/National_Renewable_Energy_Laboratory/USLCI_Database_Public/PROCESS/d3083209-fbff-3424-81ec-936d695e2969,2026-10-08,processes/d3083209-fbff-3424-81ec-936d695e2969.json,72cd022f4d4e791e59c3eb5bf38d720e49ef5a22c3d2458e6a8414f22901a783
Transport,truck,"Transport, single unit truck; gasoline powered",d397dd56-dc53-37a1-956b-5da3aaa81a6f,01.00.003,UNIT_PROCESS,USLCI,1.2026-09.0,United States of America (the),2024-01-01,2024-12-31,Transport; single unit truck; gasoline powered,30c89ffc-e08a-3d2b-8c96-33b2397b9bd8,1.0,t*km,False,1,PHYSICAL_ALLOCATION,https://api.nal.usda.gov/FederalLCACommonsapi/browse/National_Renewable_Energy_Laboratory/USLCI_Database_Public/PROCESS/d397dd56-dc53-37a1-956b-5da3aaa81a6f,2026-10-08,processes/d397dd56-dc53-37a1-956b-5da3aaa81a6f.json,b9681e74be504d7299c99dae8e173bf575bbffe713493d1760cd888446a7d0aa
Transport,truck,"Transport, combination truck; short-haul; diesel powered; Hawaii",d3a056d7-9199-3c1d-9947-c486e03d529c,01.00.003,UNIT_PROCESS,USLCI,1.2026-09.0,unknown,2024-01-01,2024-12-31,"Transport; combination truck, short-haul; diesel powered",59449b10-044a-3a9b-a6e6-5c5fc97b50bb,1.0,t*km,False,1,PHYSICAL_ALLOCATION,https://api.nal.usda.gov/FederalLCACommonsapi/browse/National_Renewable_Energy_Laboratory/USLCI_Database_Public/PROCESS/d3a056d7-9199-3c1d-9947-c486e03d529c,2026-10-08,processes/d3a056d7-9199-3c1d-9947-c486e03d529c.json,6add87d8cca0a67669e3a846cdf2cb584062e4b74509dbf93aaa174d8c402e45
Transport,truck,"Transport, single unit truck; long-haul; compressed natural gas powered; Hawaii",d3df2050-8fe8-3b52-a486-fb5b644aaac8,01.00.003,UNIT_PROCESS,USLCI,1.2026-09.0,unknown,2024-01-01,2024-12-31,"Transport; single unit truck, long-haul; compressed natural gas powered",d0207892-1d62-3649-b2a7-4f5bd03b8a73,1.0,t*km,False,1,PHYSICAL_ALLOCATION,https://api.nal.usda.gov/FederalLCACommonsapi/browse/National_Renewable_Energy_Laboratory/USLCI_Database_Public/PROCESS/d3df2050-8fe8-3b52-a486-fb5b644aaac8,2026-10-08,processes/d3df2050-8fe8-3b52-a486-fb5b644aaac8.json,b6af6bae3003aa39bb0d735be8dfd378476a5c8e9ae501d6fb04e405016323bc
Transport,truck,"Transport, light commercial truck; gasoline powered; West",d4732ba6-12cf-359d-9993-fadd77745716,01.00.003,UNIT_PROCESS,USLCI,1.2026-09.0,unknown,2024-01-01,2024-12-31,Transport; light commercial truck; gasoline powered,0614f894-cf10-307e-bd58-ac507face752,1.0,t*km,False,1,PHYSICAL_ALLOCATION,https://api.nal.usda.gov/FederalLCACommonsapi/browse/National_Renewable_Energy_Laboratory/USLCI_Database_Public/PROCESS/d4732ba6-12cf-359d-9993-fadd77745716,2026-10-08,processes/d4732ba6-12cf-359d-9993-fadd77745716.json,77451136dcfc8b2fbd68a4b4c25d9d30f2b339406a2ebb9fb9d9196735f3a8fd
Transport,truck,"Transport, light commercial truck; diesel powered; South",d520d6bf-0b51-37d3-bc17-c7047faace09,01.00.003,UNIT_PROCESS,USLCI,1.2026-09.0,unknown,2024-01-01,2024-12-31,Transport; light commercial truck; diesel powered,35fe9caf-2ad2-3d14-ae03-21454a89da2e,1.0,t*km,False,1,PHYSICAL_ALLOCATION,https://api.nal.usda.gov/FederalLCACommonsapi/browse/National_Renewable_Energy_Laboratory/USLCI_Database_Public/PROCESS/d520d6bf-0b51-37d3-bc17-c7047faace09,2026-10-08,processes/d520d6bf-0b51-37d3-bc17-c7047faace09.json,a9f22eb604f365474cd0de0a0b2f228f1436d55be55d9636bc5fd4775216d9d2
Transport,truck,"Transport, combination truck; electricity powered; Central",d57fe4e3-0bc9-3121-aeba-dadf92520714,01.00.007,UNIT_PROCESS,USLCI,1.2026-09.0,unknown,2024-01-01,2024-12-31,Transport; combination truck; electricity powered,70d89027-628d-3404-8458-b209e40dd0e0,1.0,t*km,False,1,PHYSICAL_ALLOCATION,https://api.nal.usda.gov/FederalLCACommonsapi/browse/National_Renewable_Energy_Laboratory/USLCI_Database_Public/PROCESS/d57fe4e3-0bc9-3121-aeba-dadf92520714,2026-10-08,processes/d57fe4e3-0bc9-3121-aeba-dadf92520714.json,7835733cb416c2f10f457d0753c61eb5aa7925d174a0cd7c8219f36a587beb02
Transport,truck,"Transport, single unit truck; long-haul; diesel powered; Hawaii",d7ac1ad3-e087-3e08-9a5e-2474048c5ba2,01.00.003,UNIT_PROCESS,USLCI,1.2026-09.0,unknown,2024-01-01,2024-12-31,"Transport; single unit truck, long-haul; diesel powered",1c639821-1428-35ac-aaa4-277aacdc7420,1.0,t*km,False,1,PHYSICAL_ALLOCATION,https://api.nal.usda.gov/FederalLCACommonsapi/browse/National_Renewable_Energy_Laboratory/USLCI_Database_Public/PROCESS/d7ac1ad3-e087-3e08-9a5e-2474048c5ba2,2026-10-08,processes/d7ac1ad3-e087-3e08-9a5e-2474048c5ba2.json,f6ec02755e45445b6e67ba7cf119273df6072c9a4634052dcec85954fed485c1
Transport,truck,"Transport, light commercial truck; gasoline powered; Northeast",d7c148c2-8d03-3edb-817f-bc8e63621987,01.00.003,UNIT_PROCESS,USLCI,1.2026-09.0,unknown,2024-01-01,2024-12-31,Transport; light commercial truck; gasoline powered,0614f894-cf10-307e-bd58-ac507face752,1.0,t*km,False,1,PHYSICAL_ALLOCATION,https://api.nal.usda.gov/FederalLCACommonsapi/browse/National_Renewable_Energy_Laboratory/USLCI_Database_Public/PROCESS/d7c148c2-8d03-3edb-817f-bc8e63621987,2026-10-08,processes/d7c148c2-8d03-3edb-817f-bc8e63621987.json,3630c41d5f6bf0e4fb96ffebaf4b73f6b0e5fd028e020a6ac7f372549b9e25c4
Transport,truck,"Transport, single unit truck; short-haul; gasoline powered; Central",d830df5e-0121-309e-a1dc-2e6c14e7fa91,01.00.003,UNIT_PROCESS,USLCI,1.2026-09.0,unknown,2024-01-01,2024-12-31,"Transport; single unit truck, short-haul; gasoline powered",524fd4ed-beef-3c60-a17b-fa0ba1842eeb,1.0,t*km,False,1,PHYSICAL_ALLOCATION,https://api.nal.usda.gov/FederalLCACommonsapi/browse/National_Renewable_Energy_Laboratory/USLCI_Database_Public/PROCESS/d830df5e-0121-309e-a1dc-2e6c14e7fa91,2026-10-08,processes/d830df5e-0121-309e-a1dc-2e6c14e7fa91.json,5793aeb25d75b28206cf2743d42a7aeff27b89465bcf7f3846d505aa0726d46e
Transport,truck,"Transport, combination truck; electricity powered; East North Central",d9873e27-06d1-3f4d-b1ce-8b5e81052a0d,01.00.007,UNIT_PROCESS,USLCI,1.2026-09.0,unknown,2024-01-01,2024-12-31,Transport; combination truck; electricity powered,70d89027-628d-3404-8458-b209e40dd0e0,1.0,t*km,False,1,PHYSICAL_ALLOCATION,https://api.nal.usda.gov/FederalLCACommonsapi/browse/National_Renewable_Energy_Laboratory/USLCI_Database_Public/PROCESS/d9873e27-06d1-3f4d-b1ce-8b5e81052a0d,2026-10-08,processes/d9873e27-06d1-3f4d-b1ce-8b5e81052a0d.json,0be8e1fdabca31e2c6c13fc37ae5e353ef3ef2465620a23745f7c39a1bb9e94d
Transport,truck,"Transport, light commercial truck; gasoline powered; Southeast",d9919764-fed6-3a87-8d64-ba028baf7183,01.00.003,UNIT_PROCESS,USLCI,1.2026-09.0,unknown,2024-01-01,2024-12-31,Transport; light commercial truck; gasoline powered,0614f894-cf10-307e-bd58-ac507face752,1.0,t*km,False,1,PHYSICAL_ALLOCATION,https://api.nal.usda.gov/FederalLCACommonsapi/browse/National_Renewable_Energy_Laboratory/USLCI_Database_Public/PROCESS/d9919764-fed6-3a87-8d64-ba028baf7183,2026-10-08,processes/d9919764-fed6-3a87-8d64-ba028baf7183.json,355bb316cb7de3fe1461b9bc4719a3a2a5f303db3592d554260f5898eca3e646
Transport,truck,"Transport, single unit truck; short-haul; compressed natural gas powered; Central",d99ce4b4-1c64-3345-9109-cc82b8665101,01.00.003,UNIT_PROCESS,USLCI,1.2026-09.0,unknown,2024-01-01,2024-12-31,"Transport; single unit truck, short-haul; compressed natural gas powered",1a34089c-3f9a-3afb-9ca6-93a4c7d6424e,1.0,t*km,False,1,PHYSICAL_ALLOCATION,https://api.nal.usda.gov/FederalLCACommonsapi/browse/National_Renewable_Energy_Laboratory/USLCI_Database_Public/PROCESS/d99ce4b4-1c64-3345-9109-cc82b8665101,2026-10-08,processes/d99ce4b4-1c64-3345-9109-cc82b8665101.json,be7abe667d83c50625c19943086f79b72e4ba35d923bef03412506502656a7a5
Transport,truck,"Transport, single unit truck; compressed natural gas powered; Southwest",db3e2e1b-a320-3b77-8d19-fd576b9d942c,01.00.003,UNIT_PROCESS,USLCI,1.2026-09.0,unknown,2024-01-01,2024-12-31,Transport; single unit truck; compressed natural gas powered,cb33e8c2-2296-3c28-8015-fc08bf040845,1.0,t*km,False,1,PHYSICAL_ALLOCATION,https://api.nal.usda.gov/FederalLCACommonsapi/browse/National_Renewable_Energy_Laboratory/USLCI_Database_Public/PROCESS/db3e2e1b-a320-3b77-8d19-fd576b9d942c,2026-10-08,processes/db3e2e1b-a320-3b77-8d19-fd576b9d942c.json,65407d706f4c86cdbe6a1e7f631ec67ac0114f9d1fed70688dec8aedf35a7f36
Transport,truck,"Transport, combination truck; short-haul; diesel powered; West North Central",db7c00e1-bed3-3233-a801-00b700aadeda,01.00.003,UNIT_PROCESS,USLCI,1.2026-09.0,unknown,2024-01-01,2024-12-31,"Transport; combination truck, short-haul; diesel powered",59449b10-044a-3a9b-a6e6-5c5fc97b50bb,1.0,t*km,False,1,PHYSICAL_ALLOCATION,https://api.nal.usda.gov/FederalLCACommonsapi/browse/National_Renewable_Energy_Laboratory/USLCI_Database_Public/PROCESS/db7c00e1-bed3-3233-a801-00b700aadeda,2026-10-08,processes/db7c00e1-bed3-3233-a801-00b700aadeda.json,4a734eeb24f3ec2119c8e38c1eb4f126d5f6fd5931c55c27cbd1c4074c656f3e
Transport,truck,"Transport, single unit truck; long-haul; electricity powered; Hawaii",dc75854b-3781-3bc3-847f-0aaee18a1281,01.00.007,UNIT_PROCESS,USLCI,1.2026-09.0,unknown,2024-01-01,2024-12-31,"Transport; single unit truck, long-haul; electricity powered",ca468bee-3878-3418-918a-6cbe82ac640c,1.0,t*km,False,1,PHYSICAL_ALLOCATION,https://api.nal.usda.gov/FederalLCACommonsapi/browse/National_Renewable_Energy_Laboratory/USLCI_Database_Public/PROCESS/dc75854b-3781-3bc3-847f-0aaee18a1281,2026-10-08,processes/dc75854b-3781-3bc3-847f-0aaee18a1281.json,d68316c9f5c08dc41f8ff06e40bd31ba2aa4cd6e969b4b1f0e4153d4f8dd737c
Transport,truck,"Transport, combination truck; average fuel mix",dce702f1-03a1-3fe9-bb48-94a5217fd8cb,00.00.005,UNIT_PROCESS,USLCI,1.2026-09.0,Northern America,2000-12-31,2000-12-31,Transport; combination truck; average fuel mix,2afb4e2f-b224-3900-956f-03e3f27b276b,1.0,t*km,False,1,NO_ALLOCATION,https://api.nal.usda.gov/FederalLCACommonsapi/browse/National_Renewable_Energy_Laboratory/USLCI_Database_Public/PROCESS/dce702f1-03a1-3fe9-bb48-94a5217fd8cb,2026-10-08,processes/dce702f1-03a1-3fe9-bb48-94a5217fd8cb.json,97e34951c9e7ce10496986c54f6fcdab400ddf89e836545bf120933e22320afc
Transport,truck,"Transport, combination truck; short-haul; electricity powered; Hawaii",ddb20acf-c476-3399-8419-65e867abe63e,01.00.007,UNIT_PROCESS,USLCI,1.2026-09.0,unknown,2024-01-01,2024-12-31,"Transport; combination truck, short-haul; electricity powered",d5ce6d5d-eea3-3c42-9999-fe46c52a1541,1.0,t*km,False,1,PHYSICAL_ALLOCATION,https://api.nal.usda.gov/FederalLCACommonsapi/browse/National_Renewable_Energy_Laboratory/USLCI_Database_Public/PROCESS/ddb20acf-c476-3399-8419-65e867abe63e,2026-10-08,processes/ddb20acf-c476-3399-8419-65e867abe63e.json,c9045cdf56a220d96276e26ff79765f35d94108855edbea83e42756f404f241e
Transport,truck,"Transport, combination truck; diesel powered; Hawaii",de52153b-dd47-3033-b4ec-7e2644b3c8ed,01.00.003,UNIT_PROCESS,USLCI,1.2026-09.0,unknown,2024-01-01,2024-12-31,Transport; combination truck; diesel powered,628c07ec-0802-39c1-ab88-1c62848ef436,1.0,t*km,False,1,PHYSICAL_ALLOCATION,https://api.nal.usda.gov/FederalLCACommonsapi/browse/National_Renewable_Energy_Laboratory/USLCI_Database_Public/PROCESS/de52153b-dd47-3033-b4ec-7e2644b3c8ed,2026-10-08,processes/de52153b-dd47-3033-b4ec-7e2644b3c8ed.json,a1628d42bb02603c8e8a328c0764c501698dde1ddf7390f93509543075ec680a
Transport,truck,"Transport, single unit truck; short-haul; diesel powered; West",e0009e43-946e-3bb6-90ea-4885d1206a9f,01.00.003,UNIT_PROCESS,USLCI,1.2026-09.0,unknown,2024-01-01,2024-12-31,"Transport; single unit truck, short-haul; diesel powered",20567d69-c8ee-325c-a98c-43c35b8eb9f4,1.0,t*km,False,1,PHYSICAL_ALLOCATION,https://api.nal.usda.gov/FederalLCACommonsapi/browse/National_Renewable_Energy_Laboratory/USLCI_Database_Public/PROCESS/e0009e43-946e-3bb6-90ea-4885d1206a9f,2026-10-08,processes/e0009e43-946e-3bb6-90ea-4885d1206a9f.json,712664a891634522f332624153e03035ebc405b7c033f6b7957080d9ef521c44
Transport,truck,"Transport, combination truck; short-haul; gasoline powered; Central",e04288cf-df98-3291-8a98-7becb25a3c72,01.00.003,UNIT_PROCESS,USLCI,1.2026-09.0,unknown,2024-01-01,2024-12-31,"Transport; combination truck, short-haul; gasoline powered",41361da6-313c-3621-bbe6-3a792f3dab6b,1.0,t*km,False,1,PHYSICAL_ALLOCATION,https://api.nal.usda.gov/FederalLCACommonsapi/browse/National_Renewable_Energy_Laboratory/USLCI_Database_Public/PROCESS/e04288cf-df98-3291-8a98-7becb25a3c72,2026-10-08,processes/e04288cf-df98-3291-8a98-7becb25a3c72.json,ff28208042a0882ba273148b8b70d2fc25ecaa98b6d20ea1329170e3590a7e25
Transport,truck,"Transport, combination truck; gasoline powered; West North Central",e0b52131-01d1-313a-a8cc-844fad67227b,01.00.003,UNIT_PROCESS,USLCI,1.2026-09.0,unknown,2024-01-01,2024-12-31,Transport; combination truck; gasoline powered,9b20d581-cc62-3313-9412-0855be3ee7c2,1.0,t*km,False,1,PHYSICAL_ALLOCATION,https://api.nal.usda.gov/FederalLCACommonsapi/browse/National_Renewable_Energy_Laboratory/USLCI_Database_Public/PROCESS/e0b52131-01d1-313a-a8cc-844fad67227b,2026-10-08,processes/e0b52131-01d1-313a-a8cc-844fad67227b.json,a8b4e039e4b9181f794698846f20eac00c84fa8146b128e2e110f5d18dc60710
Transport,truck,"Transport, single unit truck; long-haul; gasoline powered; West North Central",e1d8cff3-c663-3050-898a-14d552e862f7,01.00.003,UNIT_PROCESS,USLCI,1.2026-09.0,unknown,2024-01-01,2024-12-31,"Transport; single unit truck, long-haul; gasoline powered",9f52f8d9-5c7c-3d35-a912-376b70769a26,1.0,t*km,False,1,PHYSICAL_ALLOCATION,https://api.nal.usda.gov/FederalLCACommonsapi/browse/National_Renewable_Energy_Laboratory/USLCI_Database_Public/PROCESS/e1d8cff3-c663-3050-898a-14d552e862f7,2026-10-08,processes/e1d8cff3-c663-3050-898a-14d552e862f7.json,4877297a4d0793f53abc1d6089c1262b856b5a3b856f619334035792d9547ee2
Transport,truck,"Transport, combination truck; short-haul; compressed natural gas powered; Southwest",e1f51df0-510d-3d38-b1aa-421a609a4161,01.00.003,UNIT_PROCESS,USLCI,1.2026-09.0,unknown,2024-01-01,2024-12-31,"Transport; combination truck, short-haul; compressed natural gas powered",419e9d46-92be-37cf-a9a2-765076ebf9ad,1.0,t*km,False,1,PHYSICAL_ALLOCATION,https://api.nal.usda.gov/FederalLCACommonsapi/browse/National_Renewable_Energy_Laboratory/USLCI_Database_Public/PROCESS/e1f51df0-510d-3d38-b1aa-421a609a4161,2026-10-08,processes/e1f51df0-510d-3d38-b1aa-421a609a4161.json,cb83c5539e4117dfd81603fcaf0815f376fe77a30ad4ef1a4dd6ed6caacfb46f
Transport,truck,"Transport, combination truck; diesel powered; East North Central",e3ecaa74-5c3b-3faa-b644-63d8cc02d61d,01.00.003,UNIT_PROCESS,USLCI,1.2026-09.0,unknown,2024-01-01,2024-12-31,Transport; combination truck; diesel powered,628c07ec-0802-39c1-ab88-1c62848ef436,1.0,t*km,False,1,PHYSICAL_ALLOCATION,https://api.nal.usda.gov/FederalLCACommonsapi/browse/National_Renewable_Energy_Laboratory/USLCI_Database_Public/PROCESS/e3ecaa74-5c3b-3faa-b644-63d8cc02d61d,2026-10-08,processes/e3ecaa74-5c3b-3faa-b644-63d8cc02d61d.json,081cf1d5df36d2adecc861212cf10c12b5b8ba9f482449ea945f9e113cd63b2f
Transport,truck,"Transport, single unit truck; long-haul; gasoline powered; Alaska",e418b402-e2ca-3987-a03c-752cb578aa4d,01.00.003,UNIT_PROCESS,USLCI,1.2026-09.0,unknown,2024-01-01,2024-12-31,"Transport; single unit truck, long-haul; gasoline powered",9f52f8d9-5c7c-3d35-a912-376b70769a26,1.0,t*km,False,1,PHYSICAL_ALLOCATION,https://api.nal.usda.gov/FederalLCACommonsapi/browse/National_Renewable_Energy_Laboratory/USLCI_Database_Public/PROCESS/e418b402-e2ca-3987-a03c-752cb578aa4d,2026-10-08,processes/e418b402-e2ca-3987-a03c-752cb578aa4d.json,37863673452cf8b406ddee8c2ff846cbb514c5bbcd662fdc3bd35d43855cae93
Transport,truck,"Transport, combination truck; long-haul; diesel powered; Southwest",e7827862-9c3d-3c15-ac17-e1298e632788,01.00.003,UNIT_PROCESS,USLCI,1.2026-09.0,unknown,2024-01-01,2024-12-31,"Transport; combination truck, long-haul; diesel powered",13ed0c67-549c-3a01-afee-7083b12dd949,1.0,t*km,False,1,PHYSICAL_ALLOCATION,https://api.nal.usda.gov/FederalLCACommonsapi/browse/National_Renewable_Energy_Laboratory/USLCI_Database_Public/PROCESS/e7827862-9c3d-3c15-ac17-e1298e632788,2026-10-08,processes/e7827862-9c3d-3c15-ac17-e1298e632788.json,e08424f05c9a72d9950f10622fe1096e654325086a980f16425826d0db94e3e3
Transport,truck,"Transport, combination truck; short-haul; diesel powered; West",e873d007-5e2a-3193-ac3e-087539227c4d,01.00.003,UNIT_PROCESS,USLCI,1.2026-09.0,unknown,2024-01-01,2024-12-31,"Transport; combination truck, short-haul; diesel powered",59449b10-044a-3a9b-a6e6-5c5fc97b50bb,1.0,t*km,False,1,PHYSICAL_ALLOCATION,https://api.nal.usda.gov/FederalLCACommonsapi/browse/National_Renewable_Energy_Laboratory/USLCI_Database_Public/PROCESS/e873d007-5e2a-3193-ac3e-087539227c4d,2026-10-08,processes/e873d007-5e2a-3193-ac3e-087539227c4d.json,33a9749dafab378c20f6897f968f51858f50a968e5472647264a73d3800e5d9f
Transport,truck,"Transport, combination truck; long-haul; compressed natural gas powered; South",e9d0fe6d-9513-3c53-9b44-fee94c32c4e6,01.00.003,UNIT_PROCESS,USLCI,1.2026-09.0,unknown,2024-01-01,2024-12-31,"Transport; combination truck, long-haul; compressed natural gas powered",8d49dd43-aada-36f4-9bf3-feff7e3231c3,1.0,t*km,False,1,PHYSICAL_ALLOCATION,https://api.nal.usda.gov/FederalLCACommonsapi/browse/National_Renewable_Energy_Laboratory/USLCI_Database_Public/PROCESS/e9d0fe6d-9513-3c53-9b44-fee94c32c4e6,2026-10-08,processes/e9d0fe6d-9513-3c53-9b44-fee94c32c4e6.json,ea458396f765dfc1c15bd18fdda0c58894e904420d2484227f2163896f9fbfa8
Transport,truck,"Transport, combination truck; long-haul; diesel powered; East North Central",eb180616-8607-3906-9bf7-2d97b4cca501,01.00.003,UNIT_PROCESS,USLCI,1.2026-09.0,unknown,2024-01-01,2024-12-31,"Transport; combination truck, long-haul; diesel powered",13ed0c67-549c-3a01-afee-7083b12dd949,1.0,t*km,False,1,PHYSICAL_ALLOCATION,https://api.nal.usda.gov/FederalLCACommonsapi/browse/National_Renewable_Energy_Laboratory/USLCI_Database_Public/PROCESS/eb180616-8607-3906-9bf7-2d97b4cca501,2026-10-08,processes/eb180616-8607-3906-9bf7-2d97b4cca501.json,10323f2a31367d64b416a8b745d00d4ebe3e8562a2ce9da6a636489d014778b5
Transport,truck,"Transport, single unit truck; short-haul; electricity powered; Central",eb2f04c5-84f0-3a1b-acc3-b3b9125d1258,01.00.007,UNIT_PROCESS,USLCI,1.2026-09.0,unknown,2024-01-01,2024-12-31,"Transport; single unit truck, short-haul; electricity powered",855b58f5-89b6-3b25-b33e-59454a0adbaa,1.0,t*km,False,1,PHYSICAL_ALLOCATION,https://api.nal.usda.gov/FederalLCACommonsapi/browse/National_Renewable_Energy_Laboratory/USLCI_Database_Public/PROCESS/eb2f04c5-84f0-3a1b-acc3-b3b9125d1258,2026-10-08,processes/eb2f04c5-84f0-3a1b-acc3-b3b9125d1258.json,121ca194b5b40f800037da0bdf5be6c8a7ae130ca9b0fbea5939eb455b9d3b01
Transport,truck,"Transport, single unit truck; gasoline powered; Alaska",ebe48764-9fda-3c02-9714-621f353e4484,01.00.003,UNIT_PROCESS,USLCI,1.2026-09.0,unknown,2024-01-01,2024-12-31,Transport; single unit truck; gasoline powered,30c89ffc-e08a-3d2b-8c96-33b2397b9bd8,1.0,t*km,False,1,PHYSICAL_ALLOCATION,https://api.nal.usda.gov/FederalLCACommonsapi/browse/National_Renewable_Energy_Laboratory/USLCI_Database_Public/PROCESS/ebe48764-9fda-3c02-9714-621f353e4484,2026-10-08,processes/ebe48764-9fda-3c02-9714-621f353e4484.json,f90a4084df4fca77a5b24490b53139d3b0e8897ff5149d9dc2a2b029ab74c76b
Transport,truck,"Transport, single unit truck; compressed natural gas powered; West North Central",ed1e0fe6-16fb-325a-bcd4-7d40722af57b,01.00.003,UNIT_PROCESS,USLCI,1.2026-09.0,unknown,2024-01-01,2024-12-31,Transport; single unit truck; compressed natural gas powered,cb33e8c2-2296-3c28-8015-fc08bf040845,1.0,t*km,False,1,PHYSICAL_ALLOCATION,https://api.nal.usda.gov/FederalLCACommonsapi/browse/National_Renewable_Energy_Laboratory/USLCI_Database_Public/PROCESS/ed1e0fe6-16fb-325a-bcd4-7d40722af57b,2026-10-08,processes/ed1e0fe6-16fb-325a-bcd4-7d40722af57b.json,88ba96c9c52d5a1b983cfa2150e1673dbd5610259c094a0402acc31c2e923637
Transport,truck,"Transport, combination truck; short-haul; compressed natural gas powered; Northwest",ed22c2a6-1beb-3c87-b1c9-36de48fcef0d,01.00.003,UNIT_PROCESS,USLCI,1.2026-09.0,unknown,2024-01-01,2024-12-31,"Transport; combination truck, short-haul; compressed natural gas powered",419e9d46-92be-37cf-a9a2-765076ebf9ad,1.0,t*km,False,1,PHYSICAL_ALLOCATION,https://api.nal.usda.gov/FederalLCACommonsapi/browse/National_Renewable_Energy_Laboratory/USLCI_Database_Public/PROCESS/ed22c2a6-1beb-3c87-b1c9-36de48fcef0d,2026-10-08,processes/ed22c2a6-1beb-3c87-b1c9-36de48fcef0d.json,f4ce6970ae7924208bff4c4ee4b63885c59f2c8dc8a04be8628a8353558c8030
Transport,truck,"Transport, single unit truck; long-haul; compressed natural gas powered; Southwest",ed895b89-119c-337b-996d-f9e68a527d70,01.00.003,UNIT_PROCESS,USLCI,1.2026-09.0,unknown,2024-01-01,2024-12-31,"Transport; single unit truck, long-haul; compressed natural gas powered",d0207892-1d62-3649-b2a7-4f5bd03b8a73,1.0,t*km,False,1,PHYSICAL_ALLOCATION,https://api.nal.usda.gov/FederalLCACommonsapi/browse/National_Renewable_Energy_Laboratory/USLCI_Database_Public/PROCESS/ed895b89-119c-337b-996d-f9e68a527d70,2026-10-08,processes/ed895b89-119c-337b-996d-f9e68a527d70.json,6fef451a87b7a3376f1ffc5befc7798fc6f66a8245b221ee6c347fd5241ea308
Transport,truck,"Transport, light commercial truck; diesel powered; Alaska",ee1e77e1-0b07-3a7a-ada9-0b1bef460444,01.00.003,UNIT_PROCESS,USLCI,1.2026-09.0,unknown,2024-01-01,2024-12-31,Transport; light commercial truck; diesel powered,35fe9caf-2ad2-3d14-ae03-21454a89da2e,1.0,t*km,False,1,PHYSICAL_ALLOCATION,https://api.nal.usda.gov/FederalLCACommonsapi/browse/National_Renewable_Energy_Laboratory/USLCI_Database_Public/PROCESS/ee1e77e1-0b07-3a7a-ada9-0b1bef460444,2026-10-08,processes/ee1e77e1-0b07-3a7a-ada9-0b1bef460444.json,e569dba6fbc331077e66e87cd40566540a36262972a5f5ed2a41df12d00772d7
Transport,truck,"Transport, combination truck; short-haul; compressed natural gas powered; West",ee469cfb-94a8-3469-b8c5-9f203109fb2a,01.00.003,UNIT_PROCESS,USLCI,1.2026-09.0,unknown,2024-01-01,2024-12-31,"Transport; combination truck, short-haul; compressed natural gas powered",419e9d46-92be-37cf-a9a2-765076ebf9ad,1.0,t*km,False,1,PHYSICAL_ALLOCATION,https://api.nal.usda.gov/FederalLCACommonsapi/browse/National_Renewable_Energy_Laboratory/USLCI_Database_Public/PROCESS/ee469cfb-94a8-3469-b8c5-9f203109fb2a,2026-10-08,processes/ee469cfb-94a8-3469-b8c5-9f203109fb2a.json,8b27b03210cd4205c2ba34bac7e325eb65d1db9bae3372c4e1e4d4777c33eaa3
Transport,truck,"Transport, combination truck; long-haul; compressed natural gas powered; East North Central",ef78fc1f-e1df-3a24-8b43-fa8637c613ec,01.00.003,UNIT_PROCESS,USLCI,1.2026-09.0,unknown,2024-01-01,2024-12-31,"Transport; combination truck, long-haul; compressed natural gas powered",8d49dd43-aada-36f4-9bf3-feff7e3231c3,1.0,t*km,False,1,PHYSICAL_ALLOCATION,https://api.nal.usda.gov/FederalLCACommonsapi/browse/National_Renewable_Energy_Laboratory/USLCI_Database_Public/PROCESS/ef78fc1f-e1df-3a24-8b43-fa8637c613ec,2026-10-08,processes/ef78fc1f-e1df-3a24-8b43-fa8637c613ec.json,6ed01ed3eefd5f312cd345667ce20cac275f13a62ac748471b3c9ef5997c6ca8
Transport,truck,"Transport, single unit truck; short-haul; diesel powered; Hawaii",f012475f-903b-3e4e-9388-5200abdb7395,01.00.003,UNIT_PROCESS,USLCI,1.2026-09.0,unknown,2024-01-01,2024-12-31,"Transport; single unit truck, short-haul; diesel powered",20567d69-c8ee-325c-a98c-43c35b8eb9f4,1.0,t*km,False,1,PHYSICAL_ALLOCATION,https://api.nal.usda.gov/FederalLCACommonsapi/browse/National_Renewable_Energy_Laboratory/USLCI_Database_Public/PROCESS/f012475f-903b-3e4e-9388-5200abdb7395,2026-10-08,processes/f012475f-903b-3e4e-9388-5200abdb7395.json,03d9a64c875644bf6049612ff43a57936e95eabbf6aa466cbd7ebeac435bc2d6
Transport,truck,"Transport, refuse truck; diesel powered; East North Central",f10a3980-2f50-3f3c-be84-abb02ff0ba33,00.00.010,UNIT_PROCESS,USLCI,1.2026-09.0,United States of America (the),2009-12-31,2009-12-31,Transport; refuse truck; diesel powered,c99244fc-abe3-3836-9d0c-ce0872f79975,1.0,t*km,False,1,NO_ALLOCATION,https://api.nal.usda.gov/FederalLCACommonsapi/browse/National_Renewable_Energy_Laboratory/USLCI_Database_Public/PROCESS/f10a3980-2f50-3f3c-be84-abb02ff0ba33,2026-10-08,processes/f10a3980-2f50-3f3c-be84-abb02ff0ba33.json,dca65465a3784112a6fa43235c2c1c1e99576cf5f60e78154998cfb8359771c3
Transport,truck,"Transport, light commercial truck; electricity powered; Alaska",f28b8a1a-0d32-3980-9134-eef6808f70c2,01.00.007,UNIT_PROCESS,USLCI,1.2026-09.0,unknown,2024-01-01,2024-12-31,Transport; light commercial truck; electricity powered,0925e27b-37eb-38b6-8710-314211416cc2,1.0,t*km,False,1,PHYSICAL_ALLOCATION,https://api.nal.usda.gov/FederalLCACommonsapi/browse/National_Renewable_Energy_Laboratory/USLCI_Database_Public/PROCESS/f28b8a1a-0d32-3980-9134-eef6808f70c2,2026-10-08,processes/f28b8a1a-0d32-3980-9134-eef6808f70c2.json,03424fcb71e1a7dd0c18ab834882b081d629bd563d324005503ac506c6a4734d
Transport,truck,"Transport, single unit truck; short-haul; gasoline powered; Northwest",f311e6ec-ec13-388f-ac9f-4ed0731725c8,01.00.003,UNIT_PROCESS,USLCI,1.2026-09.0,unknown,2024-01-01,2024-12-31,"Transport; single unit truck, short-haul; gasoline powered",524fd4ed-beef-3c60-a17b-fa0ba1842eeb,1.0,t*km,False,1,PHYSICAL_ALLOCATION,https://api.nal.usda.gov/FederalLCACommonsapi/browse/National_Renewable_Energy_Laboratory/USLCI_Database_Public/PROCESS/f311e6ec-ec13-388f-ac9f-4ed0731725c8,2026-10-08,processes/f311e6ec-ec13-388f-ac9f-4ed0731725c8.json,e5fcb3c6d82b9ec11d28a3d7ac93adccde0069165c95a16695488790e167abb2
Transport,truck,"Transport, light commercial truck; electricity powered; Northeast",f511dd33-5e4b-37d2-b9a5-959d5f2aaf09,01.00.007,UNIT_PROCESS,USLCI,1.2026-09.0,unknown,2024-01-01,2024-12-31,Transport; light commercial truck; electricity powered,0925e27b-37eb-38b6-8710-314211416cc2,1.0,t*km,False,1,PHYSICAL_ALLOCATION,https://api.nal.usda.gov/FederalLCACommonsapi/browse/National_Renewable_Energy_Laboratory/USLCI_Database_Public/PROCESS/f511dd33-5e4b-37d2-b9a5-959d5f2aaf09,2026-10-08,processes/f511dd33-5e4b-37d2-b9a5-959d5f2aaf09.json,e6c01d9a8de46d3e835815cd6d21474ef5dce2ccfaea22d19bb9d0fb953be7dd
Transport,truck,"Transport, combination truck; electricity powered; West",f5bb9b3a-c502-3520-990a-11108f0b44c8,01.00.007,UNIT_PROCESS,USLCI,1.2026-09.0,unknown,2024-01-01,2024-12-31,Transport; combination truck; electricity powered,70d89027-628d-3404-8458-b209e40dd0e0,1.0,t*km,False,1,PHYSICAL_ALLOCATION,https://api.nal.usda.gov/FederalLCACommonsapi/browse/National_Renewable_Energy_Laboratory/USLCI_Database_Public/PROCESS/f5bb9b3a-c502-3520-990a-11108f0b44c8,2026-10-08,processes/f5bb9b3a-c502-3520-990a-11108f0b44c8.json,0ef9f5b517f66e777e9ba7133932b1defb01b142d398a67f8e5191fa455efe06
Transport,truck,"Transport, combination truck; short-haul; diesel powered; Southeast",f6cac940-4ce5-3c3c-8393-66ad74b185c9,01.00.003,UNIT_PROCESS,USLCI,1.2026-09.0,unknown,2024-01-01,2024-12-31,"Transport; combination truck, short-haul; diesel powered",59449b10-044a-3a9b-a6e6-5c5fc97b50bb,1.0,t*km,False,1,PHYSICAL_ALLOCATION,https://api.nal.usda.gov/FederalLCACommonsapi/browse/National_Renewable_Energy_Laboratory/USLCI_Database_Public/PROCESS/f6cac940-4ce5-3c3c-8393-66ad74b185c9,2026-10-08,processes/f6cac940-4ce5-3c3c-8393-66ad74b185c9.json,e3a3c290ab1e4d866c3591bdcc5d9c08141b1d79fdcf0da3a77ccc2120065eae
Transport,truck,"Transport, refuse truck; diesel powered; Hawaii",f7dbe13e-5a57-3360-812a-c99bd94e1e9b,00.00.010,UNIT_PROCESS,USLCI,1.2026-09.0,United States of America (the),2009-12-31,2009-12-31,Transport; refuse truck; diesel powered,c99244fc-abe3-3836-9d0c-ce0872f79975,1.0,t*km,False,1,NO_ALLOCATION,https://api.nal.usda.gov/FederalLCACommonsapi/browse/National_Renewable_Energy_Laboratory/USLCI_Database_Public/PROCESS/f7dbe13e-5a57-3360-812a-c99bd94e1e9b,2026-10-08,processes/f7dbe13e-5a57-3360-812a-c99bd94e1e9b.json,87640a57f2c3a2cd233170120696b4d983fbcca69f852adb4cf45a2a727e9a86
Transport,truck,"Transport, combination truck; long-haul; electricity powered; Southwest",f80c4468-4680-3bc9-9025-895d32394310,01.00.007,UNIT_PROCESS,USLCI,1.2026-09.0,unknown,2024-01-01,2024-12-31,"Transport; combination truck, long-haul; electricity powered",0e5e3079-33df-31fd-ad79-8b8feff08fb6,1.0,t*km,False,1,PHYSICAL_ALLOCATION,https://api.nal.usda.gov/FederalLCACommonsapi/browse/National_Renewable_Energy_Laboratory/USLCI_Database_Public/PROCESS/f80c4468-4680-3bc9-9025-895d32394310,2026-10-08,processes/f80c4468-4680-3bc9-9025-895d32394310.json,bcba264e80fb1b6fc8f037bb4144024c2d667ae0f49f512e3ff01bba25d7d47c
Transport,truck,"Transport, combination truck; short-haul; compressed natural gas powered",f91293a0-2164-34d5-a851-a15c2599c224,01.00.003,UNIT_PROCESS,USLCI,1.2026-09.0,United States of America (the),2024-01-01,2024-12-31,"Transport; combination truck, short-haul; compressed natural gas powered",419e9d46-92be-37cf-a9a2-765076ebf9ad,1.0,t*km,False,1,PHYSICAL_ALLOCATION,https://api.nal.usda.gov/FederalLCACommonsapi/browse/National_Renewable_Energy_Laboratory/USLCI_Database_Public/PROCESS/f91293a0-2164-34d5-a851-a15c2599c224,2026-10-08,processes/f91293a0-2164-34d5-a851-a15c2599c224.json,4ce50bd9014e110e496de67e03a449c657e463ad375eaba99df699ad3f42dfd6
Transport,truck,"Transport, single unit truck; compressed natural gas powered; West",f9724a57-14c5-3616-acff-f30ebb4346f0,01.00.003,UNIT_PROCESS,USLCI,1.2026-09.0,unknown,2024-01-01,2024-12-31,Transport; single unit truck; compressed natural gas powered,cb33e8c2-2296-3c28-8015-fc08bf040845,1.0,t*km,False,1,PHYSICAL_ALLOCATION,https://api.nal.usda.gov/FederalLCACommonsapi/browse/National_Renewable_Energy_Laboratory/USLCI_Database_Public/PROCESS/f9724a57-14c5-3616-acff-f30ebb4346f0,2026-10-08,processes/f9724a57-14c5-3616-acff-f30ebb4346f0.json,e10ab81ca6244b01fa205eb489e38f67a43a4d7befcd3a88752fa8dc14636d94
Transport,truck,"Transport, combination truck; diesel powered; West",f981613a-477d-3be8-9285-9e4779d1e0e8,01.00.003,UNIT_PROCESS,USLCI,1.2026-09.0,unknown,2024-01-01,2024-12-31,Transport; combination truck; diesel powered,628c07ec-0802-39c1-ab88-1c62848ef436,1.0,t*km,False,1,PHYSICAL_ALLOCATION,https://api.nal.usda.gov/FederalLCACommonsapi/browse/National_Renewable_Energy_Laboratory/USLCI_Database_Public/PROCESS/f981613a-477d-3be8-9285-9e4779d1e0e8,2026-10-08,processes/f981613a-477d-3be8-9285-9e4779d1e0e8.json,a03d6084c6170e5df4c825d6e3999cba6a235d0a90432d6d8eceb8b8df05a72d
Transport,truck,"Transport, light commercial truck; electricity powered; Hawaii",fbeb58e6-91cc-3613-bed4-7cfb9494b943,01.00.007,UNIT_PROCESS,USLCI,1.2026-09.0,unknown,2024-01-01,2024-12-31,Transport; light commercial truck; electricity powered,0925e27b-37eb-38b6-8710-314211416cc2,1.0,t*km,False,1,PHYSICAL_ALLOCATION,https://api.nal.usda.gov/FederalLCACommonsapi/browse/National_Renewable_Energy_Laboratory/USLCI_Database_Public/PROCESS/fbeb58e6-91cc-3613-bed4-7cfb9494b943,2026-10-08,processes/fbeb58e6-91cc-3613-bed4-7cfb9494b943.json,94395ffbdabd8a3bfc8d976f0401fe8414c46febdc58b009ef0db3f3f5549a21
Transport,truck,"Transport, light commercial truck; gasoline powered; Central",fcc53e1b-80ea-3c3b-8fcc-410cd543e2c7,01.00.003,UNIT_PROCESS,USLCI,1.2026-09.0,unknown,2024-01-01,2024-12-31,Transport; light commercial truck; gasoline powered,0614f894-cf10-307e-bd58-ac507face752,1.0,t*km,False,1,PHYSICAL_ALLOCATION,https://api.nal.usda.gov/FederalLCACommonsapi/browse/National_Renewable_Energy_Laboratory/USLCI_Database_Public/PROCESS/fcc53e1b-80ea-3c3b-8fcc-410cd543e2c7,2026-10-08,processes/fcc53e1b-80ea-3c3b-8fcc-410cd543e2c7.json,1a4838a63717f31343e606f56deebb2871b51286537543e495c6a1003e699185
Transport,truck,"Transport, combination truck; long-haul; electricity powered; Central",fd86b97d-1190-35fb-b3a6-61a4e290eedf,01.00.007,UNIT_PROCESS,USLCI,1.2026-09.0,unknown,2024-01-01,2024-12-31,"Transport; combination truck, long-haul; electricity powered",0e5e3079-33df-31fd-ad79-8b8feff08fb6,1.0,t*km,False,1,PHYSICAL_ALLOCATION,https://api.nal.usda.gov/FederalLCACommonsapi/browse/National_Renewable_Energy_Laboratory/USLCI_Database_Public/PROCESS/fd86b97d-1190-35fb-b3a6-61a4e290eedf,2026-10-08,processes/fd86b97d-1190-35fb-b3a6-61a4e290eedf.json,f2963751f399161358e0d661ac0aee2643e63d934bb3cae709b3c57ec2174daa
Transport,truck,"Transport, combination truck; short-haul; diesel powered; South",fe497d56-db73-3867-9356-ac5631405ab1,01.00.003,UNIT_PROCESS,USLCI,1.2026-09.0,unknown,2024-01-01,2024-12-31,"Transport; combination truck, short-haul; diesel powered",59449b10-044a-3a9b-a6e6-5c5fc97b50bb,1.0,t*km,False,1,PHYSICAL_ALLOCATION,https://api.nal.usda.gov/FederalLCACommonsapi/browse/National_Renewable_Energy_Laboratory/USLCI_Database_Public/PROCESS/fe497d56-db73-3867-9356-ac5631405ab1,2026-10-08,processes/fe497d56-db73-3867-9356-ac5631405ab1.json,e183e31c78016b9619db371db0696436fd390c9adf23b89b445dc36f73f03d95
Transport,truck,"Transport, combination truck; electricity powered; Northeast",fe76f3c7-32dc-3b08-8f7e-181410fa9a7b,01.00.007,UNIT_PROCESS,USLCI,1.2026-09.0,unknown,2024-01-01,2024-12-31,Transport; combination truck; electricity powered,70d89027-628d-3404-8458-b209e40dd0e0,1.0,t*km,False,1,PHYSICAL_ALLOCATION,https://api.nal.usda.gov/FederalLCACommonsapi/browse/National_Renewable_Energy_Laboratory/USLCI_Database_Public/PROCESS/fe76f3c7-32dc-3b08-8f7e-181410fa9a7b,2026-10-08,processes/fe76f3c7-32dc-3b08-8f7e-181410fa9a7b.json,69f992dfa0a1703e89481526abfd24ef0ce90e023b7ac0db6f32e7faabce9a86
Transport,truck,"Transport, light commercial truck; E85 powered; West",feaa7205-c1f4-3d8c-af05-562781ef8eb6,01.00.003,UNIT_PROCESS,USLCI,1.2026-09.0,unknown,2024-01-01,2024-12-31,Transport; light commercial truck; E85 powered,0a954583-49bd-3d80-8200-847790caf5b2,1.0,t*km,False,1,PHYSICAL_ALLOCATION,https://api.nal.usda.gov/FederalLCACommonsapi/browse/National_Renewable_Energy_Laboratory/USLCI_Database_Public/PROCESS/feaa7205-c1f4-3d8c-af05-562781ef8eb6,2026-10-08,processes/feaa7205-c1f4-3d8c-af05-562781ef8eb6.json,6638bcc4cdcf989763d201eee2f5663ef5eb8dfe9a10226a3e8ca1b27625e713
Transport,truck,"Transport, combination truck; short-haul; diesel powered; East North Central",fecba951-c031-36f7-abe3-007dd58adbf5,01.00.003,UNIT_PROCESS,USLCI,1.2026-09.0,unknown,2024-01-01,2024-12-31,"Transport; combination truck, short-haul; diesel powered",59449b10-044a-3a9b-a6e6-5c5fc97b50bb,1.0,t*km,False,1,PHYSICAL_ALLOCATION,https://api.nal.usda.gov/FederalLCACommonsapi/browse/National_Renewable_Energy_Laboratory/USLCI_Database_Public/PROCESS/fecba951-c031-36f7-abe3-007dd58adbf5,2026-10-08,processes/fecba951-c031-36f7-abe3-007dd58adbf5.json,3f4f248f8583c5720aa64aca2bff0c0efb3f74be089df2be804e43fdbfd3e604
Transport,truck,"Transport, single unit truck; long-haul; compressed natural gas powered",ffc91f16-4a7a-3b17-9a57-0c1308a68bfd,01.00.003,UNIT_PROCESS,USLCI,1.2026-09.0,United States of America (the),2024-01-01,2024-12-31,"Transport; single unit truck, long-haul; compressed natural gas powered",d0207892-1d62-3649-b2a7-4f5bd03b8a73,1.0,t*km,False,1,PHYSICAL_ALLOCATION,https://api.nal.usda.gov/FederalLCACommonsapi/browse/National_Renewable_Energy_Laboratory/USLCI_Database_Public/PROCESS/ffc91f16-4a7a-3b17-9a57-0c1308a68bfd,2026-10-08,processes/ffc91f16-4a7a-3b17-9a57-0c1308a68bfd.json,68a4cc7a46f090af3b0b82c41d6eaa65bb37e4fd040a8208676117ab29f0d727
Transport,rail,"Transport, rail, freight; diesel powered; tier 1",1060609d-5399-31d3-ae65-76bc3141d232,01.00.001,UNIT_PROCESS,USLCI,1.2026-09.0,United States of America (the),2020-01-01,2024-12-31,"Transport, rail, freight; diesel powered",4326be78-ae8b-3446-9310-278636ee68c5,1.0,t*km,False,1,PHYSICAL_ALLOCATION,https://api.nal.usda.gov/FederalLCACommonsapi/browse/National_Renewable_Energy_Laboratory/USLCI_Database_Public/PROCESS/1060609d-5399-31d3-ae65-76bc3141d232,2026-10-08,processes/1060609d-5399-31d3-ae65-76bc3141d232.json,696de4477ef686c8ccae7aac2b77ac34d4be3700561a27d32a84d5b039514667
Transport,rail,"Transport, rail, freight; diesel powered; tier no emissions control",321d80f3-e098-3c72-894e-ca94d28d7351,01.00.002,UNIT_PROCESS,USLCI,1.2026-09.0,United States of America (the),2020-01-01,2024-12-31,"Transport, rail, freight; diesel powered",4326be78-ae8b-3446-9310-278636ee68c5,1.0,t*km,False,1,PHYSICAL_ALLOCATION,https://api.nal.usda.gov/FederalLCACommonsapi/browse/National_Renewable_Energy_Laboratory/USLCI_Database_Public/PROCESS/321d80f3-e098-3c72-894e-ca94d28d7351,2026-10-08,processes/321d80f3-e098-3c72-894e-ca94d28d7351.json,bd1aa4234104e0aba0d027b0e6b5e8658d075e43b4b6f59dad69553964510b71
Transport,rail,"Transport, rail, freight; diesel powered; tier 0",704b8643-d080-3389-822d-7ecec8634ec8,01.00.001,UNIT_PROCESS,USLCI,1.2026-09.0,United States of America (the),2020-01-01,2024-12-31,"Transport, rail, freight; diesel powered",4326be78-ae8b-3446-9310-278636ee68c5,1.0,t*km,False,1,PHYSICAL_ALLOCATION,https://api.nal.usda.gov/FederalLCACommonsapi/browse/National_Renewable_Energy_Laboratory/USLCI_Database_Public/PROCESS/704b8643-d080-3389-822d-7ecec8634ec8,2026-10-08,processes/704b8643-d080-3389-822d-7ecec8634ec8.json,a8505d3579f0f9a9a4413590d2b54c13414dbee56d4c7d5813e9105ebaccc89f
Transport,rail,"Transport, rail, freight; diesel powered; tier 2+",7285a2c7-2fca-35dc-8826-c8c769ede0d1,01.00.001,UNIT_PROCESS,USLCI,1.2026-09.0,United States of America (the),2020-01-01,2024-12-31,"Transport, rail, freight; diesel powered",4326be78-ae8b-3446-9310-278636ee68c5,1.0,t*km,False,1,PHYSICAL_ALLOCATION,https://api.nal.usda.gov/FederalLCACommonsapi/browse/National_Renewable_Energy_Laboratory/USLCI_Database_Public/PROCESS/7285a2c7-2fca-35dc-8826-c8c769ede0d1,2026-10-08,processes/7285a2c7-2fca-35dc-8826-c8c769ede0d1.json,ed79b7ecb7ea2bc9f85115528b7b57b280f8902e105ebef6614ef173f8048886
Transport,rail,"Transport, rail, freight; diesel powered; tier 2",96872992-4c05-3437-8d40-1e51e2cfb0f1,01.00.001,UNIT_PROCESS,USLCI,1.2026-09.0,United States of America (the),2020-01-01,2024-12-31,"Transport, rail, freight; diesel powered",4326be78-ae8b-3446-9310-278636ee68c5,1.0,t*km,False,1,PHYSICAL_ALLOCATION,https://api.nal.usda.gov/FederalLCACommonsapi/browse/National_Renewable_Energy_Laboratory/USLCI_Database_Public/PROCESS/96872992-4c05-3437-8d40-1e51e2cfb0f1,2026-10-08,processes/96872992-4c05-3437-8d40-1e51e2cfb0f1.json,c19463f7ca0189fa12bfb23482962c42b4073742ea6fba310e18b5c11424ca1e
Transport,rail,"Transport, rail, freight; diesel powered; tier 3",9766f783-03bd-3672-aad9-e10dfbc3a8e4,01.00.001,UNIT_PROCESS,USLCI,1.2026-09.0,United States of America (the),2020-01-01,2024-12-31,"Transport, rail, freight; diesel powered",4326be78-ae8b-3446-9310-278636ee68c5,1.0,t*km,False,1,PHYSICAL_ALLOCATION,https://api.nal.usda.gov/FederalLCACommonsapi/browse/National_Renewable_Energy_Laboratory/USLCI_Database_Public/PROCESS/9766f783-03bd-3672-aad9-e10dfbc3a8e4,2026-10-08,processes/9766f783-03bd-3672-aad9-e10dfbc3a8e4.json,b1ad26b2a96e2f68a5c2620e5edfc41d99c814a3cfb8f303d38d3c126dd68b02
Transport,rail,"Railroad ties; hardwood, creosote treated",a24e59f5-c156-398d-9a15-7d853ef2bf37,00.01.010,UNIT_PROCESS,USLCI,1.2026-09.0,United States of America (the),2004-12-31,2009-12-30,"Railroad ties; hardwood, creosote treated",93f2c792-1c84-3ee7-9979-c646bb8e0051,1.0,m3,False,1,PHYSICAL_ALLOCATION,https://api.nal.usda.gov/FederalLCACommonsapi/browse/National_Renewable_Energy_Laboratory/USLCI_Database_Public/PROCESS/a24e59f5-c156-398d-9a15-7d853ef2bf37,2026-10-08,processes/a24e59f5-c156-398d-9a15-7d853ef2bf37.json,c9515bc9a81539adf9598cc14a2b5fdfc9f59c468e5da6733a549112db959d08
Transport,rail,"Transport, rail, freight; diesel powered; tier 4",ae023656-9a8a-32cd-be32-f7c36c847898,01.00.001,UNIT_PROCESS,USLCI,1.2026-09.0,United States of America (the),2020-01-01,2024-12-31,"Transport, rail, freight; diesel powered",4326be78-ae8b-3446-9310-278636ee68c5,1.0,t*km,False,1,PHYSICAL_ALLOCATION,https://api.nal.usda.gov/FederalLCACommonsapi/browse/National_Renewable_Energy_Laboratory/USLCI_Database_Public/PROCESS/ae023656-9a8a-32cd-be32-f7c36c847898,2026-10-08,processes/ae023656-9a8a-32cd-be32-f7c36c847898.json,0aa5c638dcf359c226ad688839a24fba0d85d40b6ddc8977480cfb579310f0ed
Transport,rail,"Railroad tie; hardwood, rough, green; at sawmill",bbb16d92-dd0c-33c5-92c7-feca45646d83,00.01.008,UNIT_PROCESS,USLCI,1.2026-09.0,United States of America (the),1899-12-31,1899-12-31,"Railroad tie; hardwood, rough, green; at sawmill",a1c12aba-9009-3cc4-90a0-6dd555e434dd,1.0,kg,False,1,PHYSICAL_ALLOCATION,https://api.nal.usda.gov/FederalLCACommonsapi/browse/National_Renewable_Energy_Laboratory/USLCI_Database_Public/PROCESS/bbb16d92-dd0c-33c5-92c7-feca45646d83,2026-10-08,processes/bbb16d92-dd0c-33c5-92c7-feca45646d83.json,a2b37eeaf0afbcbc541d9140053f0f6a37ea76d23be81644b10c5f0544e1b456
Transport,rail,"Transport, rail, freight; diesel powered; tier 4C",c736f896-b6ad-3c50-8a8f-bcab7e0b1529,01.00.001,UNIT_PROCESS,USLCI,1.2026-09.0,United States of America (the),2020-01-01,2024-12-31,"Transport, rail, freight; diesel powered",4326be78-ae8b-3446-9310-278636ee68c5,1.0,t*km,False,1,PHYSICAL_ALLOCATION,https://api.nal.usda.gov/FederalLCACommonsapi/browse/National_Renewable_Energy_Laboratory/USLCI_Database_Public/PROCESS/c736f896-b6ad-3c50-8a8f-bcab7e0b1529,2026-10-08,processes/c736f896-b6ad-3c50-8a8f-bcab7e0b1529.json,05592871db205aea4797e1ab5c83a6ee9c5677dcad753a2dc14b027a7e1c7d22
Transport,rail,"Transport, rail, freight; diesel powered; tier 1+",caaa9232-39fa-3333-bb53-0a1740b237f5,01.00.001,UNIT_PROCESS,USLCI,1.2026-09.0,United States of America (the),2020-01-01,2024-12-31,"Transport, rail, freight; diesel powered",4326be78-ae8b-3446-9310-278636ee68c5,1.0,t*km,False,1,PHYSICAL_ALLOCATION,https://api.nal.usda.gov/FederalLCACommonsapi/browse/National_Renewable_Energy_Laboratory/USLCI_Database_Public/PROCESS/caaa9232-39fa-3333-bb53-0a1740b237f5,2026-10-08,processes/caaa9232-39fa-3333-bb53-0a1740b237f5.json,a64000c16501fc23d8a0ad412c966f12714850bc4e52b4bb44d3879116754156
Transport,rail,"Transport, rail, freight; diesel powered; tier 0+",cb8677bf-c20f-3a7d-b8ec-48dc10dd33f6,01.00.001,UNIT_PROCESS,USLCI,1.2026-09.0,United States of America (the),2020-01-01,2024-12-31,"Transport, rail, freight; diesel powered",4326be78-ae8b-3446-9310-278636ee68c5,1.0,t*km,False,1,PHYSICAL_ALLOCATION,https://api.nal.usda.gov/FederalLCACommonsapi/browse/National_Renewable_Energy_Laboratory/USLCI_Database_Public/PROCESS/cb8677bf-c20f-3a7d-b8ec-48dc10dd33f6,2026-10-08,processes/cb8677bf-c20f-3a7d-b8ec-48dc10dd33f6.json,ba60c06bbfe606c554802b5a5cd8425f2e1495b47a9f807c5aba500109566935
Transport,rail,Operation of equipment; railway maintenance; diesel powered,d4441640-03f1-31cd-a76f-3bf4af05aa95,01.01.000,UNIT_PROCESS,USLCI,1.2026-09.0,United States of America (the),2020-01-01,2020-12-31,Operation of equipment; railway maintenance,d9ce3d3b-eb45-3cf2-a28a-5fea57e16694,1.0,MJ,False,1,PHYSICAL_ALLOCATION,https://api.nal.usda.gov/FederalLCACommonsapi/browse/National_Renewable_Energy_Laboratory/USLCI_Database_Public/PROCESS/d4441640-03f1-31cd-a76f-3bf4af05aa95,2026-10-08,processes/d4441640-03f1-31cd-a76f-3bf4af05aa95.json,b53351d80c03d3ef523929b108fc9248c4fad02a8a07c8667d49be1e53dc5b77
Scrap treatment,scrap,Steel scrap recovery,15ec2675-6091-37da-9849-6e2229ab9d85,00.01.019,UNIT_PROCESS,USLCI,1.2026-09.0,United States of America (the),2000-01-01,2000-01-01,Steel scrap recovery,c61aa1e2-671c-3ee0-9e85-7f275714f037,1000.0,kg,False,1,unknown,https://api.nal.usda.gov/FederalLCACommonsapi/browse/National_Renewable_Energy_Laboratory/USLCI_Database_Public/PROCESS/15ec2675-6091-37da-9849-6e2229ab9d85,2026-10-08,processes/15ec2675-6091-37da-9849-6e2229ab9d85.json,9c750f227cd461b82c5ab8d7fe669f01432faf9ea5d532c494ce40b10d257fc2
Scrap treatment,scrap,Operation of equipment; scrapers; diesel powered,1c2df1d7-ac7b-3bdc-a938-ef8de1c60878,01.01.000,UNIT_PROCESS,USLCI,1.2026-09.0,United States of America (the),2020-01-01,2020-12-31,Operation of equipment; scrapers,8ed93bfe-dc8b-335d-8524-ea7068950dca,1.0,MJ,False,1,PHYSICAL_ALLOCATION,https://api.nal.usda.gov/FederalLCACommonsapi/browse/National_Renewable_Energy_Laboratory/USLCI_Database_Public/PROCESS/1c2df1d7-ac7b-3bdc-a938-ef8de1c60878,2026-10-08,processes/1c2df1d7-ac7b-3bdc-a938-ef8de1c60878.json,72d986187d09cd61d4fda65a132d58bccda947bdd8e85d5215252637d00f49aa
Scrap treatment,scrap,Steel; stainless 304; scrap,34897ebd-aa3d-347c-91ee-876c3f835fdb,00.01.014,UNIT_PROCESS,USLCI,1.2026-09.0,Global,2009-12-31,2011-12-31,Steel; stainless 304; scrap,0178afd7-c74a-3a8f-8f15-d57904d3c377,1.0,kg,False,1,NO_ALLOCATION,https://api.nal.usda.gov/FederalLCACommonsapi/browse/National_Renewable_Energy_Laboratory/USLCI_Database_Public/PROCESS/34897ebd-aa3d-347c-91ee-876c3f835fdb,2026-10-08,processes/34897ebd-aa3d-347c-91ee-876c3f835fdb.json,0430adf21054d81b2e94745792c6aed89b35f1aa075464008f233debdd4b8c53
Scrap treatment,scrap,Aluminum; secondary ingot from automotive scrap; at plant,3d53c055-f03b-381f-966e-6d61abbe88a0,00.00.018,UNIT_PROCESS,USLCI,1.2026-09.0,Northern America,1997-12-31,1997-12-31,Aluminum secondary ingot; from automotive scrap; at plant,90c60c75-922b-392d-8f83-072da6aabf41,1.0,kg,False,1,NO_ALLOCATION,https://api.nal.usda.gov/FederalLCACommonsapi/browse/National_Renewable_Energy_Laboratory/USLCI_Database_Public/PROCESS/3d53c055-f03b-381f-966e-6d61abbe88a0,2026-10-08,processes/3d53c055-f03b-381f-966e-6d61abbe88a0.json,bb3d38d7e28189ec14cae4fc00ac0b726a76d708913722513ec67ae8af32e87e
Scrap treatment,scrap,"Transport; average mix; waste and scrap (excludes of agriculture or food, see 041xx)",3e430364-1036-3522-aad4-dbad57897143,01.01.001,UNIT_PROCESS,USLCI,1.2026-09.0,United States of America (the),2017-01-01,2017-12-31,Commodity transport; at consumer,1d6944d8-817b-3ae1-b997-68bdc265557f,1.0,kg,False,1,PHYSICAL_ALLOCATION,https://api.nal.usda.gov/FederalLCACommonsapi/browse/National_Renewable_Energy_Laboratory/USLCI_Database_Public/PROCESS/3e430364-1036-3522-aad4-dbad57897143,2026-10-08,processes/3e430364-1036-3522-aad4-dbad57897143.json,fa689ac35cbb35428603700262835f63c4beeb4d80f272f5f639d6b8d3d7b308
Scrap treatment,recycling,"Mixed recyclables; recovered for material recycling facility, MRF",e93ae1c1-8454-328d-aef7-3698311ae06a,00.01.004,UNIT_PROCESS,USLCI,1.2026-09.0,United States of America (the),2007-12-24,2009-12-24,"Mixed recyclables; for material recycling facility, MRF",1f0bd7aa-6cb7-3b9d-86a5-ef1b7668e8aa,1.0,kg,False,1,NO_ALLOCATION,https://api.nal.usda.gov/FederalLCACommonsapi/browse/National_Renewable_Energy_Laboratory/USLCI_Database_Public/PROCESS/e93ae1c1-8454-328d-aef7-3698311ae06a,2026-10-08,processes/e93ae1c1-8454-328d-aef7-3698311ae06a.json,86c2513e37aaedaeff5d738820b8a486aa99a5610fd17c00f7247b8b4232de51
